DateTime,mer_kg_co2_per_mwh,thermal_power_change_mw,thermal_emissions_change_kg_co2,net_storage_change_mw,storage_emissions_change_kg_co2
2019-01-01T00:00:00.0,0.35538832150698846,-0.5568027924582886,-0.19788120982216165,-0.44319720753679803,-0.15750711168307419
2019-01-01T01:00:00.0,-0.0,0.034126635615962186,0.0,-0.03420903949813692,0.0
2019-01-01T02:00:00.0,0.0,0.0,0.0,-8.242295734817162e-12,-6.480149750132114e-12
2019-01-01T03:00:00.0,0.0,-0.12345308010290879,-0.04387378292264197,0.12345308009196287,0.02883051406837467
2019-01-01T04:00:00.0,0.0,0.0,0.0,-4.1040948417503387e-11,-3.2514435588382185e-11
2019-01-01T05:00:00.0,0.0,0.0,0.0,-3.069544618483633e-12,-2.4442670110147446e-12
2019-01-01T06:00:00.0,0.0,0.0,0.0,0.0,0.0
2019-01-01T07:00:00.0,0.0,0.0,0.0,0.0,0.0
2019-01-01T08:00:00.0,0.0,0.0,0.0,0.0,0.0
2019-01-01T09:00:00.0,0.0,0.0,0.0,0.0,0.0
2019-01-01T10:00:00.0,0.0,0.0,0.0,0.0,0.0
2019-01-01T11:00:00.0,0.0,0.0,0.0,0.0,0.0
2019-01-01T12:00:00.0,0.0,0.0,0.0,-2.099511675623944e-9,-0.00031518858352796997
2019-01-01T13:00:00.0,0.0,0.0,0.0,0.0,0.0
2019-01-01T14:00:00.0,0.0,-0.2674053337960558,-0.09353654006260968,0.26740533376781705,0.0948393092704261
2019-01-01T15:00:00.0,0.0,0.03453349548897222,0.01174047409498743,-0.03453349549518059,0.015491015992082
2019-01-01T16:00:00.0,0.0,0.0,0.0,9.038103598868474e-11,0.0
2019-01-01T17:00:00.0,0.0,0.0,0.0,-2.7788473744294606e-9,0.0
2019-01-01T18:00:00.0,0.0,-169.20455205084465,-57.70924135017944,169.20455203632332,0.0
2019-01-01T19:00:00.0,0.0,0.0,0.0,-1.7204015989591426e-11,0.0
2019-01-01T20:00:00.0,0.0,313.0,106.752403074702,-312.9999999998886,0.0
2019-01-01T21:00:00.0,0.0,-143.9203050923366,-49.08574575032333,143.92030508733887,0.0
2019-01-01T22:00:00.0,0.0,0.0,0.0,1.3278267374516872e-12,0.019987375702280073
2019-01-01T23:00:00.0,0.0,0.006624440220662109,0.0021592178034174634,-0.006624440197583681,0.0
2019-01-02T00:00:00.0,0.42627633422600736,-0.319537006624504,-0.13621106383344264,-0.6804629933789954,-0.2900652703940547
2019-01-02T01:00:00.0,0.0,0.0,0.0,1.816147232602816e-11,1.4388490399142029e-11
2019-01-02T02:00:00.0,0.0,0.0,0.0,-9.606537787476555e-12,-7.617018127348274e-12
2019-01-02T03:00:00.0,0.0,-34.644525870796166,-12.480210537756339,34.64452587078837,12.4802105377535
2019-01-02T04:00:00.0,0.0,33.964111045354954,12.190165363306738,-33.96411104532484,-12.190165363295904
2019-01-02T05:00:00.0,0.7922429338625548,0.0,0.0,2.6394054980727333e-5,2.0910503554461002e-5
2019-01-02T06:00:00.0,0.0,-0.00039972735548232663,-0.00011237897343507442,0.0003997273613940422,-0.0009121313032446353
2019-01-02T07:00:00.0,0.0,0.0,0.0,6.139089236967266e-12,0.0
2019-01-02T08:00:00.0,0.0,0.0,0.0,1.0199164535151795e-7,8.080216034632502e-8
2019-01-02T09:00:00.0,0.0,0.0,0.0,0.0,0.0
2019-01-02T10:00:00.0,0.7922429346375399,0.0,0.0,-5.990369294295306e-5,-4.745827749275122e-5
2019-01-02T11:00:00.0,0.0,0.0,0.0,0.0,0.0
2019-01-02T12:00:00.0,0.792242937890441,0.0,0.0,2.346663086427725e-5,1.8591272578305507e-5
2019-01-02T13:00:00.0,0.7922429328588727,0.0,0.0,-1.3559655599237885e-5,-1.0742541320496457e-5
2019-01-02T14:00:00.0,0.0,0.0,0.0,2.0406787371030077e-11,1.6143530956469476e-11
2019-01-02T15:00:00.0,-7.817020840061901,0.00039181005581667705,0.00016701935430641753,-0.0004131761692918325,-0.0
2019-01-02T16:00:00.0,5.6073985344790734e7,193.64749272374286,74.03572201646374,-193.64749140342076,0.0
2019-01-02T17:00:00.0,0.0,119.35261175078045,45.6311448252296,-119.35261197472425,0.0
2019-01-02T18:00:00.0,0.0,0.0,0.0,2.1657272386566007e-7,0.0
2019-01-02T19:00:00.0,0.0,-312.99999999999943,-119.66682689877076,313.0000000000058,0.0
2019-01-02T20:00:00.0,0.0,0.0,0.0,-2.0610822019364802e-9,0.0
2019-01-02T21:00:00.0,-0.0,0.0,0.0,-9.945624356788585e-5,0.0
2019-01-02T22:00:00.0,0.0,0.0,0.0,8.183614093929648e-5,0.0
2019-01-02T23:00:00.0,0.0,0.0,0.0,0.0,0.0
2019-01-03T00:00:00.0,0.42627633422600575,-1.000000000640977,-0.4262763344992333,4.4161652112961747e-10,1.8825119241228094e-10
2019-01-03T01:00:00.0,0.0,0.0,0.0,-5.979927664157003e-11,-4.7407411329913884e-11
2019-01-03T02:00:00.0,0.0,0.0,0.0,3.183231456205249e-12,2.5295321393059567e-12
2019-01-03T03:00:00.0,0.0,0.0,0.0,-6.531308827106841e-11,-5.17843545821961e-11
2019-01-03T04:00:00.0,0.0,0.0,0.0,-1.2826717465941329e-10,-1.0161826935473073e-10
2019-01-03T05:00:00.0,0.0,0.0,0.0,1.978150976356119e-11,1.5660361896152608e-11
2019-01-03T06:00:00.0,0.0,0.0,0.0,3.746869481346948e-11,0.0
2019-01-03T07:00:00.0,0.0,0.0,0.0,0.0,0.0
2019-01-03T08:00:00.0,0.0,0.0,0.0,1.972466634470038e-11,0.0
2019-01-03T09:00:00.0,0.0,0.0,0.0,1.688249540165998e-11,1.3386625141720288e-11
2019-01-03T10:00:00.0,0.0,0.0,0.0,-3.871036824421026e-11,-3.069544618483633e-11
2019-01-03T11:00:00.0,0.0,0.0,0.0,-4.3951331463176757e-10,-3.482227839413099e-10
2019-01-03T12:00:00.0,0.0,0.0,0.0,-7.048583938740194e-12,-5.5706550483591855e-12
2019-01-03T13:00:00.0,0.0,0.0,0.0,-6.0822458181064576e-12,-4.831690603168681e-12
2019-01-03T14:00:00.0,0.0,0.0,0.0,0.0,0.0
2019-01-03T15:00:00.0,0.0,0.0,0.0,-1.9895196601282805e-13,-1.7053025658242404e-13
2019-01-03T16:00:00.0,0.0,0.0,0.0,-2.7966962079517543e-11,0.0
2019-01-03T17:00:00.0,0.0,0.0,0.0,1.0459189070388675e-11,0.0
2019-01-03T18:00:00.0,0.0,0.0,0.0,-9.606537787476555e-11,0.0
2019-01-03T19:00:00.0,0.0,0.0,0.0,2.2737367544323206e-11,0.0
2019-01-03T20:00:00.0,0.0,0.0,0.0,-1.944044925039634e-11,0.0
2019-01-03T21:00:00.0,0.0,0.0,0.0,-5.343281372915953e-12,0.0
2019-01-03T22:00:00.0,0.0,0.0,0.0,0.0,0.0
2019-01-03T23:00:00.0,0.0,0.0,0.0,0.0,0.0
2019-01-04T00:00:00.0,0.426276334226,-1.0000000000174758,-0.4262763342334495,0.0,0.0
2019-01-04T01:00:00.0,0.0,0.0,0.0,2.4556356947869062e-11,1.944044925039634e-11
2019-01-04T02:00:00.0,0.0,0.0,0.0,-1.77351466845721e-11,-1.3869794202037156e-11
2019-01-04T03:00:00.0,0.0,0.0,0.0,-1.1368683772161603e-11,-8.86757334228605e-12
2019-01-04T04:00:00.0,0.0,0.0,0.0,7.958078640513122e-12,6.366462912410498e-12
2019-01-04T05:00:00.0,0.0,0.0,0.0,2.5011104298755527e-11,1.9895196601282805e-11
2019-01-04T06:00:00.0,0.0,0.0,0.0,1.4210854715202004e-11,1.1254996934439987e-11
2019-01-04T07:00:00.0,0.0,0.0,0.0,0.0,0.0
2019-01-04T08:00:00.0,0.0,0.0,0.0,-5.8903992794512305e-12,-4.668265773943858e-12
2019-01-04T09:00:00.0,0.0,0.0,0.0,3.1027980185172055e-10,2.4581936486356426e-10
2019-01-04T10:00:00.0,0.0,0.0,0.0,-2.2396307031158358e-11,-1.7749357539287303e-11
2019-01-04T11:00:00.0,0.0,0.0,0.0,-2.113438313244842e-10,-1.674607119639404e-10
2019-01-04T12:00:00.0,0.0,0.0,0.0,0.0,0.0
2019-01-04T13:00:00.0,0.0,0.0,0.0,-1.4074430509936064e-10,-1.1152678780490533e-10
2019-01-04T14:00:00.0,0.0,0.0,0.0,1.2567369367388892e-10,9.956835356206284e-11
2019-01-04T15:00:00.0,0.0,0.0,0.0,8.86757334228605e-12,7.02016222930979e-12
2019-01-04T16:00:00.0,0.0,0.0,0.0,7.844391802791506e-12,0.0
2019-01-04T17:00:00.0,0.0,-223.86928706742114,-85.5901828225187,223.8692870675536,0.0
2019-01-04T18:00:00.0,0.0,-89.13071293211097,-34.07664407607339,89.13071292637005,0.0
2019-01-04T19:00:00.0,0.0,0.0,0.0,1.8417267710901797e-11,0.0
2019-01-04T20:00:00.0,0.0,313.0,119.66682689877098,-313.00000000000546,0.0
2019-01-04T21:00:00.0,0.0,0.0,0.0,-1.4080114851822145e-10,0.0
2019-01-04T22:00:00.0,0.0,0.0,0.0,-1.1937117960769683e-11,0.0
2019-01-04T23:00:00.0,0.0,0.0,0.0,7.955236469570082e-10,0.0
2019-01-05T00:00:00.0,0.38275148714192037,-0.9999999999828617,-0.38275148713536067,0.0,0.0
2019-01-05T01:00:00.0,0.0,0.0,0.0,8.263612016889965e-12,6.5494276668687235e-12
2019-01-05T02:00:00.0,0.0,0.0,0.0,-1.2846612662542611e-11,-1.0174971976084635e-11
2019-01-05T03:00:00.0,0.0,0.0,0.0,2.8421709430404007e-11,2.262368070660159e-11
2019-01-05T04:00:00.0,0.0,294.6229628060011,96.03153253645566,-294.6229628060046,-96.03153253645678
2019-01-05T05:00:00.0,0.0,-294.6229628060885,-96.03153253648414,294.6229628060826,96.03153253648225
2019-01-05T06:00:00.0,0.0,0.0,0.0,-3.888089850079268e-11,-3.0809133022557944e-11
2019-01-05T07:00:00.0,0.0,0.0,0.0,0.0,0.0
2019-01-05T08:00:00.0,0.0,0.0,0.0,0.0,0.0
2019-01-05T09:00:00.0,0.0,0.0,0.0,0.0,0.0
2019-01-05T10:00:00.0,0.0,0.0,0.0,0.0,0.0
2019-01-05T11:00:00.0,0.0,0.0,0.0,0.0,0.0
2019-01-05T12:00:00.0,0.0,0.0,0.0,0.0,0.0
2019-01-05T13:00:00.0,0.0,0.0,0.0,0.0,0.0
2019-01-05T14:00:00.0,0.0,0.0,0.0,0.0,0.0
2019-01-05T15:00:00.0,0.0,0.0,0.0,-1.2121859072067309e-11,-9.592326932761353e-12
2019-01-05T16:00:00.0,0.0,0.0,0.0,-1.624300693947589e-11,0.0
2019-01-05T17:00:00.0,0.0,0.0,0.0,5.115907697472721e-12,0.0
2019-01-05T18:00:00.0,0.0,0.0,0.0,-7.321432349272072e-11,0.0
2019-01-05T19:00:00.0,0.0,0.0,0.0,-3.2173375075217336e-11,0.0
2019-01-05T20:00:00.0,0.0,0.0,0.0,7.503331289626658e-12,0.0
2019-01-05T21:00:00.0,0.0,0.0,0.0,4.888534022029489e-11,0.0
2019-01-05T22:00:00.0,0.0,0.0,0.0,0.0,0.0
2019-01-05T23:00:00.0,0.0,0.0,0.0,-3.922195901395753e-12,0.0
2019-01-06T00:00:00.0,0.4478179747946819,-0.39666356345796316,-0.17763307366258524,-0.6033364367540628,-0.2701849012270543
2019-01-06T01:00:00.0,0.0,0.0,0.0,-9.129053069045767e-11,-7.23616722098086e-11
2019-01-06T02:00:00.0,0.0,0.0,0.0,-7.844391802791506e-12,-6.252776074688882e-12
2019-01-06T03:00:00.0,0.0,0.0,0.0,-2.8421709430404007e-12,-2.1600499167107046e-12
2019-01-06T04:00:00.0,0.0,0.0,0.0,1.2846612662542611e-11,1.0174971976084635e-11
2019-01-06T05:00:00.0,0.0,0.0,0.0,-3.4282265914953314e-10,-2.715978553169407e-10
2019-01-06T06:00:00.0,0.0,0.0,0.0,0.0,0.0
2019-01-06T07:00:00.0,0.0,0.0,0.0,-1.7746515368344262e-10,0.0
2019-01-06T08:00:00.0,0.0,0.0,0.0,0.0,0.0
2019-01-06T09:00:00.0,0.0,0.0,0.0,3.8460257201222703e-10,3.0473756851279177e-10
2019-01-06T10:00:00.0,0.0,0.0,0.0,0.0,0.0
2019-01-06T11:00:00.0,0.0,0.0,0.0,0.0,0.0
2019-01-06T12:00:00.0,0.0,0.0,0.0,7.105427357601002e-14,5.684341886080802e-14
2019-01-06T13:00:00.0,0.0,0.0,0.0,-5.684341886080801e-13,-4.547473508864641e-13
2019-01-06T14:00:00.0,0.0,0.0,0.0,0.0,0.0
2019-01-06T15:00:00.0,0.0,0.0,0.0,0.0,0.0
2019-01-06T16:00:00.0,0.0,0.0,0.0,0.0,0.0
2019-01-06T17:00:00.0,0.0,0.0,0.0,-2.8541080610011704e-10,0.0
2019-01-06T18:00:00.0,0.0,0.0,0.0,-6.320988177321851e-11,0.0
2019-01-06T19:00:00.0,0.0,-286.0,-97.232427346912,285.99999999999886,0.0
2019-01-06T20:00:00.0,0.0,-0.5731696152238897,-0.19486249290109914,0.5731696150927519,0.0
2019-01-06T21:00:00.0,0.0,286.0,97.232427346912,-286.00000000001705,0.0
2019-01-06T22:00:00.0,0.0,0.0,0.0,0.0,0.0
2019-01-06T23:00:00.0,0.0,0.0,0.0,0.0,0.0
2019-01-07T00:00:00.0,0.41012697464500497,-0.37124691167171875,-0.15225837273022155,-0.6287530883240322,-0.25786860191304023
2019-01-07T01:00:00.0,0.0,312.99999999999926,119.6668268987707,-312.9999999999959,-119.66682689876941
2019-01-07T02:00:00.0,0.0,0.0,0.0,-4.661160346586257e-11,-3.694822225952521e-11
2019-01-07T03:00:00.0,0.0,83.65688272082217,31.983877646784062,-83.65688272080735,-31.983877646778367
2019-01-07T04:00:00.0,0.0,0.0,0.0,-5.775291356258094e-11,-4.5702108764089644e-11
2019-01-07T05:00:00.0,0.0,-0.27812452157611744,-0.11406636860860107,0.2781245197052911,0.11406636784132475
2019-01-07T06:00:00.0,0.0,-91.37268503808383,-34.933799628524916,91.3726850380761,34.93379962852197
2019-01-07T07:00:00.0,0.0,0.17493698774053712,0.06331332770491194,-0.17493698580965056,-0.02122493109225213
2019-01-07T08:00:00.0,0.0,0.0,0.0,9.957105362445873e-9,7.888445452408632e-9
2019-01-07T09:00:00.0,0.0,-34.45848930038403,-13.174243048888842,34.45848929354316,13.174243046273427
2019-01-07T10:00:00.0,0.0,0.0,0.0,0.0,0.0
2019-01-07T11:00:00.0,0.0,0.0,0.0,0.0,0.0
2019-01-07T12:00:00.0,0.0,-270.877311332809,-103.56239081810781,270.87731133290026,103.56239081814272
2019-01-07T13:00:00.0,0.0,0.0,0.0,2.0250467969162855e-11,1.6044054973463062e-11
2019-01-07T14:00:00.0,0.0,0.0,0.0,0.0,0.0
2019-01-07T15:00:00.0,0.0,0.0,0.0,0.0,0.0
2019-01-07T16:00:00.0,0.0,0.0,0.0,0.0,0.0
2019-01-07T17:00:00.0,0.0,0.0,0.0,1.3869794202037156e-11,0.0
2019-01-07T18:00:00.0,0.0,0.0,0.0,-6.912159733474255e-11,0.0
2019-01-07T19:00:00.0,0.0,-0.45607906096662987,-0.18356473025230455,0.456079060980926,0.0
2019-01-07T20:00:00.0,0.0,0.0,0.0,8.424194675171748e-11,0.0
2019-01-07T21:00:00.0,0.0,0.0,0.0,-4.106937012693379e-11,0.0
2019-01-07T22:00:00.0,0.0,0.0,0.0,0.0,0.0
2019-01-07T23:00:00.0,0.0,0.0,0.0,0.0,0.0
2019-01-08T00:00:00.0,0.4262763342259944,-0.9999999997893028,-0.4262763341361847,-3.979039320256561e-11,-1.696065510259359e-11
2019-01-08T01:00:00.0,0.0,0.0,0.0,5.6843418860808015e-12,4.661160346586257e-12
2019-01-08T02:00:00.0,0.0,0.0,0.0,1.8189894035458565e-11,1.432454155292362e-11
2019-01-08T03:00:00.0,0.0,0.0,0.0,3.78690856450703e-10,3.000195647473447e-10
2019-01-08T04:00:00.0,0.0,0.0,0.0,0.0,0.0
2019-01-08T05:00:00.0,0.0,0.0,0.0,-4.774847184307873e-12,-3.637978807091713e-12
2019-01-08T06:00:00.0,0.0,0.0,0.0,-1.4097167877480388e-11,-1.1254996934439987e-11
2019-01-08T07:00:00.0,0.0,0.0,0.0,-4.497024974625674e-10,3.6550318327499554e-11
2019-01-08T08:00:00.0,0.0,0.0,0.0,-6.391474016709253e-10,0.0
2019-01-08T09:00:00.0,0.0,0.0,0.0,-4.831690603168681e-11,-3.8255620893323794e-11
2019-01-08T10:00:00.0,0.0,0.0,0.0,5.286437954055145e-12,4.206412995699793e-12
2019-01-08T11:00:00.0,0.0,-36.74999999970055,-15.677095039061758,36.7499999997394,0.0
2019-01-08T12:00:00.0,0.0,0.0,0.0,5.038032213633414e-10,0.0
2019-01-08T13:00:00.0,0.0,0.0,0.0,0.0,0.0
2019-01-08T14:00:00.0,0.0,36.74999999971823,15.677095039069298,-36.75000000000003,-0.0
2019-01-08T15:00:00.0,0.0,0.0,0.0,0.0,0.0
2019-01-08T16:00:00.0,0.0,0.0,0.0,0.0,0.0
2019-01-08T17:00:00.0,0.0,0.0,0.0,-1.2569500995596172e-10,0.0
2019-01-08T18:00:00.0,0.0,0.0,0.0,-8.43556335894391e-11,0.0
2019-01-08T19:00:00.0,0.0,0.0,0.0,1.8758328224066645e-11,0.0
2019-01-08T20:00:00.0,0.0,0.0,0.0,-2.3078428057488054e-11,0.0
2019-01-08T21:00:00.0,0.0,0.0,0.0,-5.5990767577895895e-11,0.0
2019-01-08T22:00:00.0,0.0,0.0,0.0,0.0,0.0
2019-01-08T23:00:00.0,0.0,0.0,0.0,1.6291323845507577e-10,0.0
2019-01-09T00:00:00.0,0.41012697464500003,-0.43433589406625117,-0.1781328662131228,-0.5656641059229024,-0.23199410842742876
2019-01-09T01:00:00.0,0.0,0.0035401219017074936,-0.0035726023798899192,-0.0035401218759005815,-0.032344982760396164
2019-01-09T02:00:00.0,0.0,0.0,0.0,0.0,0.0
2019-01-09T03:00:00.0,0.0,0.0,0.0,0.0,0.0
2019-01-09T04:00:00.0,0.0,0.0,0.0,0.0,0.0
2019-01-09T05:00:00.0,0.0,0.0,0.0,0.0,0.0
2019-01-09T06:00:00.0,0.0,0.0,0.0,0.0,0.0
2019-01-09T07:00:00.0,0.0,0.0,0.0,0.0,0.0
2019-01-09T08:00:00.0,0.0,0.031899487164416485,0.008842809674314932,-0.031899487137565075,0.0
2019-01-09T09:00:00.0,0.0,0.0,0.0,1.213038558489643e-10,9.612222129362635e-11
2019-01-09T10:00:00.0,0.0,0.0,0.0,-2.5579538487363607e-13,-1.9895196601282805e-13
2019-01-09T11:00:00.0,0.0,0.0,0.0,2.2737367544323206e-13,1.1368683772161603e-13
2019-01-09T12:00:00.0,0.0,0.0,0.0,1.1368683772161603e-13,1.1368683772161603e-13
2019-01-09T13:00:00.0,0.0,0.0,0.0,-3.694822225952521e-13,-2.8421709430404007e-13
2019-01-09T14:00:00.0,0.0,0.0,0.0,0.0,0.0
2019-01-09T15:00:00.0,0.0,0.0,0.0,0.0,0.0
2019-01-09T16:00:00.0,0.0,-41.463868339508224,-14.141749476088041,41.4638683395371,0.0
2019-01-09T17:00:00.0,0.0,-313.0,-106.752403074702,312.9999999997375,0.0
2019-01-09T18:00:00.0,0.0,0.0,0.0,0.0,0.0
2019-01-09T19:00:00.0,0.0,313.0,106.752403074702,-313.00000000002467,-0.0
2019-01-09T20:00:00.0,0.0,0.0,0.0,-1.552393769088667e-10,0.0
2019-01-09T21:00:00.0,0.0,40.889445284180624,13.945835605360456,-40.889445284147314,-0.0
2019-01-09T22:00:00.0,0.0,0.0,0.0,0.0,0.0
2019-01-09T23:00:00.0,0.0,0.0,0.0,0.0,0.0
2019-01-10T00:00:00.0,0.34078886775774264,311.999999999294,106.3261267401751,-312.99999999369095,-106.66691560602338
2019-01-10T01:00:00.0,0.0,-80.41121061660209,-27.425207563796366,80.41121061659499,27.42520756379389
2019-01-10T02:00:00.0,0.0,312.99999999999966,106.75240307470189,-313.00000035942094,-106.75240319728682
2019-01-10T03:00:00.0,0.0,0.0,0.0,0.0,0.0
2019-01-10T04:00:00.0,0.0,0.0,0.0,0.0,0.0
2019-01-10T05:00:00.0,0.0,0.0,0.0,0.0,0.0
2019-01-10T06:00:00.0,0.0,-262.55486171138483,-89.54748379117059,262.5548617112877,89.54748379113747
2019-01-10T07:00:00.0,0.0,0.0,0.0,0.0,0.0
2019-01-10T08:00:00.0,0.0,-283.03392767179264,-96.53211479436186,283.0339276717835,96.53211479435873
2019-01-10T09:00:00.0,0.0,0.0,0.0,1.000444171950221e-11,7.844391802791506e-12
2019-01-10T10:00:00.0,0.0,0.0,0.0,0.0,0.0
2019-01-10T11:00:00.0,0.0,0.0,0.0,0.0,0.0
2019-01-10T12:00:00.0,0.0,0.0,0.0,4.837374945054762e-11,3.83124643121846e-11
2019-01-10T13:00:00.0,0.0,0.0,0.0,0.0,0.0
2019-01-10T14:00:00.0,0.0,0.0,0.0,0.0,0.0
2019-01-10T15:00:00.0,0.0,0.0,0.0,-8.060254685915424e-10,0.0
2019-01-10T16:00:00.0,0.0,0.0,0.0,1.1152678780490533e-10,0.0
2019-01-10T17:00:00.0,0.0,0.0,0.0,-4.299494094084366e-11,0.0
2019-01-10T18:00:00.0,0.0,0.0,0.0,0.0,0.0
2019-01-10T19:00:00.0,0.0,0.0,0.0,4.189359970041551e-11,0.0
2019-01-10T20:00:00.0,0.0,0.0,0.0,0.0,0.0
2019-01-10T21:00:00.0,0.0,0.0,0.0,0.0,0.0
2019-01-10T22:00:00.0,0.0,0.0,0.0,1.9269918993813917e-11,0.0
2019-01-10T23:00:00.0,0.0,0.0,0.0,0.0,0.0
2019-01-11T00:00:00.0,0.792242933897431,0.0,0.0,-1.0000000001344596,-0.7922429340039556
2019-01-11T01:00:00.0,0.0,0.0,0.0,2.6150138478231444e-11,2.0717262486699e-11
2019-01-11T02:00:00.0,0.0,0.0,0.0,-1.3233147910796106e-10,-1.0481926437932998e-10
2019-01-11T03:00:00.0,0.0,0.0,0.0,0.0,0.0
2019-01-11T04:00:00.0,0.0,0.0,0.0,1.1453948900452815e-11,9.15179043659009e-12
2019-01-11T05:00:00.0,0.0,255.7646878754344,97.78450041791628,-255.764687875429,-97.78450041791399
2019-01-11T06:00:00.0,0.0,0.0,0.0,1.574562702444382e-11,1.248423586730496e-11
2019-01-11T07:00:00.0,0.0,0.032664999336645906,0.006780718336076325,-0.032664999355155544,0.007629704128130542
2019-01-11T08:00:00.0,0.0,0.0,0.0,1.4779288903810084e-11,1.1709744285326451e-11
2019-01-11T09:00:00.0,0.0,-105.26152027017916,-40.2438087069425,105.26152027018277,40.24380870694388
2019-01-11T10:00:00.0,0.0,0.0,0.0,0.0,0.0
2019-01-11T11:00:00.0,0.0,0.0,0.0,-2.2502888441522373e-11,0.028810234360440334
2019-01-11T12:00:00.0,0.0,0.0,0.0,-3.1107560971577186e-11,-2.4641622076160274e-11
2019-01-11T13:00:00.0,0.0,-150.68391311007136,-57.60979471748357,150.68391311015344,57.609794717514944
2019-01-11T14:00:00.0,0.0,0.0,0.0,0.0,0.0
2019-01-11T15:00:00.0,0.0,0.0,0.0,-3.807443249570497e-11,-3.016253913301625e-11
2019-01-11T16:00:00.0,0.0,0.0,0.0,0.0,0.0
2019-01-11T17:00:00.0,0.0,0.0,0.0,-5.47743184142746e-10,0.0
2019-01-11T18:00:00.0,0.0,0.0,0.0,-6.411937647499144e-11,0.0
2019-01-11T19:00:00.0,0.0,0.0,0.0,2.3419488570652902e-11,0.18413853930627724
2019-01-11T20:00:00.0,0.0,0.0,0.0,0.0,0.0
2019-01-11T21:00:00.0,0.0,0.0,0.0,1.3301360013429075e-11,0.0
2019-01-11T22:00:00.0,0.0,0.0,0.0,3.410605131648481e-13,0.0
2019-01-11T23:00:00.0,0.0,-0.8262341256362049,-0.33886090229563354,0.8262341306070984,0.0
2019-01-12T00:00:00.0,0.419330810781492,-0.9381724010619714,-0.3934045935901356,-0.06182759894582546,-0.02592621719462591
2019-01-12T01:00:00.0,0.0,-40.60801127700283,-14.575825069001832,40.60801127684692,14.575825068945846
2019-01-12T02:00:00.0,0.0,-42.33853456054706,-15.48184261999801,42.33853456054379,15.481842619996797
2019-01-12T03:00:00.0,0.0,-97.87764094461173,-31.09605484575731,97.87764094462295,31.09605484576082
2019-01-12T04:00:00.0,0.0,-43.2061418875279,-15.50839714270195,43.206141887507556,15.508397142694662
2019-01-12T05:00:00.0,0.0,21.6362791326827,9.030582261050125,-21.636279132678908,0.23166511129268094
2019-01-12T06:00:00.0,0.0,138.82678792268194,59.72171680013204,-138.82678792268212,-7.279838444338859
2019-01-12T07:00:00.0,0.0,123.9420347097885,52.84990826882572,-123.94203470981277,-0.0
2019-01-12T08:00:00.0,0.0,0.0,0.0,5.030642569181509e-12,3.979039320256561e-12
2019-01-12T09:00:00.0,0.0,-25.440110705561956,-9.207304222817854,25.440110705521747,9.2073042228033
2019-01-12T10:00:00.0,0.0,0.0,0.0,6.707523425575346e-12,5.300648808770347e-12
2019-01-12T11:00:00.0,0.0,-80.08848362622203,-28.985684929805576,80.08848362624036,28.98568492981218
2019-01-12T12:00:00.0,0.0,0.0,0.0,3.1675995160185266e-11,2.509636942704674e-11
2019-01-12T13:00:00.0,0.0,-5.012247315855323,-1.8140363621528022,5.012247315890136,1.814036362165396
2019-01-12T14:00:00.0,0.0,0.0,0.0,0.0,0.0
2019-01-12T15:00:00.0,0.0,0.0,0.0,2.120259523508139e-11,1.6768808563938364e-11
2019-01-12T16:00:00.0,0.0,-274.27412010480253,-111.59174670217426,274.2741201047899,8.159355591555482
2019-01-12T17:00:00.0,0.0,105.80140539854746,43.191097121704765,-105.801405398555,0.0
2019-01-12T18:00:00.0,0.0,388.15801113090936,141.63585365929956,-388.15801113085877,0.0
2019-01-12T19:00:00.0,0.0,-28.686088200282445,-11.545704447203168,28.686088200282228,0.0
2019-01-12T20:00:00.0,0.0,0.0,0.0,-3.481090971035883e-10,0.0
2019-01-12T21:00:00.0,0.0,-355.5443816094866,-143.0782793886986,355.54438160948473,0.0
2019-01-12T22:00:00.0,0.0,0.0,0.0,2.5409008230781183e-11,0.0
2019-01-12T23:00:00.0,0.0,197.73959895473428,91.99310722044095,-197.739598954704,0.0
2019-01-13T00:00:00.0,0.4265876201140072,-0.8791382143402018,-0.3750294786066583,-0.12086178562974226,-0.05155814149451032
2019-01-13T01:00:00.0,0.0,0.0,0.0,0.0,0.0
2019-01-13T02:00:00.0,0.0,0.0,0.0,1.1695533430611249e-11,9.265477274311706e-12
2019-01-13T03:00:00.0,0.0,0.0,0.0,0.0,0.0
2019-01-13T04:00:00.0,0.0,1.2863009516288457,0.36162944189342633,-1.2863009516360764,-0.3616294418954592
2019-01-13T05:00:00.0,0.0,0.0,0.0,0.0,0.0
2019-01-13T06:00:00.0,0.0,0.0,0.0,0.0,0.0
2019-01-13T07:00:00.0,0.0,35.65071718946014,15.20815460120907,-35.65071718946504,-0.8041211950279974
2019-01-13T08:00:00.0,0.0,0.0,0.0,0.0,0.0
2019-01-13T09:00:00.0,0.0,0.0,0.0,-8.71978045324795e-11,-6.912159733474255e-11
2019-01-13T10:00:00.0,0.0,0.0,0.0,-1.6257217794191092e-11,-1.2846612662542611e-11
2019-01-13T11:00:00.0,0.0,0.0,0.0,1.5916157281026244e-11,1.261923898709938e-11
2019-01-13T12:00:00.0,0.0,0.0,0.0,3.240074875066057e-12,2.6147972675971687e-12
2019-01-13T13:00:00.0,0.0,0.0,0.0,1.7553247744217515e-10,1.390390025335364e-10
2019-01-13T14:00:00.0,0.0,0.0,0.0,0.0,0.0
2019-01-13T15:00:00.0,0.0,105.00000000002672,44.79170011198139,-105.00000000000047,-1.999511667349907e-13
2019-01-13T16:00:00.0,0.0,-138.80368614833714,-59.211934137069726,138.80368614837226,0.0
2019-01-13T17:00:00.0,0.0,0.33993976767017386,0.1230312593604012,-0.3399397677002689,0.0
2019-01-13T18:00:00.0,0.0,0.0,0.0,3.637978807091713e-12,0.0
2019-01-13T19:00:00.0,0.0,0.0,0.0,-9.166001291305292e-12,0.0
2019-01-13T20:00:00.0,0.0,0.0,0.0,1.8701484805205837e-11,0.0
2019-01-13T21:00:00.0,0.0,-1.219167300232371,-0.49069588094060773,1.2191673002407128,0.0
2019-01-13T22:00:00.0,0.0,0.0,0.0,-3.6834535421803594e-11,0.0
2019-01-13T23:00:00.0,0.0,-2.2103576944887777,-0.9201179401510495,2.2103576945205816,0.0
2019-01-14T00:00:00.0,0.40248445053190696,-0.7529510241314874,-0.30305107922506835,-0.24704897592664565,-0.09943337133023533
2019-01-14T01:00:00.0,0.0,0.0,0.0,5.786660040030256e-11,4.5929482439532876e-11
2019-01-14T02:00:00.0,0.0,0.0,0.0,-8.93862761586206e-12,-7.0912165028858e-12
2019-01-14T03:00:00.0,0.0,0.0,0.0,0.0,0.0
2019-01-14T04:00:00.0,0.0,0.0,0.0,-2.7768010113504715e-11,-2.1827872842550278e-11
2019-01-14T05:00:00.0,0.0,0.0,0.0,2.1600499167107046e-11,1.7109869077103212e-11
2019-01-14T06:00:00.0,0.0,-0.1711019178210969,-0.08105090058739262,0.17110191779273975,0.02096122594019105
2019-01-14T07:00:00.0,0.0,0.0,0.0,-1.6768808563938364e-12,0.0
2019-01-14T08:00:00.0,0.0,0.0,0.0,-1.8047785488306545e-12,-1.4317436125566019e-12
2019-01-14T09:00:00.0,0.0,0.0,0.0,3.753086730284849e-11,2.972910806420259e-11
2019-01-14T10:00:00.0,0.0,0.0,0.0,-1.878674993349705e-11,-1.48929757415317e-11
2019-01-14T11:00:00.0,0.0,0.0009941948794107702,0.00042411122753736565,-0.0009941927607318676,-0.00042411032373517485
2019-01-14T12:00:00.0,0.0,0.0,0.0,0.0,0.0
2019-01-14T13:00:00.0,0.0,0.0,0.0,4.368416739453096e-11,3.460343123151688e-11
2019-01-14T14:00:00.0,0.0,0.0,0.0,-4.263256414560601e-13,-3.410605131648481e-13
2019-01-14T15:00:00.0,0.0,0.0,0.0,0.0,0.0
2019-01-14T16:00:00.0,0.0,-0.05444783409238596,-0.024525380734086947,0.05444783409666343,-6.256330077139346e-5
2019-01-14T17:00:00.0,0.0,0.0,0.0,4.547473508864641e-13,0.0
2019-01-14T18:00:00.0,0.0,-0.0012131528859926632,-0.0005882204725371536,0.0012131507687580534,0.0
2019-01-14T19:00:00.0,0.0,0.0,0.0,-2.205524651799351e-11,0.0
2019-01-14T20:00:00.0,0.0,0.0,0.0,0.0,0.0
2019-01-14T21:00:00.0,0.0,-0.011083664186717357,-0.003116050943522345,0.011083664150675077,0.0
2019-01-14T22:00:00.0,0.0,0.0,0.0,0.0,0.0
2019-01-14T23:00:00.0,0.0,0.0,0.0,0.0,0.0
2019-01-15T00:00:00.0,0.7922429338974173,0.0,0.0,-1.0000000000104876,-0.792242933905726
2019-01-15T01:00:00.0,0.0,0.0,0.0,-8.58335624798201e-12,-6.792788553866558e-12
2019-01-15T02:00:00.0,0.0,0.0,0.0,1.4148326954455115e-10,1.120383785746526e-10
2019-01-15T03:00:00.0,0.0,0.0,0.0,0.0,0.0
2019-01-15T04:00:00.0,0.0,0.01888041016162134,0.024612441906573468,-0.018880410369762846,-0.024612442177906733
2019-01-15T05:00:00.0,0.0,0.0,0.0,2.603428583825007e-11,2.05773176276125e-11
2019-01-15T06:00:00.0,0.0,-1.0481752572416347,-0.45430598877515066,1.0481752572377152,0.0
2019-01-15T07:00:00.0,0.0,0.08023886613068498,0.03422890694333475,-0.08023886612314435,0.0
2019-01-15T08:00:00.0,0.0,0.0,0.0,-2.3533175408374518e-11,-1.864464138634503e-11
2019-01-15T09:00:00.0,0.0,0.0,0.0,0.0,0.0
2019-01-15T10:00:00.0,0.0,0.0,0.0,4.547473508864641e-13,3.410605131648481e-13
2019-01-15T11:00:00.0,0.0,0.0,0.0,-3.979039320256561e-12,-3.154809746774845e-12
2019-01-15T12:00:00.0,0.0,0.0,0.0,-2.8990143619012088e-12,-2.3021584638627246e-12
2019-01-15T13:00:00.0,0.0,0.0,0.0,0.0,0.0
2019-01-15T14:00:00.0,0.0,0.0,0.0,-3.410605131648481e-13,-2.8421709430404007e-13
2019-01-15T15:00:00.0,0.0,0.0,0.0,1.8026469206233742e-11,1.4281908988778014e-11
2019-01-15T16:00:00.0,0.0,0.0,0.0,4.899902705801651e-11,0.0
2019-01-15T17:00:00.0,0.0,0.0,0.0,-2.5011104298755527e-12,0.0
2019-01-15T18:00:00.0,0.0,0.0,0.0,-1.6536887414986268e-9,0.0
2019-01-15T19:00:00.0,0.0,0.0,0.0,0.0,0.0
2019-01-15T20:00:00.0,0.0,0.0,0.0,-1.1675638234009966e-10,0.0
2019-01-15T21:00:00.0,0.0,0.0,0.0,-1.2255441106390208e-10,0.0
2019-01-15T22:00:00.0,0.0,0.0,0.0,5.9685589803848416e-12,0.0
2019-01-15T23:00:00.0,0.0,0.0,0.0,2.487752226443263e-10,0.0
2019-01-16T00:00:00.0,0.4212948278555384,-0.9965935276765094,-0.41985969868441897,-0.0034064723596527458,-0.0014351291863545874
2019-01-16T01:00:00.0,0.0,0.0,0.0,2.2964741219766438e-11,1.8133050616597757e-11
2019-01-16T02:00:00.0,0.0,0.0,0.0,0.0,0.0
2019-01-16T03:00:00.0,0.0,0.0,0.0,0.0,0.0
2019-01-16T04:00:00.0,0.0,0.0,0.0,0.0,0.0
2019-01-16T05:00:00.0,0.0,0.0,0.0,0.0,0.0
2019-01-16T06:00:00.0,0.0,0.0,0.0,-6.602363100682851e-11,0.0
2019-01-16T07:00:00.0,0.0,0.0,0.0,1.858779796748422e-11,0.0
2019-01-16T08:00:00.0,0.0,0.0,0.0,-1.5546675058430992e-11,-1.2320811038080137e-11
2019-01-16T09:00:00.0,0.0,0.0,0.0,-3.7204017644398846e-11,-2.9473312679328956e-11
2019-01-16T10:00:00.0,0.0,0.0,0.0,6.573497302042597e-11,5.207834163911684e-11
2019-01-16T11:00:00.0,0.0,0.0,0.0,0.0,0.0
2019-01-16T12:00:00.0,0.0,0.0,0.0,-2.7888802378583932e-11,-2.2097740304261038e-11
2019-01-16T13:00:00.0,0.0,0.0,0.0,6.639311322942376e-11,5.263700586510822e-11
2019-01-16T14:00:00.0,0.0,0.0,0.0,0.0,0.0
2019-01-16T15:00:00.0,0.0,0.0,0.0,0.0,0.0
2019-01-16T16:00:00.0,0.0,0.0,0.0,0.0,0.0
2019-01-16T17:00:00.0,0.0,0.0,0.0,-4.030198397231288e-11,0.0
2019-01-16T18:00:00.0,0.0,0.0,0.0,-1.1283418643870391e-11,0.0
2019-01-16T19:00:00.0,0.0,0.0,0.0,3.15615034107708e-11,0.0
2019-01-16T20:00:00.0,0.0,-0.19587331952453724,-0.08355713321980142,0.1958733195121649,0.0
2019-01-16T21:00:00.0,0.0,0.0,0.0,0.0,0.0
2019-01-16T22:00:00.0,0.0,0.1926371700796814,0.08495361302994578,-0.19263717007270387,0.0
2019-01-16T23:00:00.0,0.0,0.0,0.0,0.0,0.0
2019-01-17T00:00:00.0,0.450347,-0.3658498811457053,-0.16475939642432497,-0.6341501188347642,-0.2855876035668796
2019-01-17T01:00:00.0,0.0,0.0,0.0,-1.2278178473934531e-11,-9.72022462519817e-12
2019-01-17T02:00:00.0,0.0,0.0,0.0,-1.482902689531329e-11,-1.1745271422114456e-11
2019-01-17T03:00:00.0,0.0,0.0,0.0,0.0,0.0
2019-01-17T04:00:00.0,0.0,0.0,0.0,1.5631940186722204e-12,1.2363443602225743e-12
2019-01-17T05:00:00.0,0.0,0.0,0.0,0.0,0.0
2019-01-17T06:00:00.0,0.0,0.0,0.0,0.0,0.0
2019-01-17T07:00:00.0,0.0,-0.5439959015465153,-0.23501165574239338,0.543995901570554,0.0001345731760391224
2019-01-17T08:00:00.0,0.7922429352217983,0.0,0.0,-3.2173399517887447e-5,-2.5489148470114742e-5
2019-01-17T09:00:00.0,0.0,0.0,0.0,0.0,0.0
2019-01-17T10:00:00.0,0.0,0.0,0.0,0.0,0.0
2019-01-17T11:00:00.0,0.41012697413009286,-0.00039255495529744167,-0.00016099737619804295,0.0004007725117816108,0.00016436761777427478
2019-01-17T12:00:00.0,0.7922429338974262,0.0,0.0,-1.0615222326038065e-5,-8.409834879553857e-6
2019-01-17T13:00:00.0,0.0,0.0,0.0,5.115907697472721e-13,3.979039320256561e-13
2019-01-17T14:00:00.0,0.7922429341792921,0.0,0.0,2.508409267321099e-5,1.987269518064996e-5
2019-01-17T15:00:00.0,0.7922429457560952,0.0,0.0,2.0538467424557894e-6,1.6271455933747347e-6
2019-01-17T16:00:00.0,0.0,0.0,0.0,2.5494273359072395e-11,0.0
2019-01-17T17:00:00.0,-580.5669464520647,0.01979183454449185,0.00844295159602483,-0.019806377142288056,0.0
2019-01-17T18:00:00.0,0.0,0.0,0.0,0.0,0.0
2019-01-17T19:00:00.0,0.0,0.0,0.0,4.048672508361051e-11,0.0
2019-01-17T20:00:00.0,0.0,-0.006890830685568616,-0.001937281669463699,0.006890830735841291,0.0
2019-01-17T21:00:00.0,0.0,-0.0718529006649149,-0.03065155789293369,0.0718529005875439,0.0
2019-01-17T22:00:00.0,-0.20482982485743761,0.00030110265592497854,0.00010897530232813061,-0.00031286660095020125,-0.00010656569553480333
2019-01-17T23:00:00.0,-20.146807089812185,0.0008775297835796891,0.00030463731532005475,-0.0008926506567762218,-0.0
2019-01-18T00:00:00.0,0.41012697464497255,-0.42885555558491717,-0.1758852315717427,-0.5711444444237941,-0.23424174307683643
2019-01-18T01:00:00.0,0.0,0.0,0.0,8.071765478234738e-12,6.366462912410498e-12
2019-01-18T02:00:00.0,0.0,-0.003834892193665951,-0.0015727927334779437,0.003834892205987206,0.0015727927384360189
2019-01-18T03:00:00.0,0.0,0.0,0.0,-2.2737367544323206e-12,-1.5916157281026244e-12
2019-01-18T04:00:00.0,0.0,-0.0007636206561301151,-0.00031318142947507393,0.000763620675797938,0.0003131814374910391
2019-01-18T05:00:00.0,0.0,0.0,0.0,0.0,0.0
2019-01-18T06:00:00.0,-0.0,0.024875687242229105,0.0,-0.024911751026280626,0.0
2019-01-18T07:00:00.0,0.0,0.0,0.0,-3.751665644813329e-12,0.0
2019-01-18T08:00:00.0,0.0,-0.05972685105453124,-0.024312548128672506,0.05972685105629694,0.024914108431172838
2019-01-18T09:00:00.0,0.0,0.0,0.0,0.0,0.0
2019-01-18T10:00:00.0,0.0,0.0,0.0,-9.063327865987958e-11,-7.180389616223692e-11
2019-01-18T11:00:00.0,0.0,0.0,0.0,0.0,0.0
2019-01-18T12:00:00.0,0.0,-0.05658969426579574,-0.024140462999824676,0.05658969433746314,0.028332824053329535
2019-01-18T13:00:00.0,0.0,0.0,0.0,-8.526512829121202e-14,-8.526512829121202e-14
2019-01-18T14:00:00.0,0.0,0.0,0.0,1.0629719326971099e-11,8.412825991399586e-12
2019-01-18T15:00:00.0,0.0,0.0,0.0,-1.9099388737231493e-11,-1.5120349416974932e-11
2019-01-18T16:00:00.0,0.0,0.0,0.0,8.86757334228605e-12,0.0
2019-01-18T17:00:00.0,0.0,0.0,0.0,-2.2293988877208903e-10,0.0
2019-01-18T18:00:00.0,0.0,0.0,0.0,1.9247181626269594e-10,0.0
2019-01-18T19:00:00.0,0.0,-0.4519187891338561,-0.183826087897352,0.45191878922361894,0.0
2019-01-18T20:00:00.0,0.0,0.0,0.0,1.5120349416974932e-10,0.0
2019-01-18T21:00:00.0,0.0,0.0,0.0,-3.427480521622783e-11,0.0
2019-01-18T22:00:00.0,0.0,0.0,0.0,-2.029310053330846e-11,0.0
2019-01-18T23:00:00.0,0.0,0.0,0.0,0.0,0.0
2019-01-19T00:00:00.0,0.4262763342259971,-1.0000000000695897,-0.4262763342556644,1.3737633253185777e-9,5.856080065314018e-10
2019-01-19T01:00:00.0,0.0,0.0,0.0,-1.6381136447307654e-9,-1.2977920960111078e-9
2019-01-19T02:00:00.0,0.0,0.0,0.0,3.3082869776990265e-11,2.6261659513693303e-11
2019-01-19T03:00:00.0,0.0,0.0,0.0,5.6843418860808015e-12,4.490630090003833e-12
2019-01-19T04:00:00.0,0.0,0.0,0.0,0.0,0.0
2019-01-19T05:00:00.0,0.0,0.0,0.0,-1.5802470443304628e-11,-1.2505552149377763e-11
2019-01-19T06:00:00.0,0.0,0.0,0.0,6.934897101018578e-12,5.5138116294983774e-12
2019-01-19T07:00:00.0,0.0,0.0,0.0,-1.7479351299698465e-11,-1.3855583347321954e-11
2019-01-19T08:00:00.0,0.0,0.0,0.0,4.0529357647756115e-11,3.211653165635653e-11
2019-01-19T09:00:00.0,0.0,0.0,0.0,3.3026026358129457e-11,2.6204816094832495e-11
2019-01-19T10:00:00.0,0.0,0.0,0.0,-1.4495071809506044e-12,-1.1368683772161603e-12
2019-01-19T11:00:00.0,0.0,0.0,0.0,-1.2505552149377763e-11,-9.919176591210999e-12
2019-01-19T12:00:00.0,0.0,0.0,0.0,8.753886504564434e-12,6.934897101018578e-12
2019-01-19T13:00:00.0,0.0,232.47206915463482,87.91623862085348,-232.47206915466361,-0.0
2019-01-19T14:00:00.0,0.0,-285.1401685985996,-107.8342494823752,285.14016859869366,0.0
2019-01-19T15:00:00.0,0.0,0.0,0.0,-4.567368705465924e-11,0.0
2019-01-19T16:00:00.0,0.0,97.48038973847983,36.86511345757136,-97.48038973845678,0.0
2019-01-19T17:00:00.0,0.0,0.0,0.0,3.0183855415089056e-11,0.0
2019-01-19T18:00:00.0,0.0,0.0,0.0,-1.0055600796476938e-10,0.0
2019-01-19T19:00:00.0,0.0,-44.812290294157094,-16.94710259591426,44.81229029421104,0.0
2019-01-19T20:00:00.0,0.0,0.0,0.0,-8.61291482578963e-10,0.0
2019-01-19T21:00:00.0,0.0,0.0,0.0,7.338485374930315e-11,0.0
2019-01-19T22:00:00.0,0.0,0.0,0.0,0.0,0.0
2019-01-19T23:00:00.0,0.0,0.0,0.0,-2.220446049250313e-11,0.0
2019-01-20T00:00:00.0,0.4262763342260077,-1.0000000037603707,-0.426276335828957,-4.079083737451583e-10,-1.7388401829521172e-10
2019-01-20T01:00:00.0,0.0,0.0,0.0,-3.0468072509393096e-10,-2.4130031306413e-10
2019-01-20T02:00:00.0,0.0,0.0,0.0,1.8530954548623413e-11,1.4665602066088468e-11
2019-01-20T03:00:00.0,0.0,0.0,0.0,0.0,0.0
2019-01-20T04:00:00.0,0.0,0.0,0.0,7.077005648170598e-11,5.60476109967567e-11
2019-01-20T05:00:00.0,0.0,0.0,0.0,2.2737367544323206e-11,1.7962520360015333e-11
2019-01-20T06:00:00.0,0.0,0.0,0.0,-4.808953235624358e-11,-2.97859514830634e-11
2019-01-20T07:00:00.0,0.0,0.0,0.0,0.0,0.0
2019-01-20T08:00:00.0,0.0,104.99999999998079,44.7917001119618,-105.00000000003885,0.0
2019-01-20T09:00:00.0,0.0,91.64497238244917,39.09461066404224,-91.64497238247213,-0.0
2019-01-20T10:00:00.0,0.0,0.0,0.0,0.0,0.0
2019-01-20T11:00:00.0,0.0,-105.0,-44.791700111969995,105.0000000000206,8.78941364135244e-12
2019-01-20T12:00:00.0,0.0,-105.00000000002487,-44.7917001119806,104.99999999998559,-1.0466294497746276e-11
2019-01-20T13:00:00.0,0.0,0.0,0.0,0.0,0.0
2019-01-20T14:00:00.0,0.0,0.0,0.0,0.0,0.0
2019-01-20T15:00:00.0,0.0,0.0,0.0,1.0231815394945443e-12,7.958078640513122e-13
2019-01-20T16:00:00.0,0.0,0.0,0.0,1.6712409234287406e-11,0.0
2019-01-20T17:00:00.0,0.0,0.0,0.0,-1.7899992599268444e-10,0.0
2019-01-20T18:00:00.0,0.0,13.35502761782908,5.69708944804645,-13.355027618281767,0.0
2019-01-20T19:00:00.0,0.0,0.0,0.0,5.055653673480265e-10,0.0
2019-01-20T20:00:00.0,0.0,0.0,0.0,1.4236434253689367e-10,0.0
2019-01-20T21:00:00.0,0.0,0.0,0.0,2.5352164811920375e-11,0.0
2019-01-20T22:00:00.0,0.0,0.0,0.0,0.0,0.0
2019-01-20T23:00:00.0,0.0,0.0,0.0,0.0,0.0
2019-01-21T00:00:00.0,0.4385899984698667,-0.28483324926746434,-0.12492501436037519,-0.7151667507351362,-0.31366498411061683
2019-01-21T01:00:00.0,0.0,0.0,0.0,-4.411049303598702e-11,-3.4788172342814505e-11
2019-01-21T02:00:00.0,0.0,0.0,0.0,-8.037659426918253e-11,-6.355094228638336e-11
2019-01-21T03:00:00.0,0.0,0.0,0.0,8.29913915367797e-12,6.59383658785373e-12
2019-01-21T04:00:00.0,0.0,0.0,0.0,1.3642420526593924e-12,1.1368683772161603e-12
2019-01-21T05:00:00.0,0.0,0.0,0.0,-4.18367562815547e-11,-3.3082869776990265e-11
2019-01-21T06:00:00.0,0.0,-0.00558753396666134,-0.003987961253198951,0.005587533979625192,0.003987961262451573
2019-01-21T07:00:00.0,0.0,0.0,0.0,0.0,0.0
2019-01-21T08:00:00.0,0.0,0.0,0.0,1.5489831639570184e-10,1.227249413204845e-10
2019-01-21T09:00:00.0,0.0,0.0,0.0,2.1032064978498966e-12,1.6768808563938364e-12
2019-01-21T10:00:00.0,0.0,0.0,0.0,0.0,0.0
2019-01-21T11:00:00.0,0.0,0.0,0.0,-2.1543655748246238e-11,-1.7053025658242404e-11
2019-01-21T12:00:00.0,0.0,0.0,0.0,2.4158453015843406e-11,1.9127810446661897e-11
2019-01-21T13:00:00.0,0.0,0.0,0.0,0.0,0.0
2019-01-21T14:00:00.0,0.0,0.0,0.0,3.502975687297294e-11,2.7753799258789513e-11
2019-01-21T15:00:00.0,0.0,-0.37434558210236446,-0.18433036570009928,0.37434558206999924,0.1889498472302682
2019-01-21T16:00:00.0,0.0,0.0,0.0,-1.0277290130034089e-10,0.0
2019-01-21T17:00:00.0,0.0,0.0,0.0,-2.1600499167107046e-12,0.0
2019-01-21T18:00:00.0,0.0,0.0,0.0,0.0,0.0
2019-01-21T19:00:00.0,0.0,0.0,0.0,-6.252776074688882e-11,0.0
2019-01-21T20:00:00.0,0.0,0.0,0.0,1.1687006917782128e-10,0.0
2019-01-21T21:00:00.0,0.0,0.0,0.0,-7.929656931082718e-11,0.0
2019-01-21T22:00:00.0,0.0,0.0,0.0,-2.7966962079517543e-11,0.0
2019-01-21T23:00:00.0,7.078872385182664,-0.33621724974093325,-0.12229619190372351,0.3189410247647828,0.0
2019-01-22T00:00:00.0,0.7922429338974581,0.0,0.0,-0.9999999999760689,-0.7922429338784989
2019-01-22T01:00:00.0,0.0,0.0,0.0,2.467004378559068e-11,1.9610979506978765e-11
2019-01-22T02:00:00.0,0.0,0.0,0.0,4.46789272245951e-11,3.5413449950283393e-11
2019-01-22T03:00:00.0,0.0,0.0,0.0,2.488320660631871e-11,1.971756091734278e-11
2019-01-22T04:00:00.0,0.0,0.0,0.0,1.432454155292362e-11,1.1340262062731199e-11
2019-01-22T05:00:00.0,0.0,0.0,0.0,1.4154011296341196e-11,0.0
2019-01-22T06:00:00.0,0.0,0.0,0.0,1.5153887034102809e-9,0.0
2019-01-22T07:00:00.0,0.0,-0.8514721929385005,-0.44607335827251793,0.8514721928866038,0.0
2019-01-22T08:00:00.0,0.0,0.0,0.0,2.4783730623312294e-11,1.9554136088117957e-11
2019-01-22T09:00:00.0,0.0,0.0,0.0,-1.2431655704858713e-10,-9.849543403106509e-11
2019-01-22T10:00:00.0,0.0,-38.78792400777492,-16.750462304218498,38.787924007439415,16.750462304073608
2019-01-22T11:00:00.0,0.0,0.0,0.0,0.0,0.0
2019-01-22T12:00:00.0,0.0,0.0,0.0,0.0,0.0
2019-01-22T13:00:00.0,0.0,-66.31578947329623,-28.63829813434403,66.31578947368415,28.63829813451155
2019-01-22T14:00:00.0,0.0,104.99999999987847,45.34397204625751,-105.0,-45.34397204630999
2019-01-22T15:00:00.0,0.0,0.0,0.0,-1.3031353773840237e-11,-1.0331291377951857e-11
2019-01-22T16:00:00.0,0.0,0.0,0.0,1.1118572729174048e-10,0.0
2019-01-22T17:00:00.0,0.0,0.0,0.0,-1.1567635738174431e-11,0.0
2019-01-22T18:00:00.0,0.0,0.0,0.0,-2.1103119252074976e-11,0.0
2019-01-22T19:00:00.0,0.0,0.0,0.0,5.4853899200679734e-11,0.0
2019-01-22T20:00:00.0,0.0,0.0,0.0,7.173639460233971e-11,0.0
2019-01-22T21:00:00.0,0.0,0.0,0.0,6.252776074688882e-11,0.0
2019-01-22T22:00:00.0,0.0,0.0,0.0,3.410605131648481e-13,0.0
2019-01-22T23:00:00.0,0.0,0.0,0.0,1.2391865311656147e-11,0.0
2019-01-23T00:00:00.0,0.42130127046425303,-0.9457069133826845,-0.3984275240949507,-0.054293085404594876,-0.022873745858376537
2019-01-23T01:00:00.0,0.0,0.0,0.0,2.148681232938543e-11,1.6996182239381596e-11
2019-01-23T02:00:00.0,0.0,0.0,0.0,-1.0459189070388675e-11,-8.284928298962768e-12
2019-01-23T03:00:00.0,0.0,0.0,0.0,-2.5011104298755527e-11,-1.978150976356119e-11
2019-01-23T04:00:00.0,0.0,0.0,0.0,3.61524143954739e-11,2.8535396268125623e-11
2019-01-23T05:00:00.0,0.0,0.0,0.0,-5.6843418860808015e-12,-4.547473508864641e-12
2019-01-23T06:00:00.0,0.0,0.0,0.0,-2.7675639557855902e-11,0.0
2019-01-23T07:00:00.0,0.0,0.0,0.0,0.0,0.0
2019-01-23T08:00:00.0,0.0,0.0,0.0,6.394884621840902e-12,0.0
2019-01-23T09:00:00.0,0.0,0.0,0.0,3.950617610826157e-11,3.1320723792305216e-11
2019-01-23T10:00:00.0,0.4262763342260008,-0.0006579104782744594,-0.00028045166692771095,0.0006282665771664142,0.0002678151734312154
2019-01-23T11:00:00.0,0.0,0.0,0.0,0.0,0.0
2019-01-23T12:00:00.0,0.0,0.0,0.0,0.0,0.0
2019-01-23T13:00:00.0,0.0,0.0,0.0,0.0,0.0
2019-01-23T14:00:00.0,0.0,0.01081179810510946,0.004612179222811699,-0.010811798132252193,-1.042366193360067e-11
2019-01-23T15:00:00.0,29.99706160474501,-0.007199059449281009,-0.0030687886719145546,0.007163783474613439,0.0020106130866440284
2019-01-23T16:00:00.0,0.0,0.0,0.0,7.73070496506989e-12,0.0
2019-01-23T17:00:00.0,0.0,0.0,0.0,-4.695266397902742e-11,0.0
2019-01-23T18:00:00.0,0.0,0.0,0.0,-8.469669410260394e-12,0.0
2019-01-23T19:00:00.0,0.0,-0.05480050790384894,-0.023377218247741364,0.05480050881432419,0.0
2019-01-23T20:00:00.0,0.0,0.0,0.0,7.3725914262468e-11,0.0
2019-01-23T21:00:00.0,0.0,0.0,0.0,3.526941409905285e-5,0.0
2019-01-23T22:00:00.0,0.0,0.0,0.0,-6.920686246303376e-12,0.0
2019-01-23T23:00:00.0,0.0,0.0,0.0,0.0,0.0
2019-01-24T00:00:00.0,0.2819661151912809,-0.43831344490463664,-0.1235895392958656,-0.5616865551176602,-0.1583765759016999
2019-01-24T01:00:00.0,0.0,0.0,0.0,0.0,0.0
2019-01-24T02:00:00.0,0.0,0.0,0.0,-1.7621459846850485e-12,-1.4210854715202004e-12
2019-01-24T03:00:00.0,0.0,0.0,0.0,0.0,0.0
2019-01-24T04:00:00.0,0.0,0.0,0.0,-7.686878911172812e-12,-6.089823090249524e-12
2019-01-24T05:00:00.0,0.0,0.0,0.0,1.3173462320992257e-11,0.0
2019-01-24T06:00:00.0,0.0,-0.22619418851945738,-0.09276833821976584,0.22619418856200957,0.033430639104748854
2019-01-24T07:00:00.0,0.0,-0.12599670658811135,-0.060562340821180755,0.12599670657291284,0.025044648719142682
2019-01-24T08:00:00.0,0.0,-0.0033195168061439517,-0.0013614233849870518,0.0033195168075628168,0.000351570988766579
2019-01-24T09:00:00.0,0.0,0.0,0.0,5.9401372709544376e-12,4.703792910731863e-12
2019-01-24T10:00:00.0,0.0,0.0,0.0,0.0,0.0
2019-01-24T11:00:00.0,0.0,0.0,0.0,0.0,0.0
2019-01-24T12:00:00.0,0.0,0.0,0.0,4.700950739788823e-11,3.7260861063259654e-11
2019-01-24T13:00:00.0,0.0,0.0,0.0,0.0,0.0
2019-01-24T14:00:00.0,-72.56588033943626,0.0,0.0,2.8463955424148056e-5,-0.0020655119832957754
2019-01-24T15:00:00.0,0.0,0.0,0.0,0.0,0.0
2019-01-24T16:00:00.0,0.0,-0.007758540070450515,-0.00237265047242972,0.0077585400736852606,-3.547697404442404e-5
2019-01-24T17:00:00.0,0.0,0.0,0.0,2.6943780540023e-11,0.0
2019-01-24T18:00:00.0,0.0,-0.005472381484139532,-0.0022438965418085984,0.005472381453351716,0.0
2019-01-24T19:00:00.0,4.221707560399166e6,79.2227833169914,29.960455669501766,-79.22277622022897,0.0
2019-01-24T20:00:00.0,0.0,0.0,0.0,0.0,0.0
2019-01-24T21:00:00.0,0.0,-79.39433005981171,-30.025331180918098,79.39433001764388,0.0
2019-01-24T22:00:00.0,0.0,0.00012131537027926242,4.137606168437235e-5,-0.00012131598892750617,-9.825371995321747e-5
2019-01-24T23:00:00.0,0.0,0.0,0.0,0.0,0.0
2019-01-25T00:00:00.0,0.4262763342260078,-1.0000000001284093,-0.4262763342807378,7.764811016386375e-11,3.3097080631705467e-11
2019-01-25T01:00:00.0,0.0,252.11845109253056,85.98802081022161,-252.11845109250618,-85.98802081021327
2019-01-25T02:00:00.0,0.0,312.99999999999943,106.7524030747018,-312.99999999988404,-106.75240307466245
2019-01-25T03:00:00.0,0.0,0.0,0.0,0.0,0.0
2019-01-25T04:00:00.0,0.0,0.0,0.0,0.0,0.0
2019-01-25T05:00:00.0,0.0,312.99999999999983,106.75240307470195,-312.9999999999698,-106.75240307469171
2019-01-25T06:00:00.0,0.0,0.0,0.0,0.0,0.0
2019-01-25T07:00:00.0,0.0,0.0,0.0,2.086153472191654e-11,0.0
2019-01-25T08:00:00.0,0.0,0.0,0.0,8.526512829121202e-12,0.0
2019-01-25T09:00:00.0,0.0,0.0,0.0,0.0,0.0
2019-01-25T10:00:00.0,0.0,0.0,0.0,-3.8824055081931874e-11,-3.0752289603697136e-11
2019-01-25T11:00:00.0,0.0,0.0,0.0,0.0,0.0
2019-01-25T12:00:00.0,0.0,-252.11845109249734,-85.98802081021029,252.11845108243887,85.98802080677976
2019-01-25T13:00:00.0,0.0,-313.0,-106.752403074702,312.99999999999886,106.75240307470162
2019-01-25T14:00:00.0,0.0,-313.0,-106.752403074702,312.99999999925967,106.75240307444946
2019-01-25T15:00:00.0,0.0,0.0,0.0,0.0,0.0
2019-01-25T16:00:00.0,0.0,0.0,0.0,0.0,0.0
2019-01-25T17:00:00.0,0.0,0.0,0.0,-2.1373125491663814e-11,0.0
2019-01-25T18:00:00.0,0.0,0.0,0.0,0.0,0.0
2019-01-25T19:00:00.0,0.0,0.0,0.0,-1.0231815394945443e-11,0.0
2019-01-25T20:00:00.0,0.0,0.0,0.0,4.3996806198265404e-11,0.0
2019-01-25T21:00:00.0,0.0,0.0,0.0,-6.494360604847316e-12,0.0
2019-01-25T22:00:00.0,0.0,0.0,0.0,-9.71169811236905e-10,0.0
2019-01-25T23:00:00.0,0.0,0.0,0.0,0.0,0.0
2019-01-26T00:00:00.0,0.38232213066701104,26.053978461522043,9.961012557761233,-27.053978461536985,-10.343334688433927
2019-01-26T01:00:00.0,0.0,0.0,0.0,1.6257217794191092e-11,1.2860823517257813e-11
2019-01-26T02:00:00.0,0.0,0.0,0.0,2.3931079340400174e-11,1.8957280190079473e-11
2019-01-26T03:00:00.0,0.0,0.0,0.0,5.6843418860808015e-12,4.504840944719035e-12
2019-01-26T04:00:00.0,0.0,312.9290925632625,119.63774584626199,-312.9290925632828,-119.63774584626977
2019-01-26T05:00:00.0,0.0,0.0,0.0,0.0,0.0
2019-01-26T06:00:00.0,0.0,-29.757021751261448,-11.376767958246539,29.757021751250946,11.376767958245022
2019-01-26T07:00:00.0,0.0,0.0,0.0,6.252776074688882e-12,0.0
2019-01-26T08:00:00.0,0.0,-313.0,-119.66682689877098,313.00000000003763,119.66682689878536
2019-01-26T09:00:00.0,0.0,313.0,119.66682689877098,-312.99999999978525,-119.6668268986889
2019-01-26T10:00:00.0,0.0,0.0,0.0,0.0,0.0
2019-01-26T11:00:00.0,0.0,0.0,0.0,-1.2505552149377763e-11,-9.890754881780595e-12
2019-01-26T12:00:00.0,0.0,-309.3338371752485,-118.26517171623985,309.33383717522247,118.2651717162299
2019-01-26T13:00:00.0,0.0,0.0,0.0,9.620748642191757e-10,7.621849817951443e-10
2019-01-26T14:00:00.0,0.0,-0.18711126260484434,-0.07673937605413093,0.1871112628234538,0.07673937614378856
2019-01-26T15:00:00.0,0.0,0.0,0.0,-1.2818190953112207e-11,-1.0174971976084635e-11
2019-01-26T16:00:00.0,0.0,0.0,0.0,-5.46265255252365e-11,0.0
2019-01-26T17:00:00.0,0.0,-0.5539740126544568,-0.240178094992161,0.553974012632807,0.0
2019-01-26T18:00:00.0,0.0,-0.1704031448778509,-0.08262323698785043,0.1704031449189074,0.0
2019-01-26T19:00:00.0,0.0,0.0,0.0,-1.5276668818842154e-11,0.0
2019-01-26T20:00:00.0,0.0,0.054531363609072514,0.019736032607910715,-0.05453136355316701,0.0
2019-01-26T21:00:00.0,0.0,0.0,0.0,2.2737367544323206e-12,0.0
2019-01-26T22:00:00.0,0.0,0.0,0.0,-4.6838977141305804e-11,0.0
2019-01-26T23:00:00.0,0.0,0.0,0.0,2.1371704406192293e-10,0.0
2019-01-27T00:00:00.0,0.426276334226,-1.0000000000078835,-0.4262763342293605,0.0,0.0
2019-01-27T01:00:00.0,0.0,2.2960048373219912,0.7998762785365167,-2.2960048373253876,-0.7998762785376998
2019-01-27T02:00:00.0,0.0,0.0,0.0,0.0,0.0
2019-01-27T03:00:00.0,0.0,0.0,0.0,0.0,0.0
2019-01-27T04:00:00.0,0.0,0.0,0.0,0.0,0.0
2019-01-27T05:00:00.0,0.0,0.0,0.0,0.0,0.0
2019-01-27T06:00:00.0,0.0,0.0,0.0,0.0,0.0
2019-01-27T07:00:00.0,0.0,-115.33348920516755,-39.335869417386064,115.33348920488686,39.33586941729033
2019-01-27T08:00:00.0,0.0,0.0,0.0,0.0,0.0
2019-01-27T09:00:00.0,0.0,0.0,0.0,-7.8017592386459e-12,-6.16751094639767e-12
2019-01-27T10:00:00.0,0.0,-31.128336777883625,-11.062647358796678,31.12833677792014,11.255064765952056
2019-01-27T11:00:00.0,0.0,0.0,0.0,6.146194664324867e-12,4.874323167314287e-12
2019-01-27T12:00:00.0,0.0,0.0,0.0,-1.0203393685515039e-11,-8.114398042380344e-12
2019-01-27T13:00:00.0,0.0,-102.0,-36.249608793714,102.00000000002319,36.249608793722246
2019-01-27T14:00:00.0,0.0,0.0,0.0,1.261923898709938e-11,1.000444171950221e-11
2019-01-27T15:00:00.0,0.0,100.63947902357917,38.059817184446324,-100.63947902360505,0.038821202961804045
2019-01-27T16:00:00.0,0.0,0.0,0.0,-2.0409629541973118e-10,0.0
2019-01-27T17:00:00.0,0.0,0.0,0.0,1.1596057447604835e-11,0.0
2019-01-27T18:00:00.0,0.0,0.0,0.0,9.237055564881302e-12,0.0
2019-01-27T19:00:00.0,0.0,0.0,0.0,-5.4853899200679734e-12,0.0
2019-01-27T20:00:00.0,0.0,-3.603741838024721,-1.3628623365888677,3.603741837983989,0.0
2019-01-27T21:00:00.0,0.0,68.26937261922481,28.569437683711612,-68.26937261920659,0.0
2019-01-27T22:00:00.0,0.0,68.26937261923146,28.56943768371402,-68.26937261926912,0.0
2019-01-27T23:00:00.0,0.0,0.25084359492142116,0.10625502473200428,-0.25084359493368547,-0.0
2019-01-28T00:00:00.0,0.3576046498996556,45.00183306469589,16.092864757943335,-46.00183232969509,-16.45046914500329
2019-01-28T01:00:00.0,0.3589396430701745,-14.22908215730299,-5.1073816691623835,14.229080645765862,5.107381126611786
2019-01-28T02:00:00.0,0.0,-31.77472928536364,-11.40520998477553,31.77472928539153,11.405209984785543
2019-01-28T03:00:00.0,0.0,0.0,0.0,0.0,0.0
2019-01-28T04:00:00.0,0.0,0.0,0.0,0.0,0.0
2019-01-28T05:00:00.0,0.0,0.0,0.0,-8.185452315956354e-12,-6.59383658785373e-12
2019-01-28T06:00:00.0,0.0,0.0,0.0,2.002296923819813e-7,1.5863054159126477e-7
2019-01-28T07:00:00.0,2601.62798715604,0.045642583890805,0.022172483514270563,-0.04563403548311484,6.729317343914542e-5
2019-01-28T08:00:00.0,0.0,0.0,0.0,-2.5856650154310046e-11,-2.049205249932129e-11
2019-01-28T09:00:00.0,0.792242937874521,0.0,0.0,7.438708962581586e-6,5.893264642509166e-6
2019-01-28T10:00:00.0,0.0,0.0,0.0,0.0,0.0
2019-01-28T11:00:00.0,0.0,0.0,0.0,6.366462912410498e-12,5.059064278611913e-12
2019-01-28T12:00:00.0,0.0,0.0,0.0,3.694822225952521e-12,2.9274360713316128e-12
2019-01-28T13:00:00.0,0.0,0.0,0.0,1.6132162272697315e-10,1.2784084901795723e-10
2019-01-28T14:00:00.0,0.0,0.0,0.0,-2.680522470654978e-12,-2.1227464230832993e-12
2019-01-28T15:00:00.0,0.0,0.0,0.0,1.27613475342514e-11,1.0118128557223827e-11
2019-01-28T16:00:00.0,0.0,0.0,0.0,3.888089850079268e-11,0.0
2019-01-28T17:00:00.0,0.0,0.0,0.0,0.0,0.0
2019-01-28T18:00:00.0,0.0,0.0,0.0,0.0,0.0
2019-01-28T19:00:00.0,0.0,0.0,0.0,-1.0032863428932615e-11,0.0
2019-01-28T20:00:00.0,-57.30375877892849,-0.0015576856589705201,-0.000664489418145942,0.0015692815723014064,0.0
2019-01-28T21:00:00.0,0.0,0.0,0.0,-2.9186253414081875e-10,0.0
2019-01-28T22:00:00.0,0.0,0.0,0.0,0.0,0.0
2019-01-28T23:00:00.0,0.0,-0.042187151629402564,-0.017996516612975296,0.04218715161670161,0.0
2019-01-29T00:00:00.0,0.40699419568691697,-1.0843736524636771,-0.44133378250853816,0.08437365228525096,0.03433958674899884
2019-01-29T01:00:00.0,0.0,0.0,0.0,-1.3244516594568267e-11,-1.050182163453428e-11
2019-01-29T02:00:00.0,0.0,0.0,0.0,1.1473100247627599e-11,9.089506924908619e-12
2019-01-29T03:00:00.0,0.0,0.0,0.0,0.0,0.0
2019-01-29T04:00:00.0,0.0,0.0,0.0,0.0,0.0
2019-01-29T05:00:00.0,0.0,0.0,0.0,0.0,0.0
2019-01-29T06:00:00.0,0.0,0.0,0.0,0.0,0.0
2019-01-29T07:00:00.0,0.0,-0.018787935138675493,-0.00844551919753181,0.01878793514961785,-0.0006030822099454269
2019-01-29T08:00:00.0,0.0,0.0,0.0,0.0,0.0
2019-01-29T09:00:00.0,0.0,0.0,0.0,-3.979039320256561e-13,-3.126388037344441e-13
2019-01-29T10:00:00.0,0.0,0.0,0.0,2.1741437619964173e-9,1.722432754313729e-9
2019-01-29T11:00:00.0,0.792242934024929,0.0,0.0,7.606934842385732e-5,6.026540378468133e-5
2019-01-29T12:00:00.0,0.0,0.0,0.0,2.560796019679401e-11,2.029310053330846e-11
2019-01-29T13:00:00.0,0.0,0.0,0.0,0.0,0.0
2019-01-29T14:00:00.0,0.0,0.0,0.0,0.0,0.0
2019-01-29T15:00:00.0,0.0,0.0,0.0,0.0,0.0
2019-01-29T16:00:00.0,0.0,0.0,0.0,-2.3632651391380932e-11,0.0
2019-01-29T17:00:00.0,0.0,0.0,0.0,-2.417444022739801e-11,0.0
2019-01-29T18:00:00.0,0.0,-0.035926475829306526,-0.014459847883709616,0.03592647595070275,0.0
2019-01-29T19:00:00.0,0.0,0.0,0.0,3.19175796903437e-11,0.0
2019-01-29T20:00:00.0,0.0,0.0,0.0,2.631850293255411e-11,0.0
2019-01-29T21:00:00.0,0.0,0.13497757412496014,0.04705836428204447,-0.13497757416161704,0.0
2019-01-29T22:00:00.0,0.0,0.0,0.0,0.0,0.0
2019-01-29T23:00:00.0,0.0,0.0,0.0,-2.9328361961233895e-9,0.0
2019-01-30T00:00:00.0,0.42627633422600425,-1.00000000000664,-0.42627633422883043,-4.388311936054379e-10,-1.8705748061620397e-10
2019-01-30T01:00:00.0,0.0,0.0,0.0,1.1311840353300795e-11,8.981260180007666e-12
2019-01-30T02:00:00.0,0.0,0.0,0.0,0.0,0.0
2019-01-30T03:00:00.0,0.0,0.0,0.0,0.0,0.0
2019-01-30T04:00:00.0,0.0,0.0,0.0,-2.1515234038815834e-11,-7.613465413669473e-12
2019-01-30T05:00:00.0,0.0,0.0,0.0,-7.787548383930698e-12,0.0
2019-01-30T06:00:00.0,0.0,0.0,0.0,0.0,0.0
2019-01-30T07:00:00.0,0.0,0.0,0.0,-3.3935521059902385e-11,0.0
2019-01-30T08:00:00.0,0.0,0.0,0.0,3.467448550509289e-12,2.7569058147491887e-12
2019-01-30T09:00:00.0,0.0,0.0,0.0,7.332801033044234e-11,5.809397407574579e-11
2019-01-30T10:00:00.0,0.0,0.0,0.0,-1.7467186808062252e-8,-1.3838260315424122e-8
2019-01-30T11:00:00.0,0.0,0.0,0.0,1.793705450836569e-8,1.4210513654688839e-8
2019-01-30T12:00:00.0,0.0,0.0,0.0,0.0,0.0
2019-01-30T13:00:00.0,0.0,0.0,0.0,0.0,0.0
2019-01-30T14:00:00.0,0.0,0.0,0.0,0.0,0.0
2019-01-30T15:00:00.0,0.0,0.0,0.0,0.0,0.0
2019-01-30T16:00:00.0,0.0,0.0,0.0,-2.091837814077735e-11,0.0
2019-01-30T17:00:00.0,0.0,0.0,0.0,-5.5933924159035087e-11,0.0
2019-01-30T18:00:00.0,0.0,0.0,0.0,1.1368683772161603e-13,0.0
2019-01-30T19:00:00.0,0.0,0.0,0.0,2.2680524125462398e-11,0.0
2019-01-30T20:00:00.0,0.0,0.0,0.0,-3.1377567211166024e-11,0.0
2019-01-30T21:00:00.0,0.0,0.0,0.0,0.0,0.0
2019-01-30T22:00:00.0,0.0,0.0,0.0,-1.830358087318018e-11,0.0
2019-01-30T23:00:00.0,0.0,0.0,0.0,0.0,0.0
2019-01-31T00:00:00.0,0.42162443665380284,-0.9999999998016529,-0.4216244365701751,-1.3820056210533949e-10,-5.826805704600702e-11
2019-01-31T01:00:00.0,0.0,0.0,0.0,1.9749677448999137e-9,1.5646719475626014e-9
2019-01-31T02:00:00.0,0.0,0.0,0.0,-1.5503474060096778e-9,-1.2282157513254788e-9
2019-01-31T03:00:00.0,0.0,0.0,0.0,-2.3876935983935255e-9,-1.8916281874226115e-9
2019-01-31T04:00:00.0,0.0,0.0,0.0,2.8421709430404007e-11,2.2509993868879974e-11
2019-01-31T05:00:00.0,0.0,0.0,0.0,0.0,0.0
2019-01-31T06:00:00.0,0.0,0.0,0.0,0.0,0.0
2019-01-31T07:00:00.0,0.0,0.0,0.0,0.0,0.0
2019-01-31T08:00:00.0,0.0,0.0,0.0,2.14635065276525e-9,1.7004424535116414e-9
2019-01-31T09:00:00.0,0.0,0.0,0.0,1.0913936421275139e-11,8.668621376273222e-12
2019-01-31T10:00:00.0,0.0,0.0,0.0,2.55226950685028e-11,2.029310053330846e-11
2019-01-31T11:00:00.0,0.0,0.0,0.0,7.73070496506989e-12,6.139089236967266e-12
2019-01-31T12:00:00.0,0.0,0.0,0.0,3.1377567211166024e-11,2.489741746103391e-11
2019-01-31T13:00:00.0,0.0,0.0,0.0,3.171862772433087e-11,2.5124791136477143e-11
2019-01-31T14:00:00.0,0.0,0.0,0.0,0.0,0.0
2019-01-31T15:00:00.0,0.0,0.0,0.0,0.0,0.0
2019-01-31T16:00:00.0,0.0,0.0,0.0,7.864286999392789e-11,0.0
2019-01-31T17:00:00.0,0.0,0.0,0.0,-2.7057467377744615e-11,0.0
2019-01-31T18:00:00.0,0.0,0.0,0.0,1.2732925824820995e-11,0.0
2019-01-31T19:00:00.0,0.0,0.0,0.0,-4.320099833421409e-11,0.0
2019-01-31T20:00:00.0,0.0,0.0,0.0,1.0533085514907725e-10,0.0
2019-01-31T21:00:00.0,0.0,0.0,0.0,-5.1386450650170445e-11,0.0
2019-01-31T22:00:00.0,0.0,0.0,0.0,9.981704351957887e-11,0.0
2019-01-31T23:00:00.0,0.0,0.0,0.0,0.0,0.0
2019-02-01T00:00:00.0,0.40248445053197984,-0.7260136110238591,-0.2922091893116911,-0.2739863888951959,-0.11027526118772357
2019-02-01T01:00:00.0,0.0,0.0,0.0,-5.002220859751105e-12,-3.922195901395753e-12
2019-02-01T02:00:00.0,0.0,0.0,0.0,-6.821210263296962e-12,-5.4569682106375694e-12
2019-02-01T03:00:00.0,0.0,0.0,0.0,7.116796041373163e-11,5.638867150992155e-11
2019-02-01T04:00:00.0,0.0,-0.25047436489615826,-0.07041812778829702,0.2504743648812564,0.0704181277840803
2019-02-01T05:00:00.0,0.0,0.0,0.0,-6.264144758461043e-11,-4.96243046654854e-11
2019-02-01T06:00:00.0,0.0,0.0,0.0,-1.3642420526593924e-11,0.0
2019-02-01T07:00:00.0,0.0,0.0,0.0,0.0,0.0
2019-02-01T08:00:00.0,0.0,0.016371042241644318,0.006007754023556114,-0.016371042215046927,-0.016273227025508152
2019-02-01T09:00:00.0,0.0,0.0,0.0,-7.275957614183426e-12,-5.7980287238024175e-12
2019-02-01T10:00:00.0,0.0,0.0,0.0,-4.547473508864641e-13,-3.410605131648481e-13
2019-02-01T11:00:00.0,0.0,0.0,0.0,0.0,0.0
2019-02-01T12:00:00.0,0.0,0.0,0.0,-2.233306872767571e-10,-1.7693224663162255e-10
2019-02-01T13:00:00.0,0.0,0.07273091979018531,0.041775870777891466,-0.0727309198001862,-0.07828924980001697
2019-02-01T14:00:00.0,0.0,0.0,0.0,1.7763568394002505e-13,1.4210854715202004e-13
2019-02-01T15:00:00.0,0.0,-0.05957252812764935,-0.016748164627960586,0.05957252811012381,0.024886994502808957
2019-02-01T16:00:00.0,0.0,0.0,0.0,0.0,0.0
2019-02-01T17:00:00.0,0.0,0.0,0.0,-5.419224180513993e-9,0.0
2019-02-01T18:00:00.0,0.0,-147.0,-72.996293780172,147.00000000001796,0.0
2019-02-01T19:00:00.0,0.0,146.95274025423083,72.97282584625266,-146.95274020965348,0.0
2019-02-01T20:00:00.0,0.0,0.0,0.0,-1.4361489775183145e-9,0.0
2019-02-01T21:00:00.0,0.0,0.0,0.0,-4.2780584408319555e-8,0.0
2019-02-01T22:00:00.0,0.0,0.0,0.0,-4.206412995699793e-11,0.0
2019-02-01T23:00:00.0,0.0,0.0,0.0,0.0,0.0
2019-02-02T00:00:00.0,0.39387584464436803,-0.9999999999244906,-0.3938758446146267,0.0,0.0
2019-02-02T01:00:00.0,0.0,-190.53616258555505,-76.68784270472294,190.53616258553603,76.68784270471528
2019-02-02T02:00:00.0,0.0,245.37271676186853,98.75870308144472,-245.3727167618822,-98.75870308145022
2019-02-02T03:00:00.0,0.0,-54.83655417645383,-22.07086037677827,54.83655417644948,22.07086037677652
2019-02-02T04:00:00.0,0.0,0.0,0.0,0.0,0.0
2019-02-02T05:00:00.0,0.0,0.0,0.0,-1.8388846001471393e-11,0.0
2019-02-02T06:00:00.0,0.0,0.0,0.0,-4.11262135457946e-11,0.0
2019-02-02T07:00:00.0,0.0,0.0,0.0,0.0,0.0
2019-02-02T08:00:00.0,0.0,0.0,0.0,0.0,0.0
2019-02-02T09:00:00.0,0.0,0.0,0.0,-1.1198153515579179e-11,-8.881784197001252e-12
2019-02-02T10:00:00.0,0.0,0.0,0.0,0.0,0.0
2019-02-02T11:00:00.0,0.0,0.0,0.0,0.0,0.0
2019-02-02T12:00:00.0,0.0,0.0,0.0,0.0,0.0
2019-02-02T13:00:00.0,0.0,0.0,0.0,-1.7053025658242404e-13,-1.4210854715202004e-13
2019-02-02T14:00:00.0,0.0,0.0,0.0,2.744400262599811e-10,2.1748292056145146e-10
2019-02-02T15:00:00.0,0.0,0.0,0.0,-5.4711790653527714e-11,-4.334310688136611e-11
2019-02-02T16:00:00.0,0.0,0.0,0.0,0.0,0.0
2019-02-02T17:00:00.0,0.0,0.0,0.0,-1.6228796084760688e-11,0.0
2019-02-02T18:00:00.0,0.0,0.0,0.0,2.2112089936854318e-11,0.0
2019-02-02T19:00:00.0,0.0,0.0,0.0,-3.532818482199218e-11,0.0
2019-02-02T20:00:00.0,0.0,0.0,0.0,-4.084199645149056e-11,0.0
2019-02-02T21:00:00.0,0.0,0.0,0.0,0.0,0.0
2019-02-02T22:00:00.0,0.0,0.0,0.0,0.0,0.0
2019-02-02T23:00:00.0,0.0,0.0,0.0,0.0,0.0
2019-02-03T00:00:00.0,0.4069286895465283,-1.0877400813113614,-0.44263264585527373,0.08774008101070763,0.03570395618638855
2019-02-03T01:00:00.0,0.0,0.0,0.0,-7.077005648170598e-12,-5.5990767577895895e-12
2019-02-03T02:00:00.0,0.0,0.0,0.0,-1.6285639503621496e-11,-1.290345608140342e-11
2019-02-03T03:00:00.0,0.0,0.0,0.0,-5.6843418860808015e-12,-4.490630090003833e-12
2019-02-03T04:00:00.0,0.0,0.0,0.0,0.0,0.0
2019-02-03T05:00:00.0,0.0,0.0,0.0,0.0,0.0
2019-02-03T06:00:00.0,0.0,0.1099488828321391,0.038249970995103744,-0.10994888283263382,0.0
2019-02-03T07:00:00.0,0.0,0.0,0.0,-2.361844053666573e-11,0.0
2019-02-03T08:00:00.0,0.0,0.0,0.0,1.4779288903810084e-12,1.1937117960769683e-12
2019-02-03T09:00:00.0,0.0,0.0,0.0,-5.115907697472721e-13,-3.979039320256561e-13
2019-02-03T10:00:00.0,0.0,-313.0,-118.37027471039099,313.00000000002797,118.37027471040157
2019-02-03T11:00:00.0,0.0,116.98960992224255,44.24310627717998,-116.98960992225233,-44.24310627718367
2019-02-03T12:00:00.0,0.0,0.0,0.0,3.728928277269006e-11,2.955857780762017e-11
2019-02-03T13:00:00.0,0.0,0.0,0.0,-3.865352482534945e-12,-3.069544618483633e-12
2019-02-03T14:00:00.0,0.0,195.982394492967,74.11658106879463,-195.98239449296318,-74.11658106879318
2019-02-03T15:00:00.0,0.0,0.0,0.0,0.0,0.0
2019-02-03T16:00:00.0,0.0,0.0,0.0,1.7053025658242404e-12,0.0
2019-02-03T17:00:00.0,0.0,0.0,0.0,0.0,0.0
2019-02-03T18:00:00.0,0.0,0.0,0.0,8.466827239317354e-11,0.0
2019-02-03T19:00:00.0,0.0,0.0,0.0,-4.757794158649631e-11,0.0
2019-02-03T20:00:00.0,0.0,0.0,0.0,-1.0015810403274372e-10,0.0
2019-02-03T21:00:00.0,0.0,0.0,0.0,2.8467184165492654e-10,0.0
2019-02-03T22:00:00.0,0.0,0.0,0.0,-2.1475443645613268e-10,0.0
2019-02-03T23:00:00.0,0.0,0.0,0.0,0.0,0.0
2019-02-04T00:00:00.0,0.42627633422599565,-1.0000000000036202,-0.4262763342275432,-9.845280146691948e-11,-4.196465397399152e-11
2019-02-04T01:00:00.0,0.0,0.0,0.0,-9.149729862656386e-10,-7.24881488167739e-10
2019-02-04T02:00:00.0,0.0,0.0,0.0,0.0,0.0
2019-02-04T03:00:00.0,0.0,0.0,0.0,-8.72546479513403e-12,-6.906475391588174e-12
2019-02-04T04:00:00.0,0.0,0.0,0.0,1.9610979506978765e-11,0.0
2019-02-04T05:00:00.0,0.0,0.0,0.0,1.8189894035458565e-11,1.4409806681214832e-11
2019-02-04T06:00:00.0,0.0,0.0,0.0,1.312798758590361e-10,0.0
2019-02-04T07:00:00.0,0.0,0.0,0.0,-1.432454155292362e-11,0.0
2019-02-04T08:00:00.0,0.0,0.0,0.0,1.3188525826990372e-9,0.0
2019-02-04T09:00:00.0,0.0,0.0,0.0,-1.6564172256039456e-10,-1.312514541496057e-10
2019-02-04T10:00:00.0,0.0,0.0,0.0,2.3495783096905143e-10,1.8614354502233255e-10
2019-02-04T11:00:00.0,0.0,0.0,0.0,0.0,0.0
2019-02-04T12:00:00.0,0.0,0.0,0.0,-9.265477274311706e-12,-7.389644451905042e-12
2019-02-04T13:00:00.0,0.0,0.0,0.0,-4.320099833421409e-12,-3.410605131648481e-12
2019-02-04T14:00:00.0,0.0,0.0,0.0,2.1827872842550278e-11,1.7280399333685637e-11
2019-02-04T15:00:00.0,0.0,0.0,0.0,0.0,0.0
2019-02-04T16:00:00.0,0.0,0.0,0.0,1.942908056662418e-10,0.0
2019-02-04T17:00:00.0,0.0,0.0,0.0,-1.0277290130034089e-10,0.0
2019-02-04T18:00:00.0,0.0,0.0,0.0,-2.050715153245619e-11,0.0
2019-02-04T19:00:00.0,0.0,0.0,0.0,-1.2084910849807784e-10,0.0
2019-02-04T20:00:00.0,0.0,0.0,0.0,-2.97859514830634e-10,0.0
2019-02-04T21:00:00.0,0.0,0.0,0.0,7.008793545537628e-11,0.0
2019-02-04T22:00:00.0,0.0,0.0,0.0,6.164668775454629e-11,0.0
2019-02-04T23:00:00.0,0.0,0.0,0.0,0.0,0.0
2019-02-05T00:00:00.0,0.426276334226,-1.0000000090750305,-0.4262763380944707,0.0,0.0
2019-02-05T01:00:00.0,0.0,0.0,0.0,2.2737367544323206e-13,1.7053025658242404e-13
2019-02-05T02:00:00.0,0.0,0.0,0.0,0.0,0.0
2019-02-05T03:00:00.0,0.0,0.0,0.0,-1.5916157281026244e-12,-1.2647660696529783e-12
2019-02-05T04:00:00.0,0.0,0.0,0.0,1.6370904631912708e-11,1.2960299500264227e-11
2019-02-05T05:00:00.0,0.0,0.0,0.0,0.0,0.0
2019-02-05T06:00:00.0,0.0,0.0,0.0,-5.229594535194337e-12,0.0
2019-02-05T07:00:00.0,0.0,0.0,0.0,-9.972552561521297e-9,0.0
2019-02-05T08:00:00.0,0.0,0.0,0.0,0.0,0.0
2019-02-05T09:00:00.0,0.0,0.0,0.0,0.0,0.0
2019-02-05T10:00:00.0,0.0,-313.0,-106.752403074702,313.0000000004634,106.75240307486007
2019-02-05T11:00:00.0,0.0,288.10998468515965,98.263364904014,-288.10998468514094,-98.26336490400763
2019-02-05T12:00:00.0,0.0,-57.29068743893794,-19.539675903860285,57.29068743897426,19.53967590387265
2019-02-05T13:00:00.0,0.0,-133.88550449965885,-45.66325668436872,133.88550450446462,45.6632566860078
2019-02-05T14:00:00.0,0.0,216.06620726302782,73.69197076218802,-216.0662072630501,-73.69197076219562
2019-02-05T15:00:00.0,0.0,0.0,0.0,0.0,0.0
2019-02-05T16:00:00.0,0.0,0.0,0.0,0.0,0.0
2019-02-05T17:00:00.0,0.0,0.0,0.0,-7.275957614183426e-12,0.0
2019-02-05T18:00:00.0,0.0,0.0,0.0,-1.5234036254696548e-11,0.0
2019-02-05T19:00:00.0,0.0,0.0,0.0,1.6084413800854236e-9,0.0
2019-02-05T20:00:00.0,0.0,0.0,0.0,5.263700586510822e-11,0.0
2019-02-05T21:00:00.0,0.0,0.0,0.0,3.0900082492735237e-10,0.0
2019-02-05T22:00:00.0,0.0,0.0,0.0,-2.9899638320785016e-11,0.0
2019-02-05T23:00:00.0,0.0,0.0,0.0,0.0,0.0
2019-02-06T00:00:00.0,0.42627633422600086,-1.0000000001194942,-0.4262763342769375,-6.755129788871272e-11,-2.879474436667806e-11
2019-02-06T01:00:00.0,0.0,0.0,0.0,1.7962520360015333e-11,1.4239276424632408e-11
2019-02-06T02:00:00.0,0.0,0.0,0.0,0.0,0.0
2019-02-06T03:00:00.0,0.0,0.0,0.0,-1.715250164124882e-11,-1.3585577107733116e-11
2019-02-06T04:00:00.0,0.0,0.0,0.0,0.0,0.0
2019-02-06T05:00:00.0,0.0,0.0,0.0,0.0,0.0
2019-02-06T06:00:00.0,0.0,0.0,0.0,2.5934809855243657e-12,0.0
2019-02-06T07:00:00.0,0.0,0.0,0.0,-5.547917680814862e-11,0.0
2019-02-06T08:00:00.0,0.0,0.0,0.0,9.057998795469757e-11,7.176481631177012e-11
2019-02-06T09:00:00.0,0.0,-68.37993629545184,-23.32179719372051,68.37993629548004,23.321797193730134
2019-02-06T10:00:00.0,0.0,0.0,0.0,-1.1368683772161603e-13,-1.1368683772161603e-13
2019-02-06T11:00:00.0,0.0,-244.62006370437712,-83.43060588092315,244.6200637043619,83.43060588091797
2019-02-06T12:00:00.0,0.0,0.0,0.0,8.832330422592349e-10,6.997424861765467e-10
2019-02-06T13:00:00.0,0.0,313.0,106.752403074702,-312.9999999997234,-106.75240307460763
2019-02-06T14:00:00.0,0.0,0.0,0.0,1.2221335055073723e-11,9.663381206337363e-12
2019-02-06T15:00:00.0,0.0,0.0,0.0,5.059064278611913e-12,4.007461029686965e-12
2019-02-06T16:00:00.0,0.0,0.0,0.0,-1.1368683772161603e-12,0.0
2019-02-06T17:00:00.0,0.0,0.0,0.0,-4.661160346586257e-11,0.0
2019-02-06T18:00:00.0,0.0,0.0,0.0,5.218225851422176e-11,0.0
2019-02-06T19:00:00.0,0.0,0.0,0.0,0.0,0.0
2019-02-06T20:00:00.0,0.0,0.0,0.0,4.6361492422875017e-10,0.0
2019-02-06T21:00:00.0,0.0,0.0,0.0,-7.207745511550456e-11,0.0
2019-02-06T22:00:00.0,0.0,0.0,0.0,-3.7704239730373956e-10,0.0
2019-02-06T23:00:00.0,0.0,0.0,0.0,-2.0236257114447653e-11,0.0
2019-02-07T00:00:00.0,0.4478179750702222,-0.39666356342441134,-0.17763307375685727,-0.6033364360928886,-0.2701849010971955
2019-02-07T01:00:00.0,0.0,-0.6033364365725618,-0.20511841340834402,0.603336435970732,0.2051184132037065
2019-02-07T02:00:00.0,0.0,0.0,0.0,0.0,0.0
2019-02-07T03:00:00.0,0.0,0.0,0.0,0.0,0.0
2019-02-07T04:00:00.0,0.0,286.0,97.232427346912,-285.9999999999959,-97.23242734691058
2019-02-07T05:00:00.0,0.0,-286.0,-97.232427346912,286.00000000001205,97.2324273469161
2019-02-07T06:00:00.0,0.0,0.0,0.0,0.0,0.0
2019-02-07T07:00:00.0,0.0,0.0,0.0,-1.736566446197685e-11,-1.375610736431554e-11
2019-02-07T08:00:00.0,0.0,0.0,0.0,0.0,0.0
2019-02-07T09:00:00.0,0.0,0.0,0.0,0.0,0.0
2019-02-07T10:00:00.0,0.0,0.0,0.0,0.0,0.0
2019-02-07T11:00:00.0,0.0,0.0,0.0,0.0,0.0
2019-02-07T12:00:00.0,0.0,0.0,0.0,2.4696822364944637e-10,1.9565860043258e-10
2019-02-07T13:00:00.0,0.0,0.0,0.0,0.0,0.0
2019-02-07T14:00:00.0,0.0,0.0,0.0,3.107913926214678e-11,2.462030579408747e-11
2019-02-07T15:00:00.0,0.0,0.0,0.0,0.0,0.0
2019-02-07T16:00:00.0,0.0,0.0,0.0,-3.922195901395753e-11,0.0
2019-02-07T17:00:00.0,0.0,0.0,0.0,1.1596057447604835e-11,0.0
2019-02-07T18:00:00.0,0.0,0.0,0.0,0.0,0.0
2019-02-07T19:00:00.0,0.0,0.0,0.0,0.0,0.0
2019-02-07T20:00:00.0,0.0,0.0,0.0,-1.4779288903810084e-11,0.0
2019-02-07T21:00:00.0,0.0,0.0,0.0,-9.913492249324918e-11,0.0
2019-02-07T22:00:00.0,0.0,0.0,0.0,0.0,0.0
2019-02-07T23:00:00.0,0.0,0.0,0.0,0.0,0.0
2019-02-08T00:00:00.0,0.3255017882189777,225.24554487772045,73.3178276460558,-226.24554487796735,-73.64332943435515
2019-02-08T01:00:00.0,0.0,0.0,0.0,-1.5073453596414765e-10,-1.1938539046241203e-10
2019-02-08T02:00:00.0,0.0,0.0,0.0,1.609805622138083e-10,1.2755663192365319e-10
2019-02-08T03:00:00.0,0.0,0.0,0.0,1.0686562745831907e-11,8.412825991399586e-12
2019-02-08T04:00:00.0,0.0,0.0,0.0,2.091837814077735e-11,1.659827830735594e-11
2019-02-08T05:00:00.0,0.0,0.0,0.0,1.7621459846850485e-12,1.4210854715202004e-12
2019-02-08T06:00:00.0,0.0,-127.23487932509181,-41.47185384774321,127.23487932501301,41.47185384771753
2019-02-08T07:00:00.0,0.0,0.0,0.0,0.0,0.0
2019-02-08T08:00:00.0,0.0,0.0,0.0,-1.595168441781425e-11,-1.2637002555493382e-11
2019-02-08T09:00:00.0,0.0,0.0,0.0,0.0,0.0
2019-02-08T10:00:00.0,0.0,0.0,0.0,0.0,0.0
2019-02-08T11:00:00.0,0.0,0.0,0.0,0.0,0.0
2019-02-08T12:00:00.0,0.0,0.0,0.0,0.0,0.0
2019-02-08T13:00:00.0,0.0,0.0,0.0,0.0,0.0
2019-02-08T14:00:00.0,0.0,-99.01066555289378,-32.27225013265388,99.01066555286957,32.272250132645986
2019-02-08T15:00:00.0,0.0,0.0,0.0,0.0,0.0
2019-02-08T16:00:00.0,0.0,0.0,0.0,-8.58335624798201e-12,0.0
2019-02-08T17:00:00.0,0.0,0.0,0.0,-7.344169716816396e-11,0.0
2019-02-08T18:00:00.0,0.0,0.0,0.0,2.9491502573364414e-9,0.0
2019-02-08T19:00:00.0,0.0,0.0,0.0,1.8189894035458565e-12,0.0
2019-02-08T20:00:00.0,0.0,0.0,0.0,-7.355538400588557e-11,0.0
2019-02-08T21:00:00.0,0.0,0.0,0.0,5.661249247168598e-11,0.0
2019-02-08T22:00:00.0,0.0,0.0,0.0,-3.029754225281067e-11,0.0
2019-02-08T23:00:00.0,0.0,0.0,0.0,0.0,0.0
2019-02-09T00:00:00.0,0.3225877087196914,-0.885897782568934,-0.28577973583876826,-0.11410221742269755,-0.036807972878223794
2019-02-09T01:00:00.0,0.0,0.0,0.0,2.5233930500689894e-9,1.999126197915757e-9
2019-02-09T02:00:00.0,0.0,0.0,0.0,7.958078640513122e-12,6.366462912410498e-12
2019-02-09T03:00:00.0,0.0,0.0,0.0,1.6711965145077556e-11,1.318767317570746e-11
2019-02-09T04:00:00.0,0.0,0.0,0.0,1.6257217794191092e-11,1.290345608140342e-11
2019-02-09T05:00:00.0,0.0,0.0,0.0,1.5785417417646386e-10,1.2505552149377763e-10
2019-02-09T06:00:00.0,0.0,0.0,0.0,0.0,0.0
2019-02-09T07:00:00.0,0.0,0.0,0.0,0.0,0.0
2019-02-09T08:00:00.0,0.0,0.0,0.0,5.411493475548923e-11,4.2874148675764445e-11
2019-02-09T09:00:00.0,0.0,0.0,0.0,0.0,0.0
2019-02-09T10:00:00.0,0.0,0.0,0.0,1.3642420526593924e-11,1.071498445526231e-11
2019-02-09T11:00:00.0,0.0,0.0,0.0,3.552713678800501e-12,2.7853275241795927e-12
2019-02-09T12:00:00.0,0.0,-102.0,-36.249608793714,101.99999999999915,36.249608793713705
2019-02-09T13:00:00.0,0.0,-138.63876347875345,-47.90993460066021,138.63876347876283,47.90993460066346
2019-02-09T14:00:00.0,0.0,-313.0,-102.02147652592399,313.00000000002433,102.02147652593193
2019-02-09T15:00:00.0,0.0,-416.1348462829419,-138.67842663924938,416.13484628292747,142.74797155353764
2019-02-09T16:00:00.0,0.0,-313.0,-106.752403074702,313.00000000000006,0.0
2019-02-09T17:00:00.0,0.0,-193.8118444956943,-66.10185349602499,193.8118444956806,0.0
2019-02-09T18:00:00.0,0.0,0.0,0.0,-3.3082869776990265e-11,1.532528843108308
2019-02-09T19:00:00.0,0.0,-215.0,-71.284168510814,215.00000000001842,0.0
2019-02-09T20:00:00.0,0.0,98.0,35.468234563888004,-97.99999999999336,0.0
2019-02-09T21:00:00.0,0.0,14.0,9.065356477492,-14.000000000010914,0.0
2019-02-09T22:00:00.0,0.0,860.3341334149702,343.1312345000882,-860.3341334149648,0.0
2019-02-09T23:00:00.0,0.0,669.9469445346587,262.62908180821864,-669.9469445346895,0.0
2019-02-10T00:00:00.0,0.4495255269299534,-0.37947195556895963,-0.17058233078227644,-0.6205280444441235,-0.2789431961535581
2019-02-10T01:00:00.0,0.0,0.0,0.0,7.958078640513122e-13,6.252776074688882e-13
2019-02-10T02:00:00.0,0.0,0.0,0.0,0.0,0.0
2019-02-10T03:00:00.0,0.0,0.0,0.0,4.149569576838985e-11,3.285549610154703e-11
2019-02-10T04:00:00.0,0.0,0.0,0.0,7.219114195322618e-12,5.7127635955112055e-12
2019-02-10T05:00:00.0,0.0,0.0,0.0,-6.934897101018578e-12,-5.4569682106375694e-12
2019-02-10T06:00:00.0,0.0,0.0,0.0,-8.230927051045e-11,-6.52278231427772e-11
2019-02-10T07:00:00.0,0.0,-0.016332029618126853,-0.006698205897094901,0.016332029635462625,-0.0016025357251413385
2019-02-10T08:00:00.0,0.0,0.0,0.0,-2.6079760573338717e-10,-2.0656898414017633e-10
2019-02-10T09:00:00.0,0.0,0.0,0.0,0.0,0.0
2019-02-10T10:00:00.0,0.0,0.0,0.0,4.1950443119276315e-11,3.3310243452433497e-11
2019-02-10T11:00:00.0,0.0,0.0,0.0,2.523847797419876e-11,2.000888343900442e-11
2019-02-10T12:00:00.0,0.0,0.0,0.0,0.0,0.0
2019-02-10T13:00:00.0,0.0,0.0,0.0,1.5049295143398922e-10,1.192290710605448e-10
2019-02-10T14:00:00.0,0.0,0.0,0.0,2.8421709430404007e-13,2.2737367544323206e-13
2019-02-10T15:00:00.0,0.0,0.0,0.0,0.0,0.0
2019-02-10T16:00:00.0,0.0,-274.60604145975606,-103.85045547835253,274.6060414594808,0.0
2019-02-10T17:00:00.0,0.0,0.0,0.0,-2.2708945834892802e-11,0.0
2019-02-10T18:00:00.0,0.0,274.03306721600376,103.6337681983687,-274.0330672191218,0.0
2019-02-10T19:00:00.0,0.0,0.0,0.0,-5.502442945726216e-11,0.0
2019-02-10T20:00:00.0,0.0,0.0,0.0,1.2505552149377763e-11,0.0
2019-02-10T21:00:00.0,0.0,0.0,0.0,1.3557155398302712e-11,0.0
2019-02-10T22:00:00.0,0.0,0.0,0.0,-1.1084466677857563e-11,0.0
2019-02-10T23:00:00.0,0.0,0.0,0.0,-5.411493475548923e-11,0.0
2019-02-11T00:00:00.0,0.3363921072599914,-0.28882796396354493,-0.09715944743331222,-0.7111720360319111,-0.23923265982514863
2019-02-11T01:00:00.0,0.0,0.0,0.0,0.0,0.0
2019-02-11T02:00:00.0,0.0,0.0,0.0,2.3078428057488054e-11,1.830358087318018e-11
2019-02-11T03:00:00.0,0.0,0.0,0.0,6.30961949354969e-12,5.002220859751105e-12
2019-02-11T04:00:00.0,0.0,0.0,0.0,0.0,0.0
2019-02-11T05:00:00.0,0.01016701430040451,0.050095851887856924,0.000509325242534838,-0.050141192197727946,-0.0005097862181136814
2019-02-11T06:00:00.0,0.0,-22.352419654205047,-10.130843119180309,22.352419654192886,0.0
2019-02-11T07:00:00.0,0.0,21.676500371899543,9.824494530696386,-21.676500371905036,0.0
2019-02-11T08:00:00.0,0.0,0.0,0.0,1.1368683772161603e-13,1.1368683772161603e-13
2019-02-11T09:00:00.0,0.0,0.0,0.0,-1.1667111721180845e-11,-9.244160992238903e-12
2019-02-11T10:00:00.0,0.0,0.0,0.0,2.775413463496079e-7,2.1988017806506832e-7
2019-02-11T11:00:00.0,0.0,0.0,0.0,1.4097167877480388e-11,1.1254996934439987e-11
2019-02-11T12:00:00.0,0.42658761971400666,0.0022792359163190667,0.0009722938252209027,-0.0022339762684282505,-0.0009529866197510728
2019-02-11T13:00:00.0,0.0,0.0,0.0,-8.895995051716454e-12,-7.034373084024992e-12
2019-02-11T14:00:00.0,0.0,0.0,0.0,0.0,0.0
2019-02-11T15:00:00.0,0.0,0.0,0.0,-3.632294465205632e-11,-2.8762769943568856e-11
2019-02-11T16:00:00.0,-929.1816672863878,-0.04327366498024787,-0.01949210886146742,0.04329646516580965,-0.001693405573264167
2019-02-11T17:00:00.0,0.0,0.0,0.0,-9.322320693172514e-12,0.0
2019-02-11T18:00:00.0,0.0,-0.005988842864312893,-0.002903805464481412,0.005988821650122489,0.0
2019-02-11T19:00:00.0,0.0,0.0,0.0,1.3301360013429075e-11,0.0
2019-02-11T20:00:00.0,0.0,0.0,0.0,-1.1311840353300795e-11,0.0
2019-02-11T21:00:00.0,0.0,0.0,0.0,-1.9708750187419355e-9,0.0
2019-02-11T22:00:00.0,0.0,0.0,0.0,-4.547473508864641e-13,0.0
2019-02-11T23:00:00.0,0.0,0.0,0.0,0.0,0.0
2019-02-12T00:00:00.0,0.3786278867219563,-91.39942654936607,-34.60637172198521,90.39942654956735,34.22774383533947
2019-02-12T01:00:00.0,0.0,90.39942654994323,34.187236275969944,-90.39942654994934,-34.187236275972225
2019-02-12T02:00:00.0,0.0,0.0,0.0,4.951061782776378e-11,3.923616986867273e-11
2019-02-12T03:00:00.0,0.0,0.0,0.0,-3.774403012357652e-11,-2.97859514830634e-11
2019-02-12T04:00:00.0,0.0,0.0,0.0,4.510525286605116e-11,3.572608875401784e-11
2019-02-12T05:00:00.0,0.0,0.0,0.0,0.0,0.0
2019-02-12T06:00:00.0,0.0,0.0,0.0,0.0,0.0
2019-02-12T07:00:00.0,0.0,0.0,0.0,8.58335624798201e-12,0.0
2019-02-12T08:00:00.0,0.0,0.0,0.0,4.3087311496492475e-11,0.0
2019-02-12T09:00:00.0,0.0,0.0,0.0,0.0,0.0
2019-02-12T10:00:00.0,0.0,0.0,0.0,-2.1668000727004255e-11,-1.716671249596402e-11
2019-02-12T11:00:00.0,0.0,0.0,0.0,2.830802259268239e-11,-6.963318810448982e-12
2019-02-12T12:00:00.0,0.0,0.0,0.0,2.651745489856694e-11,-9.659828492658562e-12
2019-02-12T13:00:00.0,0.0,0.0,0.0,0.0,0.0
2019-02-12T14:00:00.0,0.0,0.0,0.0,0.0,0.0
2019-02-12T15:00:00.0,0.0,0.0,0.0,0.0,0.0
2019-02-12T16:00:00.0,0.0,0.0,0.0,0.0,0.0
2019-02-12T17:00:00.0,0.0,0.0,0.0,0.0,0.0
2019-02-12T18:00:00.0,0.0,0.0,0.0,0.0,0.0
2019-02-12T19:00:00.0,0.0,0.0,0.0,6.318146006378811e-11,0.0
2019-02-12T20:00:00.0,0.0,0.0,0.0,0.0,0.0
2019-02-12T21:00:00.0,0.0,0.0,0.0,0.0,0.0
2019-02-12T22:00:00.0,0.0,0.0,0.0,0.0,0.0
2019-02-12T23:00:00.0,0.0,0.0,0.0,0.0,0.0
2019-02-13T00:00:00.0,0.426276334226,-0.9999999999582343,-0.4262763342081963,0.0,0.0
2019-02-13T01:00:00.0,0.0,0.0,0.0,-1.1823431123048067e-11,-9.379164112033322e-12
2019-02-13T02:00:00.0,0.0,0.0,0.0,5.6274984672199935e-11,4.4565240386873484e-11
2019-02-13T03:00:00.0,0.0,0.0,0.0,-2.5011104298755527e-12,-2.0463630789890885e-12
2019-02-13T04:00:00.0,0.0,0.0,0.0,-1.7053025658242404e-11,-1.3528733688872308e-11
2019-02-13T05:00:00.0,0.0,0.0,0.0,-7.457856554538012e-11,-5.911715561524034e-11
2019-02-13T06:00:00.0,0.0,0.0,0.0,0.0,0.0
2019-02-13T07:00:00.0,0.0,0.0,0.0,-2.1535129235417116e-10,0.0
2019-02-13T08:00:00.0,0.0,0.0,0.0,0.0,0.0
2019-02-13T09:00:00.0,0.0,0.0,0.0,-4.2743408812384587e-10,-3.3867308957269415e-10
2019-02-13T10:00:00.0,0.0,0.0,0.0,-1.1283702860964695e-9,-8.93933815859782e-10
2019-02-13T11:00:00.0,0.0,0.0,0.0,1.5575096767861396e-11,1.233502189279534e-11
2019-02-13T12:00:00.0,0.0,0.0,0.0,2.2737367544323206e-13,1.7763568394002505e-13
2019-02-13T13:00:00.0,0.0,0.0,0.0,0.0,0.0
2019-02-13T14:00:00.0,0.0,0.0,0.0,0.0,0.0
2019-02-13T15:00:00.0,0.0,0.0,0.0,7.418066161335446e-12,5.8832938520936295e-12
2019-02-13T16:00:00.0,0.0,0.0,0.0,0.0,0.0
2019-02-13T17:00:00.0,0.0,0.0,0.0,-1.3699263945454732e-11,0.0
2019-02-13T18:00:00.0,0.0,0.0,0.0,-3.85796283808304e-10,0.0
2019-02-13T19:00:00.0,0.0,0.0,0.0,7.003109203651547e-11,0.0
2019-02-13T20:00:00.0,0.0,0.0,0.0,-7.742073648842052e-11,0.0
2019-02-13T21:00:00.0,0.0,0.0,0.0,0.0,0.0
2019-02-13T22:00:00.0,0.0,0.0,0.0,0.0,0.0
2019-02-13T23:00:00.0,0.0,0.0,0.0,-3.369962087163003e-10,0.0
2019-02-14T00:00:00.0,0.3399735221920037,-285.99999999999943,-97.2324273469118,284.99999999995475,96.89245382470463
2019-02-14T01:00:00.0,0.0,0.0,0.0,0.0,0.0
2019-02-14T02:00:00.0,0.0,0.0,0.0,0.0,0.0
2019-02-14T03:00:00.0,0.0,-241.36777244183247,-82.05865174068694,241.3677724418094,82.0586517406791
2019-02-14T04:00:00.0,0.0,0.0,0.0,2.4027002609727788e-11,1.9036328069432784e-11
2019-02-14T05:00:00.0,0.0,0.0,0.0,0.0,0.0
2019-02-14T06:00:00.0,0.0,-257.60410443465184,-87.57857471576439,257.6041044346455,87.57857471576224
2019-02-14T07:00:00.0,0.0,0.0,0.0,2.8961721909581684e-11,2.2936319510336034e-11
2019-02-14T08:00:00.0,0.0,-166.0587379301138,-56.45557402485906,166.05873793010824,56.45557402485716
2019-02-14T09:00:00.0,0.0,0.0,0.0,-3.637978807091713e-12,-2.8990143619012088e-12
2019-02-14T10:00:00.0,0.0,-285.99999999999983,-97.23242734691195,286.00000000001467,97.23242734691699
2019-02-14T11:00:00.0,0.0,0.0,0.0,7.275957614183426e-12,5.7980287238024175e-12
2019-02-14T12:00:00.0,0.0,-195.53015855717427,-66.68790511040211,195.530158557201,66.68790511041121
2019-02-14T13:00:00.0,0.0,0.0,0.0,3.47313289239537e-11,2.7540636438061483e-11
2019-02-14T14:00:00.0,0.0,0.0,0.0,1.6700596461305395e-10,1.3231726825324586e-10
2019-02-14T15:00:00.0,0.0,0.0,0.0,0.0,0.0
2019-02-14T16:00:00.0,0.0,-38.0,-9.891654510328006,37.99999999999335,6.348754211301541
2019-02-14T17:00:00.0,0.0,98.05742170750585,35.395291002809074,-98.05742170751887,0.0
2019-02-14T18:00:00.0,0.0,30.53502591920679,10.96023130115336,-30.535025919176405,0.0
2019-02-14T19:00:00.0,0.0,341.7643112212476,131.42351128262248,-341.76431122121517,0.0
2019-02-14T20:00:00.0,0.0,-81.36150654675104,-33.307752755990556,81.361506546805,0.0
2019-02-14T21:00:00.0,0.0,0.0,0.0,0.0,0.0
2019-02-14T22:00:00.0,0.0,626.0,238.03710160916197,-626.0000000000529,-10.360083171499403
2019-02-14T23:00:00.0,0.0,383.13027578786625,145.30424003275374,-383.13027578786875,0.0
2019-02-15T00:00:00.0,0.426276334226,-1.000000001713186,-0.42627633495629064,0.0,0.0
2019-02-15T01:00:00.0,0.0,0.0,0.0,4.671818487622659e-11,3.701217110574362e-11
2019-02-15T02:00:00.0,0.0,0.0,0.0,0.0,0.0
2019-02-15T03:00:00.0,0.0,0.0,0.0,-1.4779288903810084e-12,-1.1937117960769683e-12
2019-02-15T04:00:00.0,0.0,0.0,0.0,-2.3874235921539366e-12,-1.9326762412674725e-12
2019-02-15T05:00:00.0,0.0,0.0,0.0,-8.86757334228605e-12,-6.991740519879386e-12
2019-02-15T06:00:00.0,0.0,0.0,0.0,0.0,0.0
2019-02-15T07:00:00.0,0.0,0.0,0.0,0.0,0.0
2019-02-15T08:00:00.0,0.0,0.0,0.0,1.0901146652031457e-10,8.635936410428258e-11
2019-02-15T09:00:00.0,0.0,0.0,0.0,0.0,0.0
2019-02-15T10:00:00.0,0.0,0.0,0.0,1.2562395568238571e-11,9.976020010071807e-12
2019-02-15T11:00:00.0,0.0,0.0,0.0,-6.821210263296962e-12,-5.4569682106375694e-12
2019-02-15T12:00:00.0,0.0,0.0,0.0,1.1699512469931506e-9,9.270024747820571e-10
2019-02-15T13:00:00.0,0.0,0.0,0.0,8.63678906171117e-10,6.842810762464069e-10
2019-02-15T14:00:00.0,0.0,0.0,0.0,-2.038177626673132e-9,-1.6146941561601125e-9
2019-02-15T15:00:00.0,0.0,0.0,0.0,1.0231815394945443e-12,8.242295734817162e-13
2019-02-15T16:00:00.0,0.0,0.0,0.0,0.0,0.0
2019-02-15T17:00:00.0,0.0,0.0,0.0,-3.1661784305470064e-11,0.0
2019-02-15T18:00:00.0,0.0,0.0,0.0,2.2504309526993893e-10,0.0
2019-02-15T19:00:00.0,0.0,0.0,0.0,-3.183231456205249e-12,0.0
2019-02-15T20:00:00.0,0.0,286.0,97.232427346912,-285.9999999999693,0.0
2019-02-15T21:00:00.0,0.0,-285.99999999999926,-97.23242734691175,285.9999999999986,0.0
2019-02-15T22:00:00.0,0.0,0.0,0.0,9.663381206337363e-11,0.0
2019-02-15T23:00:00.0,0.0,0.0,0.0,0.0,0.0
2019-02-16T00:00:00.0,0.426276334226,-1.000000000027157,-0.4262763342375763,0.0,0.0
2019-02-16T01:00:00.0,0.0,0.0,0.0,0.0,0.0
2019-02-16T02:00:00.0,0.0,0.0,0.0,0.0,0.0
2019-02-16T03:00:00.0,0.0,0.0,0.0,0.0,0.0
2019-02-16T04:00:00.0,0.0,0.0,0.0,0.0,0.0
2019-02-16T05:00:00.0,0.0,0.0,0.0,0.0,0.0
2019-02-16T06:00:00.0,0.0,0.0,0.0,0.0,0.0
2019-02-16T07:00:00.0,0.0,0.0,0.0,0.0,0.0
2019-02-16T08:00:00.0,0.0,0.0,0.0,7.711486205153051e-8,6.109371497586835e-8
2019-02-16T09:00:00.0,0.0,0.0,0.0,-7.639414434379432e-8,-6.052272283341154e-8
2019-02-16T10:00:00.0,0.0,0.0,0.0,1.1937117960769683e-12,9.663381206337363e-13
2019-02-16T11:00:00.0,0.0,186.59104602153428,56.3436948730008,-186.5910460219094,-56.34369487311406
2019-02-16T12:00:00.0,0.0,0.0,0.0,1.4722445484949276e-11,1.1667111721180845e-11
2019-02-16T13:00:00.0,0.0,0.0,0.0,4.263256414560601e-12,3.353761712787673e-12
2019-02-16T14:00:00.0,0.0,0.0,0.0,3.751665644813329e-12,2.9558577807620168e-12
2019-02-16T15:00:00.0,0.0,-186.59104602184618,-56.34369487309498,186.5910460235021,56.343694873595
2019-02-16T16:00:00.0,0.0,0.0,0.0,-1.0189182830799837e-10,0.0
2019-02-16T17:00:00.0,0.0,0.0,0.0,2.5721647034515627e-11,0.0
2019-02-16T18:00:00.0,0.0,0.0,0.0,-2.7540636438061483e-11,0.0
2019-02-16T19:00:00.0,0.0,0.0,0.0,0.0,0.0
2019-02-16T20:00:00.0,0.0,0.0,0.0,-6.423306331271306e-11,0.0
2019-02-16T21:00:00.0,0.0,0.0,0.0,-5.9117155615240335e-12,0.0
2019-02-16T22:00:00.0,0.0,0.0,0.0,3.410605131648481e-13,0.0
2019-02-16T23:00:00.0,0.0,0.0,0.0,0.0,0.0
2019-02-17T00:00:00.0,0.33915647156012546,120.6692385479861,40.92575317178197,-121.66923854795483,-41.26490964333149
2019-02-17T01:00:00.0,0.0,0.0,0.0,5.431211036466266e-12,4.305888978706207e-12
2019-02-17T02:00:00.0,0.0,-98.0,-35.468234563888004,98.00000000000001,35.468234563888004
2019-02-17T03:00:00.0,0.0,-21.6911355525454,-7.850472283007863,21.691135552569598,7.850472283016611
2019-02-17T04:00:00.0,0.0,-383.99999999999983,-132.70066191079997,383.9999999999852,132.70066191079493
2019-02-17T05:00:00.0,0.0,117.50926747827913,33.03644513491509,-117.50926747824315,-12.031623755631813
2019-02-17T06:00:00.0,0.0,111.61900181377493,35.33329510179628,-111.6190018134264,-0.0
2019-02-17T07:00:00.0,0.0,0.0,0.0,-1.7919887795869727e-11,-1.4196643860486802e-11
2019-02-17T08:00:00.0,0.0,0.0,0.0,2.0804691303055733e-11,1.6484591469634324e-11
2019-02-17T09:00:00.0,0.0,0.0,0.0,1.8125945189240156e-11,1.4358292332872225e-11
2019-02-17T10:00:00.0,0.0,0.0,0.0,2.7057467377744615e-11,2.148681232938543e-11
2019-02-17T11:00:00.0,0.0,0.0,0.0,0.0,0.0
2019-02-17T12:00:00.0,0.0,22.083018589830658,7.531678279896933,-22.083018589821652,-7.531678279893857
2019-02-17T13:00:00.0,0.0,28.5625419590894,9.741597418705432,-28.562541959069804,-9.741597418698746
2019-02-17T14:00:00.0,0.0,0.0,0.0,1.4701129202876473e-11,1.1613821015998838e-11
2019-02-17T15:00:00.0,0.0,0.0,0.0,-1.3528733688872308e-11,-1.0743406164692715e-11
2019-02-17T16:00:00.0,0.0,0.0,0.0,2.162181544917985e-11,0.0
2019-02-17T17:00:00.0,0.0,0.0,0.0,0.0,0.0
2019-02-17T18:00:00.0,0.0,0.0,0.0,-3.0240698833949864e-11,0.0
2019-02-17T19:00:00.0,0.0,0.0,0.0,1.750777300912887e-11,0.0
2019-02-17T20:00:00.0,0.0,-1.2272766539467739,-0.44417690037722224,1.227276653972467,0.0
2019-02-17T21:00:00.0,0.0,0.0,0.0,0.0,0.0
2019-02-17T22:00:00.0,0.0,0.0,0.0,0.0,0.0
2019-02-17T23:00:00.0,0.0,89.04632637147003,33.43204005093365,-89.04632637147498,0.0
2019-02-18T00:00:00.0,0.414837807956316,-0.9509899366915171,-0.3945065807256246,-0.049010063315863925,-0.020331227233753243
2019-02-18T01:00:00.0,0.0,0.0,0.0,0.0,0.0
2019-02-18T02:00:00.0,0.0,0.0,0.0,0.0,0.0
2019-02-18T03:00:00.0,0.0,0.0,0.0,0.0,0.0
2019-02-18T04:00:00.0,0.0,0.0,0.0,-6.59383658785373e-12,-5.215383680479135e-12
2019-02-18T05:00:00.0,0.0,0.0027602853655679382,0.0008924496934516384,-0.002760285347221725,-0.0008924496875124532
2019-02-18T06:00:00.0,0.0,0.0,0.0,0.0,0.0
2019-02-18T07:00:00.0,0.0,0.0,0.0,0.0,0.0
2019-02-18T08:00:00.0,0.0,-0.049181831160627354,-0.020631394445411365,0.049181831211399185,7.287741373915302e-13
2019-02-18T09:00:00.0,0.0,0.0,0.0,0.0,0.0
2019-02-18T10:00:00.0,0.0,0.0,0.0,0.0,0.0
2019-02-18T11:00:00.0,0.0,0.0,0.0,9.9316110890868e-12,7.86926079854311e-12
2019-02-18T12:00:00.0,0.0,-36.749999999886725,-15.677095039141177,36.7499999999235,1.6783019418653566e-11
2019-02-18T13:00:00.0,0.0,0.0,0.0,-7.503331289626658e-12,-5.9401372709544376e-12
2019-02-18T14:00:00.0,0.0,0.0,0.0,4.547473508864641e-13,3.410605131648481e-13
2019-02-18T15:00:00.0,0.0,0.0,0.0,5.354650056688115e-11,4.242650675223558e-11
2019-02-18T16:00:00.0,0.0,36.74999999997412,15.67709503917846,-36.75000000000003,-0.0
2019-02-18T17:00:00.0,0.0,0.0,0.0,0.0,0.0
2019-02-18T18:00:00.0,0.0,0.0,0.0,2.2600943339057267e-10,0.0
2019-02-18T19:00:00.0,0.0,0.0,0.0,-8.242295734817162e-12,0.0
2019-02-18T20:00:00.0,0.0,0.0,0.0,0.0,0.0
2019-02-18T21:00:00.0,0.0,0.0,0.0,-3.177227370088076e-10,0.0
2019-02-18T22:00:00.0,0.0,0.0,0.0,-3.342393029015511e-11,0.0
2019-02-18T23:00:00.0,0.0,0.0,0.0,0.0,0.0
2019-02-19T00:00:00.0,0.46640307308957163,-0.9756572678397264,-0.4550495480026237,-0.02437891778694734,-0.01137040217443026
2019-02-19T01:00:00.0,0.7922429384738855,0.0,0.0,-6.296774540714978e-5,-4.988575165043585e-5
2019-02-19T02:00:00.0,-1.3206935362033114,2.8851737219781626e-5,-3.810430285439598e-5,-8.566168840479227e-5,0.00011313283817646069
2019-02-19T03:00:00.0,0.0,0.0,0.0,-6.366462912410498e-12,-5.002220859751105e-12
2019-02-19T04:00:00.0,0.0,0.0,0.0,0.0,0.0
2019-02-19T05:00:00.0,0.0,0.0,0.0,1.7848833522293717e-11,1.4210854715202004e-11
2019-02-19T06:00:00.0,0.0,-0.024569551291843794,-0.009351225071149495,0.024569551274402357,0.009640935900571657
2019-02-19T07:00:00.0,0.0,0.0,0.0,0.0,0.0
2019-02-19T08:00:00.0,0.0,0.0,0.0,6.0254023992456496e-12,4.774847184307873e-12
2019-02-19T09:00:00.0,0.0,0.0,0.0,-9.094947017729282e-12,-7.190692485892214e-12
2019-02-19T10:00:00.0,0.0,0.0,0.0,5.4143356464919634e-12,4.291678123991005e-12
2019-02-19T11:00:00.0,0.0,0.0,0.0,-1.43302258948097e-10,-1.135163074650336e-10
2019-02-19T12:00:00.0,0.0,0.0,0.0,1.4843237750028493e-10,1.1759482276829658e-10
2019-02-19T13:00:00.0,0.0,0.0,0.0,0.0,0.0
2019-02-19T14:00:00.0,0.0,0.0,0.0,-7.347011887759436e-12,-5.821121362714621e-12
2019-02-19T15:00:00.0,0.0,0.0,0.0,-1.8133050616597757e-11,-1.4381384971784428e-11
2019-02-19T16:00:00.0,0.0,0.0,0.0,0.0,0.0
2019-02-19T17:00:00.0,0.0,0.0,0.0,-5.1727511163335294e-11,0.0
2019-02-19T18:00:00.0,0.0,0.0,0.0,1.944044925039634e-11,0.0
2019-02-19T19:00:00.0,0.0,0.0,0.0,5.88897819397971e-11,0.0
2019-02-19T20:00:00.0,0.0,0.0,0.0,2.3419488570652902e-11,0.0
2019-02-19T21:00:00.0,0.0,0.0,0.0,0.0,0.0
2019-02-19T22:00:00.0,0.0,0.0,0.0,-5.8548721426632255e-12,0.0
2019-02-19T23:00:00.0,0.0,0.0,0.0,1.1738165994756855e-10,0.0
2019-02-20T00:00:00.0,0.43362677767460056,-40.41707621734509,-17.525926523156674,39.41707626069524,17.092299764279858
2019-02-20T01:00:00.0,0.0,72.02418786780831,30.683572807444335,-72.02418786777469,-30.683572807429982
2019-02-20T02:00:00.0,0.0,0.0,0.0,1.2278178473934531e-11,9.777068044058979e-12
2019-02-20T03:00:00.0,0.0,-32.545284047540285,-13.572405268820466,32.54528404749871,13.572405268803129
2019-02-20T04:00:00.0,0.0,0.0,0.0,-9.322320693172514e-12,-7.275957614183426e-12
2019-02-20T05:00:00.0,0.0,0.0,0.0,0.0,0.0
2019-02-20T06:00:00.0,0.0,0.0,0.0,-2.063416104647331e-11,0.0
2019-02-20T07:00:00.0,0.0,0.0,0.0,8.185452315956354e-12,0.0
2019-02-20T08:00:00.0,0.0,0.0,0.0,-4.814637577510439e-11,0.0
2019-02-20T09:00:00.0,0.0,0.0,0.0,-2.3987922759260982e-11,0.0
2019-02-20T10:00:00.0,0.0,0.0,0.0,2.4655832930875476e-10,0.0
2019-02-20T11:00:00.0,0.0,0.0,0.0,0.0,0.0
2019-02-20T12:00:00.0,0.0,-0.05302562649644926,-0.023884764199844758,0.053025626474706655,0.0
2019-02-20T13:00:00.0,0.0,0.0016044347954675686,0.0006928709191981765,-0.0016044347457011554,-0.0006928708977085307
2019-02-20T14:00:00.0,0.0,0.0,0.0,8.310507837450132e-11,6.582467904081568e-11
2019-02-20T15:00:00.0,0.0,0.0,0.0,8.47086845112699e-11,6.710987321412176e-11
2019-02-20T16:00:00.0,0.0,0.0,0.0,-1.3917542673880234e-9,0.0
2019-02-20T17:00:00.0,0.0,0.0,0.0,3.956301952712238e-10,0.0
2019-02-20T18:00:00.0,0.0,-0.007233642470261259,-0.0029182994514894665,0.00723364252655756,0.0
2019-02-20T19:00:00.0,0.0,0.0,0.0,-0.00010655734863362909,-0.0
2019-02-20T20:00:00.0,0.0,0.0,0.0,5.412616832245476e-5,0.0
2019-02-20T21:00:00.0,0.0,0.0,0.0,0.0,0.0
2019-02-20T22:00:00.0,0.0,0.0,0.0,0.0,0.0
2019-02-20T23:00:00.0,0.0,0.0,0.0,0.0,0.0
2019-02-21T00:00:00.0,0.33906294921679325,94.77857871908815,32.13590442306905,-95.7785787216867,-32.47496737316691
2019-02-21T01:00:00.0,0.0,-95.77857872224456,-32.56218075874523,95.77857872256482,32.562180758854126
2019-02-21T02:00:00.0,0.0,0.0,0.0,4.693845312431222e-11,3.714717422553804e-11
2019-02-21T03:00:00.0,0.0,0.0,0.0,0.0,0.0
2019-02-21T04:00:00.0,0.0,0.0,0.0,-1.2505552149377763e-12,-9.663381206337363e-13
2019-02-21T05:00:00.0,0.0,0.0,0.0,0.0,0.0
2019-02-21T06:00:00.0,0.0,0.0,0.0,-4.2035708247567527e-10,0.0
2019-02-21T07:00:00.0,0.0,0.0,0.0,1.2377654456940945e-11,0.0
2019-02-21T08:00:00.0,0.0,0.0,0.0,0.0,0.0
2019-02-21T09:00:00.0,0.0,0.0,0.0,-1.787509518180741e-8,-1.4161457784211962e-8
2019-02-21T10:00:00.0,0.0,0.0,0.0,4.058620106661692e-11,3.205968823749572e-11
2019-02-21T11:00:00.0,0.0,0.0,0.0,1.1520114640006796e-8,9.126779332291335e-9
2019-02-21T12:00:00.0,0.0,0.0,0.0,7.73070496506989e-11,6.127720553195104e-11
2019-02-21T13:00:00.0,0.0,0.0,0.0,3.3695641832309775e-9,2.6695943233789876e-9
2019-02-21T14:00:00.0,0.0,0.0,0.0,-2.2168933355715126e-11,-1.7621459846850485e-11
2019-02-21T15:00:00.0,0.0,0.0,0.0,2.3934489945531823e-9,1.896211188068264e-9
2019-02-21T16:00:00.0,0.0,0.0,0.0,-7.298694981727749e-11,0.0
2019-02-21T17:00:00.0,0.0,0.0,0.0,-2.8421709430404007e-12,0.0
2019-02-21T18:00:00.0,0.0,0.0,0.0,3.149125404888764e-10,0.0
2019-02-21T19:00:00.0,0.0,0.0,0.0,0.0,0.0
2019-02-21T20:00:00.0,0.0,0.0,0.0,-9.322320693172514e-12,0.0
2019-02-21T21:00:00.0,0.0,0.0,0.0,-1.3528733688872308e-11,0.0
2019-02-21T22:00:00.0,0.0,0.0,0.0,0.0,0.0
2019-02-21T23:00:00.0,0.0,0.0,0.0,0.0,0.0
2019-02-22T00:00:00.0,0.36192076085599995,-1.3807420361146683,-0.49971920825648336,0.3807420361194147,0.13779844740220085
2019-02-22T01:00:00.0,0.0,0.0,0.0,3.205968823749572e-11,2.546585164964199e-11
2019-02-22T02:00:00.0,0.0,0.0,0.0,-1.4097167877480388e-11,-1.1141310096718371e-11
2019-02-22T03:00:00.0,0.0,0.0,0.0,-6.934897101018578e-12,-5.5706550483591855e-12
2019-02-22T04:00:00.0,0.0,0.0,0.0,1.3642420526593924e-11,1.0913936421275139e-11
2019-02-22T05:00:00.0,0.0,0.0,0.0,2.3874235921539366e-12,1.8189894035458565e-12
2019-02-22T06:00:00.0,0.0,62.162291265791794,22.11981340194448,-62.162291265807056,-4.322870993583763
2019-02-22T07:00:00.0,0.0,-175.6900575517641,-66.41687428575241,175.6900575517744,0.013459553693454751
2019-02-22T08:00:00.0,0.0,171.16210027856766,64.73004738013273,-171.16210027855072,-25.021169282391327
2019-02-22T09:00:00.0,0.0,10.682070459694692,4.039743178242215,-10.682070459684924,-4.0397431782385205
2019-02-22T10:00:00.0,0.0,0.0,0.0,-2.3305801732931286e-12,-1.8474111129762605e-12
2019-02-22T11:00:00.0,0.0,0.0,0.0,0.0,0.0
2019-02-22T12:00:00.0,0.0,0.0,0.0,-3.501554601825774e-11,-2.773958840407431e-11
2019-02-22T13:00:00.0,0.0,0.0,0.0,6.650680006714538e-12,5.286437954055145e-12
2019-02-22T14:00:00.0,0.0,0.0,0.0,8.01207988843089e-11,6.335199032037053e-11
2019-02-22T15:00:00.0,0.0,191.68324616266503,72.49073005001328,-191.6832461626404,-16.457287785029283
2019-02-22T16:00:00.0,0.0,0.0,0.0,-6.139089236967266e-11,0.0
2019-02-22T17:00:00.0,0.0,-201.98200527035587,-74.79212762711276,201.98200527034533,0.0
2019-02-22T18:00:00.0,0.0,-46.0,-16.511223576067998,45.99999999998596,0.0
2019-02-22T19:00:00.0,0.0,83.8099671899311,30.33256709269626,-83.80996718989871,0.0
2019-02-22T20:00:00.0,0.0,46.0,16.511223576067998,-46.00000000000023,0.0
2019-02-22T21:00:00.0,0.0,-46.0,-16.511223576067998,45.99999999998698,0.0
2019-02-22T22:00:00.0,0.0,-48.274921162311024,-18.196544416715042,48.274921162414785,0.0
2019-02-22T23:00:00.0,0.0,-40.56728485805738,-15.341727325568488,40.56728485806779,0.0
2019-02-23T00:00:00.0,0.18333366266085455,-0.2301610680030528,-0.04219627159893369,-0.7698389319718899,-0.141137391057327
2019-02-23T01:00:00.0,0.0,0.0,0.0,0.0,0.0
2019-02-23T02:00:00.0,0.0,0.0,0.0,-4.5702108764089644e-11,-3.61524143954739e-11
2019-02-23T03:00:00.0,0.0,0.0,0.0,0.0,0.0
2019-02-23T04:00:00.0,0.0,0.0,0.0,1.1510792319313623e-11,9.123368727159686e-12
2019-02-23T05:00:00.0,0.0,0.0,0.0,-7.09405867382884e-11,-5.6203930398623925e-11
2019-02-23T06:00:00.0,0.0,0.0,0.0,0.0,0.0
2019-02-23T07:00:00.0,0.0,0.0,0.0,0.0,0.0
2019-02-23T08:00:00.0,0.0,0.0,0.0,0.0,0.0
2019-02-23T09:00:00.0,0.0,0.0,0.0,-1.205933131132042e-10,-9.552536539558787e-11
2019-02-23T10:00:00.0,0.0,0.0,0.0,0.0,0.0
2019-02-23T11:00:00.0,0.0,0.0,0.0,9.094947017729282e-12,7.275957614183426e-12
2019-02-23T12:00:00.0,0.0,0.0,0.0,0.0,0.0
2019-02-23T13:00:00.0,0.0,0.0,0.0,5.917399903410114e-11,4.686739885073621e-11
2019-02-23T14:00:00.0,0.0,0.0,0.0,3.979039320256561e-11,3.1523228471996845e-11
2019-02-23T15:00:00.0,0.0,0.0,0.0,3.1036506698001176e-11,2.461320036672987e-11
2019-02-23T16:00:00.0,0.0,-313.0,-118.37027471039099,313.0000000000639,0.0
2019-02-23T17:00:00.0,0.0,313.0,118.37027471039099,-313.0000000000748,0.0
2019-02-23T18:00:00.0,0.0,0.0,0.0,-7.702283255639486e-12,0.0
2019-02-23T19:00:00.0,0.0,313.0,118.37027471039099,-313.00000000015007,0.0
2019-02-23T20:00:00.0,0.0,41.98666032022782,15.87850644178032,-41.986660320104306,0.0
2019-02-23T21:00:00.0,0.0,-313.0,-118.37027471039099,313.0000000000438,0.0
2019-02-23T22:00:00.0,0.0,-42.71800730556965,-16.15508709214303,42.71800730566997,0.0
2019-02-23T23:00:00.0,0.0,0.0,0.0,3.078071131312754e-11,0.0
2019-02-24T00:00:00.0,0.426276334226,-1.0000000011179289,-0.4262763347025466,0.0,0.0
2019-02-24T01:00:00.0,0.0,0.0,0.0,-1.2357759260339662e-10,-9.79127889877418e-11
2019-02-24T02:00:00.0,0.0,0.0,0.0,-1.4017587091075256e-10,-1.1095835361629725e-10
2019-02-24T03:00:00.0,0.0,0.0,0.0,1.4483703125733882e-10,1.1482370609883219e-10
2019-02-24T04:00:00.0,0.0,0.0,0.0,4.638422979041934e-11,3.672084858408198e-11
2019-02-24T05:00:00.0,0.0,0.0,0.0,-1.659827830735594e-11,-1.318767317570746e-11
2019-02-24T06:00:00.0,0.0,0.0,0.0,0.0,0.0
2019-02-24T07:00:00.0,0.0,0.0,0.0,0.0,0.0
2019-02-24T08:00:00.0,0.0,0.0,0.0,0.0,0.0
2019-02-24T09:00:00.0,0.0,0.0,0.0,0.0,0.0
2019-02-24T10:00:00.0,0.0,0.0,0.0,0.0,0.0
2019-02-24T11:00:00.0,0.0,0.0,0.0,0.0,0.0
2019-02-24T12:00:00.0,0.0,0.0,0.0,3.6493474908638746e-11,2.8904878490720876e-11
2019-02-24T13:00:00.0,0.0,0.0,0.0,0.0,0.0
2019-02-24T14:00:00.0,0.0,0.0,0.0,0.0,0.0
2019-02-24T15:00:00.0,0.0,0.0,0.0,1.6285639503621496e-11,1.2889245226688217e-11
2019-02-24T16:00:00.0,0.0,0.0,0.0,-5.5848659030743875e-11,0.0
2019-02-24T17:00:00.0,0.0,0.0,0.0,-7.264588930411264e-11,0.0
2019-02-24T18:00:00.0,0.0,0.0,0.0,1.2278178473934531e-11,0.0
2019-02-24T19:00:00.0,0.0,0.0,0.0,3.688001015689224e-10,0.0
2019-02-24T20:00:00.0,0.0,0.0,0.0,-1.4097167877480388e-11,0.0
2019-02-24T21:00:00.0,0.0,0.0,0.0,8.756728675507475e-11,0.0
2019-02-24T22:00:00.0,0.0,0.0,0.0,0.0,0.0
2019-02-24T23:00:00.0,0.0,0.0,0.0,0.0,0.0
2019-02-25T00:00:00.0,0.7922429338974669,0.0,0.0,-0.9999999999633928,-0.7922429338684651
2019-02-25T01:00:00.0,0.0,-0.002832210790915113,-0.0007962450827282771,0.002832210780184141,0.0008792241530954925
2019-02-25T02:00:00.0,0.0,-0.009718926127577632,-0.0027323697668642237,0.009718926117557203,0.002811199882501114
2019-02-25T03:00:00.0,1.3126768494952854e-5,-0.03414719741957589,-0.012358579671192946,0.003285956191105388,0.012358174562803192
2019-02-25T04:00:00.0,0.0,240.9584599802578,78.53973759935677,-240.95845998025197,-78.53973759935485
2019-02-25T05:00:00.0,0.0,313.0,102.02147652592399,-313.00000044781814,-102.02147667188908
2019-02-25T06:00:00.0,0.0,0.0,0.0,0.0,0.0
2019-02-25T07:00:00.0,0.0,-0.9320976858584462,-0.39733118466827616,0.932097685847225,0.0
2019-02-25T08:00:00.0,0.0,0.0,0.0,1.3855583347321954e-11,0.0
2019-02-25T09:00:00.0,0.0,0.0,0.0,0.0,0.0
2019-02-25T10:00:00.0,0.0,0.0,0.0,0.0,0.0
2019-02-25T11:00:00.0,0.0,0.0,0.0,-7.531752999057062e-13,-5.968558980384842e-13
2019-02-25T12:00:00.0,0.0,-40.5716565502517,-13.224218231180046,40.57165655020651,13.224218231165338
2019-02-25T13:00:00.0,0.0,-200.3914652226843,-65.31703886649073,200.39146522467135,65.31703886713842
2019-02-25T14:00:00.0,0.0,-313.0,-102.02147652592399,312.99999999933925,102.02147652570862
2019-02-25T15:00:00.0,0.0,0.0,0.0,0.0,0.0
2019-02-25T16:00:00.0,0.0,0.0,0.0,4.9681148084346205e-11,0.0
2019-02-25T17:00:00.0,0.0,0.0,0.0,-7.401013135677204e-11,0.0
2019-02-25T18:00:00.0,0.0,0.0,0.0,-4.320099833421409e-11,0.0
2019-02-25T19:00:00.0,0.0,0.0,0.0,-1.7143975128419697e-10,0.0
2019-02-25T20:00:00.0,0.0,0.0,0.0,-1.737134880386293e-10,0.0
2019-02-25T21:00:00.0,0.0,0.0,0.0,1.2801137927453965e-10,0.0
2019-02-25T22:00:00.0,0.0,0.0,0.0,0.0,0.0
2019-02-25T23:00:00.0,0.0,0.0,0.0,0.0,0.0
2019-02-26T00:00:00.0,0.3231104401393136,-0.8905418310217517,-0.2877433629839084,-0.10945816897602612,-0.03536707715468715
2019-02-26T01:00:00.0,0.0,0.0,0.0,3.637978807091713e-11,2.887645678129047e-11
2019-02-26T02:00:00.0,0.0,0.0,0.0,-1.7337242752546445e-12,-1.2398970739013748e-12
2019-02-26T03:00:00.0,0.0,300.6957084810175,102.5558769156507,-300.6957084808302,-102.5558769155868
2019-02-26T04:00:00.0,0.0,0.0,0.0,-2.2737367544323206e-12,-1.8189894035458565e-12
2019-02-26T05:00:00.0,0.0,0.0,0.0,0.0,0.0
2019-02-26T06:00:00.0,0.0,0.0,0.0,0.0,0.0
2019-02-26T07:00:00.0,0.0,-0.1589556296869188,-0.05705547696598669,0.15895562969696186,2.388323740566761
2019-02-26T08:00:00.0,0.0,-313.0,-106.752403074702,313.00000000001216,106.75240307470614
2019-02-26T09:00:00.0,0.0,-274.37746684647345,-95.04101078026613,274.37746684645407,95.04101078025944
2019-02-26T10:00:00.0,0.0,0.0,0.0,2.887645678129047e-11,2.2964741219766438e-11
2019-02-26T11:00:00.0,0.0,-414.99999999999983,-143.00201186841593,414.99999999998806,143.00201186841184
2019-02-26T12:00:00.0,0.0,-334.5949210320497,-114.42698581335836,334.59492103205724,114.42698581336094
2019-02-26T13:00:00.0,0.0,-102.0,-36.249608793714,102.00000000001407,36.249608793718934
2019-02-26T14:00:00.0,0.0,0.0,0.0,-2.2225776774575934e-11,-1.7621459846850485e-11
2019-02-26T15:00:00.0,0.0,-102.0,-36.249608793714,102.00000000000875,36.249608793717115
2019-02-26T16:00:00.0,0.0,-1.8628406180126067,-0.668647346317105,1.862840617999371,84.05969892641107
2019-02-26T17:00:00.0,0.0,0.0,0.0,-1.6825651982799172e-11,2.3584538409268263
2019-02-26T18:00:00.0,0.0,60.0,25.576580053559997,-60.000000000036835,0.0
2019-02-26T19:00:00.0,0.0,158.0,61.044814617448,-158.00000000000347,0.0
2019-02-26T20:00:00.0,0.0,150.21216491398252,58.22623541769549,-150.21216491401776,0.0
2019-02-26T21:00:00.0,0.0,-0.5492399258674785,-0.1971439828891511,0.5492399258274645,0.0
2019-02-26T22:00:00.0,0.0,456.92668470600734,176.03388368056923,-456.92668470605304,0.0
2019-02-26T23:00:00.0,0.0,343.40006092122627,133.0678194502928,-343.4000609212786,0.0
2019-02-27T00:00:00.0,0.4503470000000306,-0.22965981202199526,-0.10342660736466949,-0.7703401879862213,-0.34692039263904917
2019-02-27T01:00:00.0,0.0,29.92852303412942,10.742533372130692,-29.928523034085885,-10.74253337211507
2019-02-27T02:00:00.0,0.0,-46.0,-16.511223576067998,46.00000000001332,16.511223576072776
2019-02-27T03:00:00.0,0.0,16.156865387652815,5.799706296596168,-16.156865387666357,-5.799706296601016
2019-02-27T04:00:00.0,0.0,0.0,0.0,0.0,0.0
2019-02-27T05:00:00.0,0.0,0.0,0.0,1.4864554032101296e-11,1.1766587704187259e-11
2019-02-27T06:00:00.0,0.0,0.0,0.0,9.237055564881302e-14,0.0
2019-02-27T07:00:00.0,0.0,-0.8129421791026825,-0.3523499509673408,0.8129421791036293,0.0
2019-02-27T08:00:00.0,0.0,0.0,0.0,0.0,0.0
2019-02-27T09:00:00.0,0.0,0.0,0.0,7.958078640513122e-13,6.821210263296962e-13
2019-02-27T10:00:00.0,0.0,0.0,0.0,-5.115907697472721e-12,-4.035882739117369e-12
2019-02-27T11:00:00.0,0.0,0.0,0.0,-2.2851054382044822e-11,-1.8133050616597757e-11
2019-02-27T12:00:00.0,0.0,0.0,0.0,5.343281372915953e-12,4.263256414560601e-12
2019-02-27T13:00:00.0,0.0,0.0,0.0,-4.4934722609468736e-11,-3.559819106158102e-11
2019-02-27T14:00:00.0,0.0,0.0,0.0,4.1154635255225e-11,3.257127900724299e-11
2019-02-27T15:00:00.0,0.0,0.0,0.0,-1.0470557754160836e-10,-8.287770469905809e-11
2019-02-27T16:00:00.0,0.0,0.0,0.0,-5.718447937397286e-11,0.0
2019-02-27T17:00:00.0,0.0,0.0,0.0,2.1543655748246238e-11,0.0
2019-02-27T18:00:00.0,0.0,0.0,0.0,3.0809133022557944e-11,0.0
2019-02-27T19:00:00.0,0.0,0.0,0.0,7.938183443911839e-11,0.0
2019-02-27T20:00:00.0,0.0,0.0,0.0,2.3248958314070478e-11,0.0
2019-02-27T21:00:00.0,0.0,0.0,0.0,-8.810729923425242e-12,0.0
2019-02-27T22:00:00.0,0.0,0.0,0.0,1.4243539681046968e-10,0.0
2019-02-27T23:00:00.0,0.0,0.0,0.0,0.0,0.0
2019-02-28T00:00:00.0,0.3780289774056402,-69.14371999341009,-26.13832976313067,68.14371999340736,25.760300785724
2019-02-28T01:00:00.0,0.0,-313.0,-118.37027471039099,313.000000000025,118.37027471040045
2019-02-28T02:00:00.0,0.0,-0.011258726487064052,-0.004074766856467822,0.011258726506468975,0.004074766863517709
2019-02-28T03:00:00.0,0.0,0.0,0.0,4.920508445138694e-13,3.8920949796406035e-13
2019-02-28T04:00:00.0,0.0,0.0,0.0,1.1254996934439987e-11,8.86757334228605e-12
2019-02-28T05:00:00.0,0.0,23.92250632540923,8.586758185192163,-23.92250632539549,-0.011276808639181013
2019-02-28T06:00:00.0,0.0,190.04543348995156,82.63704607277097,-190.04543348994554,3.3514808555048394
2019-02-28T07:00:00.0,0.0,260.54686743432444,111.14606810696631,-260.54686743436105,6.130230479631061
2019-02-28T08:00:00.0,0.0,0.0,0.0,-4.547473508864641e-12,-3.751665644813329e-12
2019-02-28T09:00:00.0,0.0,-113.13637626644407,-45.8917926436703,113.13637626644868,45.89179264367215
2019-02-28T10:00:00.0,0.0,0.0,0.0,1.375610736431554e-11,1.1141310096718371e-11
2019-02-28T11:00:00.0,0.0,-337.6471028025818,-130.17330353074692,337.64710280257304,130.17330353074357
2019-02-28T12:00:00.0,0.0,0.0,0.0,-3.9108272176235914e-11,-3.086597644141875e-11
2019-02-28T13:00:00.0,0.0,0.0,0.0,-9.208633855450898e-12,-7.285727576800127e-12
2019-02-28T14:00:00.0,0.0,-60.0,-25.576580053559997,60.00000000003263,25.576580053573906
2019-02-28T15:00:00.0,0.0,-372.99999999999926,-145.2434069523307,372.99999999998926,145.24340695232684
2019-02-28T16:00:00.0,0.0,0.0,0.0,3.355182798259193e-11,0.0
2019-02-28T17:00:00.0,0.0,25.190540660895223,10.331320230924817,-25.190540660952706,0.0
2019-02-28T18:00:00.0,0.0,0.0,0.0,2.7284841053187847e-12,0.0
2019-02-28T19:00:00.0,0.0,0.0,0.0,4.362732397567015e-12,0.0
2019-02-28T20:00:00.0,0.0,0.0,0.0,3.387867764104158e-11,0.0
2019-02-28T21:00:00.0,0.0,13.873391638520616,5.689852140771699,-13.873391638488158,0.0
2019-02-28T22:00:00.0,0.0,289.4777887443421,97.30960622340984,-289.47778874440803,0.0
2019-02-28T23:00:00.0,0.0,397.5326777479359,175.2972742492623,-397.5326777479537,0.0
2019-03-01T00:00:00.0,0.4266280461597642,-0.9381492458467865,-0.4002407797618653,-0.06185075414646235,-0.026387266395012432
2019-03-01T01:00:00.0,0.0,-0.0011436780340545738,-0.0004603126251219731,0.0011436780502258603,0.00046031263163065993
2019-03-01T02:00:00.0,0.0,0.0,0.0,-8.894573966244934e-11,-7.051426109683234e-11
2019-03-01T03:00:00.0,0.0,357.8305002577143,144.0212122798168,-357.83050025771945,-144.0212122798189
2019-03-01T04:00:00.0,0.0,-357.8293565797833,-144.02075196723317,357.8293565797833,144.02075196723308
2019-03-01T05:00:00.0,0.0,0.0,0.0,1.1482370609883219e-11,9.094947017729282e-12
2019-03-01T06:00:00.0,0.0,0.0,0.0,-7.841549631848466e-11,0.0
2019-03-01T07:00:00.0,0.0,0.0,0.0,0.0,0.0
2019-03-01T08:00:00.0,0.0,0.0,0.0,-8.128608897095546e-12,-6.423306331271306e-12
2019-03-01T09:00:00.0,0.0,0.0,0.0,-2.0122570276726037e-11,-1.5973000699887052e-11
2019-03-01T10:00:00.0,0.0,0.0,0.0,-7.73070496506989e-12,-6.16751094639767e-12
2019-03-01T11:00:00.0,0.0,0.0,0.0,0.0,0.0
2019-03-01T12:00:00.0,0.0,0.0,0.0,3.2230218494078144e-11,2.55226950685028e-11
2019-03-01T13:00:00.0,0.0,0.0,0.0,9.691802915767767e-12,7.673861546209082e-12
2019-03-01T14:00:00.0,0.0,0.0,0.0,6.59383658785373e-12,5.222489107836736e-12
2019-03-01T15:00:00.0,0.0,0.0,0.0,0.0,0.0
2019-03-01T16:00:00.0,0.0,-0.006574764758227047,-0.0026964883792942236,0.00657476932704526,0.0017306131104461893
2019-03-01T17:00:00.0,0.0,0.0,0.0,-3.7914560380158946e-11,0.0
2019-03-01T18:00:00.0,0.0,-0.05163113943916642,-0.022025204897128087,0.051631139439464846,0.0
2019-03-01T19:00:00.0,0.0,0.0,0.0,-1.5118573060135532e-11,0.0
2019-03-01T20:00:00.0,0.0,0.0,0.0,0.0,0.0
2019-03-01T21:00:00.0,0.0,0.0,0.0,-2.5352164811920375e-11,0.0
2019-03-01T22:00:00.0,0.0,-0.0007632969644429174,-0.0002713055321431452,0.0007632969708168957,0.0
2019-03-01T23:00:00.0,0.0,0.0,0.0,0.0,0.0
2019-03-02T00:00:00.0,0.3400020043674851,-286.3716407084279,-97.36693183487131,285.37164070841624,97.02692983049988
2019-03-02T01:00:00.0,0.0,0.0,0.0,0.0,0.0
2019-03-02T02:00:00.0,0.0,0.0,0.0,0.0,0.0
2019-03-02T03:00:00.0,0.0,0.0,0.0,0.0,0.0
2019-03-02T04:00:00.0,0.0,8.50707050793326,2.9106869704441927,-8.50707050795154,-2.871891356601168
2019-03-02T05:00:00.0,0.0,-333.8270178612297,-116.60230465964776,333.82701786122107,116.60230465964469
2019-03-02T06:00:00.0,0.0,-213.72587653762633,-72.88817256405441,213.725876537592,72.88817256404269
2019-03-02T07:00:00.0,0.0,-128.642419465702,-43.735016449055415,128.6424194640279,43.73501644848626
2019-03-02T08:00:00.0,0.0,0.0,0.0,-1.0129497240995988e-10,-8.026290743146092e-11
2019-03-02T09:00:00.0,0.0,-313.0,-106.752403074702,313.0000000000081,106.75240307470476
2019-03-02T10:00:00.0,0.0,0.0,0.0,-4.888534022029489e-10,-3.873310561175458e-10
2019-03-02T11:00:00.0,0.0,-336.27179377488847,-114.66419677207669,336.27179377497316,114.66419677210557
2019-03-02T12:00:00.0,0.0,-659.0,-229.561410475174,659.0000000000341,229.5614104751859
2019-03-02T13:00:00.0,0.0,-313.0,-106.752403074702,313.0000000000156,106.75240307470732
2019-03-02T14:00:00.0,0.0,-333.9624856273906,-115.68821460421128,333.9624856273947,115.6882146042127
2019-03-02T15:00:00.0,0.0,118.84796086968166,44.945897050843506,-118.84796086967441,-3.2581711738762547
2019-03-02T16:00:00.0,0.0,0.0,0.0,-6.684786058031023e-11,0.0
2019-03-02T17:00:00.0,0.0,0.0,0.0,0.0,0.0
2019-03-02T18:00:00.0,0.0,-12.677718703293994,-4.5883295990145045,12.6777187032813,0.0
2019-03-02T19:00:00.0,0.0,0.0,0.0,-2.3817392502678558e-11,0.0
2019-03-02T20:00:00.0,0.0,0.0,0.0,1.4551915228366852e-11,0.0
2019-03-02T21:00:00.0,0.0,1332.9207748765602,541.4149436541854,-1332.9207748765702,20.20900278004594
2019-03-02T22:00:00.0,0.0,1153.599698317858,440.98079067810954,-1153.5996983178347,-0.0
2019-03-02T23:00:00.0,0.0,168.1261923311066,63.50480214577542,-168.12619233107844,-0.0
2019-03-03T00:00:00.0,0.3398060835841035,255.48447927539058,86.81518031909614,-256.4844792736241,-87.15498640207998
2019-03-03T01:00:00.0,0.0,0.0,0.0,-9.15179043659009e-12,-7.247535904753022e-12
2019-03-03T02:00:00.0,0.0,0.0,0.0,5.4001247917767614e-12,4.291678123991005e-12
2019-03-03T03:00:00.0,0.0,0.0,0.0,-1.0800249583553523e-11,-8.554934538551606e-12
2019-03-03T04:00:00.0,0.0,0.0,0.0,0.0,0.0
2019-03-03T05:00:00.0,0.0,0.0,0.0,-5.115907697472721e-12,-4.050093593832571e-12
2019-03-03T06:00:00.0,0.0,0.0,0.0,-5.708500339096645e-11,-4.523315055848798e-11
2019-03-03T07:00:00.0,0.0,0.0,0.0,0.0,0.0
2019-03-03T08:00:00.0,0.0,0.0,0.0,8.350298230652697e-11,6.616573955398053e-11
2019-03-03T09:00:00.0,0.0,-19.985975566688808,-6.794702507850447,19.985975566695515,6.794702507852719
2019-03-03T10:00:00.0,0.0,-236.4985037069129,-80.40322929837696,236.49850370691652,80.40322929837816
2019-03-03T11:00:00.0,0.0,285.99999999999983,97.23242734691195,-286.0000000000284,-97.23242734692167
2019-03-03T12:00:00.0,0.0,-286.0,-97.232427346912,286.00000000000466,97.23242734691358
2019-03-03T13:00:00.0,0.0,0.0,0.0,-6.133404895081185e-11,-4.860112312599085e-11
2019-03-03T14:00:00.0,0.0,0.0,0.0,0.0,0.0
2019-03-03T15:00:00.0,0.0,0.0,0.0,-9.606537787476555e-12,0.0
2019-03-03T16:00:00.0,0.0,0.0,0.0,-2.0975221559638157e-11,0.0
2019-03-03T17:00:00.0,0.0,0.0,0.0,-1.0857093002414331e-11,0.0
2019-03-03T18:00:00.0,0.0,0.0,0.0,1.7536194718559273e-11,0.0
2019-03-03T19:00:00.0,0.0,0.0,0.0,2.5295321393059567e-11,0.0
2019-03-03T20:00:00.0,0.0,0.0,0.0,4.774847184307873e-11,0.0
2019-03-03T21:00:00.0,0.0,0.0,0.0,-9.617906471248716e-11,0.0
2019-03-03T22:00:00.0,0.0,0.0,0.0,-6.207301339600235e-11,0.0
2019-03-03T23:00:00.0,0.0,0.0,0.0,0.0,0.0
2019-03-04T00:00:00.0,0.3400084673252278,-286.4561050666775,-97.39750123967418,285.45610506672267,97.05749277236433
2019-03-04T01:00:00.0,0.0,-286.0,-97.232427346912,285.9999999999775,97.23242734690433
2019-03-04T02:00:00.0,0.0,-168.73905236549126,-57.36680996403639,168.7390523655106,57.366809964042965
2019-03-04T03:00:00.0,0.0,0.0,0.0,0.0,0.0
2019-03-04T04:00:00.0,0.0,0.0,0.0,-3.183231456205249e-12,-2.5011104298755527e-12
2019-03-04T05:00:00.0,0.0,0.0,0.0,0.0,0.0
2019-03-04T06:00:00.0,0.0,0.0,0.0,0.0,0.0
2019-03-04T07:00:00.0,0.0,403.7318754053282,153.05907863476884,-403.73187540534303,-0.0
2019-03-04T08:00:00.0,0.0,169.96018288267396,59.42824405288868,-169.96018288263798,-59.42824405287611
2019-03-04T09:00:00.0,0.0,-312.99999999999966,-106.75240307470189,312.9999999999235,106.75240307467593
2019-03-04T10:00:00.0,0.0,-286.0,-97.232427346912,285.9999999999934,97.23242734690976
2019-03-04T11:00:00.0,0.0,0.0,0.0,3.979039320256561e-12,3.183231456205249e-12
2019-03-04T12:00:00.0,0.0,-285.99999999999966,-97.23242734691189,285.99999999999324,97.23242734690969
2019-03-04T13:00:00.0,0.0,-215.4226170928922,-73.47246661759623,215.42261709283343,73.47246661757617
2019-03-04T14:00:00.0,0.0,-78.80820971409896,-28.007517371265283,78.80820971410111,28.007517371266047
2019-03-04T15:00:00.0,0.0,-103.63783046542054,-36.837491076197786,103.63783046542738,57.07452937463132
2019-03-04T16:00:00.0,0.0,-2.4247008007288073,-0.8703212396935747,2.4247008007529605,109.78662874565502
2019-03-04T17:00:00.0,0.0,581.6236664276012,221.97638519863975,-581.6236664275525,0.8791165705640716
2019-03-04T18:00:00.0,0.0,0.0,0.0,3.8198777474462986e-11,0.0
2019-03-04T19:00:00.0,0.0,0.0,0.0,1.5347723092418164e-11,0.0
2019-03-04T20:00:00.0,0.0,0.0,0.0,5.729816621169448e-11,0.0
2019-03-04T21:00:00.0,0.0,0.0,0.0,9.322320693172514e-12,0.0
2019-03-04T22:00:00.0,0.0,398.07332767117106,150.89569060856493,-398.0733276712019,-0.0
2019-03-04T23:00:00.0,0.0,361.18919713950186,136.79407123589743,-361.18919713948094,0.0
2019-03-05T00:00:00.0,0.414860068592855,-0.9481141956297954,-0.3933347202328365,-0.05188580438448298,-0.021525348365942068
2019-03-05T01:00:00.0,0.0,0.0,0.0,0.0,0.0
2019-03-05T02:00:00.0,0.0,0.0,0.0,0.0,0.0
2019-03-05T03:00:00.0,0.0,0.0,0.0,0.0,0.0
2019-03-05T04:00:00.0,0.0,109.29618681554771,41.33360913148434,-109.29618681557281,-41.3336091314938
2019-03-05T05:00:00.0,0.0,0.0,0.0,-3.637978807091713e-11,-2.8819613362429664e-11
2019-03-05T06:00:00.0,0.0,0.0,0.0,0.0,0.0
2019-03-05T07:00:00.0,0.0,0.0,0.0,5.717026851925766e-11,4.5289993977348786e-11
2019-03-05T08:00:00.0,0.0,0.0,0.0,9.86233317235019e-12,7.787548383930698e-12
2019-03-05T09:00:00.0,0.0,0.0,0.0,0.0,0.0
2019-03-05T10:00:00.0,0.0,0.0,0.0,-5.32054400537163e-11,-4.214939508528914e-11
2019-03-05T11:00:00.0,0.0,0.0,0.0,0.0,0.0
2019-03-05T12:00:00.0,0.0,0.0,0.0,-1.404032445861958e-11,-1.1141310096718371e-11
2019-03-05T13:00:00.0,0.0,-109.34807262026567,-41.35323129428956,109.34807262022889,41.353231294275645
2019-03-05T14:00:00.0,0.0,0.0,0.0,6.0254023992456496e-12,4.774847184307873e-12
2019-03-05T15:00:00.0,0.0,0.0,0.0,-7.582912076031789e-11,-6.002665031701326e-11
2019-03-05T16:00:00.0,0.0,0.0,0.0,-2.3959501049830578e-11,0.0
2019-03-05T17:00:00.0,0.0,0.0,0.0,-1.6342482922482304e-11,0.0
2019-03-05T18:00:00.0,0.0,0.0,0.0,2.4101609596982598e-11,0.0
2019-03-05T19:00:00.0,0.0,0.0,0.0,5.115907697472721e-13,0.0
2019-03-05T20:00:00.0,0.0,0.0,0.0,-5.0178527999378275e-11,0.0
2019-03-05T21:00:00.0,0.0,0.0,0.0,0.0,0.0
2019-03-05T22:00:00.0,0.0,0.0,0.0,0.0,0.0
2019-03-05T23:00:00.0,0.0,0.0,0.0,0.0,0.0
2019-03-06T00:00:00.0,0.426276334226,-0.9999999933707038,-0.42627633140008786,0.0,0.0
2019-03-06T01:00:00.0,0.0,0.0,0.0,3.433342499192804e-11,2.7284841053187847e-11
2019-03-06T02:00:00.0,0.0,0.0,0.0,4.753383109346032e-8,3.7658537621609867e-8
2019-03-06T03:00:00.0,0.0,0.0,0.0,-1.0459189070388675e-11,-8.270717444247566e-12
2019-03-06T04:00:00.0,0.0,0.0,0.0,-5.911715561524034e-11,-4.6838977141305804e-11
2019-03-06T05:00:00.0,0.0,0.0,0.0,3.5697667044587433e-11,2.8194335754960775e-11
2019-03-06T06:00:00.0,0.0,0.0,0.0,0.0,0.0
2019-03-06T07:00:00.0,0.0,0.0,0.0,-8.884626367944293e-11,-7.037215254968032e-11
2019-03-06T08:00:00.0,0.0,0.0,0.0,1.7983552424993832e-9,1.424723450327292e-9
2019-03-06T09:00:00.0,0.0,0.0,0.0,1.1993961379630491e-11,9.492850949754938e-12
2019-03-06T10:00:00.0,0.0,0.0,0.0,-3.89945853385143e-11,-3.090860900556436e-11
2019-03-06T11:00:00.0,0.0,0.0,0.0,0.0,0.0
2019-03-06T12:00:00.0,0.0,0.0,0.0,-6.821210263296962e-12,-5.4001247917767614e-12
2019-03-06T13:00:00.0,0.0,0.0,0.0,-3.058175934711471e-11,-2.4215296434704214e-11
2019-03-06T14:00:00.0,0.0,0.0,0.0,0.0,0.0
2019-03-06T15:00:00.0,0.0,0.0,0.0,0.0,0.0
2019-03-06T16:00:00.0,0.0,76.61439122324634,29.29137729222664,-76.61439122323293,0.0
2019-03-06T17:00:00.0,0.0,0.0,0.0,-7.617018127348274e-11,0.0
2019-03-06T18:00:00.0,0.0,0.0,0.0,-1.2732925824820995e-11,0.0
2019-03-06T19:00:00.0,0.0,-76.61439122355605,-29.29137729234505,76.61439122354341,0.0
2019-03-06T20:00:00.0,0.0,0.0,0.0,9.094947017729282e-12,0.0
2019-03-06T21:00:00.0,0.0,0.0,0.0,-7.844391802791506e-12,0.0
2019-03-06T22:00:00.0,0.0,0.0,0.0,-1.5484260984521825e-8,0.0
2019-03-06T23:00:00.0,0.0,0.0,0.0,0.0,0.0
2019-03-07T00:00:00.0,0.4069286895447767,-1.0877400811127647,-0.44263264577254235,0.0877400811116047,0.03570395622730871
2019-03-07T01:00:00.0,0.0,-136.2748887266414,-51.53640899265338,136.27488872664466,51.5364089926546
2019-03-07T02:00:00.0,0.0,313.0,118.37027471039099,-312.99999999998937,-118.37027471038698
2019-03-07T03:00:00.0,0.0,313.0,118.37027471039099,-312.9999999999932,-118.3702747103884
2019-03-07T04:00:00.0,0.0,0.0,0.0,0.0,0.0
2019-03-07T05:00:00.0,0.0,-106.44538545826623,-40.258120833131194,106.44538545830001,40.30958149574614
2019-03-07T06:00:00.0,0.0,-0.02611683417030264,-0.010568486018107073,0.02611683415958055,0.0
2019-03-07T07:00:00.0,0.0,0.0,0.0,0.0,0.0
2019-03-07T08:00:00.0,0.0,0.0,0.0,3.433342499192804e-11,2.7199575924896635e-11
2019-03-07T09:00:00.0,0.0,-313.0,-118.37027471039099,313.00000000002484,118.37027471040038
2019-03-07T10:00:00.0,0.0,0.0,0.0,-1.360831447527744e-10,-1.07775122160092e-10
2019-03-07T11:00:00.0,0.0,0.0,0.0,-9.833911462919787e-12,-7.787548383930698e-12
2019-03-07T12:00:00.0,0.0,0.0,0.0,1.497255652793683e-10,1.1860379345307592e-10
2019-03-07T13:00:00.0,0.0,-70.17165568317881,-26.537502108948388,70.1716556831034,26.537502108919867
2019-03-07T14:00:00.0,0.0,0.0,0.0,0.0,0.0
2019-03-07T15:00:00.0,0.0,0.0,0.0,0.0,0.0
2019-03-07T16:00:00.0,0.0,0.0,0.0,0.0,0.0
2019-03-07T17:00:00.0,0.0,0.0,0.0,0.0,0.0
2019-03-07T18:00:00.0,0.0,0.0,0.0,4.297362465877086e-11,0.0
2019-03-07T19:00:00.0,0.0,0.0,0.0,0.0,0.0
2019-03-07T20:00:00.0,0.0,0.0,0.0,-6.035634214640595e-10,0.0
2019-03-07T21:00:00.0,0.0,0.0,0.0,5.4569682106375694e-12,0.0
2019-03-07T22:00:00.0,0.0,0.0,0.0,-1.5916157281026244e-12,0.0
2019-03-07T23:00:00.0,0.0,0.0,0.0,0.0,0.0
2019-03-08T00:00:00.0,0.41877531547457164,-0.5662612610863853,-0.23713623825247826,-0.43373873891637515,-0.18163907722325107
2019-03-08T01:00:00.0,0.0,43.64088638247523,16.449228873130586,-43.64088638250276,-16.449228873140964
2019-03-08T02:00:00.0,0.0,-1.1877913420168085,-0.4871452696108781,1.1877913420363648,0.48714526961889865
2019-03-08T03:00:00.0,0.0,2.210299858175148,0.9065035938916459,-2.2102998581926236,-0.9065035938987953
2019-03-08T04:00:00.0,0.0,0.0,0.0,-7.844391802791506e-12,-6.252776074688882e-12
2019-03-08T05:00:00.0,0.0,-45.20187619939587,-17.05978869066308,45.20187619939617,17.59780887963133
2019-03-08T06:00:00.0,0.0,-1.131436548579945,-0.4562592681171505,1.1314365486137845,0.0
2019-03-08T07:00:00.0,0.0,0.0,0.0,0.0,0.0
2019-03-08T08:00:00.0,0.0,0.0,0.0,1.1425527191022411e-11,9.038103598868474e-12
2019-03-08T09:00:00.0,0.0,0.0,0.0,7.275957614183426e-12,5.7411853049416095e-12
2019-03-08T10:00:00.0,0.0,0.0,0.0,-2.1600499167107046e-12,0.007848812130987426
2019-03-08T11:00:00.0,0.0,0.0,0.0,1.1027623258996755e-11,8.753886504564434e-12
2019-03-08T12:00:00.0,0.0,0.0,0.0,-6.195932655828074e-12,-4.945377440890297e-12
2019-03-08T13:00:00.0,0.0,0.0,0.0,-5.684341886080802e-14,-2.842170943040401e-14
2019-03-08T14:00:00.0,0.0,0.0,0.0,4.001776687800884e-11,3.171862772433087e-11
2019-03-08T15:00:00.0,0.0,0.0,0.0,4.636291350834654e-11,3.673150672511838e-11
2019-03-08T16:00:00.0,0.0,14.03355540191491,6.059226099477516,-14.03355540188126,0.48923363065509984
2019-03-08T17:00:00.0,0.0,-12.483728570660757,-5.325404061107319,12.483728570761286,0.0
2019-03-08T18:00:00.0,0.0,0.0,0.0,-2.715069058467634e-9,0.0
2019-03-08T19:00:00.0,0.0,0.0,0.0,-7.673861546209082e-13,0.0
2019-03-08T20:00:00.0,0.0,0.0,0.0,-9.492850949754938e-11,0.0
2019-03-08T21:00:00.0,0.0,-0.36182985780026655,-0.15098579999018513,0.361829857769294,0.0
2019-03-08T22:00:00.0,44.89987409188711,-0.08630243932137294,-0.03681555220013737,0.08548249153875531,0.0
2019-03-08T23:00:00.0,0.0,0.0,0.0,0.0,0.0
2019-03-09T00:00:00.0,0.426276334226,-0.9999999999989129,-0.42627633422553657,0.0,0.0
2019-03-09T01:00:00.0,0.0,0.0,0.0,0.0,0.0
2019-03-09T02:00:00.0,0.0,0.0,0.0,0.0,0.0
2019-03-09T03:00:00.0,0.0,0.0,0.0,0.0,0.0
2019-03-09T04:00:00.0,0.0,0.0,0.0,0.0,0.0
2019-03-09T05:00:00.0,0.0,0.0,0.0,0.0,0.0
2019-03-09T06:00:00.0,0.0,0.0,0.0,0.0,0.0
2019-03-09T07:00:00.0,0.0,-87.13609980378294,-28.40176856451186,87.13609980377883,28.40176856451052
2019-03-09T08:00:00.0,0.0,0.0,0.0,5.5138116294983774e-11,4.375877438178577e-11
2019-03-09T09:00:00.0,0.0,0.0,0.0,2.9956481739645824e-11,2.376054908381775e-11
2019-03-09T10:00:00.0,0.0,0.0,0.0,7.275957614183426e-12,5.7696070143720135e-12
2019-03-09T11:00:00.0,0.0,0.0,0.0,1.176033492811257e-9,9.317489002569346e-10
2019-03-09T12:00:00.0,0.0,235.80141754801218,76.85881401007708,-235.80141754803327,-76.85881401008396
2019-03-09T13:00:00.0,0.0,0.0,0.0,2.493038664397318e-9,1.9751098534470657e-9
2019-03-09T14:00:00.0,0.0,0.0,0.0,-4.718003765447065e-11,-3.7402969610411674e-11
2019-03-09T15:00:00.0,0.0,-148.665317744191,-48.45704544555276,148.66531774420616,48.4570454455577
2019-03-09T16:00:00.0,0.0,0.0,0.0,0.0,0.0
2019-03-09T17:00:00.0,0.0,0.0,0.0,7.844391802791506e-12,0.0
2019-03-09T18:00:00.0,0.0,0.0,0.0,-4.3428372009657323e-11,0.0
2019-03-09T19:00:00.0,0.0,0.0,0.0,-1.4665602066088468e-11,0.0
2019-03-09T20:00:00.0,0.0,0.0,0.0,-9.066297934623435e-9,0.0
2019-03-09T21:00:00.0,0.0,0.0,0.0,1.0743406164692715e-11,0.0
2019-03-09T22:00:00.0,0.0,0.0,0.0,0.0,0.0
2019-03-09T23:00:00.0,0.0,0.0,0.0,0.0,0.0
2019-03-10T00:00:00.0,-0.0,0.0318609950525115,0.0,-1.031860995080084,0.0
2019-03-10T01:00:00.0,0.0,0.0,0.0,5.467626351673971e-10,4.331681680014299e-10
2019-03-10T02:00:00.0,0.0,0.0,0.0,1.1198153515579179e-11,8.86757334228605e-12
2019-03-10T03:00:00.0,0.0,0.0,0.0,-4.694022948115162e-11,-3.7188030432844243e-11
2019-03-10T04:00:00.0,0.0,0.0,0.0,0.0,0.0
2019-03-10T05:00:00.0,0.0,0.0,0.0,0.0,0.0
2019-03-10T06:00:00.0,0.0,0.0,0.0,-2.8844482358181267e-11,0.9225357050287935
2019-03-10T07:00:00.0,0.0,0.0,0.0,0.0,0.0
2019-03-10T08:00:00.0,-3.72477363439791e-9,-1.1018015708722295,-0.3840340467668076,1.0935810694578123,0.3840340467974271
2019-03-10T09:00:00.0,0.0,0.0,0.0,0.0,0.0
2019-03-10T10:00:00.0,0.0,0.0,0.0,0.0,0.0
2019-03-10T11:00:00.0,0.0,0.0,0.0,0.0,0.0
2019-03-10T12:00:00.0,0.0,0.0,0.0,0.0,0.0
2019-03-10T13:00:00.0,0.0,0.0,0.0,0.0,0.0
2019-03-10T14:00:00.0,0.0,0.0,0.0,0.0,0.0
2019-03-10T15:00:00.0,0.0,0.0,0.0,0.0,0.0
2019-03-10T16:00:00.0,0.0,0.0,0.0,0.0,0.0
2019-03-10T17:00:00.0,0.0,0.0,0.0,0.0,0.0
2019-03-10T18:00:00.0,0.0,0.0,0.0,0.0,0.0
2019-03-10T19:00:00.0,0.0,0.0,0.0,1.9204549062123988e-10,0.0
2019-03-10T20:00:00.0,0.0,0.0,0.0,0.0,0.0
2019-03-10T21:00:00.0,0.0,0.0,0.0,0.0,0.0
2019-03-10T22:00:00.0,0.0,0.0,0.0,0.0,0.0
2019-03-10T23:00:00.0,0.0,0.0,0.0,0.0,0.0
2019-03-11T00:00:00.0,0.42627633422599226,-0.9999999990110808,-0.4262763338044471,-1.978719410544727e-10,-8.434852816208149e-11
2019-03-11T01:00:00.0,0.0,0.0,0.0,6.855316314613447e-11,5.431388672150206e-11
2019-03-11T02:00:00.0,0.0,0.0,0.0,-4.376943252282217e-11,-3.467448550509289e-11
2019-03-11T03:00:00.0,0.0,0.0,0.0,7.452172212651931e-11,5.900346877751872e-11
2019-03-11T04:00:00.0,0.0,0.0,0.0,-5.6843418860808015e-12,-4.490630090003833e-12
2019-03-11T05:00:00.0,0.0,0.0,0.0,1.255910930808568e-10,9.949641111006713e-11
2019-03-11T06:00:00.0,0.0,0.0,0.0,2.3155166672950145e-10,0.0
2019-03-11T07:00:00.0,0.0,0.0,0.0,1.0589928933768533e-10,0.0
2019-03-11T08:00:00.0,0.0,0.0,0.0,2.000888343900442e-11,0.0
2019-03-11T09:00:00.0,0.0,0.0,0.0,3.865352482534945e-11,3.063860276597552e-11
2019-03-11T10:00:00.0,0.0,0.0,0.0,-3.268496584496461e-11,-2.589573000477685e-11
2019-03-11T11:00:00.0,0.0,0.0,0.0,-4.206412995699793e-12,-3.410605131648481e-12
2019-03-11T12:00:00.0,0.0,0.0,0.0,-2.3703705664956942e-11,-1.8843593352357857e-11
2019-03-11T13:00:00.0,0.0,0.0,0.0,6.298250809777528e-11,4.990852175978944e-11
2019-03-11T14:00:00.0,0.0,0.0,0.0,1.2050804798491299e-11,9.549694368615746e-12
2019-03-11T15:00:00.0,0.0,0.0,0.0,3.018556071765488e-9,2.391402631474193e-9
2019-03-11T16:00:00.0,0.0,0.0,0.0,0.0,0.0
2019-03-11T17:00:00.0,0.0,0.0,0.0,-1.1908696251339279e-11,0.0
2019-03-11T18:00:00.0,0.0,0.0,0.0,-3.956301952712238e-11,0.0
2019-03-11T19:00:00.0,0.0,0.0,0.0,-7.37827576813288e-11,0.0
2019-03-11T20:00:00.0,0.0,0.0,0.0,1.1084466677857563e-11,0.0
2019-03-11T21:00:00.0,0.0,0.0,0.0,2.434035195619799e-10,0.0
2019-03-11T22:00:00.0,0.0,0.0,0.0,0.0,0.0
2019-03-11T23:00:00.0,0.0,0.0,0.0,0.0,0.0
2019-03-12T00:00:00.0,0.3008381087178893,16.709094793588314,5.026732476091036,-17.709094794173552,-5.327570584984987
2019-03-12T01:00:00.0,0.0,0.0,0.0,0.0,0.0
2019-03-12T02:00:00.0,0.0,0.0,0.0,2.6005864128819667e-12,2.0889956431346945e-12
2019-03-12T03:00:00.0,0.0,0.0,0.0,-5.684341886080801e-13,-4.547473508864641e-13
2019-03-12T04:00:00.0,0.0,0.0,0.0,3.0675550988235045e-10,2.4301982648466947e-10
2019-03-12T05:00:00.0,0.0,318.0,95.61249648491999,-317.9999999999874,-95.61249648491619
2019-03-12T06:00:00.0,0.0,0.0,0.0,0.0,0.0
2019-03-12T07:00:00.0,0.0,0.0,0.0,-3.1369040698336903e-9,0.0
2019-03-12T08:00:00.0,0.0,0.0,0.0,-5.807976322103059e-11,0.0
2019-03-12T09:00:00.0,0.0,0.0,0.0,0.0,0.0
2019-03-12T10:00:00.0,0.0,-88.63111984893095,-26.648561745315828,88.63111984890807,26.648561745308935
2019-03-12T11:00:00.0,0.0,0.0,0.0,4.147409526922274e-9,3.2857769838301465e-9
2019-03-12T12:00:00.0,0.0,0.0,0.0,-1.2801706361642573e-8,-1.0142116479983088e-8
2019-03-12T13:00:00.0,0.0,0.0,0.0,1.2107648217352107e-11,9.57811607804615e-12
2019-03-12T14:00:00.0,0.0,-281.22796926572994,-84.5563151662918,281.22796926571334,84.55631516628681
2019-03-12T15:00:00.0,0.0,34.14999432065429,10.267818276552187,-34.149994320644694,-10.267818276549304
2019-03-12T16:00:00.0,0.0,0.0,0.0,-2.2282620193436742e-11,-1.7621459846850485e-11
2019-03-12T17:00:00.0,0.0,0.0,0.0,0.0,0.0
2019-03-12T18:00:00.0,0.0,0.0,0.0,6.068034963391256e-11,0.0
2019-03-12T19:00:00.0,0.0,0.0,0.0,2.8194335754960775e-11,0.0
2019-03-12T20:00:00.0,0.0,0.0,0.0,-2.5920599000528455e-11,0.0
2019-03-12T21:00:00.0,0.0,0.0,0.0,1.2050804798491299e-11,0.0
2019-03-12T22:00:00.0,0.0,0.0,0.0,3.608136012189789e-11,0.0
2019-03-12T23:00:00.0,0.0,0.0,0.0,-4.1097791836364195e-11,0.0
2019-03-13T00:00:00.0,0.33975537949594836,177.55761517538804,60.326154926303694,-178.55761517538906,-60.66591030579997
2019-03-13T01:00:00.0,0.0,107.35427452644402,36.497610833122074,-107.35427452647696,-36.49761083313327
2019-03-13T02:00:00.0,0.0,-286.0,-97.232427346912,286.0000000000016,97.23242734691257
2019-03-13T03:00:00.0,0.0,286.0,97.232427346912,-286.0000000000057,-97.23242734691394
2019-03-13T04:00:00.0,0.0,0.0,0.0,1.7053025658242404e-11,1.3528733688872308e-11
2019-03-13T05:00:00.0,0.0,-286.0,-97.232427346912,285.99999999999807,97.23242734691135
2019-03-13T06:00:00.0,0.0,0.08344362291623497,0.026541840888835166,-0.08344362289438774,0.007413264692401537
2019-03-13T07:00:00.0,0.0,0.0,0.0,-4.831690603168681e-12,0.0
2019-03-13T08:00:00.0,0.0,0.0,0.0,0.0,0.0
2019-03-13T09:00:00.0,0.0,0.0,0.0,0.0,0.0
2019-03-13T10:00:00.0,0.0,0.0,0.0,0.0,0.0
2019-03-13T11:00:00.0,0.0,0.0,0.0,-6.574296662620327e-12,-5.208278253121534e-12
2019-03-13T12:00:00.0,0.0,0.0,0.0,-2.100364326906856e-11,-1.6626700016786344e-11
2019-03-13T13:00:00.0,0.0,0.0,0.0,4.689582056016661e-11,3.714717422553804e-11
2019-03-13T14:00:00.0,0.0,0.0,0.0,0.0,0.0
2019-03-13T15:00:00.0,0.0,0.0,0.0,-3.035367512893572e-10,-2.404760834906483e-10
2019-03-13T16:00:00.0,0.0,0.0,0.0,-7.759126674500294e-12,-6.139089236967266e-12
2019-03-13T17:00:00.0,0.0,0.0,0.0,-6.963318810448982e-13,0.0
2019-03-13T18:00:00.0,0.0,0.0,0.0,1.3415046851150692e-11,0.0
2019-03-13T19:00:00.0,0.0,0.0,0.0,1.77351466845721e-11,0.0
2019-03-13T20:00:00.0,0.0,0.0,0.0,-3.8198777474462986e-11,0.0
2019-03-13T21:00:00.0,0.0,0.0,0.0,0.0,0.0
2019-03-13T22:00:00.0,0.0,0.0,0.0,0.0,0.0
2019-03-13T23:00:00.0,0.0,-0.0009041498454678276,-0.000360238524355675,0.0009041498374671164,0.0
2019-03-14T00:00:00.0,0.410126974645,-0.4339389398015925,-0.1779700645614859,-0.5660610603985958,-0.2321569101656167
2019-03-14T01:00:00.0,0.0,0.0,0.0,-2.3533175408374518e-11,-1.864464138634503e-11
2019-03-14T02:00:00.0,0.0,0.0,0.0,8.526512829121202e-12,6.821210263296962e-12
2019-03-14T03:00:00.0,0.0,0.0035410602375751665,-0.0035735493231018878,-0.0035410602216643383,-0.03235355599167633
2019-03-14T04:00:00.0,0.0,0.0,0.0,-3.8198777474462986e-11,-3.0240698833949864e-11
2019-03-14T05:00:00.0,0.0,0.0,0.0,1.4722445484949276e-11,1.1709744285326451e-11
2019-03-14T06:00:00.0,0.0,0.0,0.0,0.0,0.0
2019-03-14T07:00:00.0,0.0,0.221479968017384,0.07341847869911104,-0.22147996799772685,-0.0
2019-03-14T08:00:00.0,0.0,0.0,0.0,5.826450433232822e-11,0.0
2019-03-14T09:00:00.0,0.3499821180505335,0.025046800355994492,0.008765932238984545,-0.025037819728490618,-0.008762789179949316
2019-03-14T10:00:00.0,0.0,0.0,0.0,0.0,0.0
2019-03-14T11:00:00.0,0.7922429338442151,0.0,0.0,6.597067030789106e-5,5.2264797392393054e-5
2019-03-14T12:00:00.0,0.0,0.0,0.0,1.645616976020392e-11,1.304556462855544e-11
2019-03-14T13:00:00.0,0.0,0.0,0.0,6.081165793148102e-9,4.817735543838353e-9
2019-03-14T14:00:00.0,0.0,0.0,0.0,1.6839862837514374e-12,1.3358203432289883e-12
2019-03-14T15:00:00.0,0.0,0.0,0.0,0.0,0.0
2019-03-14T16:00:00.0,17.19510518995451,-0.0004498861329693682,-0.00015294937321093456,0.00044090505688499987,-1.4811747787635732e-6
2019-03-14T17:00:00.0,0.0,-0.7876463015083601,-0.268636215523702,0.7876463015029458,0.0
2019-03-14T18:00:00.0,0.0,0.0,0.0,3.179913937856327e-5,0.0
2019-03-14T19:00:00.0,0.0,0.0,0.0,-7.864286999392789e-11,0.0
2019-03-14T20:00:00.0,0.0,0.0,0.0,8.185452315956354e-12,0.0
2019-03-14T21:00:00.0,0.0,0.0,0.0,6.890596091579937e-5,0.0
2019-03-14T22:00:00.0,0.0,0.0,0.0,0.0,0.0
2019-03-14T23:00:00.0,0.0,0.0,0.0,0.0,0.0
2019-03-15T00:00:00.0,0.35538832150700006,-0.9104412099757653,-0.3235601734440894,-0.08956015487711255,-0.03182863311568399
2019-03-15T01:00:00.0,0.0,0.0,0.0,7.105427357601002e-13,5.684341886080801e-13
2019-03-15T02:00:00.0,0.0,0.0,0.0,8.526512829121202e-13,6.821210263296962e-13
2019-03-15T03:00:00.0,0.0,0.0,0.0,0.0,0.0
2019-03-15T04:00:00.0,0.7922429338979243,0.0,0.0,2.5470345978925724e-6,2.0178701625739315e-6
2019-03-15T05:00:00.0,0.7922429338974194,0.0,0.0,-4.413084500709151e-6,-3.4962350123790456e-6
2019-03-15T06:00:00.0,0.7922429338974378,0.0,0.0,-1.0305347828220928e-6,-8.164338998263338e-7
2019-03-15T07:00:00.0,0.0,-0.11857133079593041,-0.03513062645023636,0.1185713308065844,0.0
2019-03-15T08:00:00.0,0.0,0.0014510305000499102,0.0004381583226496007,-0.001451030531778752,3.331099886671375e-5
2019-03-15T09:00:00.0,-0.0,0.0005465235974497773,0.0,-0.0005625688267230089,0.0
2019-03-15T10:00:00.0,0.0,0.0,0.0,-2.7284841053187847e-12,-2.2168933355715126e-12
2019-03-15T11:00:00.0,0.0,0.0,0.0,-1.7763568394002505e-12,-1.4068746168049984e-12
2019-03-15T12:00:00.0,0.0,0.0,0.0,0.0,0.0
2019-03-15T13:00:00.0,0.0,0.0,0.0,0.0,0.0
2019-03-15T14:00:00.0,0.0,0.0,0.0,-5.684341886080802e-14,-4.263256414560601e-14
2019-03-15T15:00:00.0,0.0,0.0,0.0,0.0,0.0
2019-03-15T16:00:00.0,-0.0,0.033167468522151466,0.0,-0.03318282664378103,0.0
2019-03-15T17:00:00.0,0.0,0.0,0.0,0.0,0.0
2019-03-15T18:00:00.0,0.0,0.0,0.0,0.0,0.0
2019-03-15T19:00:00.0,0.0,0.0,0.0,6.493396627504922e-5,0.0
2019-03-15T20:00:00.0,0.0,0.0,0.0,7.973710580699844e-11,0.0
2019-03-15T21:00:00.0,-0.0,0.0,0.0,-7.594027306367934e-5,0.0
2019-03-15T22:00:00.0,0.0,0.0,0.0,-7.73070496506989e-12,0.0
2019-03-15T23:00:00.0,0.0,0.0,0.0,0.0,0.0
2019-03-16T00:00:00.0,0.3598990984391793,-1.000000000267729,-0.3598990985355347,0.0,0.0
2019-03-16T01:00:00.0,0.0,0.0,0.0,-1.0615508472255897e-10,-8.409983820456546e-11
2019-03-16T02:00:00.0,0.0,0.0,0.0,5.3866244797973195e-11,4.2668091282394016e-11
2019-03-16T03:00:00.0,0.0,0.0,0.0,-2.1969981389702298e-11,-1.7408297026122455e-11
2019-03-16T04:00:00.0,0.0,0.0,0.0,-1.3415046851150692e-11,-1.0629719326971099e-11
2019-03-16T05:00:00.0,0.0,0.0,0.0,0.0,0.0
2019-03-16T06:00:00.0,0.0,0.0,0.0,-6.037765842847875e-10,0.0
2019-03-16T07:00:00.0,0.0,0.0,0.0,3.8767211663071066e-11,0.0
2019-03-16T08:00:00.0,0.0,0.0,0.0,8.699885256646667e-11,6.892264536872972e-11
2019-03-16T09:00:00.0,0.0,0.0,0.0,6.536993168992922e-12,5.172751116333529e-12
2019-03-16T10:00:00.0,0.0,0.0,0.0,-1.7053025658242404e-13,-1.7053025658242404e-13
2019-03-16T11:00:00.0,0.0,0.0,0.0,0.0,0.0
2019-03-16T12:00:00.0,0.0,0.0,0.0,0.0,0.0
2019-03-16T13:00:00.0,0.0,0.0,0.0,2.9746161089860834e-10,2.3567281459691003e-10
2019-03-16T14:00:00.0,0.0,0.0,0.0,-3.637978807091713e-12,-2.8421709430404007e-12
2019-03-16T15:00:00.0,0.0,0.0,0.0,-4.376943252282217e-12,-3.467448550509289e-12
2019-03-16T16:00:00.0,0.0,0.0,0.0,2.120827957696747e-10,1.680291461525485e-10
2019-03-16T17:00:00.0,0.0,0.0,0.0,-1.7776891070298007e-12,0.0
2019-03-16T18:00:00.0,0.0,0.0,0.0,-6.295408638834488e-12,0.0
2019-03-16T19:00:00.0,0.0,0.0,0.0,7.958078640513122e-12,0.0
2019-03-16T20:00:00.0,0.0,0.0,0.0,-3.069544618483633e-12,0.0
2019-03-16T21:00:00.0,0.0,0.0,0.0,0.0,0.0
2019-03-16T22:00:00.0,0.0,0.0,0.0,7.878497854107991e-11,0.0
2019-03-16T23:00:00.0,0.0,0.0,0.0,-1.5060663827171084e-10,0.0
2019-03-17T00:00:00.0,0.29782967453298337,-0.9999999984750438,-0.2978296740788062,0.0,0.0
2019-03-17T01:00:00.0,0.0,0.0,0.0,-7.679545888095163e-11,-6.082245818106458e-11
2019-03-17T02:00:00.0,0.0,0.0,0.0,-4.651212748285616e-11,-3.68913788406644e-11
2019-03-17T03:00:00.0,0.0,0.0,0.0,-3.694822225952521e-13,-2.984279490192421e-13
2019-03-17T04:00:00.0,0.0,0.0,0.0,0.0,0.0
2019-03-17T05:00:00.0,0.0,0.0,0.0,3.7402969610411674e-11,2.964384293591138e-11
2019-03-17T06:00:00.0,0.0,0.0,0.0,0.0,0.0
2019-03-17T07:00:00.0,0.0,0.0,0.0,3.495870259939693e-12,0.0
2019-03-17T08:00:00.0,0.0,0.0,0.0,0.0,0.0
2019-03-17T09:00:00.0,0.0,-139.99999999995367,-42.09355191158607,140.0,42.093551911599995
2019-03-17T10:00:00.0,0.0,0.0,0.0,9.184759619529359e-10,7.276526048372034e-10
2019-03-17T11:00:00.0,0.0,0.0,0.0,-4.092726157978177e-12,-3.240074875066057e-12
2019-03-17T12:00:00.0,0.0,25.02277884098696,7.523554572254075,-25.022778841028675,-7.523554572266621
2019-03-17T13:00:00.0,0.0,0.0,0.0,0.0,0.0
2019-03-17T14:00:00.0,0.0,114.97722115962009,34.56999733952844,-114.97722115957731,-34.569997339515595
2019-03-17T15:00:00.0,0.0,0.0,0.0,0.0,0.0
2019-03-17T16:00:00.0,0.0,0.0,0.0,0.0,0.0
2019-03-17T17:00:00.0,0.0,0.0,0.0,0.0,0.0
2019-03-17T18:00:00.0,0.0,0.0,0.0,-7.837286375433905e-12,0.0
2019-03-17T19:00:00.0,0.0,0.0,0.0,-3.7493919080588967e-10,0.0
2019-03-17T20:00:00.0,0.0,0.0,0.0,3.731202014023438e-10,0.0
2019-03-17T21:00:00.0,0.0,0.0,0.0,-9.663381206337363e-12,0.0
2019-03-17T22:00:00.0,0.0,0.0,0.0,2.184208369726548e-11,0.0
2019-03-17T23:00:00.0,0.0,0.0,0.0,0.0,0.0
2019-03-18T00:00:00.0,0.4101269746449627,-1.0579309925521585,-0.43388603735859876,0.05793099252900902,0.023759062704129974
2019-03-18T01:00:00.0,0.0,0.0,0.0,1.2111200931030908e-11,9.576561765811675e-12
2019-03-18T02:00:00.0,0.0,0.0,0.0,-9.848122317634989e-12,-7.8017592386459e-12
2019-03-18T03:00:00.0,0.0,-0.5654635583550061,-0.23191185846013504,0.5654635583585437,0.23191185846158546
2019-03-18T04:00:00.0,0.0,0.0,0.0,-9.322320693172514e-12,-7.332801033044234e-12
2019-03-18T05:00:00.0,0.0,0.0,0.0,0.0,0.0
2019-03-18T06:00:00.0,0.0,0.7572132433683407,0.21288222032865012,-0.7572132403462888,0.0
2019-03-18T07:00:00.0,0.0,-0.10132374749391992,-0.04078123283593347,0.10132374792999599,0.0
2019-03-18T08:00:00.0,0.0,0.0,0.0,1.6356693777197506e-11,-3.929301328753354e-12
2019-03-18T09:00:00.0,0.0,0.0,0.0,0.0,0.0
2019-03-18T10:00:00.0,0.0,0.0,0.0,5.811102710140403e-10,4.603748493536841e-10
2019-03-18T11:00:00.0,0.0,-101.37245706300533,-34.46395128096721,101.3724570613985,34.4639512804209
2019-03-18T12:00:00.0,0.0,286.0,97.232427346912,-285.9999999996819,-97.23242734680386
2019-03-18T13:00:00.0,0.0,-184.69455838236797,-62.79125954294962,184.69455838234842,62.79125954294296
2019-03-18T14:00:00.0,0.0,0.0,0.0,0.0,0.0
2019-03-18T15:00:00.0,0.0,0.0,0.0,2.2737367544323206e-13,1.7053025658242404e-13
2019-03-18T16:00:00.0,0.0,0.0,0.0,2.2396307031158358e-11,1.77351466845721e-11
2019-03-18T17:00:00.0,0.0,0.0,0.0,-7.858602657506708e-12,5.5848659030743875e-12
2019-03-18T18:00:00.0,0.0,0.0,0.0,1.1169731806148775e-11,0.0
2019-03-18T19:00:00.0,0.0,0.0,0.0,0.0,0.0
2019-03-18T20:00:00.0,0.0,0.0,0.0,5.588844942394644e-10,0.0
2019-03-18T21:00:00.0,0.0,0.0,0.0,-1.3301360013429075e-11,0.0
2019-03-18T22:00:00.0,0.0,0.0,0.0,1.4921397450962104e-11,0.0
2019-03-18T23:00:00.0,0.0,0.0,0.0,0.0,0.0
2019-03-19T00:00:00.0,0.33839260601252186,54.06670838050651,18.295774347399014,-55.06670838050553,-18.634166953411214
2019-03-19T01:00:00.0,0.0,-0.40499501260562454,-0.16609937926625842,0.4049950126190298,0.16609937927180304
2019-03-19T02:00:00.0,0.0,0.0,0.0,2.142996891052462e-11,1.6981971384666394e-11
2019-03-19T03:00:00.0,0.0,0.0,0.0,-5.3432813729159534e-11,-4.240519047016278e-11
2019-03-19T04:00:00.0,0.0,0.0,0.0,-1.0061285138363019e-11,-7.958078640513122e-12
2019-03-19T05:00:00.0,0.0,0.0,0.0,-1.9895196601282805e-12,-1.5774048733874224e-12
2019-03-19T06:00:00.0,0.0,0.7572132430130694,0.21288222022876946,-0.7572132434091827,0.0
2019-03-19T07:00:00.0,0.0,-0.10132374754494577,-0.04078123285647058,0.10132374757139928,0.0
2019-03-19T08:00:00.0,0.0,0.0,0.0,7.815970093361102e-12,0.0
2019-03-19T09:00:00.0,0.0,0.0,0.0,2.2737367544323206e-13,1.1368683772161603e-13
2019-03-19T10:00:00.0,0.0,-55.35212336349886,-18.818256340694802,55.352123363480786,18.818256340688663
2019-03-19T11:00:00.0,0.0,0.0,0.0,-2.1458390619955026e-11,-1.70103930940968e-11
2019-03-19T12:00:00.0,0.0,0.0,0.0,-2.475530891388189e-11,-1.9610979506978765e-11
2019-03-19T13:00:00.0,0.0,0.0,0.0,-2.2737367544323206e-13,-1.7053025658242404e-13
2019-03-19T14:00:00.0,0.0,0.0,0.0,1.1368683772161603e-13,1.1368683772161603e-13
2019-03-19T15:00:00.0,0.0,0.0,0.0,4.547473508864641e-13,3.410605131648481e-13
2019-03-19T16:00:00.0,0.0,0.0,0.0,9.691802915767767e-12,7.673861546209082e-12
2019-03-19T17:00:00.0,0.0,0.0,0.0,-2.1827872842550278e-11,0.0
2019-03-19T18:00:00.0,0.0,0.0,0.0,1.4017587091075256e-10,0.0
2019-03-19T19:00:00.0,0.0,0.0,0.0,0.0,0.0
2019-03-19T20:00:00.0,0.0,0.0,0.0,-2.2737367544323206e-13,0.0
2019-03-19T21:00:00.0,0.0,0.0,0.0,-3.234390533179976e-11,0.0
2019-03-19T22:00:00.0,0.0,0.0,0.0,0.0,0.0
2019-03-19T23:00:00.0,0.0,0.0,0.0,0.0,0.0
2019-03-20T00:00:00.0,0.4262763342259939,-0.999999999986223,-0.4262763342201272,-2.751221472863108e-11,-1.1738165994756855e-11
2019-03-20T01:00:00.0,0.0,0.0,0.0,0.0,0.0
2019-03-20T02:00:00.0,0.0,0.0,0.0,0.0,0.0
2019-03-20T03:00:00.0,0.0,0.0,0.0,1.0459189070388675e-11,8.29913915367797e-12
2019-03-20T04:00:00.0,0.0,0.0,0.0,0.0,0.0
2019-03-20T05:00:00.0,0.0,0.0,0.0,6.053824108676054e-11,4.794742380909156e-11
2019-03-20T06:00:00.0,0.0,0.0,0.0,0.0,0.0
2019-03-20T07:00:00.0,0.0,0.0,0.0,0.0,0.0
2019-03-20T08:00:00.0,0.0,0.0,0.0,2.1657342585967854e-11,0.0
2019-03-20T09:00:00.0,0.0,0.0,0.0,4.625633209798252e-11,3.664979431050597e-11
2019-03-20T10:00:00.0,0.0,0.0,0.0,0.0,0.0
2019-03-20T11:00:00.0,0.0,0.0,0.0,-2.984279490192421e-11,-2.3646862246096134e-11
2019-03-20T12:00:00.0,0.0,0.0,0.0,7.958078640513122e-13,6.252776074688882e-13
2019-03-20T13:00:00.0,0.0,0.0,0.0,0.0,0.0
2019-03-20T14:00:00.0,0.0,0.0,0.0,-2.308092916791793e-8,-1.8285732039657887e-8
2019-03-20T15:00:00.0,0.0,0.0,0.0,0.0,0.0
2019-03-20T16:00:00.0,0.0,0.0,0.0,5.7127635955112055e-12,4.533262654149439e-12
2019-03-20T17:00:00.0,0.0,313.0,106.752403074702,-312.999999999991,-0.0
2019-03-20T18:00:00.0,0.0,-312.99999999999943,-106.7524030747018,313.0000000000057,0.0
2019-03-20T19:00:00.0,0.0,179.6300267795078,61.26497451465026,-179.63002677956456,0.0
2019-03-20T20:00:00.0,0.0,-179.6300267790774,-61.26497451450347,179.63002677904672,0.0
2019-03-20T21:00:00.0,0.0,0.0,0.0,0.0,0.0
2019-03-20T22:00:00.0,0.0,0.0,0.0,0.0,0.0
2019-03-20T23:00:00.0,0.0,0.0,0.0,0.0,0.0
2019-03-21T00:00:00.0,0.4101269746449927,-0.5527857567422245,-0.22671235003953544,-0.4472142430450674,-0.1834146245182211
2019-03-21T01:00:00.0,0.0,0.0,0.0,-2.6147972675971687e-11,-2.071942617476452e-11
2019-03-21T02:00:00.0,0.0,0.0,0.0,0.0,0.0
2019-03-21T03:00:00.0,0.0,0.0,0.0,0.0,0.0
2019-03-21T04:00:00.0,0.0,0.0,0.0,0.0,0.0
2019-03-21T05:00:00.0,0.0,0.0,0.0,0.0,0.0
2019-03-21T06:00:00.0,0.0,0.0,0.0,1.7053025658242404e-11,1.3528733688872308e-11
2019-03-21T07:00:00.0,0.0,0.0,0.0,0.0,0.0
2019-03-21T08:00:00.0,0.0,0.0,0.0,0.0,0.0
2019-03-21T09:00:00.0,0.7922429337201135,0.0,0.0,2.1651070937878103e-5,1.7152907958006836e-5
2019-03-21T10:00:00.0,0.0,0.0,0.0,-6.070877134334296e-11,-4.808953235624358e-11
2019-03-21T11:00:00.0,0.0,0.0,0.0,1.134594640461728e-10,0.0
2019-03-21T12:00:00.0,0.0,0.0,0.0,2.0749180151824476e-11,0.02904531687006972
2019-03-21T13:00:00.0,0.0,0.0,0.0,0.0,0.0
2019-03-21T14:00:00.0,0.0,-0.46223178036032664,-0.15714656643817917,0.4622317803752338,0.0
2019-03-21T15:00:00.0,0.0,0.0,0.0,0.0,0.0
2019-03-21T16:00:00.0,0.0,0.0,0.0,0.0,0.0
2019-03-21T17:00:00.0,0.0,0.0,0.0,0.0,0.0
2019-03-21T18:00:00.0,0.0,0.0,0.0,7.09405867382884e-11,0.0
2019-03-21T19:00:00.0,0.0,0.09744082935201881,0.032512927099768815,-0.0974408294659539,0.012326934889606397
2019-03-21T20:00:00.0,0.0,-0.06374352174640663,-0.02717235478071353,0.06374352177920173,0.0
2019-03-21T21:00:00.0,-0.0,0.0,0.0,-6.139808101579547e-5,0.0
2019-03-21T22:00:00.0,0.0,0.0,0.0,-1.3617096783491434e-8,0.0
2019-03-21T23:00:00.0,0.0,0.0,0.0,0.0,0.0
2019-03-22T00:00:00.0,0.42627633422599864,-1.000000000324902,-0.4262763343644981,1.7817569641920272e-10,7.594991302539711e-11
2019-03-22T01:00:00.0,0.0,0.0,0.0,1.7847128219727892e-9,1.4139232007437386e-9
2019-03-22T02:00:00.0,0.0,0.0,0.0,3.6920368984283414e-9,2.924991804320598e-9
2019-03-22T03:00:00.0,0.0,0.0,0.0,-2.580691216280684e-11,-2.0463630789890885e-11
2019-03-22T04:00:00.0,0.0,0.0,0.0,-6.127834240032826e-9,-4.854655344388448e-9
2019-03-22T05:00:00.0,0.0,0.0,0.0,-9.382006282976363e-11,-7.432277016050648e-11
2019-03-22T06:00:00.0,0.0,0.0,0.0,1.2323653209023178e-10,0.0
2019-03-22T07:00:00.0,0.0,0.0,0.0,-3.5697667044587433e-11,0.0
2019-03-22T08:00:00.0,0.0,0.0,0.0,0.0,0.0
2019-03-22T09:00:00.0,0.0,0.0,0.0,0.0,0.0
2019-03-22T10:00:00.0,0.0,0.0,0.0,0.0,0.0
2019-03-22T11:00:00.0,0.0,0.0,0.0,-3.168310058754287e-11,-2.509636942704674e-11
2019-03-22T12:00:00.0,0.0,0.0,0.0,-2.955857780762017e-11,-2.3533175408374518e-11
2019-03-22T13:00:00.0,0.0,0.0,0.0,5.115907697472721e-12,4.092726157978177e-12
2019-03-22T14:00:00.0,0.0,0.0,0.0,-1.8758328224066645e-11,-1.4779288903810084e-11
2019-03-22T15:00:00.0,0.0,0.0,0.0,1.1937117960769683e-12,9.379164112033322e-13
2019-03-22T16:00:00.0,0.0,0.0,0.0,0.0,0.0
2019-03-22T17:00:00.0,0.0,0.0,0.0,2.7125679480377585e-10,2.149000977169635e-10
2019-03-22T18:00:00.0,0.0,-81.46706882421279,-24.494559218842078,81.46706882877555,0.0
2019-03-22T19:00:00.0,0.0,0.0,0.0,1.0800249583553523e-11,0.0
2019-03-22T20:00:00.0,0.0,0.0,0.0,-1.475655153626576e-10,0.0
2019-03-22T21:00:00.0,0.0,0.0,0.0,1.0825260687852278e-9,0.0
2019-03-22T22:00:00.0,0.0,0.0,0.0,-2.842170943040401e-14,0.0
2019-03-22T23:00:00.0,0.0,81.4670688240195,24.494559218783962,-81.46706882399245,0.0
2019-03-23T00:00:00.0,0.3616938473090983,-1.2514491605609308,-0.45264146159502466,0.2514491605547976,0.09094761428370793
2019-03-23T01:00:00.0,0.0,0.0,0.0,0.0,0.0
2019-03-23T02:00:00.0,0.0,0.0,0.0,-2.048921032837825e-10,-1.6231638255703729e-10
2019-03-23T03:00:00.0,0.0,0.0,0.0,3.353761712787673e-12,2.6432189770275727e-12
2019-03-23T04:00:00.0,0.0,0.0014897234888167077,0.0,-0.001489723491530981,0.0
2019-03-23T05:00:00.0,0.0,0.4019610844076027,0.14076194985838097,-0.40196108423624444,-0.023101492739343005
2019-03-23T06:00:00.0,0.0,-0.22242318147931428,-0.06687558382816244,0.2224231814850839,0.0
2019-03-23T07:00:00.0,0.0,0.05722871097404436,0.017280984794546754,-0.0572287109640115,0.0
2019-03-23T08:00:00.0,0.0,0.0,0.0,-7.213429853436537e-11,-5.7127635955112055e-11
2019-03-23T09:00:00.0,0.0,0.0,0.0,0.0,0.0
2019-03-23T10:00:00.0,0.0,0.0,0.0,0.0,0.0
2019-03-23T11:00:00.0,0.0,0.0,0.0,0.0,0.0
2019-03-23T12:00:00.0,0.0,0.0,0.0,-9.125838573709188e-8,-7.229881759940326e-8
2019-03-23T13:00:00.0,0.0,0.0,0.0,1.2448708730516955e-10,9.868017514236271e-11
2019-03-23T14:00:00.0,0.0,0.0,0.0,0.0,0.0
2019-03-23T15:00:00.0,0.0,0.0,0.0,-1.6257217794191092e-11,-1.2960299500264227e-11
2019-03-23T16:00:00.0,0.0,0.0,0.0,9.090888397622621e-8,7.202186225185869e-8
2019-03-23T17:00:00.0,0.0,0.0,0.0,-1.7763568394002505e-13,-1.4210854715202004e-13
2019-03-23T18:00:00.0,0.0,0.0,0.0,1.830358087318018e-11,0.0
2019-03-23T19:00:00.0,0.0,0.0,0.0,-1.7280399333685637e-11,0.0
2019-03-23T20:00:00.0,0.0,0.0,0.0,1.0084022505907342e-10,0.0
2019-03-23T21:00:00.0,0.0,0.0,0.0,-2.5767121769604273e-10,0.0
2019-03-23T22:00:00.0,0.0,0.0,0.0,-5.3731241678178776e-11,0.0
2019-03-23T23:00:00.0,0.0,0.0,0.0,-2.049773684120737e-10,0.0
2019-03-24T00:00:00.0,0.29408863617527997,-0.9999999999496687,-0.2940886361604781,0.0,0.0
2019-03-24T01:00:00.0,0.0,0.0,0.0,0.0,0.0
2019-03-24T02:00:00.0,0.0,0.0,0.0,0.0,0.0
2019-03-24T03:00:00.0,0.0,0.0,0.0,0.0,0.0
2019-03-24T04:00:00.0,0.0,0.0,0.0,0.0,0.0
2019-03-24T05:00:00.0,0.0,0.0,0.0,0.0,0.0
2019-03-24T06:00:00.0,0.0,0.0,0.0,0.0,0.0
2019-03-24T07:00:00.0,0.0,0.0,0.0,0.0,0.0
2019-03-24T08:00:00.0,0.0,0.0,0.0,-2.103762142269261e-7,-1.6666906788032065e-7
2019-03-24T09:00:00.0,0.0,0.0,0.0,0.0,0.0
2019-03-24T10:00:00.0,0.0,0.0,0.0,1.4779288903810084e-11,1.1709744285326451e-11
2019-03-24T11:00:00.0,0.0,0.0,0.0,-4.267803888069466e-10,-3.3810465538408607e-10
2019-03-24T12:00:00.0,0.0,0.0,0.0,1.1908696251339279e-11,9.43600753089413e-12
2019-03-24T13:00:00.0,0.0,0.0,0.0,1.6484591469634324e-11,1.3073986337985843e-11
2019-03-24T14:00:00.0,0.0,0.0,0.0,5.4569682106375694e-11,4.3428372009657323e-11
2019-03-24T15:00:00.0,0.0,0.0,0.0,-6.366462912410498e-12,-5.002220859751105e-12
2019-03-24T16:00:00.0,0.0,0.0,0.0,0.0,0.0
2019-03-24T17:00:00.0,0.0,0.0,0.0,0.0,0.0
2019-03-24T18:00:00.0,0.0,0.0,0.0,3.183231456205249e-11,0.0
2019-03-24T19:00:00.0,0.0,0.0,0.0,1.5370460459962487e-10,0.0
2019-03-24T20:00:00.0,0.0,0.0,0.0,-4.433786671143025e-12,0.0
2019-03-24T21:00:00.0,0.0,0.0,0.0,-3.6862957131234e-11,0.0
2019-03-24T22:00:00.0,0.0,0.0,0.0,-3.205968823749572e-11,0.0
2019-03-24T23:00:00.0,0.0,0.0,0.0,0.0,0.0
2019-03-25T00:00:00.0,0.3382836741300847,-466.48285692765,-157.8035347601911,465.4828569276699,157.4652510860676
2019-03-25T01:00:00.0,0.0,-599.0,-203.984830421614,599.0000000000014,203.98483042161445
2019-03-25T02:00:00.0,0.0,-285.99999999999966,-97.23242734691189,286.00000000002274,97.23242734691974
2019-03-25T03:00:00.0,0.0,-852.0,-280.42972689397794,851.9999999999849,301.4097706000897
2019-03-25T04:00:00.0,0.0,-538.9999999999997,-178.40825036805387,538.9999999999869,199.5065814577746
2019-03-25T05:00:00.0,0.0,-539.0,-173.67732381927598,538.9999999999848,194.2161815971773
2019-03-25T06:00:00.0,0.0,48.7848099193409,26.924063839364976,-48.784809919328865,106.1494906768323
2019-03-25T07:00:00.0,0.0,868.4761295228072,341.4589124506512,-868.476129522797,10.804056074300526
2019-03-25T08:00:00.0,0.0,1010.2599137139721,402.07470490185494,-1010.2599137139781,21.811332533527636
2019-03-25T09:00:00.0,0.0,780.3169445813776,303.8667997413959,-780.3169445813924,-40.62246759793786
2019-03-25T10:00:00.0,0.0,349.84333399876454,132.76346181589008,-349.8433339987679,-39.74450585022561
2019-03-25T11:00:00.0,0.0,-123.1333576932446,-42.15398809289713,123.13335769326147,-17.265864183962947
2019-03-25T12:00:00.0,0.0,-551.3372671556046,-187.78076325920858,551.3372671556394,150.98583258787227
2019-03-25T13:00:00.0,0.0,-338.89157123181633,-116.16079602212722,338.891571231807,116.160796022124
2019-03-25T14:00:00.0,0.0,3.9158927104395644,3.930542734794628,-3.915892710485295,87.12953802738303
2019-03-25T15:00:00.0,0.0,523.9999999999997,201.78749281544782,-524.0000000000056,-35.69201332564688
2019-03-25T16:00:00.0,0.0,524.0,201.78749281544796,-524.0000000000207,9.228999915870347
2019-03-25T17:00:00.0,0.0,-0.29037946594496766,-0.1042287018286214,0.2903794659354606,0.09863777167788432
2019-03-25T18:00:00.0,0.0,-17.1509630240835,-6.207289587089423,17.1509630240796,0.0
2019-03-25T19:00:00.0,0.0,0.0,0.0,-3.979039320256561e-12,0.0
2019-03-25T20:00:00.0,0.0,0.0,0.0,1.0459189070388675e-11,0.0
2019-03-25T21:00:00.0,12.413498920912348,-61.0,-27.471167,58.78699243661907,0.0
2019-03-25T22:00:00.0,0.0,0.0,0.0,-2.8421709430404007e-11,0.0
2019-03-25T23:00:00.0,0.0,46.10623911446204,17.825729895842223,-46.10623911444692,0.0
2019-03-26T00:00:00.0,0.426276334226,-0.9999999999740439,-0.4262763342149355,0.0,0.0
2019-03-26T01:00:00.0,0.0,0.0,0.0,0.0,0.0
2019-03-26T02:00:00.0,0.0,0.0,0.0,0.0,0.0
2019-03-26T03:00:00.0,0.0,0.0,0.0,0.0,0.0
2019-03-26T04:00:00.0,0.0,0.0,0.0,0.0,0.0
2019-03-26T05:00:00.0,0.0,0.0,0.0,0.0,0.0
2019-03-26T06:00:00.0,0.0,0.0,0.0,0.0,0.0
2019-03-26T07:00:00.0,0.0,0.0,0.0,0.0,0.0
2019-03-26T08:00:00.0,0.0,0.0,0.0,0.0,0.0
2019-03-26T09:00:00.0,0.0,0.0,0.0,5.582023732131347e-11,4.4224179873708636e-11
2019-03-26T10:00:00.0,0.0,0.0,0.0,0.0,0.0
2019-03-26T11:00:00.0,0.0,0.0,0.0,8.995471034722868e-12,7.126743639673805e-12
2019-03-26T12:00:00.0,0.0,0.0,0.0,3.213784793842933e-11,2.546585164964199e-11
2019-03-26T13:00:00.0,0.0,0.0,0.0,-1.2505552149377763e-12,-1.0231815394945443e-12
2019-03-26T14:00:00.0,0.0,0.0,0.0,3.410605131648481e-13,2.8421709430404007e-13
2019-03-26T15:00:00.0,0.0,0.0,0.0,2.0691004465334117e-11,1.63140612130519e-11
2019-03-26T16:00:00.0,0.0,0.0,0.0,0.0,0.0
2019-03-26T17:00:00.0,0.0,0.0,0.0,0.0,0.0
2019-03-26T18:00:00.0,0.0,320.0,96.62833637407999,-319.9999999999536,0.0
2019-03-26T19:00:00.0,0.0,0.0,0.0,4.0472514228895307e-11,0.0
2019-03-26T20:00:00.0,0.0,-157.40255327394053,-47.52983394966679,157.40255327409864,0.0
2019-03-26T21:00:00.0,0.0,-162.5974467339202,-49.098502426786865,162.5974467355677,0.0
2019-03-26T22:00:00.0,0.0,0.0,0.0,5.882085929442837e-10,0.0
2019-03-26T23:00:00.0,0.0,0.0,0.0,3.6834535421803594e-11,0.0
2019-03-27T00:00:00.0,0.41012697464501335,-0.7762996581750059,-0.3183814302252628,-0.2237003418031236,-0.091745544410756
2019-03-27T01:00:00.0,0.0,0.0,0.0,0.0,0.0
2019-03-27T02:00:00.0,0.0,0.0,0.0,2.539124466238718e-11,2.0107471243591135e-11
2019-03-27T03:00:00.0,0.0,0.0,0.0,0.0,0.0
2019-03-27T04:00:00.0,0.0,0.0,0.0,0.0,0.0
2019-03-27T05:00:00.0,0.0,-0.19769631270998483,-0.08855746034993503,0.19769631274277297,0.10285533418705692
2019-03-27T06:00:00.0,0.0,0.17240837636165907,0.04651854538660552,-0.17240837636485917,0.004152333689372527
2019-03-27T07:00:00.0,0.0,0.0,0.0,7.617018127348274e-12,0.0
2019-03-27T08:00:00.0,0.0,0.0,0.0,-2.8961721909581684e-11,0.025133639768288925
2019-03-27T09:00:00.0,0.0,0.0,0.0,0.0,0.0
2019-03-27T10:00:00.0,0.0,-0.0070462947078908655,-0.0022967200962806084,0.0070462946961225015,0.002296720092444743
2019-03-27T11:00:00.0,0.0,0.0,0.0,1.290345608140342e-11,1.0231815394945443e-11
2019-03-27T12:00:00.0,0.0,0.0,0.0,0.0,0.0
2019-03-27T13:00:00.0,0.0,0.04216360401620989,0.014984452460006636,-0.042163603980895914,-0.01498445244743607
2019-03-27T14:00:00.0,0.0,0.0,0.0,0.0,0.0
2019-03-27T15:00:00.0,0.0,0.0,0.0,0.0,0.0
2019-03-27T16:00:00.0,0.0,-0.23627947814549088,-0.08032876640681022,0.23627947812223304,0.012445987907605777
2019-03-27T17:00:00.0,0.0,0.0,0.0,0.0,0.0
2019-03-27T18:00:00.0,0.0,0.0,0.0,1.1695533430611249e-11,0.0003765065837767764
2019-03-27T19:00:00.0,0.0,0.0,0.0,0.0,0.0
2019-03-27T20:00:00.0,0.0,0.0,0.0,0.0,0.0
2019-03-27T21:00:00.0,0.0,0.0,0.0,0.0,0.0
2019-03-27T22:00:00.0,0.0,0.0,0.0,6.764366844436154e-12,0.0
2019-03-27T23:00:00.0,0.0,0.0,0.0,0.0,0.0
2019-03-28T00:00:00.0,0.2980611418234144,-0.9999999999766143,-0.29806114181644405,0.0,0.0
2019-03-28T01:00:00.0,0.0,0.0,0.0,0.0,0.0
2019-03-28T02:00:00.0,0.0,0.0,0.0,0.0,0.0
2019-03-28T03:00:00.0,0.0,0.0,0.0,0.0,0.0
2019-03-28T04:00:00.0,0.0,0.0,0.0,0.0,0.0
2019-03-28T05:00:00.0,0.0,0.0,0.0,0.0,0.0
2019-03-28T06:00:00.0,0.0,0.0,0.0,0.0,0.0
2019-03-28T07:00:00.0,0.0,0.0,0.0,0.0,0.0
2019-03-28T08:00:00.0,0.0,0.0,0.0,0.0,0.0
2019-03-28T09:00:00.0,0.0,0.0,0.0,3.994841790699866e-9,3.1649278753320687e-9
2019-03-28T10:00:00.0,0.0,0.0,0.0,5.115907697472721e-12,4.092726157978177e-12
2019-03-28T11:00:00.0,0.0,0.0,0.0,-2.7706050786946435e-9,-2.1950086193101015e-9
2019-03-28T12:00:00.0,0.0,0.0,0.0,2.2737367544323206e-13,1.7053025658242404e-13
2019-03-28T13:00:00.0,0.0,0.0,0.0,2.45168507717608e-9,1.9423325170464523e-9
2019-03-28T14:00:00.0,0.0,0.0,0.0,1.7621459846850485e-11,1.3983481039758772e-11
2019-03-28T15:00:00.0,0.0,0.0,0.0,2.3078428057488054e-11,1.830358087318018e-11
2019-03-28T16:00:00.0,0.0,0.0,0.0,0.0,0.0
2019-03-28T17:00:00.0,0.0,318.0,95.61249648491999,-318.0000000000498,0.0
2019-03-28T18:00:00.0,0.0,-318.0,-95.61249648491999,317.99999999998226,0.0
2019-03-28T19:00:00.0,0.0,-318.0,-95.61249648491999,317.99999999996885,0.0
2019-03-28T20:00:00.0,0.0,318.0,95.61249648491999,-317.9999999999723,-0.0
2019-03-28T21:00:00.0,0.0,318.0,95.61249648491999,-317.99999999999534,0.0
2019-03-28T22:00:00.0,0.0,-318.0,-95.61249648491999,317.99999999985806,0.0
2019-03-28T23:00:00.0,0.0,0.0,0.0,5.684341886080801e-13,0.0
2019-03-29T00:00:00.0,0.4262763342259826,-1.0000000003696385,-0.42627633438356816,3.0246383175835945e-10,1.2893508483102778e-10
2019-03-29T01:00:00.0,0.0,0.0,0.0,1.0686562745831907e-11,8.355982572538778e-12
2019-03-29T02:00:00.0,0.0,0.0,0.0,-3.979039320256561e-13,-3.126388037344441e-13
2019-03-29T03:00:00.0,0.0,0.0,0.0,-3.0468072509393096e-11,-2.4215296434704214e-11
2019-03-29T04:00:00.0,0.0,0.0,0.0,0.0,0.0
2019-03-29T05:00:00.0,0.0,0.0,0.0,0.0,0.0
2019-03-29T06:00:00.0,0.0,0.0,0.0,0.0,0.0
2019-03-29T07:00:00.0,0.0,0.0,0.0,0.0,0.0
2019-03-29T08:00:00.0,0.0,0.0,0.0,5.004494596505538e-10,0.0
2019-03-29T09:00:00.0,0.0,0.0,0.0,0.0,0.0
2019-03-29T10:00:00.0,0.0,0.0,0.0,0.0,0.0
2019-03-29T11:00:00.0,0.0,0.0,0.0,0.0,0.0
2019-03-29T12:00:00.0,0.0,0.0,0.0,-2.523847797419876e-11,-1.9952040020143613e-11
2019-03-29T13:00:00.0,0.0,0.0,0.0,3.454942998359911e-10,2.737010618147906e-10
2019-03-29T14:00:00.0,0.0,0.0,0.0,-6.423306331271306e-12,-5.115907697472721e-12
2019-03-29T15:00:00.0,0.0,0.0,0.0,-1.7053025658242404e-13,-1.7053025658242404e-13
2019-03-29T16:00:00.0,0.0,0.0,0.0,0.0,0.0
2019-03-29T17:00:00.0,0.0,0.0,0.0,0.0,0.0
2019-03-29T18:00:00.0,0.0,0.0,0.0,-1.9383605831535533e-11,0.0
2019-03-29T19:00:00.0,0.0,-124.97372595638856,-42.48775779485119,124.97372595631214,0.0
2019-03-29T20:00:00.0,0.0,124.97372595654639,42.48775779490485,-124.97372595653576,0.0
2019-03-29T21:00:00.0,0.0,0.0,0.0,-2.015099198615644e-10,0.0
2019-03-29T22:00:00.0,0.0,0.0,0.0,-8.469669410260394e-12,0.0
2019-03-29T23:00:00.0,0.0,0.0,0.0,0.0,0.0
2019-03-30T00:00:00.0,0.426276334226,-0.9999999999708464,-0.42627633421357247,0.0,0.0
2019-03-30T01:00:00.0,0.0,0.0,0.0,0.0,0.0
2019-03-30T02:00:00.0,0.0,0.0,0.0,0.0,0.0
2019-03-30T03:00:00.0,0.0,0.0,0.0,1.4477308241112041e-11,1.1471712468846818e-11
2019-03-30T04:00:00.0,0.0,0.0,0.0,-2.729052539507393e-10,-2.1620394363708328e-10
2019-03-30T05:00:00.0,0.0,0.0,0.0,0.0,0.0
2019-03-30T06:00:00.0,0.0,0.0,0.0,2.45503173346151e-10,0.0
2019-03-30T07:00:00.0,0.0,0.0,0.0,0.0,0.0
2019-03-30T08:00:00.0,0.0,0.0,0.0,0.0,0.0
2019-03-30T09:00:00.0,0.0,0.0,0.0,-2.7691271498042624e-10,-2.1938717509328853e-10
2019-03-30T10:00:00.0,0.0,0.0,0.0,0.0,0.0
2019-03-30T11:00:00.0,0.0,0.0,0.0,1.9554136088117957e-11,1.549154554636445e-11
2019-03-30T12:00:00.0,0.0,0.0,0.0,1.7053025658242404e-12,1.3642420526593924e-12
2019-03-30T13:00:00.0,0.0,0.0,0.0,1.77351466845721e-11,1.4097167877480388e-11
2019-03-30T14:00:00.0,0.0,0.0,0.0,-4.5929482439532876e-11,-3.639399892563233e-11
2019-03-30T15:00:00.0,0.0,0.0,0.0,1.546140993013978e-11,1.2278178473934531e-11
2019-03-30T16:00:00.0,0.0,0.0,0.0,3.126388037344441e-12,2.4726887204451486e-12
2019-03-30T17:00:00.0,0.0,0.0,0.0,0.0,0.0
2019-03-30T18:00:00.0,0.0,0.0,0.0,0.0,0.0
2019-03-30T19:00:00.0,0.0,0.0,0.0,9.546852197672706e-10,0.0
2019-03-30T20:00:00.0,0.0,0.0,0.0,-2.0463630789890885e-12,0.0
2019-03-30T21:00:00.0,0.0,0.0,0.0,-3.0183855415089056e-11,0.0
2019-03-30T22:00:00.0,0.0,0.0,0.0,5.684341886080801e-13,0.0
2019-03-30T23:00:00.0,0.0,0.0,0.0,3.979039320256561e-13,0.0
2019-03-31T00:00:00.0,0.7922429338974433,0.0,0.0,-0.9999999999735394,-0.79224293387648
2019-03-31T01:00:00.0,0.0,0.0,0.0,0.0,0.0
2019-03-31T02:00:00.0,0.0,0.0,0.0,0.0,0.0
2019-03-31T03:00:00.0,0.0,0.0,0.0,-1.0487610779819079e-11,-8.313350008393172e-12
2019-03-31T04:00:00.0,0.0,-0.9417854514705004,-0.33469955081781333,0.9417854514624935,0.3346995508149746
2019-03-31T05:00:00.0,0.0,0.0,0.0,0.0,0.0
2019-03-31T06:00:00.0,0.0,0.0,0.0,0.0,0.0
2019-03-31T07:00:00.0,0.0,0.0,0.0,-2.3740653887216467e-9,-1.8808350432664156e-9
2019-03-31T08:00:00.0,0.7922429362662214,0.0,0.0,7.901406263499666e-6,6.259833298827289e-6
2019-03-31T09:00:00.0,0.0,0.0,0.0,5.5422333389287814e-12,4.391154106997419e-12
2019-03-31T10:00:00.0,0.0,0.0,0.0,0.0,0.0
2019-03-31T11:00:00.0,0.0,0.006941470077890699,0.0,-0.006941470072479916,0.0
2019-03-31T12:00:00.0,0.0,0.0,0.0,0.0,0.0
2019-03-31T13:00:00.0,-0.0,0.027398819464679036,0.0,-0.02741932936370972,0.0
2019-03-31T14:00:00.0,0.0,0.0,0.0,5.684341886080802e-14,0.0
2019-03-31T15:00:00.0,0.0,0.0,0.0,0.0,0.0
2019-03-31T16:00:00.0,0.0,0.0,0.0,0.0,0.0
2019-03-31T17:00:00.0,0.0,0.0,0.0,-2.5579538487363607e-13,-1.9895196601282805e-13
2019-03-31T18:00:00.0,0.0,0.0,0.0,-7.980816008057445e-11,0.0
2019-03-31T19:00:00.0,0.0,-0.08799087477910916,-0.02473767192490199,0.08799087482623236,0.0
2019-03-31T20:00:00.0,0.0,0.0,0.0,-2.9558577807620168e-12,0.0
2019-03-31T21:00:00.0,0.0,0.0,0.0,-1.4301804185379297e-9,0.0
2019-03-31T22:00:00.0,-0.0,0.0,0.0,-9.300192198224977e-5,0.0
2019-03-31T23:00:00.0,0.0,0.0,0.0,-6.218670023372397e-11,0.0
2019-04-01T00:00:00.0,0.35538832150699445,-0.8964117381584202,-0.31857426300329333,-0.10358826181573022,-0.0368140584945138
2019-04-01T01:00:00.0,0.0,0.0,0.0,-1.3778844731859863e-10,-1.0913936421275139e-10
2019-04-01T02:00:00.0,0.0,0.0,0.0,3.8050984585424885e-10,3.013838068000041e-10
2019-04-01T03:00:00.0,0.0,0.0,0.0,6.332356861094013e-11,5.013589543523267e-11
2019-04-01T04:00:00.0,0.0,0.0,0.0,-3.865352482534945e-12,-3.069544618483633e-12
2019-04-01T05:00:00.0,0.0,0.0,0.0,-2.851550107152434e-10,-2.2590995740756625e-10
2019-04-01T06:00:00.0,0.0,0.0,0.0,2.1884716261411086e-11,0.0
2019-04-01T07:00:00.0,0.0,0.0,0.0,-2.4442670110147446e-11,0.0
2019-04-01T08:00:00.0,0.0,0.0,0.0,7.088503941883974e-6,0.0
2019-04-01T09:00:00.0,0.0,0.0,0.0,2.8421709430404007e-13,2.2737367544323206e-13
2019-04-01T10:00:00.0,0.0,0.0,0.0,-4.320099833421409e-12,-3.410605131648481e-12
2019-04-01T11:00:00.0,0.0,0.0,0.0,2.8421709430404007e-13,2.2737367544323206e-13
2019-04-01T12:00:00.0,0.7922429201213995,0.0,0.0,-3.129735489437735e-6,-2.4795107833597285e-6
2019-04-01T13:00:00.0,0.0,0.0,0.0,1.1368683772161603e-13,5.684341886080802e-14
2019-04-01T14:00:00.0,0.0,0.0,0.0,-5.684341886080802e-14,-5.684341886080802e-14
2019-04-01T15:00:00.0,0.0,0.0,0.0,2.2737367544323206e-13,1.7053025658242404e-13
2019-04-01T16:00:00.0,-0.0018192996185305186,0.03351255610274961,-6.096938065783143e-5,-0.033432778140195296,6.082424064102199e-5
2019-04-01T17:00:00.0,0.0,0.0,0.0,-2.0737189743158524e-11,0.0005137807368498427
2019-04-01T18:00:00.0,0.0,0.0,0.0,6.409095476556104e-11,0.0
2019-04-01T19:00:00.0,-0.0,0.0,0.0,-1.5025545962998876e-6,0.0
2019-04-01T20:00:00.0,0.0,-30.369714907837263,-10.7930420057424,30.369714907856178,0.0
2019-04-01T21:00:00.0,0.0,0.0,0.0,-1.1269207789155189e-11,0.0
2019-04-01T22:00:00.0,0.0,30.2321358489392,10.74796041736514,-30.232135848939617,0.0
2019-04-01T23:00:00.0,0.0,0.007302309557658759,0.0025951555368208703,-0.007302309534452434,0.0
2019-04-02T00:00:00.0,0.426276334226,-0.9999999999778089,-0.42627633421654043,0.0,0.0
2019-04-02T01:00:00.0,0.0,0.0,0.0,0.0,0.0
2019-04-02T02:00:00.0,0.0,81.3474401531565,24.458590678304766,-81.34744015316357,-24.45859067830689
2019-04-02T03:00:00.0,0.0,231.10579611510576,69.48617018459178,-231.10579611508427,-69.48617018458532
2019-04-02T04:00:00.0,0.0,0.0,0.0,1.9610979506978765e-11,1.5575096767861396e-11
2019-04-02T05:00:00.0,0.0,0.0,0.0,0.0,0.0
2019-04-02T06:00:00.0,0.0,0.0,0.0,0.0,0.0
2019-04-02T07:00:00.0,0.0,0.0,0.0,-4.638422979041934e-11,0.0
2019-04-02T08:00:00.0,0.0,0.0,0.0,-2.984279490192421e-11,0.0
2019-04-02T09:00:00.0,0.0,0.0,0.0,-2.5967210603994317e-9,-2.057234382846218e-9
2019-04-02T10:00:00.0,0.0,-235.26810916165604,-70.73764547242959,235.2681091642985,70.73764547322409
2019-04-02T11:00:00.0,0.0,-77.18512710650955,-23.207115390437885,77.18512710648304,23.207115390429912
2019-04-02T12:00:00.0,0.0,0.0,0.0,2.955857780762017e-11,2.3646862246096134e-11
2019-04-02T13:00:00.0,0.0,0.0,0.0,1.8332002582610585e-12,1.4495071809506044e-12
2019-04-02T14:00:00.0,0.0,0.0,0.0,0.0,0.0
2019-04-02T15:00:00.0,0.0,0.0,0.0,8.881784197001252e-13,7.034373084024992e-13
2019-04-02T16:00:00.0,0.0,0.0,0.0,-4.0330405681743287e-11,0.0
2019-04-02T17:00:00.0,0.0,0.0,0.0,7.531752999057062e-11,0.0
2019-04-02T18:00:00.0,0.0,0.0,0.0,3.444711182964966e-11,0.0
2019-04-02T19:00:00.0,0.0,0.0,0.0,-9.43600753089413e-12,0.0
2019-04-02T20:00:00.0,0.0,0.0,0.0,-3.5925040720030665e-11,0.0
2019-04-02T21:00:00.0,0.0,0.0,0.0,-1.5631940186722204e-11,0.0
2019-04-02T22:00:00.0,0.0,0.0,0.0,0.0,0.0
2019-04-02T23:00:00.0,0.0,0.0,0.0,0.0,0.0
2019-04-03T00:00:00.0,0.426276334226,-1.000000001224155,-0.4262763347478283,0.0,0.0
2019-04-03T01:00:00.0,0.0,0.0,0.0,-4.0746783724898705e-10,-3.228137757105287e-10
2019-04-03T02:00:00.0,0.0,0.0,0.0,3.814619731201674e-10,3.022080363734858e-10
2019-04-03T03:00:00.0,0.0,0.0,0.0,0.0,0.0
2019-04-03T04:00:00.0,0.0,0.0,0.0,-1.1411316336307209e-10,-9.039524684339995e-11
2019-04-03T05:00:00.0,0.0,0.0,0.0,0.0,0.0
2019-04-03T06:00:00.0,0.0,0.0,0.0,2.4712676349736284e-11,0.0
2019-04-03T07:00:00.0,0.0,0.0,0.0,0.0,0.0
2019-04-03T08:00:00.0,0.0,0.0,0.0,1.198259269585833e-10,9.495693120697979e-11
2019-04-03T09:00:00.0,0.0,0.0,0.0,0.0,0.0
2019-04-03T10:00:00.0,0.0,0.0,0.0,2.432898327242583e-11,1.9269918993813917e-11
2019-04-03T11:00:00.0,0.0,0.0,0.0,-6.139089236967266e-12,-4.860112312599085e-12
2019-04-03T12:00:00.0,0.0,0.0,0.0,0.0,0.0
2019-04-03T13:00:00.0,0.0,0.0,0.0,-6.278355613176245e-11,-4.973799150320701e-11
2019-04-03T14:00:00.0,0.0,0.0,0.0,0.0,0.0
2019-04-03T15:00:00.0,0.0,0.0,0.0,-3.61524143954739e-11,-2.864908310584724e-11
2019-04-03T16:00:00.0,0.0,0.0,0.0,0.0,0.0
2019-04-03T17:00:00.0,0.0,0.0,0.0,0.0,0.0
2019-04-03T18:00:00.0,0.0,0.0,0.0,-1.0248868420603685e-10,0.0
2019-04-03T19:00:00.0,0.0,0.0,0.0,0.0,0.0
2019-04-03T20:00:00.0,0.0,0.0,0.0,-6.298250809777528e-11,0.0
2019-04-03T21:00:00.0,0.0,0.0,0.0,-9.78843672783114e-11,0.0
2019-04-03T22:00:00.0,0.0,0.0,0.0,0.0,0.0
2019-04-03T23:00:00.0,0.0,0.0,0.0,-2.752926775428932e-10,0.0
2019-04-04T00:00:00.0,0.34415144865464187,-0.9999999999114362,-0.3441514486241625,0.0,0.0
2019-04-04T01:00:00.0,0.0,0.0,0.0,1.5194245861493982e-10,1.2038015029247617e-10
2019-04-04T02:00:00.0,0.0,0.0,0.0,0.0,0.0
2019-04-04T03:00:00.0,0.0,0.0,0.0,0.0,0.0
2019-04-04T04:00:00.0,0.0,0.0,0.0,0.0,0.0
2019-04-04T05:00:00.0,0.0,0.0,0.0,0.0,0.0
2019-04-04T06:00:00.0,0.0,0.0,0.0,0.0,0.0
2019-04-04T07:00:00.0,0.0,0.0,0.0,-1.4433965134230675e-10,0.0
2019-04-04T08:00:00.0,0.0,0.0,0.0,-1.241460267920047e-10,-9.833911462919787e-11
2019-04-04T09:00:00.0,0.0,0.0,0.0,-4.263256414560601e-11,-3.377209623067756e-11
2019-04-04T10:00:00.0,0.0,0.0,0.0,0.0,0.0
2019-04-04T11:00:00.0,0.0,0.0,0.0,-6.139089236967266e-12,-4.774847184307873e-12
2019-04-04T12:00:00.0,0.0,0.0,0.0,1.411990524502471e-9,1.1186784831807017e-9
2019-04-04T13:00:00.0,0.0,0.0,0.0,6.866684998385608e-11,5.445599526865408e-11
2019-04-04T14:00:00.0,0.0,0.0,0.0,-2.9445388349813584e-9,-2.3327899612013425e-9
2019-04-04T15:00:00.0,0.0,0.0,0.0,0.0,0.0
2019-04-04T16:00:00.0,0.0,0.0,0.0,0.0,0.0
2019-04-04T17:00:00.0,0.0,0.0,0.0,-8.733991307963151e-11,0.0
2019-04-04T18:00:00.0,0.0,0.0,0.0,0.0,0.0
2019-04-04T19:00:00.0,0.0,0.0,0.0,0.0,0.0
2019-04-04T20:00:00.0,0.0,0.0,0.0,6.798472895752639e-11,0.0
2019-04-04T21:00:00.0,0.0,0.0,0.0,-2.7625901566352695e-11,0.0
2019-04-04T22:00:00.0,0.0,0.0,0.0,-4.539145948001533e-9,0.0
2019-04-04T23:00:00.0,0.0,0.0,0.0,3.126388037344441e-12,0.0
2019-04-05T00:00:00.0,0.4478179750334488,-0.39666356335480657,-0.17763307371110545,-0.6033364366496698,-0.2701849013243418
2019-04-05T01:00:00.0,0.0,0.0,0.0,0.0,0.0
2019-04-05T02:00:00.0,0.0,0.0,0.0,5.2295945351943374e-11,4.1382008930668235e-11
2019-04-05T03:00:00.0,0.0,0.0,0.0,0.0,0.0
2019-04-05T04:00:00.0,0.0,0.0,0.0,1.5916157281026244e-11,1.2732925824820995e-11
2019-04-05T05:00:00.0,0.0,0.0,0.0,2.802380549837835e-11,2.219735506514553e-11
2019-04-05T06:00:00.0,0.0,0.0,0.0,3.33244543071487e-11,2.6403768060845323e-11
2019-04-05T07:00:00.0,0.0,0.0,0.0,0.0,0.0
2019-04-05T08:00:00.0,0.0,313.0,106.752403074702,-313.00000000243995,0.0
2019-04-05T09:00:00.0,0.0,0.0,0.0,0.0,0.0
2019-04-05T10:00:00.0,0.0,61.441928464596884,20.955506431756078,-61.44192846460572,-0.0
2019-04-05T11:00:00.0,0.0,142.53796087327046,48.61428067919959,-142.53796087318804,-0.0
2019-04-05T12:00:00.0,0.0,0.0,0.0,-3.1377567211166024e-11,1.3159251466277055e-11
2019-04-05T13:00:00.0,0.0,0.0,0.0,-8.58335624798201e-12,2.0463630789890885e-12
2019-04-05T14:00:00.0,0.0,0.0,0.0,1.9255708139098715e-10,0.0
2019-04-05T15:00:00.0,0.0,0.0,0.0,-9.947598300641403e-13,1.6058265828178264e-12
2019-04-05T16:00:00.0,0.0,0.0,0.0,0.0,0.0
2019-04-05T17:00:00.0,0.0,108.44694104718127,36.987129593888625,-108.44694104721725,0.0
2019-04-05T18:00:00.0,0.0,0.0,0.0,-5.934452929068357e-11,0.0
2019-04-05T19:00:00.0,0.0,-312.99999999999966,-106.75240307470189,312.99999999999795,0.0
2019-04-05T20:00:00.0,0.0,0.0,0.0,0.0,0.0
2019-04-05T21:00:00.0,0.0,-313.0,-106.752403074702,313.0000000017875,0.0
2019-04-05T22:00:00.0,0.0,0.0,0.0,0.0,0.0
2019-04-05T23:00:00.0,0.0,0.0,0.0,0.0,0.0
2019-04-06T00:00:00.0,0.297829674093333,-0.9999999999779572,-0.29782967408676797,0.0,0.0
2019-04-06T01:00:00.0,0.0,0.0,0.0,0.0,0.0
2019-04-06T02:00:00.0,0.0,0.0,0.0,2.966515921798418e-11,2.3504753698944114e-11
2019-04-06T03:00:00.0,0.0,0.0,0.0,0.0,0.0
2019-04-06T04:00:00.0,0.0,0.0,0.0,0.0,0.0
2019-04-06T05:00:00.0,0.0,0.0,0.0,0.0,0.0
2019-04-06T06:00:00.0,0.0,0.0,0.0,-3.3729463666531956e-10,0.0
2019-04-06T07:00:00.0,0.0,0.0,0.0,0.0,0.0
2019-04-06T08:00:00.0,0.0,0.0,0.0,0.0,0.0
2019-04-06T09:00:00.0,0.0,0.0,0.0,-8.054712452576496e-11,-6.38138430986146e-11
2019-04-06T10:00:00.0,0.0,0.0,0.0,-8.8936076281243e-9,-7.045855454634875e-9
2019-04-06T11:00:00.0,0.0,0.0,0.0,8.355755198863335e-9,6.6197856085636886e-9
2019-04-06T12:00:00.0,0.0,0.0,0.0,2.290789780090563e-10,1.815578798414208e-10
2019-04-06T13:00:00.0,0.0,0.0,0.0,-3.5300899980938993e-9,-2.7966393645328935e-9
2019-04-06T14:00:00.0,0.0,0.0,0.0,-5.843503458891064e-10,-4.629470140571357e-10
2019-04-06T15:00:00.0,0.0,0.0,0.0,-2.4556356947869062e-11,-1.9468870959826745e-11
2019-04-06T16:00:00.0,0.0,0.0,0.0,0.0,0.0
2019-04-06T17:00:00.0,0.0,0.0,0.0,0.0,0.0
2019-04-06T18:00:00.0,0.0,0.0,0.0,-2.97859514830634e-11,0.0
2019-04-06T19:00:00.0,0.0,0.0,0.0,-4.320099833421409e-12,0.0
2019-04-06T20:00:00.0,0.0,0.0,0.0,3.092281986027956e-11,0.0
2019-04-06T21:00:00.0,0.0,0.0,0.0,-2.5715962692629546e-10,0.0
2019-04-06T22:00:00.0,0.0,0.0,0.0,-4.320099833421409e-12,0.0
2019-04-06T23:00:00.0,0.0,0.0,0.0,2.6030306798929814e-9,0.0
2019-04-07T00:00:00.0,0.3160981807850854,-0.9999999816805882,-0.31609817499435267,-2.0771963704646623e-8,-6.5659799403094965e-9
2019-04-07T01:00:00.0,0.0,0.0,0.0,0.0,0.0
2019-04-07T02:00:00.0,0.0,0.0,0.0,0.0,0.0
2019-04-07T03:00:00.0,0.0,0.0,0.0,0.0,0.0
2019-04-07T04:00:00.0,0.0,0.0,0.0,0.0,0.0
2019-04-07T05:00:00.0,0.0,0.0,0.0,0.0,0.0
2019-04-07T06:00:00.0,0.0,2.736477711096086e-11,-0.0403577794147236,9.457323812966933e-12,0.0
2019-04-07T07:00:00.0,0.0,0.0,0.0,0.0,0.0
2019-04-07T08:00:00.0,0.0,0.0,0.0,-8.760878245084314e-9,-6.940751973161241e-9
2019-04-07T09:00:00.0,0.0,0.0,0.0,-2.205524651799351e-11,-1.7394086171407253e-11
2019-04-07T10:00:00.0,0.0,0.0,0.0,-1.0118128557223827e-11,-8.071765478234738e-12
2019-04-07T11:00:00.0,0.0,0.0,0.0,-1.6427748050773516e-11,-1.3023360168062936e-11
2019-04-07T12:00:00.0,0.0,0.0,0.0,0.0,0.0
2019-04-07T13:00:00.0,0.0,0.0,0.0,4.808953235624358e-11,3.808509063674137e-11
2019-04-07T14:00:00.0,0.0,0.0,0.0,-1.135163074650336e-10,-8.992628863779828e-11
2019-04-07T15:00:00.0,0.0,0.0,0.0,6.423306331271306e-12,5.059064278611913e-12
2019-04-07T16:00:00.0,0.0,0.0,0.0,1.993782916542841e-11,0.0
2019-04-07T17:00:00.0,0.0,0.0,0.0,8.504798643116374e-9,0.0
2019-04-07T18:00:00.0,0.0,0.0,0.0,-2.236959062429378e-9,0.0
2019-04-07T19:00:00.0,0.0,0.0,0.0,1.0686562745831907e-11,0.0
2019-04-07T20:00:00.0,0.0,0.0,0.0,1.7757884052116424e-10,0.0
2019-04-07T21:00:00.0,0.0,0.0,0.0,-1.5859313862165436e-11,0.0
2019-04-07T22:00:00.0,0.0,0.0,0.0,2.053980097116437e-9,0.0
2019-04-07T23:00:00.0,0.0,0.0,0.0,-1.1254996934439987e-11,0.0
2019-04-08T00:00:00.0,0.29721208062366244,-0.8213050348382147,-0.24410177823095694,-0.17869495608323405,-0.05311029969445258
2019-04-08T01:00:00.0,0.0,0.0,0.0,3.183231456205249e-12,2.5011104298755527e-12
2019-04-08T02:00:00.0,0.0,0.0,0.0,7.503331289626658e-12,6.0254023992456496e-12
2019-04-08T03:00:00.0,0.0,0.0,0.0,9.742961992742494e-11,7.722178452240769e-11
2019-04-08T04:00:00.0,0.0,0.0,0.0,-2.114575181622058e-11,-1.6825651982799172e-11
2019-04-08T05:00:00.0,0.0,0.0,0.0,0.0,0.0
2019-04-08T06:00:00.0,0.0,0.0,0.0,0.0,0.0
2019-04-08T07:00:00.0,0.0,0.0,0.0,0.0,0.0
2019-04-08T08:00:00.0,0.0,0.0,0.0,0.0,0.0
2019-04-08T09:00:00.0,0.0,0.0,0.0,-9.367795428261161e-11,-7.423750503221527e-11
2019-04-08T10:00:00.0,0.0,0.0,0.0,0.0,0.0
2019-04-08T11:00:00.0,0.0,0.0,0.0,0.0,0.0
2019-04-08T12:00:00.0,0.0,0.0,0.0,0.0,0.0
2019-04-08T13:00:00.0,0.0,0.0,0.0,-6.066613877919735e-11,-4.8061110646813177e-11
2019-04-08T14:00:00.0,0.0,0.0,0.0,1.0118128557223827e-11,8.01492205937393e-12
2019-04-08T15:00:00.0,0.0,0.0,0.0,-1.7408297026122455e-11,0.0
2019-04-08T16:00:00.0,0.0,-110.87291251204796,-36.138716425586985,110.8729125120142,4.746425474877469e-12
2019-04-08T17:00:00.0,0.0,0.0,0.0,-8.526512829121202e-12,0.0
2019-04-08T18:00:00.0,0.0,0.0,0.0,4.320099833421409e-12,0.0
2019-04-08T19:00:00.0,0.0,0.0,0.0,-1.0606981959426776e-10,0.0
2019-04-08T20:00:00.0,0.0,235.2108499207369,76.66632014003544,-235.21084991935118,0.0
2019-04-08T21:00:00.0,0.0,0.0,0.0,-1.864748355728807e-9,0.0
2019-04-08T22:00:00.0,0.0,-124.50769761714727,-40.58293658065378,124.50769761709535,0.0
2019-04-08T23:00:00.0,0.0,0.0,0.0,0.0,0.0
2019-04-09T00:00:00.0,0.30136223289230557,206.7337515175377,62.30174497152723,-207.73375151792527,-62.60310720453633
2019-04-09T01:00:00.0,0.0,0.0,0.0,-2.4808599619063898e-11,-1.964650664376677e-11
2019-04-09T02:00:00.0,0.0,-320.0,-96.62833637407999,319.9999999999687,96.62833637407053
2019-04-09T03:00:00.0,0.0,112.26624848275904,33.900315068275276,-112.26624848278283,-33.90031506828246
2019-04-09T04:00:00.0,0.0,0.0,0.0,-8.185452315956354e-12,-6.366462912410498e-12
2019-04-09T05:00:00.0,0.0,0.0,0.0,-1.5916157281026244e-11,-1.261923898709938e-11
2019-04-09T06:00:00.0,0.0,0.0,0.0,0.0,0.0
2019-04-09T07:00:00.0,0.0,0.0,0.0,-4.929532337882847e-10,0.0
2019-04-09T08:00:00.0,0.0,0.0,0.0,0.0,0.0
2019-04-09T09:00:00.0,0.0,0.0,0.0,-1.7905676941154525e-11,-1.4210854715202004e-11
2019-04-09T10:00:00.0,0.0,0.0,0.0,2.3817392502678558e-11,1.885780420707306e-11
2019-04-09T11:00:00.0,0.0,0.0,0.0,1.7706724975141697e-11,1.4011902749189176e-11
2019-04-09T12:00:00.0,0.0,0.0,0.0,0.0,0.0
2019-04-09T13:00:00.0,0.0,0.0,0.0,0.0,0.0
2019-04-09T14:00:00.0,0.0,0.0,0.0,0.0,0.0
2019-04-09T15:00:00.0,0.0,0.0,0.0,-2.5579538487363607e-11,-2.0264678823878057e-11
2019-04-09T16:00:00.0,0.0,0.0,0.0,0.0,0.0
2019-04-09T17:00:00.0,0.0,0.0,0.0,-7.503331289626658e-12,-3.552713678800501e-12
2019-04-09T18:00:00.0,0.0,0.0,0.0,-3.865352482534945e-12,0.0
2019-04-09T19:00:00.0,0.0,0.0,0.0,2.787601260934025e-10,0.0
2019-04-09T20:00:00.0,0.0,0.0,0.0,1.7610091163078323e-10,0.0
2019-04-09T21:00:00.0,0.0,0.0,0.0,2.5693225325085223e-11,0.0
2019-04-09T22:00:00.0,0.0,0.0,0.0,-1.2107648217352107e-11,0.0
2019-04-09T23:00:00.0,0.0,0.0,0.0,2.262723342028039e-11,0.0
2019-04-10T00:00:00.0,0.2969031827751215,-0.8412764356802818,-0.24977765134718544,-0.15873015873015106,-0.04712748932938209
2019-04-10T01:00:00.0,0.0,0.0,0.0,0.0,0.0
2019-04-10T02:00:00.0,0.0,0.0,0.0,0.0,0.0
2019-04-10T03:00:00.0,0.0,0.0,0.0,0.0,0.0
2019-04-10T04:00:00.0,0.0,0.0,0.0,-1.7394086171407253e-11,-1.375610736431554e-11
2019-04-10T05:00:00.0,0.0,0.0,0.0,0.0,0.0
2019-04-10T06:00:00.0,0.0,0.0,0.0,0.0,0.0
2019-04-10T07:00:00.0,0.0,0.0,0.0,1.659827830735594e-11,0.0
2019-04-10T08:00:00.0,0.0,-0.14998104494168274,-0.04509453500720525,0.14998104285945238,0.0038806033205497532
2019-04-10T09:00:00.0,0.0,0.0,0.0,-2.957278866233537e-11,-2.3433699425368104e-11
2019-04-10T10:00:00.0,0.792242931795328,0.0,0.0,4.9502577553539595e-5,3.9218067172441806e-5
2019-04-10T11:00:00.0,0.0,0.0,0.0,1.2789769243681803e-11,1.0118128557223827e-11
2019-04-10T12:00:00.0,2.3367212007687077,0.0,0.0,-5.476812611959758e-5,-0.0001279778414300381
2019-04-10T13:00:00.0,0.0,0.0,0.0,1.9326762412674725e-11,1.5347723092418164e-11
2019-04-10T14:00:00.0,0.0,0.0,0.0,-2.1135520000825636e-9,-0.00022241371362952123
2019-04-10T15:00:00.0,0.0,0.0,0.0,7.787548383930698e-12,6.195932655828074e-12
2019-04-10T16:00:00.0,0.0,0.0,0.0,1.261923898709938e-11,9.990230864787009e-12
2019-04-10T17:00:00.0,1.8147027363787223,0.00012910796058918095,3.881866172329639e-5,-6.583731891396383e-5,7.599874485715774e-5
2019-04-10T18:00:00.0,0.0,111.22230439347678,33.585082003853714,-111.22230439347209,0.0
2019-04-10T19:00:00.0,0.0,0.0,0.0,1.0726471373345703e-6,0.0
2019-04-10T20:00:00.0,0.0,208.7636042952081,63.03899930782094,-208.76360429523805,0.0
2019-04-10T21:00:00.0,0.0,-320.0,-96.62833637407999,319.9999999999933,0.0
2019-04-10T22:00:00.0,0.0,0.0,0.0,9.208633855450898e-12,0.0
2019-04-10T23:00:00.0,0.0,0.0,0.0,0.0,0.0
