hydro_power_change_mw,renewable_power_change_mw,load_addition_mw,total_emissions_change_kg_co2,num_generators_changed,datetime,mer_kg_co2_per_mwh,storage_power_change_mw,thermal_emissions_change_kg_co2,hour,thermal_power_change_mw,total_power_change_mw,storage_emissions_change_kg_co2,final_mer Ton/MMBTU
0,-0.234220421,1,0.613228926,4,2019-01-01T00:00:00.0,0.613228926,0,0.613228926,1,1.234220421,1,0,0.496855275
0,-0.234220421,1,0.613228926,4,2019-01-01T01:00:00.0,0.613228926,0,0.613228926,2,1.234220421,1,0,0.496855275
0,-0.039717805,1,0.338893117,2,2019-01-01T02:00:00.0,0.338893117,0,0.338893117,3,1.039717805,1,0,0.325947209
0,-0.234220421,1,0.613228926,4,2019-01-01T03:00:00.0,0.613228926,0,0.613228926,4,1.234220421,1,0,0.496855275
0,-0.234220421,1,0.613228926,4,2019-01-01T04:00:00.0,0.613228926,0,0.613228926,5,1.234220421,1,0,0.496855275
0,-0.234220421,1,0.613228926,4,2019-01-01T05:00:00.0,0.613228926,0,0.613228926,6,1.234220421,1,0,0.496855275
0,-0.234220421,1,0.613228926,4,2019-01-01T06:00:00.0,0.613228926,0,0.613228926,7,1.234220421,1,0,0.496855275
0,-0.234220421,1,0.613228926,4,2019-01-01T07:00:00.0,0.613228926,0,0.613228926,8,1.234220421,1,0,0.496855275
0,-0.234220421,1,0.613228926,4,2019-01-01T08:00:00.0,0.613228926,0,0.613228926,9,1.234220421,1,0,0.496855275
0,-0.234220421,1,0.613228926,4,2019-01-01T09:00:00.0,0.613228926,0,0.613228926,10,1.234220421,1,0,0.496855275
0,-0.234220421,1,0.613228926,4,2019-01-01T10:00:00.0,0.613228926,0,0.613228926,11,1.234220421,1,0,0.496855275
0,-0.234220421,1,0.613228926,4,2019-01-01T11:00:00.0,0.613228926,0,0.613228926,12,1.234220421,1,0,0.496855275
0,-0.234220421,1,0.613228926,4,2019-01-01T12:00:00.0,0.613228926,0,0.613228926,13,1.234220421,1,0,0.496855275
0,-0.234220421,1,0.613228926,4,2019-01-01T13:00:00.0,0.613228926,0,0.613228926,14,1.234220421,1,0,0.496855275
0,-0.234220421,1,0.613228926,4,2019-01-01T14:00:00.0,0.613228926,0,0.613228926,15,1.234220421,1,0,0.496855275
0,-0.234220421,1,0.613228926,4,2019-01-01T15:00:00.0,0.613228926,0,0.613228926,16,1.234220421,1,0,0.496855275
0,-0.234220421,1,0.613228926,4,2019-01-01T16:00:00.0,0.613228926,0,0.613228926,17,1.234220421,1,0,0.496855275
0,-0.234220421,1,0.613228926,4,2019-01-01T17:00:00.0,0.613228926,0,0.613228926,18,1.234220421,1,0,0.496855275
0,-0.234220421,1,0.613228926,4,2019-01-01T18:00:00.0,0.613228926,0,0.613228926,19,1.234220421,1,0,0.496855275
0,-0.234220421,1,0.613228926,4,2019-01-01T19:00:00.0,0.613228926,0,0.613228926,20,1.234220421,1,0,0.496855275
0,-0.234220421,1,0.613228926,4,2019-01-01T20:00:00.0,0.613228926,0,0.613228926,21,1.234220421,1,0,0.496855275
0,-0.234220421,1,0.613228926,4,2019-01-01T21:00:00.0,0.613228926,0,0.613228926,22,1.234220421,1,0,0.496855275
0,-0.234220421,1,0.613228926,4,2019-01-01T22:00:00.0,0.613228926,0,0.613228926,23,1.234220421,1,0,0.496855275
0,-0.239616846,1,0.616383893,3,2019-01-01T23:00:00.0,0.616383893,0,0.616383893,24,1.239616846,1,0,0.497237429
0,-0.042430781,1,0.394226255,2,2019-01-02T00:00:00.0,0.394226255,0,0.394226255,25,1.042430781,1,0,0.378179791
0,-0.121127698,1,0.656222487,4,2019-01-02T01:00:00.0,0.656222487,0,0.656222487,26,1.121127699,1,0,0.585323588
0,0,1,0.426276334,1,2019-01-02T02:00:00.0,0.426276334,0,0.426276334,27,1,1,0,0.426276334
0,0,1,0.426276334,1,2019-01-02T03:00:00.0,0.426276334,0,0.426276334,28,1,1,0,0.426276334
0,0,1,0.426276334,1,2019-01-02T04:00:00.0,0.426276334,0,0.426276334,29,1,1,0,0.426276334
0,-0.042430781,1,0.394226255,2,2019-01-02T05:00:00.0,0.394226255,0,0.394226255,30,1.042430781,1,0,0.378179791
0,-0.042430781,1,0.394226255,2,2019-01-02T06:00:00.0,0.394226255,0,0.394226255,31,1.042430781,1,0,0.378179791
0,-0.120770938,1,0.656342434,4,2019-01-02T07:00:00.0,0.656342434,0,0.656342434,32,1.120770939,1.000000001,0,0.585616928
0,-0.121127698,1,0.622539869,4,2019-01-02T08:00:00.0,0.622539869,0,0.622539869,33,1.121127698,1,0,0.555280072
0,0,1,0.426276334,1,2019-01-02T09:00:00.0,0.426276334,0,0.426276334,34,1,1,0,0.426276334
0,0,1,0.426276334,1,2019-01-02T10:00:00.0,0.426276334,0,0.426276334,35,0.999999999,0.999999999,0,0.426276334
0,0,1,0.426276334,1,2019-01-02T11:00:00.0,0.426276334,0,0.426276334,36,0.999999999,0.999999999,0,0.426276334
0,0,1,0.426276334,1,2019-01-02T12:00:00.0,0.426276334,0,0.426276334,37,1,1,0,0.426276334
0,0,1,0.426276334,1,2019-01-02T13:00:00.0,0.426276334,0,0.426276334,38,1,1,0,0.426276334
0,-0.121127698,1,0.622539869,4,2019-01-02T14:00:00.0,0.622539869,0,0.622539869,39,1.121127698,1,0,0.555280072
0,-0.121127698,1,0.622539869,4,2019-01-02T15:00:00.0,0.622539869,0,0.622539869,40,1.121127698,1,0,0.555280072
0,-0.121127698,1,0.622539869,4,2019-01-02T16:00:00.0,0.622539869,0,0.622539869,41,1.121127699,1,0,0.555280072
0,-0.121127698,1,0.656222487,4,2019-01-02T17:00:00.0,0.656222487,0,0.656222487,42,1.121127699,1,0,0.585323588
0,-0.121127698,1,0.622539869,4,2019-01-02T18:00:00.0,0.622539869,0,0.622539869,43,1.121127698,1,0,0.555280072
0,-0.042601778,1,0.682676877,2,2019-01-02T19:00:00.0,0.682676877,0,0.682676877,44,1.042601778,1,0,0.654782
0,-0.121127698,1,0.656222487,4,2019-01-02T20:00:00.0,0.656222487,0,0.656222487,45,1.121127699,1,0,0.585323588
0,-0.239616846,1,0.616383893,3,2019-01-02T21:00:00.0,0.616383893,0,0.616383893,46,1.239616846,1,0,0.497237429
0,-0.239616846,1,0.616383893,3,2019-01-02T22:00:00.0,0.616383893,0,0.616383893,47,1.239616846,1,0,0.497237429
0,-0.039677957,1,0.353462977,2,2019-01-02T23:00:00.0,0.353462977,0,0.353462977,48,1.039677957,1,0,0.339973522
0,-0.142817344,1,0.559791011,4,2019-01-03T00:00:00.0,0.559791011,0,0.559791011,49,1.142817344,1,0,0.489834193
0,-0.142817344,1,0.559791011,4,2019-01-03T01:00:00.0,0.559791011,0,0.559791011,50,1.142817344,1,0,0.489834193
0,-0.142817344,1,0.559791011,4,2019-01-03T02:00:00.0,0.559791011,0,0.559791011,51,1.142817344,1,0,0.489834193
0,-0.039677957,1,0.680762412,2,2019-01-03T03:00:00.0,0.680762412,0,0.680762412,52,1.039677957,1,0,0.654782
0,-0.142817344,1,0.559791011,4,2019-01-03T04:00:00.0,0.559791011,0,0.559791011,53,1.142817344,1,0,0.489834193
0,-0.039677957,1,0.680762412,2,2019-01-03T05:00:00.0,0.680762412,0,0.680762412,54,1.039677957,1,0,0.654782
0,-0.142817344,1,0.559791011,4,2019-01-03T06:00:00.0,0.559791011,0,0.559791011,55,1.142817344,1,0,0.489834193
0,-0.039677957,1,0.393185193,2,2019-01-03T07:00:00.0,0.393185193,0,0.393185193,56,1.039677957,1,0,0.378179791
0,-0.239783832,1,0.615768545,3,2019-01-03T08:00:00.0,0.615768545,0,0.615768545,57,1.239783832,1,0,0.496674121
0,-0.239783832,1,0.615768545,3,2019-01-03T09:00:00.0,0.615768545,0,0.615768545,58,1.239783832,1,0,0.496674121
0,-0.239616846,1,0.616383893,3,2019-01-03T10:00:00.0,0.616383893,0,0.616383893,59,1.239616846,1,0,0.497237429
0,-0.039677957,1,0.393185193,2,2019-01-03T11:00:00.0,0.393185193,0,0.393185193,60,1.039677957,1,0,0.378179791
0,-0.039677957,1,0.393185193,2,2019-01-03T12:00:00.0,0.393185193,0,0.393185193,61,1.039677957,1,0,0.378179791
0,-0.039677957,1,0.393185193,2,2019-01-03T13:00:00.0,0.393185193,0,0.393185193,62,1.039677957,1,0,0.378179791
0,-0.039677957,1,0.393185193,2,2019-01-03T14:00:00.0,0.393185193,0,0.393185193,63,1.039677957,1,0,0.378179791
0,-0.042278842,1,0.398486268,2,2019-01-03T15:00:00.0,0.398486268,0,0.398486268,64,1.042278842,1,0,0.382322131
0,-0.042430781,1,0.398544357,2,2019-01-03T16:00:00.0,0.398544357,0,0.398544357,65,1.042430781,1,0,0.382322131
0,-0.042601778,1,0.398609733,2,2019-01-03T17:00:00.0,0.398609733,0,0.398609733,66,1.042601778,1,0,0.382322131
0,-0.042601778,1,0.398609733,2,2019-01-03T18:00:00.0,0.398609733,0,0.398609733,67,1.042601778,1,0,0.382322131
0,-0.042430781,1,0.398544357,2,2019-01-03T19:00:00.0,0.398544357,0,0.398544357,68,1.042430781,1,0,0.382322131
0,-0.121127698,1,0.656222487,4,2019-01-03T20:00:00.0,0.656222487,0,0.656222487,69,1.121127699,1,0,0.585323588
0,-0.121127698,1,0.656222487,4,2019-01-03T21:00:00.0,0.656222487,0,0.656222487,70,1.121127699,1,0,0.585323588
0,-0.121127698,1,0.656222487,4,2019-01-03T22:00:00.0,0.656222487,0,0.656222487,71,1.121127699,1,0,0.585323588
0,-0.239783832,1,0.615768545,3,2019-01-03T23:00:00.0,0.615768545,0,0.615768545,72,1.239783832,1,0,0.496674121
0,-0.119355807,1,0.417275228,3,2019-01-04T00:00:00.0,0.417275228,0,0.417275228,73,1.119355807,1,0,0.372781581
0,-0.042430781,1,0.394226255,2,2019-01-04T01:00:00.0,0.394226255,0,0.394226255,74,1.042430781,1,0,0.378179791
0,-0.042430781,1,0.394226255,2,2019-01-04T02:00:00.0,0.394226255,0,0.394226255,75,1.042430781,1,0,0.378179791
0,-0.042430781,1,0.394226255,2,2019-01-04T03:00:00.0,0.394226255,0,0.394226255,76,1.042430781,1,0,0.378179791
0,-0.042430781,1,0.394226255,2,2019-01-04T04:00:00.0,0.394226255,0,0.394226255,77,1.042430781,1,0,0.378179791
0,-0.042430781,1,0.394226255,2,2019-01-04T05:00:00.0,0.394226255,0,0.394226255,78,1.042430781,1,0,0.378179791
0,-0.042430781,1,0.394226255,2,2019-01-04T06:00:00.0,0.394226255,0,0.394226255,79,1.042430781,1,0,0.378179791
0,-0.039677957,1,0.393185193,2,2019-01-04T07:00:00.0,0.393185193,0,0.393185193,80,1.039677957,1,0,0.378179791
0,-0.239616846,1,0.616383893,3,2019-01-04T08:00:00.0,0.616383893,0,0.616383893,81,1.239616846,1,0,0.497237429
0,-0.239616846,1,0.616383893,3,2019-01-04T09:00:00.0,0.616383893,0,0.616383893,82,1.239616846,1,0,0.497237429
0,-0.239616846,1,0.616383893,3,2019-01-04T10:00:00.0,0.616383893,0,0.616383893,83,1.239616846,1,0,0.497237429
0,-0.239616846,1,0.616383893,3,2019-01-04T11:00:00.0,0.616383893,0,0.616383893,84,1.239616846,1,0,0.497237429
0,-0.239616846,1,0.616383893,3,2019-01-04T12:00:00.0,0.616383893,0,0.616383893,85,1.239616846,1,0,0.497237429
0,-0.239616846,1,0.616383893,3,2019-01-04T13:00:00.0,0.616383893,0,0.616383893,86,1.239616846,1,0,0.497237429
0,-0.042278842,1,0.398486268,2,2019-01-04T14:00:00.0,0.398486268,0,0.398486268,87,1.042278842,1,0,0.382322131
0,-0.042430781,1,0.398544357,2,2019-01-04T15:00:00.0,0.398544357,0,0.398544357,88,1.042430781,1,0,0.382322131
0,-0.042430781,1,0.398544357,2,2019-01-04T16:00:00.0,0.398544357,0,0.398544357,89,1.042430781,1,0,0.382322131
0,-0.042430781,1,0.398544357,3,2019-01-04T17:00:00.0,0.398544357,0,0.398544357,90,1.042430781,1,0,0.382322131
0,-0.042601778,1,0.398609733,2,2019-01-04T18:00:00.0,0.398609733,0,0.398609733,91,1.042601778,1,0,0.382322131
0,-0.042601778,1,0.398609733,2,2019-01-04T19:00:00.0,0.398609733,0,0.398609733,92,1.042601778,1,0,0.382322131
0,-0.042601778,1,0.398609733,2,2019-01-04T20:00:00.0,0.398609733,0,0.398609733,93,1.042601778,1,0,0.382322131
0,-0.042430781,1,0.398544357,2,2019-01-04T21:00:00.0,0.398544357,0,0.398544357,94,1.042430781,1,0,0.382322131
0,-0.042430781,1,0.398544357,2,2019-01-04T22:00:00.0,0.398544357,0,0.398544357,95,1.042430781,1,0,0.382322131
0,-0.042430781,1,0.398544357,2,2019-01-04T23:00:00.0,0.398544357,0,0.398544357,96,1.042430781,1,0,0.382322131
0,-0.042430781,1,0.354398864,2,2019-01-05T00:00:00.0,0.354398864,0,0.354398864,97,1.042430781,1,0,0.339973522
0,-0.042430781,1,0.354398864,2,2019-01-05T01:00:00.0,0.354398864,0,0.354398864,98,1.042430781,1,0,0.339973522
0,-0.042430781,1,0.354398864,2,2019-01-05T02:00:00.0,0.354398864,0,0.354398864,99,1.042430781,1,0,0.339973522
0,-0.042430781,1,0.355533517,2,2019-01-05T03:00:00.0,0.355533517,0,0.355533517,100,1.042430781,1,0,0.341061991
0,-0.042430781,1,0.354398864,2,2019-01-05T04:00:00.0,0.354398864,0,0.354398864,101,1.042430781,1,0,0.339973522
0,-0.042430781,1,0.354398864,2,2019-01-05T05:00:00.0,0.354398864,0,0.354398864,102,1.042430781,1,0,0.339973522
0,-0.042430781,1,0.354398864,2,2019-01-05T06:00:00.0,0.354398864,0,0.354398864,103,1.042430781,1,0,0.339973522
0,-0.042430781,1,0.354398864,2,2019-01-05T07:00:00.0,0.354398864,0,0.354398864,104,1.042430781,1,0,0.339973522
0,-0.042430781,1,0.354398864,2,2019-01-05T08:00:00.0,0.354398864,0,0.354398864,105,1.042430781,1,0,0.339973522
0,-0.039677957,1,0.353462977,2,2019-01-05T09:00:00.0,0.353462977,0,0.353462977,106,1.039677957,1,0,0.339973522
0,-0.142817344,1,0.559791011,4,2019-01-05T10:00:00.0,0.559791011,0,0.559791011,107,1.142817344,1,0,0.489834193
0,-0.142817344,1,0.559791011,4,2019-01-05T11:00:00.0,0.559791011,0,0.559791011,108,1.142817344,1,0,0.489834193
0,-0.142817344,1,0.559791011,4,2019-01-05T12:00:00.0,0.559791011,0,0.559791011,109,1.142817344,1,0,0.489834193
0,-0.039677957,1,0.354594634,2,2019-01-05T13:00:00.0,0.354594634,0,0.354594634,110,1.039677957,1,0,0.341061991
0,-0.039677957,1,0.354594634,2,2019-01-05T14:00:00.0,0.354594634,0,0.354594634,111,1.039677957,1,0,0.341061991
0,-0.039677957,1,0.354594634,2,2019-01-05T15:00:00.0,0.354594634,0,0.354594634,112,1.039677957,1,0,0.341061991
0,-0.142817344,1,0.559791011,4,2019-01-05T16:00:00.0,0.559791011,0,0.559791011,113,1.142817344,1,0,0.489834193
0,-0.142817344,1,0.559791011,4,2019-01-05T17:00:00.0,0.559791011,0,0.559791011,114,1.142817344,1,0,0.489834193
0,-0.121127698,1,0.622539869,4,2019-01-05T18:00:00.0,0.622539869,0,0.622539869,115,1.121127698,1,0,0.555280072
0,-0.121127698,1,0.622539869,4,2019-01-05T19:00:00.0,0.622539869,0,0.622539869,116,1.121127699,1,0,0.555280072
0,-0.121127698,1,0.656222487,4,2019-01-05T20:00:00.0,0.656222487,0,0.656222487,117,1.121127699,1,0,0.585323588
0,-0.121127698,1,0.656222487,4,2019-01-05T21:00:00.0,0.656222487,0,0.656222487,118,1.121127699,1,0,0.585323588
0,-0.121127698,1,0.656222487,4,2019-01-05T22:00:00.0,0.656222487,0,0.656222487,119,1.121127699,1,0,0.585323588
0,-0.039677957,1,0.338880129,2,2019-01-05T23:00:00.0,0.338880129,0,0.338880129,120,1.039677957,1,0,0.325947209
0,-0.142817344,1,0.559791011,4,2019-01-06T00:00:00.0,0.559791011,0,0.559791011,121,1.142817344,1,0,0.489834193
0,-0.039677957,1,0.338880129,2,2019-01-06T01:00:00.0,0.338880129,0,0.338880129,122,1.039677957,1,0,0.325947209
0,-0.039677957,1,0.338880129,2,2019-01-06T02:00:00.0,0.338880129,0,0.338880129,123,1.039677957,1,0,0.325947209
0,-0.039677957,1,0.338880129,2,2019-01-06T03:00:00.0,0.338880129,0,0.338880129,124,1.039677957,1,0,0.325947209
0,-0.039677957,1,0.338880129,2,2019-01-06T04:00:00.0,0.338880129,0,0.338880129,125,1.039677957,1,0,0.325947209
0,-0.039677957,1,0.338880129,2,2019-01-06T05:00:00.0,0.338880129,0,0.338880129,126,1.039677957,1,0,0.325947209
0,-0.039677957,1,0.338880129,2,2019-01-06T06:00:00.0,0.338880129,0,0.338880129,127,1.039677957,1,0,0.325947209
0,-0.234220421,1,0.613228926,4,2019-01-06T07:00:00.0,0.613228926,0,0.613228926,128,1.234220421,1,0,0.496855275
0,-0.234220421,1,0.613228926,4,2019-01-06T08:00:00.0,0.613228926,0,0.613228926,129,1.234220421,1,0,0.496855275
0,-0.039677957,1,0.338880129,2,2019-01-06T09:00:00.0,0.338880129,0,0.338880129,130,1.039677957,1,0,0.325947209
0,-0.039677957,1,0.338880129,2,2019-01-06T10:00:00.0,0.338880129,0,0.338880129,131,1.039677957,1,0,0.325947209
0,-0.039677957,1,0.338880129,2,2019-01-06T11:00:00.0,0.338880129,0,0.338880129,132,1.039677957,1,0,0.325947209
0,-0.039677957,1,0.338880129,2,2019-01-06T12:00:00.0,0.338880129,0,0.338880129,133,1.039677957,1,0,0.325947209
0,-0.039677957,1,0.338880129,2,2019-01-06T13:00:00.0,0.338880129,0,0.338880129,134,1.039677957,1,0,0.325947209
0,-0.039677957,1,0.338880129,2,2019-01-06T14:00:00.0,0.338880129,0,0.338880129,135,1.039677957,1,0,0.325947209
0,-0.234220421,1,0.613228926,4,2019-01-06T15:00:00.0,0.613228926,0,0.613228926,136,1.234220421,1,0,0.496855275
0,-0.234220421,1,0.613228926,4,2019-01-06T16:00:00.0,0.613228926,0,0.613228926,137,1.234220421,1,0,0.496855275
0,-0.234220421,1,0.613228926,4,2019-01-06T17:00:00.0,0.613228926,0,0.613228926,138,1.234220421,1,0,0.496855275
0,-0.234220421,1,0.613228926,4,2019-01-06T18:00:00.0,0.613228926,0,0.613228926,139,1.234220421,1,0,0.496855275
0,-0.234220421,1,0.613228926,4,2019-01-06T19:00:00.0,0.613228926,0,0.613228926,140,1.234220421,1,0,0.496855275
0,-0.234220421,1,0.613228926,4,2019-01-06T20:00:00.0,0.613228926,0,0.613228926,141,1.234220421,1,0,0.496855275
0,-0.234220421,1,0.613228926,4,2019-01-06T21:00:00.0,0.613228926,0,0.613228926,142,1.234220421,1,0,0.496855275
0,-0.234220421,1,0.613228926,4,2019-01-06T22:00:00.0,0.613228926,0,0.613228926,143,1.234220421,1,0,0.496855275
0,-0.234220421,1,0.613228926,4,2019-01-06T23:00:00.0,0.613228926,0,0.613228926,144,1.234220421,1,0,0.496855275
0,-0.042278842,1,0.398486268,2,2019-01-07T00:00:00.0,0.398486268,0,0.398486268,145,1.042278842,1,0,0.382322131
0,-0.042278842,1,0.398486268,2,2019-01-07T01:00:00.0,0.398486268,0,0.398486268,146,1.042278842,1,0,0.382322131
0,-0.042278842,1,0.398486268,2,2019-01-07T02:00:00.0,0.398486268,0,0.398486268,147,1.042278842,1,0,0.382322131
0,-0.042430781,1,0.398544357,2,2019-01-07T03:00:00.0,0.398544357,0,0.398544357,148,1.042430781,1,0,0.382322131
0,-0.042430781,1,0.398544357,2,2019-01-07T04:00:00.0,0.398544357,0,0.398544357,149,1.042430781,1,0,0.382322131
0,-0.121127698,1,0.656222487,4,2019-01-07T05:00:00.0,0.656222487,0,0.656222487,150,1.121127699,1,0,0.585323588
0,-0.121127698,1,0.656222487,4,2019-01-07T06:00:00.0,0.656222487,0,0.656222487,151,1.121127699,1,0,0.585323588
0,-0.121127698,1,0.656222487,4,2019-01-07T07:00:00.0,0.656222487,0,0.656222487,152,1.121127698,1,0,0.585323588
0,-0.042430781,1,0.398544357,2,2019-01-07T08:00:00.0,0.398544357,0,0.398544357,153,1.042430781,1,0,0.382322131
0,-0.140592275,1,0.498032605,3,2019-01-07T09:00:00.0,0.498032605,0,0.498032605,154,1.140592275,1,0,0.436643852
0,-0.140592275,1,0.498032605,3,2019-01-07T10:00:00.0,0.498032605,0,0.498032605,155,1.140592275,1,0,0.436643852
0,-0.140592275,1,0.498032605,3,2019-01-07T11:00:00.0,0.498032605,0,0.498032605,156,1.140592275,1,0,0.436643852
0,-0.140592275,1,0.498032605,3,2019-01-07T12:00:00.0,0.498032605,0,0.498032605,157,1.140592275,1,0,0.436643852
0,-0.140592275,1,0.498032605,3,2019-01-07T13:00:00.0,0.498032605,0,0.498032605,158,1.140592275,1,0,0.436643852
0,-0.140592275,1,0.498032605,3,2019-01-07T14:00:00.0,0.498032605,0,0.498032605,159,1.140592275,1,0,0.436643852
0,-0.140592275,1,0.498032605,3,2019-01-07T15:00:00.0,0.498032605,0,0.498032605,160,1.140592275,1,0,0.436643852
0,-0.140592275,1,0.498032605,3,2019-01-07T16:00:00.0,0.498032605,0,0.498032605,161,1.140592275,1,0,0.436643852
0,-0.128815272,1,0.49154457,3,2019-01-07T17:00:00.0,0.49154457,0,0.49154457,162,1.128815272,1,0,0.435451736
0,-0.128815272,1,0.49154457,3,2019-01-07T18:00:00.0,0.49154457,0,0.49154457,163,1.128815272,1,0,0.435451736
0,-0.128815272,1,0.49154457,3,2019-01-07T19:00:00.0,0.49154457,0,0.49154457,164,1.128815272,1,0,0.435451736
0,-0.140592275,1,0.498032605,3,2019-01-07T20:00:00.0,0.498032605,0,0.498032605,165,1.140592275,1,0,0.436643852
0,-0.03455205,1,0.37625968,3,2019-01-07T21:00:00.0,0.37625968,0,0.37625968,166,1.03455205,1,0,0.36369333
0,-0.235947871,1,0.549655603,3,2019-01-07T22:00:00.0,0.549655603,0,0.549655603,167,1.235947871,1,0,0.444723937
0,-0.142817344,1,0.559791011,4,2019-01-07T23:00:00.0,0.559791011,0,0.559791011,168,1.142817344,1,0,0.489834193
0,-0.039717805,1,0.397507126,2,2019-01-08T00:00:00.0,0.397507126,0,0.397507126,169,1.039717805,1,0,0.382322131
0,-0.239616846,1,0.616383893,3,2019-01-08T01:00:00.0,0.616383893,0,0.616383893,170,1.239616846,1,0,0.497237429
0,-0.239616846,1,0.616383893,3,2019-01-08T02:00:00.0,0.616383893,0,0.616383893,171,1.239616846,1,0,0.497237429
0,-0.239616846,1,0.616383893,3,2019-01-08T03:00:00.0,0.616383893,0,0.616383893,172,1.239616846,1,0,0.497237429
0,-0.042278842,1,0.398486268,2,2019-01-08T04:00:00.0,0.398486268,0,0.398486268,173,1.042278842,1,0,0.382322131
0,-0.042278842,1,0.398486268,2,2019-01-08T05:00:00.0,0.398486268,0,0.398486268,174,1.042278842,1,0,0.382322131
0,-0.239616846,1,0.616383893,3,2019-01-08T06:00:00.0,0.616383893,0,0.616383893,175,1.239616846,1,0,0.497237429
0,-0.235947871,1,0.549655603,3,2019-01-08T07:00:00.0,0.549655603,0,0.549655603,176,1.235947871,1,0,0.444723937
0,-0.235947871,1,0.549655603,3,2019-01-08T08:00:00.0,0.549655603,0,0.549655603,177,1.235947871,1,0,0.444723937
0,-0.128815272,1,0.49154457,3,2019-01-08T09:00:00.0,0.49154457,0,0.49154457,178,1.128815272,1,0,0.435451736
0,-0.128815272,1,0.49154457,3,2019-01-08T10:00:00.0,0.49154457,0,0.49154457,179,1.128815272,1,0,0.435451736
0,-0.128815272,1,0.49154457,4,2019-01-08T11:00:00.0,0.49154457,0,0.49154457,180,1.128815272,1,0,0.435451736
0,-0.128815272,1,0.49154457,3,2019-01-08T12:00:00.0,0.49154457,0,0.49154457,181,1.128815272,1,0,0.435451736
0,-0.128815272,1,0.49154457,3,2019-01-08T13:00:00.0,0.49154457,0,0.49154457,182,1.128815272,1,0,0.435451736
0,-0.128815272,1,0.49154457,3,2019-01-08T14:00:00.0,0.49154457,0,0.49154457,183,1.128815272,1,0,0.435451736
0,0,1,0.426276334,1,2019-01-08T15:00:00.0,0.426276334,0,0.426276334,184,1,1,0,0.426276334
0,-0.128815272,1,0.49154457,3,2019-01-08T16:00:00.0,0.49154457,0,0.49154457,185,1.128815272,1,0,0.435451736
0,-0.128815272,1,0.49154457,3,2019-01-08T17:00:00.0,0.49154457,0,0.49154457,186,1.128815272,1,0,0.435451736
0,-0.128815272,1,0.49154457,3,2019-01-08T18:00:00.0,0.49154457,0,0.49154457,187,1.128815272,1,0,0.435451736
0,-0.128815272,1,0.49154457,3,2019-01-08T19:00:00.0,0.49154457,0,0.49154457,188,1.128815272,1,0,0.435451736
0,-0.128815272,1,0.49154457,3,2019-01-08T20:00:00.0,0.49154457,0,0.49154457,189,1.128815272,1,0,0.435451736
0,-0.128815272,1,0.49154457,3,2019-01-08T21:00:00.0,0.49154457,0,0.49154457,190,1.128815272,1,0,0.435451736
0,-0.121127698,1,0.656222487,4,2019-01-08T22:00:00.0,0.656222487,0,0.656222487,191,1.121127699,1,0,0.585323588
0,-0.039677957,1,0.393185193,2,2019-01-08T23:00:00.0,0.393185193,0,0.393185193,192,1.039677957,1,0,0.378179791
0,-0.039677957,1,0.338880129,2,2019-01-09T00:00:00.0,0.338880129,0,0.338880129,193,1.039677957,1,0,0.325947209
0,-0.039677957,1,0.338880129,2,2019-01-09T01:00:00.0,0.338880129,0,0.338880129,194,1.039677957,1,0,0.325947209
0,-0.039677957,1,0.338880129,2,2019-01-09T02:00:00.0,0.338880129,0,0.338880129,195,1.039677957,1,0,0.325947209
0,-0.039677957,1,0.338880129,2,2019-01-09T03:00:00.0,0.338880129,0,0.338880129,196,1.039677957,1,0,0.325947209
0,-0.039717805,1,0.338893117,2,2019-01-09T04:00:00.0,0.338893117,0,0.338893117,197,1.039717805,1,0,0.325947209
0,-0.039677957,1,0.338880129,2,2019-01-09T05:00:00.0,0.338880129,0,0.338880129,198,1.039677957,1,0,0.325947209
0,-0.039677957,1,0.338880129,2,2019-01-09T06:00:00.0,0.338880129,0,0.338880129,199,1.039677957,1,0,0.325947209
0,-0.039677957,1,0.353462977,2,2019-01-09T07:00:00.0,0.353462977,0,0.353462977,200,1.039677957,1,0,0.339973522
0,-0.039677957,1,0.353462977,2,2019-01-09T08:00:00.0,0.353462977,0,0.353462977,201,1.039677957,1,0,0.339973522
0,-0.039677957,1,0.338880129,2,2019-01-09T09:00:00.0,0.338880129,0,0.338880129,202,1.039677957,1,0,0.325947209
0,-0.039677957,1,0.338880129,2,2019-01-09T10:00:00.0,0.338880129,0,0.338880129,203,1.039677957,1,0,0.325947209
0,-0.039717805,1,0.338893117,2,2019-01-09T11:00:00.0,0.338893117,0,0.338893117,204,1.039717805,1,0,0.325947209
0,-0.039717805,1,0.338893117,2,2019-01-09T12:00:00.0,0.338893117,0,0.338893117,205,1.039717805,1,0,0.325947209
0,-0.039677957,1,0.338880129,2,2019-01-09T13:00:00.0,0.338880129,0,0.338880129,206,1.039677957,1,0,0.325947209
0,-0.039677957,1,0.353462977,2,2019-01-09T14:00:00.0,0.353462977,0,0.353462977,207,1.039677957,1,0,0.339973522
0,-0.039677957,1,0.353462977,2,2019-01-09T15:00:00.0,0.353462977,0,0.353462977,208,1.039677957,1,0,0.339973522
0,-0.039836203,1,0.353516776,2,2019-01-09T16:00:00.0,0.353516776,0,0.353516776,209,1.039836203,1,0,0.339973522
0,-0.234220421,1,0.613228926,4,2019-01-09T17:00:00.0,0.613228926,0,0.613228926,210,1.234220421,1,0,0.496855275
0,-0.039836203,1,0.353516776,2,2019-01-09T18:00:00.0,0.353516776,0,0.353516776,211,1.039836203,1,0,0.339973522
0,-0.039836203,1,0.353516776,2,2019-01-09T19:00:00.0,0.353516776,0,0.353516776,212,1.039836203,1,0,0.339973522
0,-0.039836203,1,0.353516776,2,2019-01-09T20:00:00.0,0.353516776,0,0.353516776,213,1.039836203,1,0,0.339973522
0,-0.234220421,1,0.613228926,4,2019-01-09T21:00:00.0,0.613228926,0,0.613228926,214,1.234220421,1,0,0.496855275
0,-0.039677957,1,0.353462977,2,2019-01-09T22:00:00.0,0.353462977,0,0.353462977,215,1.039677957,1,0,0.339973522
0,-0.039677957,1,0.313944848,2,2019-01-09T23:00:00.0,0.313944848,0,0.313944848,216,1.039677957,1,0,0.301963551
0,-0.234220421,1,0.613228926,4,2019-01-10T00:00:00.0,0.613228926,0,0.613228926,217,1.234220421,1,0,0.496855275
0,-0.234220421,1,0.613228926,4,2019-01-10T01:00:00.0,0.613228926,0,0.613228926,218,1.234220421,1,0,0.496855275
0,-0.234220421,1,0.613228926,4,2019-01-10T02:00:00.0,0.613228926,0,0.613228926,219,1.234220421,1,0,0.496855275
0,-0.234220421,1,0.613228926,4,2019-01-10T03:00:00.0,0.613228926,0,0.613228926,220,1.234220421,1,0,0.496855275
0,-0.234220421,1,0.613228926,4,2019-01-10T04:00:00.0,0.613228926,0,0.613228926,221,1.234220421,1,0,0.496855275
0,-0.234220421,1,0.613228926,4,2019-01-10T05:00:00.0,0.613228926,0,0.613228926,222,1.234220421,1,0,0.496855275
0,-0.234220421,1,0.613228926,4,2019-01-10T06:00:00.0,0.613228926,0,0.613228926,223,1.234220421,1,0,0.496855275
0,-0.234220421,1,0.613228926,4,2019-01-10T07:00:00.0,0.613228926,0,0.613228926,224,1.234220421,1,0,0.496855275
0,-0.039677957,1,0.680762412,2,2019-01-10T08:00:00.0,0.680762412,0,0.680762412,225,1.039677957,1,0,0.654782
0,-0.234220421,1,0.613228926,4,2019-01-10T09:00:00.0,0.613228926,0,0.613228926,226,1.234220421,1,0,0.496855275
0,-0.234220421,1,0.613228927,4,2019-01-10T10:00:00.0,0.613228927,0,0.613228927,227,1.234220422,1.000000001,0,0.496855275
0,-0.234220421,1,0.613228926,4,2019-01-10T11:00:00.0,0.613228926,0,0.613228926,228,1.234220421,1,0,0.496855275
0,-0.234220421,1,0.613228926,4,2019-01-10T12:00:00.0,0.613228926,0,0.613228926,229,1.234220421,1,0,0.496855275
0,-0.234220421,1,0.613228927,4,2019-01-10T13:00:00.0,0.613228927,0,0.613228927,230,1.234220422,1.000000001,0,0.496855275
0,-0.234220421,1,0.613228927,4,2019-01-10T14:00:00.0,0.613228927,0,0.613228927,231,1.234220422,1.000000001,0,0.496855275
0,-0.234220421,1,0.613228926,4,2019-01-10T15:00:00.0,0.613228926,0,0.613228926,232,1.234220421,1,0,0.496855275
0,-0.234220421,1,0.613228926,4,2019-01-10T16:00:00.0,0.613228926,0,0.613228926,233,1.234220421,1,0,0.496855275
0,-0.239616846,1,0.616383893,3,2019-01-10T17:00:00.0,0.616383893,0,0.616383893,234,1.239616846,1,0,0.497237429
0,-0.239616846,1,0.616383893,3,2019-01-10T18:00:00.0,0.616383893,0,0.616383893,235,1.239616846,1,0,0.497237429
0,-0.239616846,1,0.616383893,3,2019-01-10T19:00:00.0,0.616383893,0,0.616383893,236,1.239616846,1,0,0.497237429
0,-0.142817344,1,0.559791011,4,2019-01-10T20:00:00.0,0.559791011,0,0.559791011,237,1.142817344,1,0,0.489834193
0,-0.142817344,1,0.559791011,4,2019-01-10T21:00:00.0,0.559791011,0,0.559791011,238,1.142817344,1,0,0.489834193
0,-0.234220421,1,0.613228926,4,2019-01-10T22:00:00.0,0.613228926,0,0.613228926,239,1.234220421,1,0,0.496855275
0,-0.234220421,1,0.613228927,4,2019-01-10T23:00:00.0,0.613228927,0,0.613228927,240,1.234220422,1.000000001,0,0.496855275
0,-0.239616846,1,0.616383893,3,2019-01-11T00:00:00.0,0.616383893,0,0.616383893,241,1.239616846,1,0,0.497237429
0,-0.239616846,1,0.616383893,3,2019-01-11T01:00:00.0,0.616383893,0,0.616383893,242,1.239616846,1,0,0.497237429
0,-0.239616846,1,0.616383893,3,2019-01-11T02:00:00.0,0.616383893,0,0.616383893,243,1.239616846,1,0,0.497237429
0,-0.239616846,1,0.616383893,3,2019-01-11T03:00:00.0,0.616383893,0,0.616383893,244,1.239616846,1,0,0.497237429
0,-0.239616846,1,0.616383893,3,2019-01-11T04:00:00.0,0.616383893,0,0.616383893,245,1.239616846,1,0,0.497237429
0,-0.239616846,1,0.616383893,3,2019-01-11T05:00:00.0,0.616383893,0,0.616383893,246,1.239616846,1,0,0.497237429
0,-0.239616846,1,0.616383894,3,2019-01-11T06:00:00.0,0.616383894,0,0.616383894,247,1.239616846,1,0,0.497237429
0,-0.239616846,1,0.616383893,3,2019-01-11T07:00:00.0,0.616383893,0,0.616383893,248,1.239616846,1,0,0.497237429
0,-0.239616846,1,0.616383893,3,2019-01-11T08:00:00.0,0.616383893,0,0.616383893,249,1.239616846,1,0,0.497237429
0,-0.239616846,1,0.616383893,3,2019-01-11T09:00:00.0,0.616383893,0,0.616383893,250,1.239616846,1,0,0.497237429
0,-0.239616846,1,0.616383893,3,2019-01-11T10:00:00.0,0.616383893,0,0.616383893,251,1.239616846,1,0,0.497237429
0,-0.239616846,1,0.616383893,3,2019-01-11T11:00:00.0,0.616383893,0,0.616383893,252,1.239616846,1,0,0.497237429
0,-0.039717805,1,0.680788505,2,2019-01-11T12:00:00.0,0.680788505,0,0.680788505,253,1.039717807,1.000000002,0,0.654782
0,-0.239616846,1,0.616383893,3,2019-01-11T13:00:00.0,0.616383893,0,0.616383893,254,1.239616846,1,0,0.497237429
0,-0.239616846,1,0.616383894,3,2019-01-11T14:00:00.0,0.616383894,0,0.616383894,255,1.239616847,1,0,0.497237429
0,-0.239616846,1,0.616383893,3,2019-01-11T15:00:00.0,0.616383893,0,0.616383893,256,1.239616846,1,0,0.497237429
0,-0.239616846,1,0.616383893,3,2019-01-11T16:00:00.0,0.616383893,0,0.616383893,257,1.239616846,1,0,0.497237429
0,-0.121127698,1,0.656222487,4,2019-01-11T17:00:00.0,0.656222487,0,0.656222487,258,1.121127698,1,0,0.585323588
0,-0.121127698,1,0.656222487,4,2019-01-11T18:00:00.0,0.656222487,0,0.656222487,259,1.121127698,1,0,0.585323588
0,-0.121127698,1,0.656222487,4,2019-01-11T19:00:00.0,0.656222487,0,0.656222487,260,1.121127698,1,0,0.585323588
0,-0.1211406,1,0.656432127,5,2019-01-11T20:00:00.0,0.656432127,0,0.656432127,261,1.1211406,1,0,0.58550384
0,-0.239962092,1,0.616712463,3,2019-01-11T21:00:00.0,0.616712463,0,0.616712463,262,1.239962092,1,0,0.497363965
0,-0.042727578,1,0.682759249,2,2019-01-11T22:00:00.0,0.682759249,0,0.682759249,263,1.042727578,1,0,0.654782
0,-0.239962092,1,0.616712463,3,2019-01-11T23:00:00.0,0.616712463,0,0.616712463,264,1.239962092,1,0,0.497363965
0,-0.042727578,1,0.682759249,3,2019-01-12T00:00:00.0,0.682759249,0,0.682759249,265,1.042727578,1,0,0.654782
0,-0.136938413,1,0.496136878,3,2019-01-12T01:00:00.0,0.496136878,0,0.496136878,266,1.136938413,1,0,0.43637973
0,-0.136938413,1,0.496136878,3,2019-01-12T02:00:00.0,0.496136878,0,0.496136878,267,1.136938413,1,0,0.43637973
0,-0.136938413,1,0.496136878,3,2019-01-12T03:00:00.0,0.496136878,0,0.496136878,268,1.136938413,1,0,0.43637973
0,-0.121141274,1,0.656443092,4,2019-01-12T04:00:00.0,0.656443092,0,0.656443092,269,1.121141275,1,0,0.585513268
0,-0.120770938,1,0.656342434,4,2019-01-12T05:00:00.0,0.656342434,0,0.656342434,270,1.120770938,1,0,0.585616928
0,-0.14022773,1,0.497835468,4,2019-01-12T06:00:00.0,0.497835468,0,0.497835468,271,1.14022773,1,0,0.436610561
0,-0.121127698,1,0.656222487,4,2019-01-12T07:00:00.0,0.656222487,0,0.656222487,272,1.121127699,1.000000001,0,0.585323588
0,-0.121127698,1,0.622539869,4,2019-01-12T08:00:00.0,0.622539869,0,0.622539869,273,1.121127698,1,0,0.555280072
0,-0.121127698,1,0.622539869,4,2019-01-12T09:00:00.0,0.622539869,0,0.622539869,274,1.121127698,1,0,0.555280072
0,-0.121127698,1,0.622539869,4,2019-01-12T10:00:00.0,0.622539869,0,0.622539869,275,1.121127698,1,0,0.555280072
0,-0.121127698,1,0.622539869,4,2019-01-12T11:00:00.0,0.622539869,0,0.622539869,276,1.121127699,1,0,0.555280072
0,-0.121127698,1,0.622539869,4,2019-01-12T12:00:00.0,0.622539869,0,0.622539869,277,1.121127698,1,0,0.555280072
0,-0.121127698,1,0.622539869,4,2019-01-12T13:00:00.0,0.622539869,0,0.622539869,278,1.121127699,1,0,0.555280072
0,-0.121127698,1,0.622539869,4,2019-01-12T14:00:00.0,0.622539869,0,0.622539869,279,1.121127699,1,0,0.555280072
0,-0.121127698,1,0.622539869,4,2019-01-12T15:00:00.0,0.622539869,0,0.622539869,280,1.121127698,1,0,0.555280072
0,-0.140592275,1,0.501492631,3,2019-01-12T16:00:00.0,0.501492631,0,0.501492631,281,1.140592275,1,0,0.439677387
0,-0.140592275,1,0.501492631,3,2019-01-12T17:00:00.0,0.501492631,0,0.501492631,282,1.140592275,1,0,0.439677387
0,-0.140592275,1,0.501492631,3,2019-01-12T18:00:00.0,0.501492631,0,0.501492631,283,1.140592275,1,0,0.439677387
0,-0.140592275,1,0.501492631,3,2019-01-12T19:00:00.0,0.501492631,0,0.501492631,284,1.140592275,1,0,0.439677387
0,-0.140592275,1,0.501492631,3,2019-01-12T20:00:00.0,0.501492631,0,0.501492631,285,1.140592275,1,0,0.439677387
0,-0.140592275,1,0.501492631,3,2019-01-12T21:00:00.0,0.501492631,0,0.501492631,286,1.140592275,1,0,0.439677387
0,-0.140592275,1,0.501492631,3,2019-01-12T22:00:00.0,0.501492631,0,0.501492631,287,1.140592275,1,0,0.439677387
0,-0.140592275,1,0.501492631,3,2019-01-12T23:00:00.0,0.501492631,0,0.501492631,288,1.140592275,1,0,0.439677387
0,-0.034997157,1,0.432744157,3,2019-01-13T00:00:00.0,0.432744157,0,0.432744157,289,1.034997157,1,0,0.418111445
0,-0.034997157,1,0.432744157,3,2019-01-13T01:00:00.0,0.432744157,0,0.432744157,290,1.034997157,1,0,0.418111445
0,-0.034997157,1,0.432744157,3,2019-01-13T02:00:00.0,0.432744157,0,0.432744157,291,1.034997157,1,0,0.418111445
0,-0.034997157,1,0.432744157,3,2019-01-13T03:00:00.0,0.432744157,0,0.432744157,292,1.034997157,1,0,0.418111445
0,-0.034997157,1,0.432744157,3,2019-01-13T04:00:00.0,0.432744157,0,0.432744157,293,1.034997157,1,0,0.418111445
0,-0.034997157,1,0.432744157,3,2019-01-13T05:00:00.0,0.432744157,0,0.432744157,294,1.034997157,1,0,0.418111445
0,-0.140592275,1,0.498032605,3,2019-01-13T06:00:00.0,0.498032605,0,0.498032605,295,1.140592275,1,0,0.436643852
0,-0.140592275,1,0.498032605,3,2019-01-13T07:00:00.0,0.498032605,0,0.498032605,296,1.140592275,1,0,0.436643852
0,-0.034997157,1,0.432744157,3,2019-01-13T08:00:00.0,0.432744157,0,0.432744157,297,1.034997157,1,0,0.418111445
0,-0.034997157,1,0.432744157,3,2019-01-13T09:00:00.0,0.432744157,0,0.432744157,298,1.034997157,1,0,0.418111445
0,-0.036146364,1,0.433990582,3,2019-01-13T10:00:00.0,0.433990582,0,0.433990582,299,1.036146364,1,0,0.418850654
0,-0.036146364,1,0.433990582,3,2019-01-13T11:00:00.0,0.433990582,0,0.433990582,300,1.036146364,1,0,0.418850654
0,-0.036146364,1,0.433990582,3,2019-01-13T12:00:00.0,0.433990582,0,0.433990582,301,1.036146364,1,0,0.418850654
0,-0.034997157,1,0.432744157,3,2019-01-13T13:00:00.0,0.432744157,0,0.432744157,302,1.034997157,1,0,0.418111445
0,-0.034997157,1,0.432744157,3,2019-01-13T14:00:00.0,0.432744157,0,0.432744157,303,1.034997157,1,0,0.418111445
0,-0.037232593,1,0.570633152,4,2019-01-13T15:00:00.0,0.570633152,0,0.570633152,304,1.037232593,1,0,0.550149654
0,-0.121127698,1,0.656222487,4,2019-01-13T16:00:00.0,0.656222487,0,0.656222487,305,1.121127699,1,0,0.585323588
0,-0.140592275,1,0.498032605,3,2019-01-13T17:00:00.0,0.498032605,0,0.498032605,306,1.140592275,1,0,0.436643852
0,-0.121127698,1,0.656222487,4,2019-01-13T18:00:00.0,0.656222487,0,0.656222487,307,1.121127699,1,0,0.585323588
0,-0.140592275,1,0.498032605,3,2019-01-13T19:00:00.0,0.498032605,0,0.498032605,308,1.140592275,1,0,0.436643852
0,-0.121127698,1,0.656222487,4,2019-01-13T20:00:00.0,0.656222487,0,0.656222487,309,1.121127699,1,0,0.585323588
0,-0.121127698,1,0.656222487,4,2019-01-13T21:00:00.0,0.656222487,0,0.656222487,310,1.121127699,1,0,0.585323588
0,-0.034997157,1,0.432744157,3,2019-01-13T22:00:00.0,0.432744157,0,0.432744157,311,1.034997157,1,0,0.418111445
0,-0.121127698,1,0.656222487,4,2019-01-13T23:00:00.0,0.656222487,0,0.656222487,312,1.121127699,1.000000001,0,0.585323588
0,-0.140592275,1,0.498032605,3,2019-01-14T00:00:00.0,0.498032605,0,0.498032605,313,1.140592275,1,0,0.436643852
0,-0.140592275,1,0.498032605,3,2019-01-14T01:00:00.0,0.498032605,0,0.498032605,314,1.140592275,1,0,0.436643852
0,-0.140592275,1,0.498032605,3,2019-01-14T02:00:00.0,0.498032605,0,0.498032605,315,1.140592275,1,0,0.436643852
0,-0.140592275,1,0.648146401,3,2019-01-14T03:00:00.0,0.648146401,0,0.648146401,316,1.140592275,1,0,0.568254244
0,-0.140592275,1,0.648146401,3,2019-01-14T04:00:00.0,0.648146401,0,0.648146401,317,1.140592275,1,0,0.568254244
0,-0.140592275,1,0.648146401,3,2019-01-14T05:00:00.0,0.648146401,0,0.648146401,318,1.140592275,1,0,0.568254244
0,-0.140592275,1,0.498032605,3,2019-01-14T06:00:00.0,0.498032605,0,0.498032605,319,1.140592275,1,0,0.436643852
0,-0.121127698,1,0.656222487,4,2019-01-14T07:00:00.0,0.656222487,0,0.656222487,320,1.121127699,1,0,0.585323588
0,-0.121127698,1,0.656222487,4,2019-01-14T08:00:00.0,0.656222487,0,0.656222487,321,1.121127699,1,0,0.585323588
0,-0.037232593,1,0.570633152,4,2019-01-14T09:00:00.0,0.570633152,0,0.570633152,322,1.037232593,1,0,0.550149654
0,-0.042430781,1,0.727070006,3,2019-01-14T10:00:00.0,0.727070006,0,0.727070006,323,1.042430794,1.000000013,0,0.697475565
0,-0.037232593,1,0.570633152,4,2019-01-14T11:00:00.0,0.570633152,0,0.570633152,324,1.037232593,1.000000001,0,0.550149654
0,-0.037232593,1,0.570633152,4,2019-01-14T12:00:00.0,0.570633152,0,0.570633152,325,1.037232593,1,0,0.550149654
0,-0.037232593,1,0.570633152,4,2019-01-14T13:00:00.0,0.570633152,0,0.570633152,326,1.037232593,1,0,0.550149654
0,-0.037232593,1,0.570633152,4,2019-01-14T14:00:00.0,0.570633152,0,0.570633152,327,1.037232593,1,0,0.550149654
0,-0.037232593,1,0.570633152,4,2019-01-14T15:00:00.0,0.570633152,0,0.570633152,328,1.037232593,1,0,0.550149654
0,-0.121127698,1,0.622539869,4,2019-01-14T16:00:00.0,0.622539869,0,0.622539869,329,1.121127698,1,0,0.555280072
0,-0.121127698,1,0.622539869,4,2019-01-14T17:00:00.0,0.622539869,0,0.622539869,330,1.121127699,1,0,0.555280072
0,-0.121127698,1,0.622539869,4,2019-01-14T18:00:00.0,0.622539869,0,0.622539869,331,1.121127699,1,0,0.555280072
0,-0.042601778,1,0.682676877,2,2019-01-14T19:00:00.0,0.682676877,0,0.682676877,332,1.042601778,1,0,0.654782
0,-0.121127698,1,0.622539869,4,2019-01-14T20:00:00.0,0.622539869,0,0.622539869,333,1.121127699,1,0,0.555280072
0,-0.121127698,1,0.656222487,4,2019-01-14T21:00:00.0,0.656222487,0,0.656222487,334,1.121127699,1,0,0.585323588
0,-0.121127698,1,0.656222487,4,2019-01-14T22:00:00.0,0.656222487,0,0.656222487,335,1.121127699,1,0,0.585323588
0,-0.140592275,1,0.498032605,3,2019-01-14T23:00:00.0,0.498032605,0,0.498032605,336,1.140592275,1,0,0.436643852
0,-0.140592275,1,0.498032605,3,2019-01-15T00:00:00.0,0.498032605,0,0.498032605,337,1.140592275,1,0,0.436643852
0,-0.140592275,1,0.498032605,3,2019-01-15T01:00:00.0,0.498032605,0,0.498032605,338,1.140592275,1,0,0.436643852
0,-0.140592275,1,0.498032605,3,2019-01-15T02:00:00.0,0.498032605,0,0.498032605,339,1.140592275,1,0,0.436643852
0,-0.140592275,1,0.455344019,3,2019-01-15T03:00:00.0,0.455344019,0,0.455344019,340,1.140592275,1,0,0.399217169
0,-0.140592275,1,0.455344019,3,2019-01-15T04:00:00.0,0.455344019,0,0.455344019,341,1.140592275,1.000000001,0,0.399217169
0,-0.042430781,1,0.682564912,2,2019-01-15T05:00:00.0,0.682564912,0,0.682564912,342,1.042430781,1,0,0.654782
0,-0.140592275,1,0.498032605,3,2019-01-15T06:00:00.0,0.498032605,0,0.498032605,343,1.140592275,1,0,0.436643852
0,-0.140592275,1,0.501492631,3,2019-01-15T07:00:00.0,0.501492631,0,0.501492631,344,1.140592275,1,0,0.439677387
0,-0.140592275,1,0.51372226,3,2019-01-15T08:00:00.0,0.51372226,0,0.51372226,345,1.140592275,1,0,0.450399561
0,-0.034997157,1,0.444718071,3,2019-01-15T09:00:00.0,0.444718071,0,0.444718071,346,1.034997157,1,0,0.429680476
0,-0.034997157,1,0.444718071,3,2019-01-15T10:00:00.0,0.444718071,0,0.444718071,347,1.034997157,1,0,0.429680476
0,-0.034997157,1,0.444718071,3,2019-01-15T11:00:00.0,0.444718071,0,0.444718071,348,1.034997157,1,0,0.429680476
0,-0.036339475,1,0.447015459,4,2019-01-15T12:00:00.0,0.447015459,0,0.447015459,349,1.036339475,1,0,0.431340762
0,-0.034997157,1,0.444718071,3,2019-01-15T13:00:00.0,0.444718071,0,0.444718071,350,1.034997157,1,0,0.429680476
0,-0.034997157,1,0.444718071,3,2019-01-15T14:00:00.0,0.444718071,0,0.444718071,351,1.034997157,1,0,0.429680476
0,-0.034997157,1,0.444718071,3,2019-01-15T15:00:00.0,0.444718071,0,0.444718071,352,1.034997157,1,0,0.429680476
0,-0.121127698,1,0.622539869,4,2019-01-15T16:00:00.0,0.622539869,0,0.622539869,353,1.121127699,1,0,0.555280072
0,-0.121127698,1,0.656222487,4,2019-01-15T17:00:00.0,0.656222487,0,0.656222487,354,1.121127699,1,0,0.585323588
0,-0.140592275,1,0.51372226,3,2019-01-15T18:00:00.0,0.51372226,0,0.51372226,355,1.140592275,1,0,0.450399561
0,-0.140592275,1,0.51372226,3,2019-01-15T19:00:00.0,0.51372226,0,0.51372226,356,1.140592275,1,0,0.450399561
0,-0.121127698,1,0.656222487,4,2019-01-15T20:00:00.0,0.656222487,0,0.656222487,357,1.121127699,1,0,0.585323588
0,-0.121127698,1,0.656222487,4,2019-01-15T21:00:00.0,0.656222487,0,0.656222487,358,1.121127699,1,0,0.585323588
0,-0.140592275,1,0.51372226,3,2019-01-15T22:00:00.0,0.51372226,0,0.51372226,359,1.140592275,1,0,0.450399561
0,-0.140592275,1,0.501492631,3,2019-01-15T23:00:00.0,0.501492631,0,0.501492631,360,1.140592275,1,0,0.439677387
0,-0.235947871,1,0.549655603,3,2019-01-16T00:00:00.0,0.549655603,0,0.549655603,361,1.235947871,1,0,0.444723937
0,-0.583910538,1,0.59160971,4,2019-01-16T01:00:00.0,0.59160971,0,0.59160971,362,1.583910539,1,0,0.373512074
0,-0.235947871,1,0.549655603,3,2019-01-16T02:00:00.0,0.549655603,0,0.549655603,363,1.235947871,1,0,0.444723937
0,-0.235947871,1,0.549655603,3,2019-01-16T03:00:00.0,0.549655603,0,0.549655603,364,1.235947872,1,0,0.444723937
0,-0.228726353,1,0.545751243,3,2019-01-16T04:00:00.0,0.545751243,0,0.545751243,365,1.228726353,1,0,0.444160119
0,-0.235947871,1,0.549655603,3,2019-01-16T05:00:00.0,0.549655603,0,0.549655603,366,1.235947871,1,0,0.444723937
0,-0.235947871,1,0.549655603,3,2019-01-16T06:00:00.0,0.549655603,0,0.549655603,367,1.235947871,1,0,0.444723937
0,-0.238353065,1,0.550848006,3,2019-01-16T07:00:00.0,0.550848006,0,0.550848006,368,1.238353065,1,0,0.444823065
0,-0.235947871,1,0.549655603,3,2019-01-16T08:00:00.0,0.549655603,0,0.549655603,369,1.235947871,1,0,0.444723937
0,-0.235947871,1,0.549655603,3,2019-01-16T09:00:00.0,0.549655603,0,0.549655603,370,1.235947871,1,0,0.444723937
0,-0.235947871,1,0.549655603,3,2019-01-16T10:00:00.0,0.549655603,0,0.549655603,371,1.235947872,1,0,0.444723937
0,-0.235947871,1,0.549655603,3,2019-01-16T11:00:00.0,0.549655603,0,0.549655603,372,1.235947872,1,0,0.444723937
0,-0.235947871,1,0.549655603,3,2019-01-16T12:00:00.0,0.549655603,0,0.549655603,373,1.235947871,1,0,0.444723937
0,-0.228726353,1,0.545751243,3,2019-01-16T13:00:00.0,0.545751243,0,0.545751243,374,1.228726353,1,0,0.444160119
0,-0.235947871,1,0.549655603,3,2019-01-16T14:00:00.0,0.549655603,0,0.549655603,375,1.235947871,1,0,0.444723937
0,-0.235947871,1,0.549655603,3,2019-01-16T15:00:00.0,0.549655603,0,0.549655603,376,1.235947872,1,0,0.444723937
0,-0.235947871,1,0.549655603,3,2019-01-16T16:00:00.0,0.549655603,0,0.549655603,377,1.235947871,1,0,0.444723937
0,-0.238353065,1,0.550848006,3,2019-01-16T17:00:00.0,0.550848006,0,0.550848006,378,1.238353065,1,0,0.444823065
0,-0.238353065,1,0.550848006,3,2019-01-16T18:00:00.0,0.550848006,0,0.550848006,379,1.238353065,1,0,0.444823065
0,-0.238353065,1,0.550848006,3,2019-01-16T19:00:00.0,0.550848006,0,0.550848006,380,1.238353065,1,0,0.444823065
0,-0.238353065,1,0.550848006,3,2019-01-16T20:00:00.0,0.550848006,0,0.550848006,381,1.238353065,1,0,0.444823065
0,-0.238353065,1,0.550848007,3,2019-01-16T21:00:00.0,0.550848007,0,0.550848007,382,1.238353065,1,0,0.444823065
0,-0.235947871,1,0.549655603,3,2019-01-16T22:00:00.0,0.549655603,0,0.549655603,383,1.235947871,1,0,0.444723937
0,-0.039677957,1,0.397491892,2,2019-01-16T23:00:00.0,0.397491892,0,0.397491892,384,1.039677957,1,0,0.382322131
0,-0.121127698,1,0.656222487,4,2019-01-17T00:00:00.0,0.656222487,0,0.656222487,385,1.121127698,1,0,0.585323588
0,-0.121127698,1,0.656222487,4,2019-01-17T01:00:00.0,0.656222487,0,0.656222487,386,1.121127699,1,0,0.585323588
0,-0.121141274,1,0.656443092,4,2019-01-17T02:00:00.0,0.656443092,0,0.656443092,387,1.121141275,1,0,0.585513268
0,-0.117729103,1,0.656765546,4,2019-01-17T03:00:00.0,0.656765546,0,0.656765546,388,1.117729103,1,0,0.587589197
0,-0.117729103,1,0.656765546,4,2019-01-17T04:00:00.0,0.656765546,0,0.656765546,389,1.117729103,1,0,0.587589197
0,-0.117729103,1,0.656765546,4,2019-01-17T05:00:00.0,0.656765546,0,0.656765546,390,1.117729103,1,0,0.587589197
0,-0.115989904,1,0.656026289,5,2019-01-17T06:00:00.0,0.656026289,0,0.656026289,391,1.115989904,1,0,0.587842495
0,-0.121127698,1,0.656222487,4,2019-01-17T07:00:00.0,0.656222487,0,0.656222487,392,1.121127698,1,0,0.585323588
0,-0.140592275,1,0.498032605,3,2019-01-17T08:00:00.0,0.498032605,0,0.498032605,393,1.140592275,1,0,0.436643852
0,-0.037232593,1,0.570633152,4,2019-01-17T09:00:00.0,0.570633152,0,0.570633152,394,1.037232593,1,0,0.550149654
0,-0.037232593,1,0.570633152,4,2019-01-17T10:00:00.0,0.570633152,0,0.570633152,395,1.037232593,1,0,0.550149654
0,-0.037232593,1,0.570633152,4,2019-01-17T11:00:00.0,0.570633152,0,0.570633152,396,1.037232593,1,0,0.550149654
0,-0.037232593,1,0.570633152,4,2019-01-17T12:00:00.0,0.570633152,0,0.570633152,397,1.037232593,1,0,0.550149654
0,-0.037232593,1,0.570633152,4,2019-01-17T13:00:00.0,0.570633152,0,0.570633152,398,1.037232593,1,0,0.550149654
0,-0.037232593,1,0.570633152,4,2019-01-17T14:00:00.0,0.570633152,0,0.570633152,399,1.037232593,1,0,0.550149654
0,-0.119355807,1,0.420372518,3,2019-01-17T15:00:00.0,0.420372518,0,0.420372518,400,1.119355807,1,0,0.37554861
0,-0.140592275,1,0.498032605,3,2019-01-17T16:00:00.0,0.498032605,0,0.498032605,401,1.140592275,1,0,0.436643852
0,-0.140592275,1,0.51372226,3,2019-01-17T17:00:00.0,0.51372226,0,0.51372226,402,1.140592275,1,0,0.450399561
0,-0.140592275,1,0.501492631,3,2019-01-17T18:00:00.0,0.501492631,0,0.501492631,403,1.140592275,1,0,0.439677387
0,-0.140592275,1,0.51372226,3,2019-01-17T19:00:00.0,0.51372226,0,0.51372226,404,1.140592275,1,0,0.450399561
0,-0.140592275,1,0.501492631,3,2019-01-17T20:00:00.0,0.501492631,0,0.501492631,405,1.140592275,1,0,0.439677387
0,-0.140592275,1,0.501492631,3,2019-01-17T21:00:00.0,0.501492631,0,0.501492631,406,1.140592275,1,0,0.439677387
0,-0.140592275,1,0.501492631,3,2019-01-17T22:00:00.0,0.501492631,0,0.501492631,407,1.140592275,1,0,0.439677387
0,-0.042278842,1,0.398486268,2,2019-01-17T23:00:00.0,0.398486268,0,0.398486268,408,1.042278842,1,0,0.382322131
0,-0.235947871,1,0.549655603,3,2019-01-18T00:00:00.0,0.549655603,0,0.549655603,409,1.235947871,1,0,0.444723937
0,-0.235947871,1,0.549655603,3,2019-01-18T01:00:00.0,0.549655603,0,0.549655603,410,1.235947871,1,0,0.444723937
0,-0.235947871,1,0.549655603,3,2019-01-18T02:00:00.0,0.549655603,0,0.549655603,411,1.235947871,1,0,0.444723937
0,-0.235947871,1,0.549655603,3,2019-01-18T03:00:00.0,0.549655603,0,0.549655603,412,1.235947872,1,0,0.444723937
0,-0.235947871,1,0.549655603,3,2019-01-18T04:00:00.0,0.549655603,0,0.549655603,413,1.235947872,1,0,0.444723937
0,-0.235947871,1,0.549655603,3,2019-01-18T05:00:00.0,0.549655603,0,0.549655603,414,1.235947871,1,0,0.444723937
0,-0.128815272,1,0.49154457,3,2019-01-18T06:00:00.0,0.49154457,0,0.49154457,415,1.128815272,1,0,0.435451736
0,-0.140592275,1,0.501492631,3,2019-01-18T07:00:00.0,0.501492631,0,0.501492631,416,1.140592275,1,0,0.439677387
0,-0.140592275,1,0.501492631,3,2019-01-18T08:00:00.0,0.501492631,0,0.501492631,417,1.140592275,1,0,0.439677387
0,-0.121127698,1,0.656222487,4,2019-01-18T09:00:00.0,0.656222487,0,0.656222487,418,1.121127699,1,0,0.585323588
0,0,1,0.426276334,1,2019-01-18T10:00:00.0,0.426276334,0,0.426276334,419,1,1,0,0.426276334
0,0,1,0.426276334,1,2019-01-18T11:00:00.0,0.426276334,0,0.426276334,420,1,1,0,0.426276334
0,0,1,0.426276334,1,2019-01-18T12:00:00.0,0.426276334,0,0.426276334,421,1,1,0,0.426276334
0,0,1,0.426276334,1,2019-01-18T13:00:00.0,0.426276334,0,0.426276334,422,1,1,0,0.426276334
0,0,1,0.426276334,1,2019-01-18T14:00:00.0,0.426276334,0,0.426276334,423,1,1,0,0.426276334
0,0,1,0.426276334,1,2019-01-18T15:00:00.0,0.426276334,0,0.426276334,424,1,1,0,0.426276334
0,-0.121127698,1,0.656222487,4,2019-01-18T16:00:00.0,0.656222487,0,0.656222487,425,1.121127699,1,0,0.585323588
0,-0.121127698,1,0.656222487,4,2019-01-18T17:00:00.0,0.656222487,0,0.656222487,426,1.121127699,1,0,0.585323588
0,-0.140592275,1,0.501492631,3,2019-01-18T18:00:00.0,0.501492631,0,0.501492631,427,1.140592275,1,0,0.439677387
0,-0.140592275,1,0.501492631,3,2019-01-18T19:00:00.0,0.501492631,0,0.501492631,428,1.140592275,1,0,0.439677387
0,-0.140592275,1,0.501492631,3,2019-01-18T20:00:00.0,0.501492631,0,0.501492631,429,1.140592275,1,0,0.439677387
0,-0.121127698,1,0.656222487,4,2019-01-18T21:00:00.0,0.656222487,0,0.656222487,430,1.121127699,1,0,0.585323588
0,-0.140592275,1,0.498032605,3,2019-01-18T22:00:00.0,0.498032605,0,0.498032605,431,1.140592275,1,0,0.436643852
0,-0.042430781,1,0.394226255,2,2019-01-18T23:00:00.0,0.394226255,0,0.394226255,432,1.042430781,1,0,0.378179791
0,-0.042430781,1,0.394226255,2,2019-01-19T00:00:00.0,0.394226255,0,0.394226255,433,1.042430781,1,0,0.378179791
0,-0.119355807,1,0.417275228,3,2019-01-19T01:00:00.0,0.417275228,0,0.417275228,434,1.119355807,1,0,0.372781581
0,-0.119355807,1,0.417275228,3,2019-01-19T02:00:00.0,0.417275228,0,0.417275228,435,1.119355807,1,0,0.372781581
0,-0.119355807,1,0.417275228,3,2019-01-19T03:00:00.0,0.417275228,0,0.417275228,436,1.119355807,1,0,0.372781581
0,-0.119355807,1,0.417275228,3,2019-01-19T04:00:00.0,0.417275228,0,0.417275228,437,1.119355807,1,0,0.372781581
0,-0.119355807,1,0.417275228,3,2019-01-19T05:00:00.0,0.417275228,0,0.417275228,438,1.119355807,1,0,0.372781581
0,-0.042430781,1,0.394226255,2,2019-01-19T06:00:00.0,0.394226255,0,0.394226255,439,1.042430781,1,0,0.378179791
0,-0.042430781,1,0.394226255,2,2019-01-19T07:00:00.0,0.394226255,0,0.394226255,440,1.042430781,1,0,0.378179791
0,-0.042430781,1,0.394226255,2,2019-01-19T08:00:00.0,0.394226255,0,0.394226255,441,1.042430781,1,0,0.378179791
0,-0.119355807,1,0.417275228,3,2019-01-19T09:00:00.0,0.417275228,0,0.417275228,442,1.119355807,1,0,0.372781581
0,-0.119355807,1,0.420372518,3,2019-01-19T10:00:00.0,0.420372518,0,0.420372518,443,1.119355807,1,0,0.37554861
0,-0.042430781,1,0.398544357,2,2019-01-19T11:00:00.0,0.398544357,0,0.398544357,444,1.042430781,1,0,0.382322131
0,-0.042430781,1,0.398544357,2,2019-01-19T12:00:00.0,0.398544357,0,0.398544357,445,1.042430781,1,0,0.382322131
0,-0.042430781,1,0.398544357,2,2019-01-19T13:00:00.0,0.398544357,0,0.398544357,446,1.042430781,1,0,0.382322131
0,-0.042430781,1,0.398544357,2,2019-01-19T14:00:00.0,0.398544357,0,0.398544357,447,1.042430781,1,0,0.382322131
0,-0.042430781,1,0.398544357,2,2019-01-19T15:00:00.0,0.398544357,0,0.398544357,448,1.042430781,1,0,0.382322131
0,-0.042430781,1,0.398544357,2,2019-01-19T16:00:00.0,0.398544357,0,0.398544357,449,1.042430781,1,0,0.382322131
0,-0.042601778,1,0.398609733,2,2019-01-19T17:00:00.0,0.398609733,0,0.398609733,450,1.042601778,1,0,0.382322131
0,-0.121127698,1,0.656222487,4,2019-01-19T18:00:00.0,0.656222487,0,0.656222487,451,1.121127699,1,0,0.585323588
0,-0.121127698,1,0.656222487,4,2019-01-19T19:00:00.0,0.656222487,0,0.656222487,452,1.121127699,1,0,0.585323588
0,-0.239616846,1,0.616383893,3,2019-01-19T20:00:00.0,0.616383893,0,0.616383893,453,1.239616846,1,0,0.497237429
0,-0.042278842,1,0.398486268,2,2019-01-19T21:00:00.0,0.398486268,0,0.398486268,454,1.042278842,1,0,0.382322131
0,-0.239616846,1,0.616383893,3,2019-01-19T22:00:00.0,0.616383893,0,0.616383893,455,1.239616846,1,0,0.497237429
0,-0.239616846,1,0.616383893,3,2019-01-19T23:00:00.0,0.616383893,0,0.616383893,456,1.239616846,1,0,0.497237429
0,-0.2316992,1,0.452195329,3,2019-01-20T00:00:00.0,0.452195329,0,0.452195329,457,1.2316992,1,0,0.367131301
0,-0.239616846,1,0.531911108,3,2019-01-20T01:00:00.0,0.531911108,0,0.531911108,458,1.239616846,1,0,0.429093158
0,-0.239616846,1,0.531911108,3,2019-01-20T02:00:00.0,0.531911108,0,0.531911108,459,1.239616846,1,0,0.429093158
0,-0.2316992,1,0.452195329,3,2019-01-20T03:00:00.0,0.452195329,0,0.452195329,460,1.2316992,1,0,0.367131301
0,-0.2316992,1,0.452195329,3,2019-01-20T04:00:00.0,0.452195329,0,0.452195329,461,1.2316992,1,0,0.367131301
0,-0.239616846,1,0.531911108,3,2019-01-20T05:00:00.0,0.531911108,0,0.531911108,462,1.239616846,1,0,0.429093158
0,-0.239616846,1,0.531911108,3,2019-01-20T06:00:00.0,0.531911108,0,0.531911108,463,1.239616846,1,0,0.429093158
0,-0.2316992,1,0.452195329,3,2019-01-20T07:00:00.0,0.452195329,0,0.452195329,464,1.2316992,1,0,0.367131301
0,0,1,0.356886971,2,2019-01-20T08:00:00.0,0.356886971,0,0.356886971,465,1,1,0,0.356886971
0,-0.034539314,1,0.37624907,3,2019-01-20T09:00:00.0,0.37624907,0,0.37624907,466,1.034539314,1,0,0.363687551
0,-0.034539314,1,0.37624907,3,2019-01-20T10:00:00.0,0.37624907,0,0.37624907,467,1.034539314,1,0,0.363687551
0,-0.034539314,1,0.37624907,3,2019-01-20T11:00:00.0,0.37624907,0,0.37624907,468,1.034539314,1,0,0.363687551
0,-0.03455205,1,0.37625968,3,2019-01-20T12:00:00.0,0.37625968,0,0.37625968,469,1.03455205,1,0,0.36369333
0,0,1,0.356886971,2,2019-01-20T13:00:00.0,0.356886971,0,0.356886971,470,1,1,0,0.356886971
0,0,1,0.356886971,2,2019-01-20T14:00:00.0,0.356886971,0,0.356886971,471,1,1,0,0.356886971
0,-0.034539314,1,0.37624907,3,2019-01-20T15:00:00.0,0.37624907,0,0.37624907,472,1.034539314,1,0,0.363687551
0,0,1,0.356886971,2,2019-01-20T16:00:00.0,0.356886971,0,0.356886971,473,1,1,0,0.356886971
0,-0.03455205,1,0.37625968,3,2019-01-20T17:00:00.0,0.37625968,0,0.37625968,474,1.03455205,1,0,0.36369333
0,-0.03455205,1,0.37625968,3,2019-01-20T18:00:00.0,0.37625968,0,0.37625968,475,1.03455205,1,0,0.36369333
0,-0.03455205,1,0.37625968,3,2019-01-20T19:00:00.0,0.37625968,0,0.37625968,476,1.03455205,1,0,0.36369333
0,-0.03455205,1,0.37625968,3,2019-01-20T20:00:00.0,0.37625968,0,0.37625968,477,1.03455205,1,0,0.36369333
0,-0.03455205,1,0.37625968,3,2019-01-20T21:00:00.0,0.37625968,0,0.37625968,478,1.03455205,1,0,0.36369333
0,-0.034539314,1,0.403766889,3,2019-01-20T22:00:00.0,0.403766889,0,0.403766889,479,1.034539314,1,0,0.390286656
0,-0.034539314,1,0.403766889,3,2019-01-20T23:00:00.0,0.403766889,0,0.403766889,480,1.034539315,1,0,0.390286656
0,-0.239616846,1,0.616383893,3,2019-01-21T00:00:00.0,0.616383893,0,0.616383893,481,1.239616846,1,0,0.497237429
0,-0.239616846,1,0.616383893,3,2019-01-21T01:00:00.0,0.616383893,0,0.616383893,482,1.239616846,1,0,0.497237429
0,-0.239616846,1,0.616383893,3,2019-01-21T02:00:00.0,0.616383893,0,0.616383893,483,1.239616846,1,0,0.497237429
0,-0.239616846,1,0.616383893,3,2019-01-21T03:00:00.0,0.616383893,0,0.616383893,484,1.239616846,1,0,0.497237429
0,-0.239616846,1,0.616383893,3,2019-01-21T04:00:00.0,0.616383893,0,0.616383893,485,1.239616846,1,0,0.497237429
0,-0.239616846,1,0.616383893,3,2019-01-21T05:00:00.0,0.616383893,0,0.616383893,486,1.239616846,1,0,0.497237429
0,-0.239616846,1,0.616383893,3,2019-01-21T06:00:00.0,0.616383893,0,0.616383893,487,1.239616846,1,0,0.497237429
0,-0.239616846,1,0.570216461,3,2019-01-21T07:00:00.0,0.570216461,0,0.570216461,488,1.239616846,1,0,0.45999412
0,-0.239616846,1,0.57021646,3,2019-01-21T08:00:00.0,0.57021646,0,0.57021646,489,1.239616846,1,0,0.45999412
0,-0.03455205,1,0.384202416,3,2019-01-21T09:00:00.0,0.384202416,0,0.384202416,490,1.03455205,1,0,0.371370794
0,-0.239616846,1,0.57021646,3,2019-01-21T10:00:00.0,0.57021646,0,0.57021646,491,1.239616846,1,0,0.45999412
0,-0.239616846,1,0.57021646,3,2019-01-21T11:00:00.0,0.57021646,0,0.57021646,492,1.239616846,1,0,0.45999412
0,-0.239616846,1,0.57021646,3,2019-01-21T12:00:00.0,0.57021646,0,0.57021646,493,1.239616846,1,0,0.45999412
0,-0.239616846,1,0.57021646,3,2019-01-21T13:00:00.0,0.57021646,0,0.57021646,494,1.239616846,1,0,0.45999412
0,-0.03455205,1,0.384202416,3,2019-01-21T14:00:00.0,0.384202416,0,0.384202416,495,1.03455205,1,0,0.371370794
0,-0.239616846,1,0.616383893,3,2019-01-21T15:00:00.0,0.616383893,0,0.616383893,496,1.239616846,1,0,0.497237429
0,-0.239616846,1,0.616383893,3,2019-01-21T16:00:00.0,0.616383893,0,0.616383893,497,1.239616846,1,0,0.497237429
0,-0.121127698,1,0.656222487,4,2019-01-21T17:00:00.0,0.656222487,0,0.656222487,498,1.121127698,1,0,0.585323588
0,-0.121127698,1,0.656222487,4,2019-01-21T18:00:00.0,0.656222487,0,0.656222487,499,1.121127698,1,0,0.585323588
0,-0.121127698,1,0.656222487,4,2019-01-21T19:00:00.0,0.656222487,0,0.656222487,500,1.121127698,1,0,0.585323588
0,-0.239616846,1,0.616383893,3,2019-01-21T20:00:00.0,0.616383893,0,0.616383893,501,1.239616846,1,0,0.497237429
0,-0.239616846,1,0.616383893,3,2019-01-21T21:00:00.0,0.616383893,0,0.616383893,502,1.239616846,1,0,0.497237429
0,-0.239616846,1,0.571401098,3,2019-01-21T22:00:00.0,0.571401098,0,0.571401098,503,1.239616846,1,0,0.460949769
0,-0.231606758,1,0.557518129,3,2019-01-21T23:00:00.0,0.557518129,0,0.557518129,504,1.231606758,1,0,0.452675439
0,-0.119355807,1,0.505024622,3,2019-01-22T00:00:00.0,0.505024622,0,0.505024622,505,1.119355807,1,0,0.451174344
0,-0.119355807,1,0.505024622,3,2019-01-22T01:00:00.0,0.505024622,0,0.505024622,506,1.119355807,1,0,0.451174344
0,-0.119355807,1,0.505024622,3,2019-01-22T02:00:00.0,0.505024622,0,0.505024622,507,1.119355807,1,0,0.451174344
0,-0.119355807,1,0.505024622,3,2019-01-22T03:00:00.0,0.505024622,0,0.505024622,508,1.119355807,1,0,0.451174344
0,-0.119355807,1,0.505024622,3,2019-01-22T04:00:00.0,0.505024622,0,0.505024622,509,1.119355807,1,0,0.451174344
0,-0.119355807,1,0.505024622,3,2019-01-22T05:00:00.0,0.505024622,0,0.505024622,510,1.119355807,1,0,0.451174344
0,0,1,0.417286673,2,2019-01-22T06:00:00.0,0.417286673,0,0.417286673,511,1,1,0,0.417286673
0,-0.119355807,1,0.505024622,3,2019-01-22T07:00:00.0,0.505024622,0,0.505024622,512,1.119355807,1,0,0.451174344
0,-0.119355807,1,0.505024622,3,2019-01-22T08:00:00.0,0.505024622,0,0.505024622,513,1.119355807,1,0,0.451174344
0,-0.119355807,1,0.505024623,3,2019-01-22T09:00:00.0,0.505024623,0,0.505024623,514,1.119355808,1.000000001,0,0.451174344
0,-0.119355807,1,0.505024622,3,2019-01-22T10:00:00.0,0.505024622,0,0.505024622,515,1.119355807,1,0,0.451174344
0,-0.119355807,1,0.505024622,3,2019-01-22T11:00:00.0,0.505024622,0,0.505024622,516,1.119355807,1,0,0.451174344
0,-0.119355807,1,0.505024622,3,2019-01-22T12:00:00.0,0.505024622,0,0.505024622,517,1.119355807,1,0,0.451174344
0,-0.119355807,1,0.505024622,3,2019-01-22T13:00:00.0,0.505024622,0,0.505024622,518,1.119355807,1,0,0.451174344
0,-0.119355807,1,0.505024622,3,2019-01-22T14:00:00.0,0.505024622,0,0.505024622,519,1.119355807,1,0,0.451174344
0,-0.121127698,1,0.656222487,4,2019-01-22T15:00:00.0,0.656222487,0,0.656222487,520,1.121127698,1,0,0.585323588
0,-0.121127698,1,0.656222487,4,2019-01-22T16:00:00.0,0.656222487,0,0.656222487,521,1.121127698,1,0,0.585323588
0,-0.121127698,1,0.656222487,4,2019-01-22T17:00:00.0,0.656222487,0,0.656222487,522,1.121127699,1,0,0.585323588
0,-0.042601778,1,0.682676877,3,2019-01-22T18:00:00.0,0.682676877,0,0.682676877,523,1.042601778,1,0,0.654782
0,-0.121127698,1,0.656222487,4,2019-01-22T19:00:00.0,0.656222487,0,0.656222487,524,1.121127698,1,0,0.585323588
0,-0.121127698,1,0.656222487,4,2019-01-22T20:00:00.0,0.656222487,0,0.656222487,525,1.121127699,1,0,0.585323588
0,-0.121127698,1,0.656222487,4,2019-01-22T21:00:00.0,0.656222487,0,0.656222487,526,1.121127698,1,0,0.585323588
0,0,1,0.426276334,1,2019-01-22T22:00:00.0,0.426276334,0,0.426276334,527,1,1,0,0.426276334
0,-0.03455205,1,0.37625968,3,2019-01-22T23:00:00.0,0.37625968,0,0.37625968,528,1.03455205,1,0,0.36369333
0.716728558,0,1,0.108300941,2,2019-01-23T00:00:00.0,0.108300941,0,0.108300941,529,0.283271442,1,0,0.382322131
0.744753412,0,1,0.114972796,2,2019-01-23T01:00:00.0,0.114972796,0,0.114972796,530,0.255246588,1,0,0.450438133
0.744753412,0,1,0.114972796,2,2019-01-23T02:00:00.0,0.114972796,0,0.114972796,531,0.255246588,1,0,0.450438133
0.744753412,0,1,0.114972796,2,2019-01-23T03:00:00.0,0.114972796,0,0.114972796,532,0.255246588,1,0,0.450438133
0.744753412,0,1,0.114972796,2,2019-01-23T04:00:00.0,0.114972796,0,0.114972796,533,0.255246588,1,0,0.450438133
0.745841391,0,1,0.114482729,3,2019-01-23T05:00:00.0,0.114482729,0,0.114482729,534,0.254158609,1,0,0.450438133
0.745841391,0,1,0.114482729,3,2019-01-23T06:00:00.0,0.114482729,0,0.114482729,535,0.254158609,1,0,0.450438133
0,-0.235947871,1,0.549655603,3,2019-01-23T07:00:00.0,0.549655603,0,0.549655603,536,1.235947871,1,0,0.444723937
0,-0.235947871,1,0.549655603,3,2019-01-23T08:00:00.0,0.549655603,0,0.549655603,537,1.235947872,1,0,0.444723937
0,-0.235947871,1,0.549655603,3,2019-01-23T09:00:00.0,0.549655603,0,0.549655603,538,1.235947871,1,0,0.444723937
0,-0.235947871,1,0.549655603,3,2019-01-23T10:00:00.0,0.549655603,0,0.549655603,539,1.235947871,1,0,0.444723937
0,-0.235947871,1,0.549655603,3,2019-01-23T11:00:00.0,0.549655603,0,0.549655603,540,1.235947871,1,0,0.444723937
0,-0.235947871,1,0.549655603,3,2019-01-23T12:00:00.0,0.549655603,0,0.549655603,541,1.235947871,1,0,0.444723937
0,-0.235947871,1,0.549655603,3,2019-01-23T13:00:00.0,0.549655603,0,0.549655603,542,1.235947871,1,0,0.444723937
0,-0.235947871,1,0.549655603,3,2019-01-23T14:00:00.0,0.549655603,0,0.549655603,543,1.235947871,1,0,0.444723937
0,-0.235947871,1,0.549655603,3,2019-01-23T15:00:00.0,0.549655603,0,0.549655603,544,1.235947871,1,0,0.444723937
0,-0.235947871,1,0.549655603,3,2019-01-23T16:00:00.0,0.549655603,0,0.549655603,545,1.235947871,1,0,0.444723937
0,-0.238353065,1,0.550848006,3,2019-01-23T17:00:00.0,0.550848006,0,0.550848006,546,1.238353065,1,0,0.444823065
0,-0.042449192,1,0.682576967,2,2019-01-23T18:00:00.0,0.682576967,0,0.682576967,547,1.042449192,1,0,0.654782
0,-0.238353065,1,0.550848007,3,2019-01-23T19:00:00.0,0.550848007,0,0.550848007,548,1.238353065,1,0,0.444823065
0,-0.235947871,1,0.549655603,3,2019-01-23T20:00:00.0,0.549655603,0,0.549655603,549,1.235947871,1,0,0.444723937
0,-0.235947871,1,0.549655603,3,2019-01-23T21:00:00.0,0.549655603,0,0.549655603,550,1.235947872,1,0,0.444723937
0,-0.039677957,1,0.397491892,2,2019-01-23T22:00:00.0,0.397491892,0,0.397491892,551,1.039677957,1,0,0.382322131
0,-0.039677957,1,0.354594634,2,2019-01-23T23:00:00.0,0.354594634,0,0.354594634,552,1.039677957,1,0,0.341061991
0,-0.034539314,1,0.403766889,3,2019-01-24T00:00:00.0,0.403766889,0,0.403766889,553,1.034539314,1,0,0.390286656
0,-0.034539314,1,0.403766889,3,2019-01-24T01:00:00.0,0.403766889,0,0.403766889,554,1.034539314,1,0,0.390286656
0,-0.034539314,1,0.403766889,3,2019-01-24T02:00:00.0,0.403766889,0,0.403766889,555,1.034539314,1,0,0.390286656
0,-0.034539314,1,0.403766889,3,2019-01-24T03:00:00.0,0.403766889,0,0.403766889,556,1.034539314,1,0,0.390286656
0,-0.234220421,1,0.613228926,4,2019-01-24T04:00:00.0,0.613228926,0,0.613228926,557,1.234220421,1,0,0.496855275
0,-0.142817344,1,0.559791011,4,2019-01-24T05:00:00.0,0.559791011,0,0.559791011,558,1.142817344,1,0,0.489834193
0,-0.142817344,1,0.559791011,4,2019-01-24T06:00:00.0,0.559791011,0,0.559791011,559,1.142817344,1,0,0.489834193
0,-0.121127698,1,0.656222487,4,2019-01-24T07:00:00.0,0.656222487,0,0.656222487,560,1.121127699,1,0,0.585323588
0,-0.121127698,1,0.656222487,4,2019-01-24T08:00:00.0,0.656222487,0,0.656222487,561,1.121127699,1,0,0.585323588
0,-0.121127698,1,0.656222487,4,2019-01-24T09:00:00.0,0.656222487,0,0.656222487,562,1.121127698,1,0,0.585323588
0,-0.121127698,1,0.656222487,4,2019-01-24T10:00:00.0,0.656222487,0,0.656222487,563,1.121127699,1,0,0.585323588
0,-0.042278842,1,0.682465425,2,2019-01-24T11:00:00.0,0.682465425,0,0.682465425,564,1.042278842,1,0,0.654782
0,-0.239616846,1,0.616383893,3,2019-01-24T12:00:00.0,0.616383893,0,0.616383893,565,1.239616846,1,0,0.497237429
0,-0.234220421,1,0.613228931,4,2019-01-24T13:00:00.0,0.613228931,0,0.613228931,566,1.234220432,1.000000011,0,0.496855274
0,-0.034539314,1,0.403766889,3,2019-01-24T14:00:00.0,0.403766889,0,0.403766889,567,1.034539314,1,0,0.390286656
0,-0.034539314,1,0.403766889,3,2019-01-24T15:00:00.0,0.403766889,0,0.403766889,568,1.034539315,1,0,0.390286656
0,-0.034539314,1,0.403766889,3,2019-01-24T16:00:00.0,0.403766889,0,0.403766889,569,1.034539315,1,0,0.390286656
0,-0.034539314,1,0.403766889,3,2019-01-24T17:00:00.0,0.403766889,0,0.403766889,570,1.034539314,1,0,0.390286656
0,-0.034539314,1,0.403766889,3,2019-01-24T18:00:00.0,0.403766889,0,0.403766889,571,1.034539315,1,0,0.390286656
0,-0.034539314,1,0.403766889,3,2019-01-24T19:00:00.0,0.403766889,0,0.403766889,572,1.034539315,1,0,0.390286656
0,-0.034539314,1,0.403766889,3,2019-01-24T20:00:00.0,0.403766889,0,0.403766889,573,1.034539315,1,0,0.390286656
0,-0.034539314,1,0.403766889,3,2019-01-24T21:00:00.0,0.403766889,0,0.403766889,574,1.034539315,1,0,0.390286656
0,-0.039677957,1,0.353462977,2,2019-01-24T22:00:00.0,0.353462977,0,0.353462977,575,1.039677957,1,0,0.339973522
0,-0.039677957,1,0.313944848,2,2019-01-24T23:00:00.0,0.313944848,0,0.313944848,576,1.039677957,1,0,0.301963551
0,-0.234220421,1,0.613228926,4,2019-01-25T00:00:00.0,0.613228926,0,0.613228926,577,1.234220421,1,0,0.496855275
0,-0.234220421,1,0.613228926,4,2019-01-25T01:00:00.0,0.613228926,0,0.613228926,578,1.234220421,1,0,0.496855275
0,-0.234220421,1,0.613228926,4,2019-01-25T02:00:00.0,0.613228926,0,0.613228926,579,1.234220421,1,0,0.496855275
0,-0.034539314,1,0.403766889,3,2019-01-25T03:00:00.0,0.403766889,0,0.403766889,580,1.034539314,1,0,0.390286656
0,-0.034539314,1,0.403766889,3,2019-01-25T04:00:00.0,0.403766889,0,0.403766889,581,1.034539314,1,0,0.390286656
0,-0.034539314,1,0.403766889,3,2019-01-25T05:00:00.0,0.403766889,0,0.403766889,582,1.034539314,1,0,0.390286656
0,-0.034539314,1,0.403766889,3,2019-01-25T06:00:00.0,0.403766889,0,0.403766889,583,1.034539315,1,0,0.390286656
0,-0.239616848,1,0.616383897,3,2019-01-25T07:00:00.0,0.616383897,0,0.616383897,584,1.239616854,1.000000007,0,0.497237429
0,-0.234220421,1,0.613228926,4,2019-01-25T08:00:00.0,0.613228926,0,0.613228926,585,1.234220421,1,0,0.496855275
0,-0.234220421,1,0.613228926,4,2019-01-25T09:00:00.0,0.613228926,0,0.613228926,586,1.234220421,1,0,0.496855275
0,-0.234220421,1,0.613228926,4,2019-01-25T10:00:00.0,0.613228926,0,0.613228926,587,1.234220421,1,0,0.496855275
0,-0.234220421,1,0.613228926,4,2019-01-25T11:00:00.0,0.613228926,0,0.613228926,588,1.234220421,1,0,0.496855275
0,-0.234220421,1,0.613228926,4,2019-01-25T12:00:00.0,0.613228926,0,0.613228926,589,1.234220421,1,0,0.496855275
0,-0.234220421,1,0.613228926,4,2019-01-25T13:00:00.0,0.613228926,0,0.613228926,590,1.234220421,1,0,0.496855275
0,-0.234220421,1,0.613228926,4,2019-01-25T14:00:00.0,0.613228926,0,0.613228926,591,1.234220421,1,0,0.496855275
0,-0.234220421,1,0.613228926,4,2019-01-25T15:00:00.0,0.613228926,0,0.613228926,592,1.234220421,1,0,0.496855275
0,-0.239616846,1,0.616383893,3,2019-01-25T16:00:00.0,0.616383893,0,0.616383893,593,1.239616846,1,0,0.497237429
0,-0.239616846,1,0.616383893,3,2019-01-25T17:00:00.0,0.616383893,0,0.616383893,594,1.239616846,1,0,0.497237429
0,-0.239616846,1,0.616383893,3,2019-01-25T18:00:00.0,0.616383893,0,0.616383893,595,1.239616846,1,0,0.497237429
0,-0.239616846,1,0.616383893,3,2019-01-25T19:00:00.0,0.616383893,0,0.616383893,596,1.239616846,1,0,0.497237429
0,-0.239616846,1,0.616383893,3,2019-01-25T20:00:00.0,0.616383893,0,0.616383893,597,1.239616846,1,0,0.497237429
0,-0.239616846,1,0.616383893,3,2019-01-25T21:00:00.0,0.616383893,0,0.616383893,598,1.239616846,1,0,0.497237429
0,-0.239616846,1,0.616383893,3,2019-01-25T22:00:00.0,0.616383893,0,0.616383893,599,1.239616846,1,0,0.497237429
0,-0.039677957,1,0.680762412,2,2019-01-25T23:00:00.0,0.680762412,0,0.680762412,600,1.039677957,1,0,0.654782
0,-0.121127698,1,0.656222487,4,2019-01-26T00:00:00.0,0.656222487,0,0.656222487,601,1.121127698,1,0,0.585323588
0,-0.121127698,1,0.656222487,4,2019-01-26T01:00:00.0,0.656222487,0,0.656222487,602,1.121127699,1,0,0.585323588
0,-0.121127698,1,0.656222487,4,2019-01-26T02:00:00.0,0.656222487,0,0.656222487,603,1.121127699,1,0,0.585323588
0,-0.042430781,1,0.682564912,3,2019-01-26T03:00:00.0,0.682564912,0,0.682564912,604,1.042430781,1,0,0.654782
0,-0.121127698,1,0.656222487,4,2019-01-26T04:00:00.0,0.656222487,0,0.656222487,605,1.121127699,1,0,0.585323588
0,-0.121127698,1,0.656222487,4,2019-01-26T05:00:00.0,0.656222487,0,0.656222487,606,1.121127699,1,0,0.585323588
0,-0.121127698,1,0.656222487,4,2019-01-26T06:00:00.0,0.656222487,0,0.656222487,607,1.121127699,1,0,0.585323588
0,-0.121127698,1,0.656222487,4,2019-01-26T07:00:00.0,0.656222487,0,0.656222487,608,1.121127698,1,0,0.585323588
0,-0.121127698,1,0.656222487,4,2019-01-26T08:00:00.0,0.656222487,0,0.656222487,609,1.121127699,1,0,0.585323588
0,-0.128815272,1,0.49154457,3,2019-01-26T09:00:00.0,0.49154457,0,0.49154457,610,1.128815272,1,0,0.435451736
0,0,1,0.426276334,1,2019-01-26T10:00:00.0,0.426276334,0,0.426276334,611,1,1,0,0.426276334
0,0,1,0.426276334,1,2019-01-26T11:00:00.0,0.426276334,0,0.426276334,612,1,1,0,0.426276334
0,-0.128815272,1,0.49154457,3,2019-01-26T12:00:00.0,0.49154457,0,0.49154457,613,1.128815272,1,0,0.435451736
0,0,1,0.426276334,1,2019-01-26T13:00:00.0,0.426276334,0,0.426276334,614,1,1,0,0.426276334
0,-0.140592275,1,0.498032605,3,2019-01-26T14:00:00.0,0.498032605,0,0.498032605,615,1.140592275,1,0,0.436643852
0,-0.140592275,1,0.498032605,3,2019-01-26T15:00:00.0,0.498032605,0,0.498032605,616,1.140592275,1,0,0.436643852
0,-0.140592275,1,0.51372226,3,2019-01-26T16:00:00.0,0.51372226,0,0.51372226,617,1.140592275,1,0,0.450399561
0,-0.140592275,1,0.51372226,3,2019-01-26T17:00:00.0,0.51372226,0,0.51372226,618,1.140592275,1,0,0.450399561
0,-0.140592275,1,0.51372226,3,2019-01-26T18:00:00.0,0.51372226,0,0.51372226,619,1.140592275,1,0,0.450399561
0,-0.140592275,1,0.51372226,3,2019-01-26T19:00:00.0,0.51372226,0,0.51372226,620,1.140592275,1,0,0.450399561
0,-0.140592275,1,0.51372226,3,2019-01-26T20:00:00.0,0.51372226,0,0.51372226,621,1.140592275,1,0,0.450399561
0,-0.140592275,1,0.501492631,3,2019-01-26T21:00:00.0,0.501492631,0,0.501492631,622,1.140592275,1,0,0.439677387
0,-0.140592275,1,0.501492631,3,2019-01-26T22:00:00.0,0.501492631,0,0.501492631,623,1.140592275,1,0,0.439677387
0,-0.03455205,1,0.379137836,3,2019-01-26T23:00:00.0,0.379137836,0,0.379137836,624,1.03455205,1,0,0.366475361
0,-0.039677957,1,0.393185193,2,2019-01-27T00:00:00.0,0.393185193,0,0.393185193,625,1.039677957,1,0,0.378179791
0,-0.039677957,1,0.393185193,2,2019-01-27T01:00:00.0,0.393185193,0,0.393185193,626,1.039677957,1,0,0.378179791
0,-0.039677957,1,0.393185193,2,2019-01-27T02:00:00.0,0.393185193,0,0.393185193,627,1.039677957,1,0,0.378179791
0,-0.039677957,1,0.393185193,2,2019-01-27T03:00:00.0,0.393185193,0,0.393185193,628,1.039677957,1,0,0.378179791
0,-0.039677957,1,0.393185193,2,2019-01-27T04:00:00.0,0.393185193,0,0.393185193,629,1.039677957,1,0,0.378179791
0,-0.039677957,1,0.393185193,2,2019-01-27T05:00:00.0,0.393185193,0,0.393185193,630,1.039677957,1,0,0.378179791
0,-0.039677957,1,0.393185193,2,2019-01-27T06:00:00.0,0.393185193,0,0.393185193,631,1.039677957,1,0,0.378179791
0,-0.039677957,1,0.393185193,2,2019-01-27T07:00:00.0,0.393185193,0,0.393185193,632,1.039677957,1,0,0.378179791
0,-0.039677957,1,0.393185193,2,2019-01-27T08:00:00.0,0.393185193,0,0.393185193,633,1.039677957,1,0,0.378179791
0,-0.039677957,1,0.393185193,2,2019-01-27T09:00:00.0,0.393185193,0,0.393185193,634,1.039677957,1,0,0.378179791
0,-0.039677957,1,0.393185193,2,2019-01-27T10:00:00.0,0.393185193,0,0.393185193,635,1.039677957,1,0,0.378179791
0,-0.039677957,1,0.393185193,2,2019-01-27T11:00:00.0,0.393185193,0,0.393185193,636,1.039677957,1,0,0.378179791
0,-0.039677957,1,0.393185193,2,2019-01-27T12:00:00.0,0.393185193,0,0.393185193,637,1.039677957,1,0,0.378179791
0,-0.039677957,1,0.393185193,2,2019-01-27T13:00:00.0,0.393185193,0,0.393185193,638,1.039677957,1,0,0.378179791
0,-0.039677957,1,0.393185193,2,2019-01-27T14:00:00.0,0.393185193,0,0.393185193,639,1.039677957,1,0,0.378179791
0,-0.239616846,1,0.616383893,3,2019-01-27T15:00:00.0,0.616383893,0,0.616383893,640,1.239616846,1,0,0.497237429
0,-0.234220421,1,0.613228926,4,2019-01-27T16:00:00.0,0.613228926,0,0.613228926,641,1.234220421,1,0,0.496855275
0,-0.142817344,1,0.559791011,4,2019-01-27T17:00:00.0,0.559791011,0,0.559791011,642,1.142817344,1,0,0.489834193
0,-0.239616846,1,0.616383893,3,2019-01-27T18:00:00.0,0.616383893,0,0.616383893,643,1.239616846,1,0,0.497237429
0,-0.142817344,1,0.559791011,4,2019-01-27T19:00:00.0,0.559791011,0,0.559791011,644,1.142817344,1,0,0.489834193
0,-0.239616846,1,0.616383893,3,2019-01-27T20:00:00.0,0.616383893,0,0.616383893,645,1.239616846,1,0,0.497237429
0,-0.142817344,1,0.559791011,4,2019-01-27T21:00:00.0,0.559791011,0,0.559791011,646,1.142817344,1,0,0.489834193
0,-0.239616846,1,0.616383893,3,2019-01-27T22:00:00.0,0.616383893,0,0.616383893,647,1.239616846,1,0,0.497237429
0,-0.234220421,1,0.613228926,4,2019-01-27T23:00:00.0,0.613228926,0,0.613228926,648,1.234220421,1,0,0.496855275
0,-0.121127698,1,0.656222487,4,2019-01-28T00:00:00.0,0.656222487,0,0.656222487,649,1.121127698,1,0,0.585323588
0,-0.042430781,1,0.682564912,2,2019-01-28T01:00:00.0,0.682564912,0,0.682564912,650,1.042430781,1,0,0.654782
0,-0.121127698,1,0.656222487,4,2019-01-28T02:00:00.0,0.656222487,0,0.656222487,651,1.121127699,1,0,0.585323588
0,-0.121127698,1,0.656222487,4,2019-01-28T03:00:00.0,0.656222487,0,0.656222487,652,1.121127699,1,0,0.585323588
0,-0.121127698,1,0.656222487,4,2019-01-28T04:00:00.0,0.656222487,0,0.656222487,653,1.121127699,1,0,0.585323588
0,-0.121127698,1,0.656222487,4,2019-01-28T05:00:00.0,0.656222487,0,0.656222487,654,1.121127699,1,0,0.585323588
0,-0.121127698,1,0.656222487,4,2019-01-28T06:00:00.0,0.656222487,0,0.656222487,655,1.121127699,1,0,0.585323588
0,-0.140592275,1,0.498032605,3,2019-01-28T07:00:00.0,0.498032605,0,0.498032605,656,1.140592275,1,0,0.436643852
0,-0.140592275,1,0.455344019,3,2019-01-28T08:00:00.0,0.455344019,0,0.455344019,657,1.140592275,1,0,0.399217169
0,-0.128815272,1,0.454305026,3,2019-01-28T09:00:00.0,0.454305026,0,0.454305026,658,1.128815272,1,0,0.4024618
0,-0.128815272,1,0.454305026,3,2019-01-28T10:00:00.0,0.454305026,0,0.454305026,659,1.128815272,1,0,0.4024618
0,-0.128815272,1,0.454305026,3,2019-01-28T11:00:00.0,0.454305026,0,0.454305026,660,1.128815272,1,0,0.4024618
0,-0.128815272,1,0.454305026,3,2019-01-28T12:00:00.0,0.454305026,0,0.454305026,661,1.128815272,1,0,0.4024618
0,-0.042430782,1,0.682564912,2,2019-01-28T13:00:00.0,0.682564912,0,0.682564912,662,1.042430781,0.999999999,0,0.654782
0,-0.140592275,1,0.471033673,3,2019-01-28T14:00:00.0,0.471033673,0,0.471033673,663,1.140592275,1,0,0.412972877
0,-0.140592275,1,0.471033673,3,2019-01-28T15:00:00.0,0.471033673,0,0.471033673,664,1.140592275,1,0,0.412972877
0,-0.140592275,1,0.471033673,3,2019-01-28T16:00:00.0,0.471033673,0,0.471033673,665,1.140592275,1,0,0.412972877
0,-0.140592275,1,0.471033673,4,2019-01-28T17:00:00.0,0.471033673,0,0.471033673,666,1.140592275,1,0,0.412972877
0,-0.140592275,1,0.458804045,3,2019-01-28T18:00:00.0,0.458804045,0,0.458804045,667,1.140592275,1,0,0.402250703
0,-0.140592275,1,0.501492631,3,2019-01-28T19:00:00.0,0.501492631,0,0.501492631,668,1.140592275,1,0,0.439677387
0,-0.140592275,1,0.51372226,3,2019-01-28T20:00:00.0,0.51372226,0,0.51372226,669,1.140592275,1,0,0.450399561
0,0,1,0.426276334,1,2019-01-28T21:00:00.0,0.426276334,0,0.426276334,670,1,1,0,0.426276334
0,-0.235947871,1,0.551194118,3,2019-01-28T22:00:00.0,0.551194118,0,0.551194118,671,1.235947872,1,0,0.445968742
0,-0.039677957,1,0.680762412,2,2019-01-28T23:00:00.0,0.680762412,0,0.680762412,672,1.039677957,1,0,0.654782
0,-0.239616846,1,0.616383893,3,2019-01-29T00:00:00.0,0.616383893,0,0.616383893,673,1.239616846,1,0,0.497237429
0,-0.239616846,1,0.616383893,3,2019-01-29T01:00:00.0,0.616383893,0,0.616383893,674,1.239616846,1,0,0.497237429
0,-0.239616846,1,0.616383894,3,2019-01-29T02:00:00.0,0.616383894,0,0.616383894,675,1.239616846,1,0,0.497237429
0,-0.239616846,1,0.616383893,3,2019-01-29T03:00:00.0,0.616383893,0,0.616383893,676,1.239616846,1,0,0.497237429
0,-0.239616846,1,0.616383893,3,2019-01-29T04:00:00.0,0.616383893,0,0.616383893,677,1.239616846,1,0,0.497237429
0,-0.239616846,1,0.616383893,3,2019-01-29T05:00:00.0,0.616383893,0,0.616383893,678,1.239616846,1,0,0.497237429
0,-0.235947871,1,0.549655603,3,2019-01-29T06:00:00.0,0.549655603,0,0.549655603,679,1.235947872,1,0,0.444723937
0,-0.235947871,1,0.549655603,3,2019-01-29T07:00:00.0,0.549655603,0,0.549655603,680,1.235947872,1,0,0.444723937
0,-0.235947871,1,0.549655603,3,2019-01-29T08:00:00.0,0.549655603,0,0.549655603,681,1.235947872,1,0,0.444723937
0,-0.235947871,1,0.549655603,3,2019-01-29T09:00:00.0,0.549655603,0,0.549655603,682,1.235947871,1,0,0.444723937
0,-0.235947871,1,0.549655603,3,2019-01-29T10:00:00.0,0.549655603,0,0.549655603,683,1.235947871,1,0,0.444723937
0,-0.042278842,1,0.682465425,2,2019-01-29T11:00:00.0,0.682465425,0,0.682465425,684,1.042278842,1,0,0.654782
0,-0.235947871,1,0.551194118,3,2019-01-29T12:00:00.0,0.551194118,0,0.551194118,685,1.235947871,1,0,0.445968742
0,-0.235947871,1,0.551194118,3,2019-01-29T13:00:00.0,0.551194118,0,0.551194118,686,1.235947871,1,0,0.445968742
0,-0.140592275,1,0.501492631,3,2019-01-29T14:00:00.0,0.501492631,0,0.501492631,687,1.140592275,1,0,0.439677387
0,-0.042430781,1,0.682564912,2,2019-01-29T15:00:00.0,0.682564912,0,0.682564912,688,1.042430781,1,0,0.654782
0,-0.128815272,1,0.495266769,3,2019-01-29T16:00:00.0,0.495266769,0,0.495266769,689,1.128815272,1,0,0.438749175
0,-0.140592275,1,0.498032605,4,2019-01-29T17:00:00.0,0.498032605,0,0.498032605,690,1.140592275,1,0,0.436643852
0,-0.140592275,1,0.498032605,3,2019-01-29T18:00:00.0,0.498032605,0,0.498032605,691,1.140592275,1,0,0.436643852
0,-0.140592275,1,0.498032605,3,2019-01-29T19:00:00.0,0.498032605,0,0.498032605,692,1.140592275,1,0,0.436643852
0,-0.140592275,1,0.498032605,3,2019-01-29T20:00:00.0,0.498032605,0,0.498032605,693,1.140592275,1,0,0.436643852
0,0,1,0.426276334,1,2019-01-29T21:00:00.0,0.426276334,0,0.426276334,694,1,1,0,0.426276334
0,-0.239616846,1,0.616383894,3,2019-01-29T22:00:00.0,0.616383894,0,0.616383894,695,1.239616847,1.000000001,0,0.497237429
0,-0.039677957,1,0.353462977,2,2019-01-29T23:00:00.0,0.353462977,0,0.353462977,696,1.039677957,1,0,0.339973522
0,-0.039677957,1,0.397491892,2,2019-01-30T00:00:00.0,0.397491892,0,0.397491892,697,1.039677957,1,0,0.382322131
0,-0.039677957,1,0.397491892,2,2019-01-30T01:00:00.0,0.397491892,0,0.397491892,698,1.039677957,1,0,0.382322131
0,-0.039717805,1,0.397507126,2,2019-01-30T02:00:00.0,0.397507126,0,0.397507126,699,1.039717805,1,0,0.382322131
0,-0.039717805,1,0.397507126,2,2019-01-30T03:00:00.0,0.397507126,0,0.397507126,700,1.039717805,1,0,0.382322131
0,-0.039717805,1,0.397507126,2,2019-01-30T04:00:00.0,0.397507126,0,0.397507126,701,1.039717805,1,0,0.382322131
0,-0.042278842,1,0.398486268,2,2019-01-30T05:00:00.0,0.398486268,0,0.398486268,702,1.042278842,1,0,0.382322131
0,-0.239616846,1,0.616383893,3,2019-01-30T06:00:00.0,0.616383893,0,0.616383893,703,1.239616846,1,0,0.497237429
0,-0.239616846,1,0.616383893,3,2019-01-30T07:00:00.0,0.616383893,0,0.616383893,704,1.239616846,1,0,0.497237429
0,-0.239616846,1,0.6163839,3,2019-01-30T08:00:00.0,0.6163839,0,0.6163839,705,1.23961686,1.000000014,0,0.497237428
0,-0.239616846,1,0.616383893,3,2019-01-30T09:00:00.0,0.616383893,0,0.616383893,706,1.239616846,1,0,0.497237429
0,-0.239616846,1,0.616383893,3,2019-01-30T10:00:00.0,0.616383893,0,0.616383893,707,1.239616846,1,0,0.497237429
0,-0.239616846,1,0.616383893,3,2019-01-30T11:00:00.0,0.616383893,0,0.616383893,708,1.239616846,1,0,0.497237429
0,-0.239616846,1,0.616383893,3,2019-01-30T12:00:00.0,0.616383893,0,0.616383893,709,1.239616846,1,0,0.497237429
0,-0.239616846,1,0.616383893,3,2019-01-30T13:00:00.0,0.616383893,0,0.616383893,710,1.239616846,1,0,0.497237429
0,-0.239616846,1,0.616383893,3,2019-01-30T14:00:00.0,0.616383893,0,0.616383893,711,1.239616846,1,0,0.497237429
0,-0.239616846,1,0.616383893,3,2019-01-30T15:00:00.0,0.616383893,0,0.616383893,712,1.239616846,1,0,0.497237429
0,-0.239616846,1,0.616383893,3,2019-01-30T16:00:00.0,0.616383893,0,0.616383893,713,1.239616846,1,0,0.497237429
0,-0.239616846,1,0.616383893,4,2019-01-30T17:00:00.0,0.616383893,0,0.616383893,714,1.239616846,1,0,0.497237429
0,-0.239616846,1,0.616383893,3,2019-01-30T18:00:00.0,0.616383893,0,0.616383893,715,1.239616846,1,0,0.497237429
0,-0.239616846,1,0.616383893,3,2019-01-30T19:00:00.0,0.616383893,0,0.616383893,716,1.239616846,1,0,0.497237429
0,-0.239616846,1,0.616383893,3,2019-01-30T20:00:00.0,0.616383893,0,0.616383893,717,1.239616846,1,0,0.497237429
0,-0.239616846,1,0.616383893,3,2019-01-30T21:00:00.0,0.616383893,0,0.616383893,718,1.239616846,1,0,0.497237429
0,-0.239616846,1,0.616383893,3,2019-01-30T22:00:00.0,0.616383893,0,0.616383893,719,1.239616846,1,0,0.497237429
0,-0.039677957,1,0.393185193,2,2019-01-30T23:00:00.0,0.393185193,0,0.393185193,720,1.039677957,1,0,0.378179791
0,-0.239616846,1,0.616383893,3,2019-01-31T00:00:00.0,0.616383893,0,0.616383893,721,1.239616846,1,0,0.497237429
0,-0.239616846,1,0.616383893,3,2019-01-31T01:00:00.0,0.616383893,0,0.616383893,722,1.239616846,1,0,0.497237429
0,-0.239616846,1,0.616383893,3,2019-01-31T02:00:00.0,0.616383893,0,0.616383893,723,1.239616846,1,0,0.497237429
0,-0.239616846,1,0.616383893,3,2019-01-31T03:00:00.0,0.616383893,0,0.616383893,724,1.239616846,1,0,0.497237429
0,-0.239616846,1,0.616383893,3,2019-01-31T04:00:00.0,0.616383893,0,0.616383893,725,1.239616846,1,0,0.497237429
0,-0.239616846,1,0.616383893,3,2019-01-31T05:00:00.0,0.616383893,0,0.616383893,726,1.239616846,1,0,0.497237429
0,-0.239616846,1,0.552997799,3,2019-01-31T06:00:00.0,0.552997799,0,0.552997799,727,1.239616846,1,0,0.446103811
0,-0.239616846,1,0.552997799,3,2019-01-31T07:00:00.0,0.552997799,0,0.552997799,728,1.239616846,1,0,0.446103811
0,-0.235947871,1,0.551194118,3,2019-01-31T08:00:00.0,0.551194118,0,0.551194118,729,1.235947871,1,0,0.445968742
0,-0.235947871,1,0.551194118,3,2019-01-31T09:00:00.0,0.551194118,0,0.551194118,730,1.235947871,1,0,0.445968742
0,-0.235947871,1,0.551194118,3,2019-01-31T10:00:00.0,0.551194118,0,0.551194118,731,1.235947871,1,0,0.445968742
0,-0.235947871,1,0.551194118,3,2019-01-31T11:00:00.0,0.551194118,0,0.551194118,732,1.235947871,1,0,0.445968742
0,-0.235947871,1,0.551194118,3,2019-01-31T12:00:00.0,0.551194118,0,0.551194118,733,1.235947871,1,0,0.445968742
0,-0.235947871,1,0.551194118,3,2019-01-31T13:00:00.0,0.551194118,0,0.551194118,734,1.235947871,1,0,0.445968742
0,-0.235947871,1,0.551194118,3,2019-01-31T14:00:00.0,0.551194118,0,0.551194118,735,1.235947871,1,0,0.445968742
0,-0.239616846,1,0.616383893,3,2019-01-31T15:00:00.0,0.616383893,0,0.616383893,736,1.239616846,1,0,0.497237429
0,-0.239616846,1,0.616383893,3,2019-01-31T16:00:00.0,0.616383893,0,0.616383893,737,1.239616846,1,0,0.497237429
0,-0.239616846,1,0.616383893,4,2019-01-31T17:00:00.0,0.616383893,0,0.616383893,738,1.239616846,1,0,0.497237429
0,-0.239616846,1,0.616383893,3,2019-01-31T18:00:00.0,0.616383893,0,0.616383893,739,1.239616846,1,0,0.497237429
0,-0.239616846,1,0.616383893,3,2019-01-31T19:00:00.0,0.616383893,0,0.616383893,740,1.239616846,1,0,0.497237429
0,-0.239616846,1,0.616383893,3,2019-01-31T20:00:00.0,0.616383893,0,0.616383893,741,1.239616846,1,0,0.497237429
0,-0.239616846,1,0.616383893,3,2019-01-31T21:00:00.0,0.616383893,0,0.616383893,742,1.239616846,1,0,0.497237429
0,-0.239616846,1,0.616383893,3,2019-01-31T22:00:00.0,0.616383893,0,0.616383893,743,1.239616846,1,0,0.497237429
0,-0.235947871,1,0.556632073,3,2019-01-31T23:00:00.0,0.556632073,0,0.556632073,744,1.235947871,1,0,0.450368568
0,-0.037474181,1,0.455249185,3,2019-02-01T00:00:00.0,0.455249185,0,0.455249185,745,1.037474181,1,0,0.438805315
0,-0.037474181,1,0.455249185,3,2019-02-01T01:00:00.0,0.455249185,0,0.455249185,746,1.037474181,1,0,0.438805315
0,-0.037474181,1,0.455249185,3,2019-02-01T02:00:00.0,0.455249185,0,0.455249185,747,1.037474181,1,0,0.438805315
0,-0.037474181,1,0.455249185,3,2019-02-01T03:00:00.0,0.455249185,0,0.455249185,748,1.037474181,1,0,0.438805315
0,-0.037474181,1,0.455249185,3,2019-02-01T04:00:00.0,0.455249185,0,0.455249185,749,1.037474181,1,0,0.438805315
0,-0.037474181,1,0.455249185,3,2019-02-01T05:00:00.0,0.455249185,0,0.455249185,750,1.037474181,1,0,0.438805315
0,-0.042615723,1,0.419636617,2,2019-02-01T06:00:00.0,0.419636617,0,0.419636617,751,1.042615723,1,0,0.402484451
0,-0.042615723,1,0.419636616,2,2019-02-01T07:00:00.0,0.419636616,0,0.419636616,752,1.042615723,1,0,0.402484451
0,-0.042444677,1,0.419567773,2,2019-02-01T08:00:00.0,0.419567773,0,0.419567773,753,1.042444677,1,0,0.402484451
0,-0.03917932,1,0.420483483,3,2019-02-01T09:00:00.0,0.420483483,0,0.420483483,754,1.03917932,1,0,0.404630341
0,-0.032002202,1,0.438105279,3,2019-02-01T10:00:00.0,0.438105279,0,0.438105279,755,1.032002202,1,0,0.424519713
0,-0.032002202,1,0.438105279,3,2019-02-01T11:00:00.0,0.438105279,0,0.438105279,756,1.032002202,1,0,0.424519713
0,-0.032002202,1,0.438105279,3,2019-02-01T12:00:00.0,0.438105279,0,0.438105279,757,1.032002202,1,0,0.424519713
0,-0.037232593,1,0.425263234,4,2019-02-01T13:00:00.0,0.425263234,0,0.425263234,758,1.037232593,1,0,0.409997947
0,-0.037232593,1,0.425263234,4,2019-02-01T14:00:00.0,0.425263234,0,0.425263234,759,1.037232593,1,0,0.409997947
0,-0.037232593,1,0.425467245,4,2019-02-01T15:00:00.0,0.425467245,0,0.425467245,760,1.037232593,1,0,0.410194635
0,-0.042444677,1,0.419567773,2,2019-02-01T16:00:00.0,0.419567773,0,0.419567773,761,1.042444677,1,0,0.402484451
0,-0.001996714,1,0.45152931,3,2019-02-01T17:00:00.0,0.45152931,0,0.45152931,762,1.001996714,1,0,0.450629531
0,-0.001996714,1,0.45152931,3,2019-02-01T18:00:00.0,0.45152931,0,0.45152931,763,1.001996714,1,0,0.450629531
0,-0.001996714,1,0.45152931,3,2019-02-01T19:00:00.0,0.45152931,0,0.45152931,764,1.001996714,1,0,0.450629531
0,-0.001996714,1,0.45152931,3,2019-02-01T20:00:00.0,0.45152931,0,0.45152931,765,1.001996714,1,0,0.450629531
0,-0.001996714,1,0.45152931,3,2019-02-01T21:00:00.0,0.45152931,0,0.45152931,766,1.001996714,1,0,0.450629531
0,-0.001996714,1,0.45152931,3,2019-02-01T22:00:00.0,0.45152931,0,0.45152931,767,1.001996714,1,0,0.450629531
0,0,1,0.415958018,3,2019-02-01T23:00:00.0,0.415958018,0,0.415958018,768,1,1,0,0.415958018
0,-0.121127698,1,0.656222487,4,2019-02-02T00:00:00.0,0.656222487,0,0.656222487,769,1.121127699,1,0,0.585323588
0,-0.140592275,1,0.498032605,3,2019-02-02T01:00:00.0,0.498032605,0,0.498032605,770,1.140592275,1,0,0.436643852
0,-0.140592275,1,0.498032605,3,2019-02-02T02:00:00.0,0.498032605,0,0.498032605,771,1.140592275,1,0,0.436643852
0,-0.140592275,1,0.498032605,3,2019-02-02T03:00:00.0,0.498032605,0,0.498032605,772,1.140592275,1,0,0.436643852
0,-0.140592275,1,0.498032605,3,2019-02-02T04:00:00.0,0.498032605,0,0.498032605,773,1.140592275,1,0,0.436643852
0,-0.140592275,1,0.498032605,3,2019-02-02T05:00:00.0,0.498032605,0,0.498032605,774,1.140592275,1,0,0.436643852
0,-0.140592275,1,0.501492631,3,2019-02-02T06:00:00.0,0.501492631,0,0.501492631,775,1.140592275,1,0,0.439677387
0,-0.140592275,1,0.498032605,3,2019-02-02T07:00:00.0,0.498032605,0,0.498032605,776,1.140592275,1,0,0.436643852
0,-0.121127698,1,0.656222487,4,2019-02-02T08:00:00.0,0.656222487,0,0.656222487,777,1.121127698,1,0,0.585323588
0,-0.235947871,1,0.551194118,3,2019-02-02T09:00:00.0,0.551194118,0,0.551194118,778,1.235947871,1,0,0.445968742
0,-0.235947871,1,0.549655603,3,2019-02-02T10:00:00.0,0.549655603,0,0.549655603,779,1.235947872,1,0,0.444723937
0,-0.042278842,1,0.682465425,2,2019-02-02T11:00:00.0,0.682465425,0,0.682465425,780,1.042278842,1,0,0.654782
0,-0.235947871,1,0.549655603,3,2019-02-02T12:00:00.0,0.549655603,0,0.549655603,781,1.235947871,1,0,0.444723937
0,-0.235947871,1,0.549655603,3,2019-02-02T13:00:00.0,0.549655603,0,0.549655603,782,1.235947871,1,0,0.444723937
0,-0.583910538,1,0.59160971,4,2019-02-02T14:00:00.0,0.59160971,0,0.59160971,783,1.583910539,1,0,0.373512074
0,-0.235947871,1,0.549655603,3,2019-02-02T15:00:00.0,0.549655603,0,0.549655603,784,1.235947871,1,0,0.444723937
0,-0.235947871,1,0.549655603,3,2019-02-02T16:00:00.0,0.549655603,0,0.549655603,785,1.235947871,1,0,0.444723937
0,-0.239616846,1,0.616383893,3,2019-02-02T17:00:00.0,0.616383893,0,0.616383893,786,1.239616846,1,0,0.497237429
0,-0.239616846,1,0.616383893,3,2019-02-02T18:00:00.0,0.616383893,0,0.616383893,787,1.239616846,1,0,0.497237429
0,-0.121127698,1,0.656222487,4,2019-02-02T19:00:00.0,0.656222487,0,0.656222487,788,1.121127698,1,0,0.585323588
0,-0.239616846,1,0.616383893,3,2019-02-02T20:00:00.0,0.616383893,0,0.616383893,789,1.239616846,1,0,0.497237429
0,-0.239616846,1,0.616383893,3,2019-02-02T21:00:00.0,0.616383893,0,0.616383893,790,1.239616846,1,0,0.497237429
0,-0.239616846,1,0.616383893,3,2019-02-02T22:00:00.0,0.616383893,0,0.616383893,791,1.239616846,1,0,0.497237429
0,-0.239616846,1,0.616383893,3,2019-02-02T23:00:00.0,0.616383893,0,0.616383893,792,1.239616846,1,0,0.497237429
0,-0.042430781,1,0.682564912,2,2019-02-03T00:00:00.0,0.682564912,0,0.682564912,793,1.042430781,1,0,0.654782
0,-0.121127698,1,0.656222487,4,2019-02-03T01:00:00.0,0.656222487,0,0.656222487,794,1.121127699,1,0,0.585323588
0,-0.121127698,1,0.656222487,4,2019-02-03T02:00:00.0,0.656222487,0,0.656222487,795,1.121127699,1,0,0.585323588
0,-0.042430781,1,0.398544357,2,2019-02-03T03:00:00.0,0.398544357,0,0.398544357,796,1.042430781,1,0,0.382322131
0,-0.121127698,1,0.656222487,4,2019-02-03T04:00:00.0,0.656222487,0,0.656222487,797,1.121127699,1,0,0.585323588
0,-0.042430781,1,0.398544357,2,2019-02-03T05:00:00.0,0.398544357,0,0.398544357,798,1.042430781,1,0,0.382322131
0,-0.121127698,1,0.622539869,4,2019-02-03T06:00:00.0,0.622539869,0,0.622539869,799,1.121127698,1,0,0.555280072
0,-0.119355807,1,0.420372518,3,2019-02-03T07:00:00.0,0.420372518,0,0.420372518,800,1.119355807,1,0,0.37554861
0,-0.121127698,1,0.656222487,4,2019-02-03T08:00:00.0,0.656222487,0,0.656222487,801,1.121127699,1,0,0.585323588
0,-0.239616846,1,0.616383893,3,2019-02-03T09:00:00.0,0.616383893,0,0.616383893,802,1.239616846,1,0,0.497237429
0,-0.239616846,1,0.616383893,3,2019-02-03T10:00:00.0,0.616383893,0,0.616383893,803,1.239616846,1,0,0.497237429
0,-0.234220421,1,0.613228927,4,2019-02-03T11:00:00.0,0.613228927,0,0.613228927,804,1.234220422,1,0,0.496855275
0,-0.239616846,1,0.616383893,3,2019-02-03T12:00:00.0,0.616383893,0,0.616383893,805,1.239616846,1,0,0.497237429
0,-0.239616846,1,0.616383893,3,2019-02-03T13:00:00.0,0.616383893,0,0.616383893,806,1.239616846,1,0,0.497237429
0,-0.142817344,1,0.559791011,4,2019-02-03T14:00:00.0,0.559791011,0,0.559791011,807,1.142817344,1,0,0.489834193
0,-0.239616846,1,0.616383893,3,2019-02-03T15:00:00.0,0.616383893,0,0.616383893,808,1.239616846,1,0,0.497237429
0,-0.239616846,1,0.616383893,3,2019-02-03T16:00:00.0,0.616383893,0,0.616383893,809,1.239616846,1,0,0.497237429
0,-0.239616846,1,0.616383893,3,2019-02-03T17:00:00.0,0.616383893,0,0.616383893,810,1.239616846,1,0,0.497237429
0,-0.239616846,1,0.616383893,3,2019-02-03T18:00:00.0,0.616383893,0,0.616383893,811,1.239616846,1,0,0.497237429
0,-0.239616846,1,0.616383893,3,2019-02-03T19:00:00.0,0.616383893,0,0.616383893,812,1.239616846,1,0,0.497237429
0,-0.239616846,1,0.616383893,3,2019-02-03T20:00:00.0,0.616383893,0,0.616383893,813,1.239616846,1,0,0.497237429
0,-0.239616846,1,0.616383893,3,2019-02-03T21:00:00.0,0.616383893,0,0.616383893,814,1.239616846,1,0,0.497237429
0,-0.239616846,1,0.616383893,3,2019-02-03T22:00:00.0,0.616383893,0,0.616383893,815,1.239616846,1,0,0.497237429
0,-0.039677957,1,0.397491892,2,2019-02-03T23:00:00.0,0.397491892,0,0.397491892,816,1.039677957,1,0,0.382322131
0,-0.239616846,1,0.616383893,3,2019-02-04T00:00:00.0,0.616383893,0,0.616383893,817,1.239616846,1,0,0.497237429
0,-0.239616846,1,0.616383893,3,2019-02-04T01:00:00.0,0.616383893,0,0.616383893,818,1.239616846,1,0,0.497237429
0,-0.239616846,1,0.616383893,3,2019-02-04T02:00:00.0,0.616383893,0,0.616383893,819,1.239616846,1,0,0.497237429
0,-0.239616846,1,0.616383893,3,2019-02-04T03:00:00.0,0.616383893,0,0.616383893,820,1.239616846,1,0,0.497237429
0,-0.239616846,1,0.616383893,3,2019-02-04T04:00:00.0,0.616383893,0,0.616383893,821,1.239616846,1,0,0.497237429
0,-0.239616846,1,0.616383893,3,2019-02-04T05:00:00.0,0.616383893,0,0.616383893,822,1.239616846,1,0,0.497237429
0,-0.121127698,1,0.656222487,4,2019-02-04T06:00:00.0,0.656222487,0,0.656222487,823,1.121127698,1,0,0.585323588
0,-0.128815272,1,0.49154457,3,2019-02-04T07:00:00.0,0.49154457,0,0.49154457,824,1.128815272,1,0,0.435451736
0,-0.128815272,1,0.49154457,3,2019-02-04T08:00:00.0,0.49154457,0,0.49154457,825,1.128815272,1,0,0.435451736
0,-0.235947871,1,0.549655603,3,2019-02-04T09:00:00.0,0.549655603,0,0.549655603,826,1.235947871,1,0,0.444723937
0,-0.235947871,1,0.549655603,3,2019-02-04T10:00:00.0,0.549655603,0,0.549655603,827,1.235947871,1,0,0.444723937
0,-0.235947871,1,0.549655603,3,2019-02-04T11:00:00.0,0.549655603,0,0.549655603,828,1.235947871,1,0,0.444723937
0,-0.235947871,1,0.549655603,3,2019-02-04T12:00:00.0,0.549655603,0,0.549655603,829,1.235947871,1,0,0.444723937
0,-0.235947871,1,0.549655603,3,2019-02-04T13:00:00.0,0.549655603,0,0.549655603,830,1.235947871,1,0,0.444723937
0,-0.042278842,1,0.682465425,2,2019-02-04T14:00:00.0,0.682465425,0,0.682465425,831,1.042278842,1,0,0.654782
0,-0.239616845,1,0.616383979,3,2019-02-04T15:00:00.0,0.616383979,0,0.616383979,832,1.239617036,1.000000191,0,0.497237422
0,-0.239616846,1,0.616383893,3,2019-02-04T16:00:00.0,0.616383893,0,0.616383893,833,1.239616846,1,0,0.497237429
0,-0.128815272,1,0.49154457,3,2019-02-04T17:00:00.0,0.49154457,0,0.49154457,834,1.128815272,1,0,0.435451736
0,-0.238353065,1,0.550848007,3,2019-02-04T18:00:00.0,0.550848007,0,0.550848007,835,1.238353065,1,0,0.444823065
0,-0.235947871,1,0.549655603,3,2019-02-04T19:00:00.0,0.549655603,0,0.549655603,836,1.235947872,1,0,0.444723937
0,-0.03455205,1,0.37625968,3,2019-02-04T20:00:00.0,0.37625968,0,0.37625968,837,1.03455205,1,0,0.36369333
0,-0.235947871,1,0.549655603,3,2019-02-04T21:00:00.0,0.549655603,0,0.549655603,838,1.235947871,1,0,0.444723937
0,-0.239616846,1,0.616383893,3,2019-02-04T22:00:00.0,0.616383893,0,0.616383893,839,1.239616846,1,0,0.497237429
0,-0.142817344,1,0.559791011,4,2019-02-04T23:00:00.0,0.559791011,0,0.559791011,840,1.142817344,1,0,0.489834193
0,-0.039677957,1,0.393185193,2,2019-02-05T00:00:00.0,0.393185193,0,0.393185193,841,1.039677957,1,0,0.378179791
0,-0.039677957,1,0.393185193,2,2019-02-05T01:00:00.0,0.393185193,0,0.393185193,842,1.039677957,1,0,0.378179791
0,-0.039677957,1,0.393185193,2,2019-02-05T02:00:00.0,0.393185193,0,0.393185193,843,1.039677957,1,0,0.378179791
0,-0.039677957,1,0.393185193,2,2019-02-05T03:00:00.0,0.393185193,0,0.393185193,844,1.039677957,1,0,0.378179791
0,-0.039677957,1,0.393185193,2,2019-02-05T04:00:00.0,0.393185193,0,0.393185193,845,1.039677957,1,0,0.378179791
0,-0.039677957,1,0.393185193,2,2019-02-05T05:00:00.0,0.393185193,0,0.393185193,846,1.039677957,1,0,0.378179791
0,-0.039677957,1,0.393185193,2,2019-02-05T06:00:00.0,0.393185193,0,0.393185193,847,1.039677957,1,0,0.378179791
0,-0.039677957,1,0.393185193,2,2019-02-05T07:00:00.0,0.393185193,0,0.393185193,848,1.039677957,1,0,0.378179791
0,-0.039677957,1,0.393185193,2,2019-02-05T08:00:00.0,0.393185193,0,0.393185193,849,1.039677957,1,0,0.378179791
0,-0.039677957,1,0.393185193,2,2019-02-05T09:00:00.0,0.393185193,0,0.393185193,850,1.039677957,1,0,0.378179791
0,-0.039677957,1,0.393185193,2,2019-02-05T10:00:00.0,0.393185193,0,0.393185193,851,1.039677957,1,0,0.378179791
0,-0.042278842,1,0.394168795,2,2019-02-05T11:00:00.0,0.394168795,0,0.394168795,852,1.042278842,1,0,0.378179791
0,-0.042278842,1,0.394168795,2,2019-02-05T12:00:00.0,0.394168795,0,0.394168795,853,1.042278842,1,0,0.378179791
0,-0.039677957,1,0.393185193,2,2019-02-05T13:00:00.0,0.393185193,0,0.393185193,854,1.039677957,1,0,0.378179791
0,-0.039677957,1,0.393185193,2,2019-02-05T14:00:00.0,0.393185193,0,0.393185193,855,1.039677957,1,0,0.378179791
0,-0.039677957,1,0.393185193,2,2019-02-05T15:00:00.0,0.393185193,0,0.393185193,856,1.039677957,1,0,0.378179791
0,-0.039677957,1,0.393185193,2,2019-02-05T16:00:00.0,0.393185193,0,0.393185193,857,1.039677957,1,0,0.378179791
0,-0.142817344,1,0.559791011,5,2019-02-05T17:00:00.0,0.559791011,0,0.559791011,858,1.142817344,1,0,0.489834193
0,-0.142817344,1,0.559791011,4,2019-02-05T18:00:00.0,0.559791011,0,0.559791011,859,1.142817344,1,0,0.489834193
0,-0.039836203,1,0.680866028,2,2019-02-05T19:00:00.0,0.680866028,0,0.680866028,860,1.039836203,1,0,0.654782
0,-0.234220421,1,0.613228926,4,2019-02-05T20:00:00.0,0.613228926,0,0.613228926,861,1.234220421,1,0,0.496855275
0,-0.039677957,1,0.393185193,2,2019-02-05T21:00:00.0,0.393185193,0,0.393185193,862,1.039677957,1,0,0.378179791
0,-0.234220421,1,0.613228926,4,2019-02-05T22:00:00.0,0.613228926,0,0.613228926,863,1.234220421,1,0,0.496855275
0,-0.039677957,1,0.393185193,2,2019-02-05T23:00:00.0,0.393185193,0,0.393185193,864,1.039677957,1,0,0.378179791
0,-0.042430781,1,0.394226255,2,2019-02-06T00:00:00.0,0.394226255,0,0.394226255,865,1.042430781,1,0,0.378179791
0,-0.042430781,1,0.394226255,2,2019-02-06T01:00:00.0,0.394226255,0,0.394226255,866,1.042430781,1,0,0.378179791
0,-0.042430781,1,0.394226255,2,2019-02-06T02:00:00.0,0.394226255,0,0.394226255,867,1.042430781,1,0,0.378179791
0,-0.042430781,1,0.394226255,2,2019-02-06T03:00:00.0,0.394226255,0,0.394226255,868,1.042430781,1,0,0.378179791
0,-0.042430781,1,0.394226255,2,2019-02-06T04:00:00.0,0.394226255,0,0.394226255,869,1.042430781,1,0,0.378179791
0,-0.042430781,1,0.394226255,2,2019-02-06T05:00:00.0,0.394226255,0,0.394226255,870,1.042430781,1,0,0.378179791
0,-0.042430781,1,0.394226255,2,2019-02-06T06:00:00.0,0.394226255,0,0.394226255,871,1.042430781,1,0,0.378179791
0,-0.121127698,1,0.656222487,4,2019-02-06T07:00:00.0,0.656222487,0,0.656222487,872,1.121127698,1,0,0.585323588
0,-0.234220421,1,0.613228926,4,2019-02-06T08:00:00.0,0.613228926,0,0.613228926,873,1.234220421,1,0,0.496855275
0,-0.234220421,1,0.613228926,4,2019-02-06T09:00:00.0,0.613228926,0,0.613228926,874,1.234220421,1,0,0.496855275
0,-0.234220421,1,0.613228926,4,2019-02-06T10:00:00.0,0.613228926,0,0.613228926,875,1.234220421,1,0,0.496855275
0,-0.239783832,1,0.615768544,3,2019-02-06T11:00:00.0,0.615768544,0,0.615768544,876,1.239783832,1,0,0.496674121
0,-0.239616846,1,0.616383893,3,2019-02-06T12:00:00.0,0.616383893,0,0.616383893,877,1.239616846,1,0,0.497237429
0,-0.239616846,1,0.616383893,3,2019-02-06T13:00:00.0,0.616383893,0,0.616383893,878,1.239616846,1,0,0.497237429
0,-0.239616846,1,0.616266591,4,2019-02-06T14:00:00.0,0.616266591,0,0.616266591,879,1.239616846,1,0,0.497142801
0,-0.239616846,1,0.616383893,3,2019-02-06T15:00:00.0,0.616383893,0,0.616383893,880,1.239616846,1,0,0.497237429
0,-0.142817344,1,0.559791011,4,2019-02-06T16:00:00.0,0.559791011,0,0.559791011,881,1.142817344,1,0,0.489834193
0,-0.039677957,1,0.393185193,2,2019-02-06T17:00:00.0,0.393185193,0,0.393185193,882,1.039677957,1,0,0.378179791
0,-0.142817344,1,0.559791011,4,2019-02-06T18:00:00.0,0.559791011,0,0.559791011,883,1.142817344,1,0,0.489834193
0,-0.03987779,1,0.393260766,2,2019-02-06T19:00:00.0,0.393260766,0,0.393260766,884,1.03987779,1,0,0.378179791
0,-0.039677957,1,0.393185193,2,2019-02-06T20:00:00.0,0.393185193,0,0.393185193,885,1.039677957,1,0,0.378179791
0,-0.042430781,1,0.394226255,2,2019-02-06T21:00:00.0,0.394226255,0,0.394226255,886,1.042430781,1,0,0.378179791
0,-0.239616846,1,0.616383893,3,2019-02-06T22:00:00.0,0.616383893,0,0.616383893,887,1.239616846,1,0,0.497237429
0,-0.039677957,1,0.393185193,2,2019-02-06T23:00:00.0,0.393185193,0,0.393185193,888,1.039677957,1,0,0.378179791
0,-0.121127698,1,0.656222487,4,2019-02-07T00:00:00.0,0.656222487,0,0.656222487,889,1.121127698,1,0,0.585323588
0,-0.042601778,1,0.355591838,2,2019-02-07T01:00:00.0,0.355591838,0,0.355591838,890,1.042601778,1,0,0.341061991
0,-0.121127698,1,0.656222487,4,2019-02-07T02:00:00.0,0.656222487,0,0.656222487,891,1.121127699,1,0,0.585323588
0,-0.121127698,1,0.656222487,4,2019-02-07T03:00:00.0,0.656222487,0,0.656222487,892,1.121127698,1,0,0.585323588
0,-0.121127698,1,0.622539869,4,2019-02-07T04:00:00.0,0.622539869,0,0.622539869,893,1.121127698,1,0,0.555280072
0,-0.121127698,1,0.656222487,4,2019-02-07T05:00:00.0,0.656222487,0,0.656222487,894,1.121127698,1,0,0.585323588
0,-0.121127698,1,0.656222487,4,2019-02-07T06:00:00.0,0.656222487,0,0.656222487,895,1.121127698,1,0,0.585323588
0,-0.121127698,1,0.656222487,4,2019-02-07T07:00:00.0,0.656222487,0,0.656222487,896,1.121127698,1,0,0.585323588
0,-0.121127698,1,0.656222487,4,2019-02-07T08:00:00.0,0.656222487,0,0.656222487,897,1.121127698,1,0,0.585323588
0,-0.121127698,1,0.656222487,4,2019-02-07T09:00:00.0,0.656222487,0,0.656222487,898,1.121127698,1,0,0.585323588
0,-0.142817344,1,0.559791011,4,2019-02-07T10:00:00.0,0.559791011,0,0.559791011,899,1.142817344,1,0,0.489834193
0,-0.142817344,1,0.559791011,4,2019-02-07T11:00:00.0,0.559791011,0,0.559791011,900,1.142817344,1,0,0.489834193
0,-0.142817344,1,0.559791011,4,2019-02-07T12:00:00.0,0.559791011,0,0.559791011,901,1.142817344,1,0,0.489834193
0,-0.142817344,1,0.559791011,4,2019-02-07T13:00:00.0,0.559791011,0,0.559791011,902,1.142817344,1,0,0.489834193
0,-0.142817344,1,0.559791011,4,2019-02-07T14:00:00.0,0.559791011,0,0.559791011,903,1.142817344,1,0,0.489834193
0,-0.142817344,1,0.559791011,4,2019-02-07T15:00:00.0,0.559791011,0,0.559791011,904,1.142817344,1,0,0.489834193
0,-0.121127698,1,0.656222487,4,2019-02-07T16:00:00.0,0.656222487,0,0.656222487,905,1.121127699,1,0,0.585323588
0,-0.038204097,1,0.430340494,4,2019-02-07T17:00:00.0,0.430340494,0,0.430340494,906,1.038204097,1,0,0.414504716
0,-0.142817344,1,0.559791011,4,2019-02-07T18:00:00.0,0.559791011,0,0.559791011,907,1.142817344,1,0,0.489834193
0,-0.142817344,1,0.559791011,4,2019-02-07T19:00:00.0,0.559791011,0,0.559791011,908,1.142817344,1,0,0.489834193
0,-0.142817344,1,0.559791011,4,2019-02-07T20:00:00.0,0.559791011,0,0.559791011,909,1.142817344,1,0,0.489834193
0,-0.142817344,1,0.559791011,4,2019-02-07T21:00:00.0,0.559791011,0,0.559791011,910,1.142817344,1,0,0.489834193
0,-0.142817344,1,0.559791011,4,2019-02-07T22:00:00.0,0.559791011,0,0.559791011,911,1.142817344,1,0,0.489834193
0,-0.039677957,1,0.353462977,2,2019-02-07T23:00:00.0,0.353462977,0,0.353462977,912,1.039677957,1,0,0.339973522
0,-0.039677957,1,0.338880129,2,2019-02-08T00:00:00.0,0.338880129,0,0.338880129,913,1.039677957,1,0,0.325947209
0,-0.039677957,1,0.338880129,2,2019-02-08T01:00:00.0,0.338880129,0,0.338880129,914,1.039677957,1,0,0.325947209
0,-0.039677957,1,0.338880129,2,2019-02-08T02:00:00.0,0.338880129,0,0.338880129,915,1.039677957,1,0,0.325947209
0,-0.039677957,1,0.338880129,2,2019-02-08T03:00:00.0,0.338880129,0,0.338880129,916,1.039677957,1,0,0.325947209
0,-0.039677957,1,0.338880129,2,2019-02-08T04:00:00.0,0.338880129,0,0.338880129,917,1.039677957,1,0,0.325947209
0,-0.039677957,1,0.338880129,2,2019-02-08T05:00:00.0,0.338880129,0,0.338880129,918,1.039677957,1,0,0.325947209
0,-0.039677957,1,0.338880129,2,2019-02-08T06:00:00.0,0.338880129,0,0.338880129,919,1.039677957,1,0,0.325947209
0,-0.039677957,1,0.353462977,2,2019-02-08T07:00:00.0,0.353462977,0,0.353462977,920,1.039677957,1,0,0.339973522
0,-0.142817344,1,0.559791011,4,2019-02-08T08:00:00.0,0.559791011,0,0.559791011,921,1.142817344,1,0,0.489834193
0,-0.039677957,1,0.354594634,2,2019-02-08T09:00:00.0,0.354594634,0,0.354594634,922,1.039677957,1,0,0.341061991
0,-0.039677957,1,0.354594634,2,2019-02-08T10:00:00.0,0.354594634,0,0.354594634,923,1.039677957,1,0,0.341061991
0,-0.142817344,1,0.559791011,4,2019-02-08T11:00:00.0,0.559791011,0,0.559791011,924,1.142817344,1,0,0.489834193
0,-0.234220421,1,0.613228926,4,2019-02-08T12:00:00.0,0.613228926,0,0.613228926,925,1.234220421,1,0,0.496855275
0,-0.039677957,1,0.353462977,2,2019-02-08T13:00:00.0,0.353462977,0,0.353462977,926,1.039677957,1,0,0.339973522
0,-0.039677957,1,0.353462976,2,2019-02-08T14:00:00.0,0.353462976,0,0.353462976,927,1.039677956,0.999999999,0,0.339973522
0,-0.039677957,1,0.354594634,2,2019-02-08T15:00:00.0,0.354594634,0,0.354594634,928,1.039677957,1,0,0.341061991
0,-0.234220421,1,0.613228926,4,2019-02-08T16:00:00.0,0.613228926,0,0.613228926,929,1.234220421,1,0,0.496855275
0,-0.234220421,1,0.613228926,4,2019-02-08T17:00:00.0,0.613228926,0,0.613228926,930,1.234220421,1,0,0.496855275
0,-0.234220421,1,0.613228926,4,2019-02-08T18:00:00.0,0.613228926,0,0.613228926,931,1.234220421,1,0,0.496855275
0,-0.039836203,1,0.354648605,2,2019-02-08T19:00:00.0,0.354648605,0,0.354648605,932,1.039836203,1,0,0.341061991
0,-0.234220421,1,0.613228926,4,2019-02-08T20:00:00.0,0.613228926,0,0.613228926,933,1.234220421,1,0,0.496855275
0,-0.039677957,1,0.354594634,2,2019-02-08T21:00:00.0,0.354594634,0,0.354594634,934,1.039677957,1,0,0.341061991
0,-0.039677957,1,0.338880129,2,2019-02-08T22:00:00.0,0.338880129,0,0.338880129,935,1.039677957,1,0,0.325947209
0,-0.234220421,1,0.613228926,4,2019-02-08T23:00:00.0,0.613228926,0,0.613228926,936,1.234220421,1,0,0.496855275
0,-0.234220421,1,0.613228926,4,2019-02-09T00:00:00.0,0.613228926,0,0.613228926,937,1.234220421,1,0,0.496855275
0,-0.039677957,1,0.353462977,2,2019-02-09T01:00:00.0,0.353462977,0,0.353462977,938,1.039677957,1,0,0.339973522
0,-0.234220421,1,0.613228926,4,2019-02-09T02:00:00.0,0.613228926,0,0.613228926,939,1.234220421,1,0,0.496855275
0,-0.234220421,1,0.613228926,4,2019-02-09T03:00:00.0,0.613228926,0,0.613228926,940,1.234220421,1,0,0.496855275
0,-0.234220421,1,0.613228926,4,2019-02-09T04:00:00.0,0.613228926,0,0.613228926,941,1.234220421,1,0,0.496855275
0,-0.039677957,1,0.353462977,2,2019-02-09T05:00:00.0,0.353462977,0,0.353462977,942,1.039677957,1,0,0.339973522
0,-0.234220421,1,0.613228926,4,2019-02-09T06:00:00.0,0.613228926,0,0.613228926,943,1.234220421,1,0,0.496855275
0,-0.234220421,1,0.613228926,4,2019-02-09T07:00:00.0,0.613228926,0,0.613228926,944,1.234220421,1,0,0.496855275
0,-0.039677957,1,0.353462977,2,2019-02-09T08:00:00.0,0.353462977,0,0.353462977,945,1.039677957,1,0,0.339973522
0,-0.234220421,1,0.613228926,4,2019-02-09T09:00:00.0,0.613228926,0,0.613228926,946,1.234220421,1,0,0.496855275
0,-0.039677957,1,0.353462977,2,2019-02-09T10:00:00.0,0.353462977,0,0.353462977,947,1.039677957,1,0,0.339973522
0,-0.039677957,1,0.353462977,2,2019-02-09T11:00:00.0,0.353462977,0,0.353462977,948,1.039677957,1,0,0.339973522
0,-0.234220421,1,0.613228926,4,2019-02-09T12:00:00.0,0.613228926,0,0.613228926,949,1.234220421,1,0,0.496855275
0,-0.234220421,1,0.613228926,4,2019-02-09T13:00:00.0,0.613228926,0,0.613228926,950,1.234220421,1,0,0.496855275
0,-0.039677957,1,0.353462977,2,2019-02-09T14:00:00.0,0.353462977,0,0.353462977,951,1.039677957,1,0,0.339973522
0,-0.234220421,1,0.613228926,4,2019-02-09T15:00:00.0,0.613228926,0,0.613228926,952,1.234220421,1,0,0.496855275
0,-0.234220421,1,0.613228926,4,2019-02-09T16:00:00.0,0.613228926,0,0.613228926,953,1.234220421,1,0,0.496855275
0,-0.142817344,1,0.559791011,4,2019-02-09T17:00:00.0,0.559791011,0,0.559791011,954,1.142817344,1,0,0.489834193
0,-0.142817344,1,0.559791011,4,2019-02-09T18:00:00.0,0.559791011,0,0.559791011,955,1.142817344,1,0,0.489834193
0,-0.039836203,1,0.680866029,2,2019-02-09T19:00:00.0,0.680866029,0,0.680866029,956,1.039836203,1,0,0.654782
0,-0.142817344,1,0.559791011,4,2019-02-09T20:00:00.0,0.559791011,0,0.559791011,957,1.142817344,1,0,0.489834193
0,-0.142817344,1,0.559791011,4,2019-02-09T21:00:00.0,0.559791011,0,0.559791011,958,1.142817344,1,0,0.489834193
0,-0.142817344,1,0.559791011,4,2019-02-09T22:00:00.0,0.559791011,0,0.559791011,959,1.142817344,1,0,0.489834193
0,-0.234220421,1,0.613228926,4,2019-02-09T23:00:00.0,0.613228926,0,0.613228926,960,1.234220421,1,0,0.496855275
0,-0.121127698,1,0.656222487,4,2019-02-10T00:00:00.0,0.656222487,0,0.656222487,961,1.121127698,1,0,0.585323588
0,-0.121127698,1,0.656222487,4,2019-02-10T01:00:00.0,0.656222487,0,0.656222487,962,1.121127699,1,0,0.585323588
0,-0.121127698,1,0.656222487,4,2019-02-10T02:00:00.0,0.656222487,0,0.656222487,963,1.121127698,1,0,0.585323588
0,-0.121127698,1,0.656222487,4,2019-02-10T03:00:00.0,0.656222487,0,0.656222487,964,1.121127698,1,0,0.585323588
0,-0.121127698,1,0.656222487,4,2019-02-10T04:00:00.0,0.656222487,0,0.656222487,965,1.121127698,1,0,0.585323588
0,-0.121127698,1,0.656222487,4,2019-02-10T05:00:00.0,0.656222487,0,0.656222487,966,1.121127698,1,0,0.585323588
0,-0.121127698,1,0.656222487,4,2019-02-10T06:00:00.0,0.656222487,0,0.656222487,967,1.121127698,1,0,0.585323588
0,-0.121127698,1,0.656222487,4,2019-02-10T07:00:00.0,0.656222487,0,0.656222487,968,1.121127698,1,0,0.585323588
0,-0.121127698,1,0.656222487,4,2019-02-10T08:00:00.0,0.656222487,0,0.656222487,969,1.121127698,1,0,0.585323588
0,-0.042430781,1,0.398544357,2,2019-02-10T09:00:00.0,0.398544357,0,0.398544357,970,1.042430781,1,0,0.382322131
0,-0.042430781,1,0.398544357,2,2019-02-10T10:00:00.0,0.398544357,0,0.398544357,971,1.042430781,1,0,0.382322131
0,-0.121127698,1,0.656222487,4,2019-02-10T11:00:00.0,0.656222487,0,0.656222487,972,1.121127698,1,0,0.585323588
0,-0.121127698,1,0.656222487,4,2019-02-10T12:00:00.0,0.656222487,0,0.656222487,973,1.121127698,1,0,0.585323588
0,-0.121127698,1,0.656222487,4,2019-02-10T13:00:00.0,0.656222487,0,0.656222487,974,1.121127698,1,0,0.585323588
0,-0.121127698,1,0.656222487,4,2019-02-10T14:00:00.0,0.656222487,0,0.656222487,975,1.121127698,1,0,0.585323588
0,-0.121127698,1,0.656222487,4,2019-02-10T15:00:00.0,0.656222487,0,0.656222487,976,1.121127698,1,0,0.585323588
0,-0.121127698,1,0.656222487,4,2019-02-10T16:00:00.0,0.656222487,0,0.656222487,977,1.121127698,1,0,0.585323588
0,-0.121127698,1,0.656222487,4,2019-02-10T17:00:00.0,0.656222487,0,0.656222487,978,1.121127698,1,0,0.585323588
0,-0.121127698,1,0.656222487,4,2019-02-10T18:00:00.0,0.656222487,0,0.656222487,979,1.121127698,1,0,0.585323588
0,-0.121127698,1,0.656222487,4,2019-02-10T19:00:00.0,0.656222487,0,0.656222487,980,1.121127698,1,0,0.585323588
0,-0.121127698,1,0.656222487,4,2019-02-10T20:00:00.0,0.656222487,0,0.656222487,981,1.121127698,1,0,0.585323588
0,-0.121127698,1,0.656222487,4,2019-02-10T21:00:00.0,0.656222487,0,0.656222487,982,1.121127698,1,0,0.585323588
0,-0.121127698,1,0.656222487,4,2019-02-10T22:00:00.0,0.656222487,0,0.656222487,983,1.121127698,1,0,0.585323588
0,-0.121127698,1,0.656222487,4,2019-02-10T23:00:00.0,0.656222487,0,0.656222487,984,1.121127698,1,0,0.585323588
0,-0.121127698,1,0.656222487,4,2019-02-11T00:00:00.0,0.656222487,0,0.656222487,985,1.121127698,1,0,0.585323588
0,-0.121127698,1,0.656222487,4,2019-02-11T01:00:00.0,0.656222487,0,0.656222487,986,1.121127699,1,0,0.585323588
0,-0.121127698,1,0.656222487,4,2019-02-11T02:00:00.0,0.656222487,0,0.656222487,987,1.121127698,1,0,0.585323588
0,-0.121127698,1,0.656222487,4,2019-02-11T03:00:00.0,0.656222487,0,0.656222487,988,1.121127699,1,0,0.585323588
0,-0.121127698,1,0.656222487,4,2019-02-11T04:00:00.0,0.656222487,0,0.656222487,989,1.121127699,1.000000001,0,0.585323588
0,-0.121127698,1,0.656222487,4,2019-02-11T05:00:00.0,0.656222487,0,0.656222487,990,1.121127699,1,0,0.585323588
0,-0.140592275,1,0.498032605,3,2019-02-11T06:00:00.0,0.498032605,0,0.498032605,991,1.140592275,1,0,0.436643852
0,-0.121127698,1,0.656222487,4,2019-02-11T07:00:00.0,0.656222487,0,0.656222487,992,1.121127699,1,0,0.585323588
0,-0.042430781,1,0.682564912,2,2019-02-11T08:00:00.0,0.682564912,0,0.682564912,993,1.042430781,1,0,0.654782
0,-0.121127698,1,0.622539869,4,2019-02-11T09:00:00.0,0.622539869,0,0.622539869,994,1.121127698,1,0,0.555280072
0,-0.140592275,1,0.471033673,3,2019-02-11T10:00:00.0,0.471033673,0,0.471033673,995,1.140592275,1,0,0.412972877
0,-0.140592275,1,0.471033673,3,2019-02-11T11:00:00.0,0.471033673,0,0.471033673,996,1.140592275,1,0,0.412972877
0,-0.130199597,1,0.471361623,4,2019-02-11T12:00:00.0,0.471361623,0,0.471361623,997,1.130199597,1,0,0.417060512
0,-0.140592275,1,0.471033673,3,2019-02-11T13:00:00.0,0.471033673,0,0.471033673,998,1.140592275,1,0,0.412972877
0,-0.140592275,1,0.471033673,3,2019-02-11T14:00:00.0,0.471033673,0,0.471033673,999,1.140592275,1,0,0.412972877
0,-0.140592275,1,0.471033673,3,2019-02-11T15:00:00.0,0.471033673,0,0.471033673,1000,1.140592275,1,0,0.412972877
0,-0.121127698,1,0.656222487,4,2019-02-11T16:00:00.0,0.656222487,0,0.656222487,1001,1.121127699,1,0,0.585323588
0,-0.121127698,1,0.656222487,4,2019-02-11T17:00:00.0,0.656222487,0,0.656222487,1002,1.121127699,1,0,0.585323588
0,-0.121127698,1,0.656222487,4,2019-02-11T18:00:00.0,0.656222487,0,0.656222487,1003,1.121127699,1,0,0.585323588
0,-0.121127698,1,0.656222487,4,2019-02-11T19:00:00.0,0.656222487,0,0.656222487,1004,1.121127699,1,0,0.585323588
0,-0.121127698,1,0.656222487,4,2019-02-11T20:00:00.0,0.656222487,0,0.656222487,1005,1.121127699,1,0,0.585323588
0,-0.121127698,1,0.656222487,4,2019-02-11T21:00:00.0,0.656222487,0,0.656222487,1006,1.121127699,1,0,0.585323588
0,-0.042430781,1,0.398544357,2,2019-02-11T22:00:00.0,0.398544357,0,0.398544357,1007,1.042430781,1,0,0.382322131
0,-0.142817344,1,0.559791011,4,2019-02-11T23:00:00.0,0.559791011,0,0.559791011,1008,1.142817344,1,0,0.489834193
0,-0.142817344,1,0.559791011,4,2019-02-12T00:00:00.0,0.559791011,0,0.559791011,1009,1.142817344,1,0,0.489834193
0,-0.142817344,1,0.559791011,4,2019-02-12T01:00:00.0,0.559791011,0,0.559791011,1010,1.142817344,1,0,0.489834193
0,-0.039677957,1,0.393185193,2,2019-02-12T02:00:00.0,0.393185193,0,0.393185193,1011,1.039677957,1,0,0.378179791
0,-0.234220421,1,0.613228926,4,2019-02-12T03:00:00.0,0.613228926,0,0.613228926,1012,1.234220421,1,0,0.496855275
0,-0.234220421,1,0.613228926,4,2019-02-12T04:00:00.0,0.613228926,0,0.613228926,1013,1.234220421,1,0,0.496855275
0,-0.034539314,1,0.403766889,3,2019-02-12T05:00:00.0,0.403766889,0,0.403766889,1014,1.034539314,1,0,0.390286656
0,-0.034539314,1,0.403766889,3,2019-02-12T06:00:00.0,0.403766889,0,0.403766889,1015,1.034539315,1,0,0.390286656
0,-0.03455205,1,0.403796997,3,2019-02-12T07:00:00.0,0.403796997,0,0.403796997,1016,1.03455205,1,0,0.390310954
0,-0.239616846,1,0.616383893,3,2019-02-12T08:00:00.0,0.616383893,0,0.616383893,1017,1.239616846,1,0,0.497237429
0,-0.239616846,1,0.616383893,3,2019-02-12T09:00:00.0,0.616383893,0,0.616383893,1018,1.239616846,1,0,0.497237429
0,-0.239616846,1,0.616383893,3,2019-02-12T10:00:00.0,0.616383893,0,0.616383893,1019,1.239616846,1,0,0.497237429
0,-0.239616846,1,0.616383893,3,2019-02-12T11:00:00.0,0.616383893,0,0.616383893,1020,1.239616846,1,0,0.497237429
0,-0.239616846,1,0.616383893,3,2019-02-12T12:00:00.0,0.616383893,0,0.616383893,1021,1.239616846,1,0,0.497237429
0,-0.239616846,1,0.616383893,3,2019-02-12T13:00:00.0,0.616383893,0,0.616383893,1022,1.239616846,1,0,0.497237429
0,-0.239616846,1,0.616383893,3,2019-02-12T14:00:00.0,0.616383893,0,0.616383893,1023,1.239616846,1,0,0.497237429
0,-0.239616846,1,0.616383893,3,2019-02-12T15:00:00.0,0.616383893,0,0.616383893,1024,1.239616846,1,0,0.497237429
0,-0.239616846,1,0.616383893,3,2019-02-12T16:00:00.0,0.616383893,0,0.616383893,1025,1.239616846,1,0,0.497237429
0,-0.239616846,1,0.616383893,3,2019-02-12T17:00:00.0,0.616383893,0,0.616383893,1026,1.239616846,1,0,0.497237429
0,-0.239616846,1,0.616383893,3,2019-02-12T18:00:00.0,0.616383893,0,0.616383893,1027,1.239616846,1,0,0.497237429
0,-0.239616846,1,0.616383893,3,2019-02-12T19:00:00.0,0.616383893,0,0.616383893,1028,1.239616846,1,0,0.497237429
0,-0.239616846,1,0.616383893,3,2019-02-12T20:00:00.0,0.616383893,0,0.616383893,1029,1.239616846,1,0,0.497237429
0,-0.239616846,1,0.616383894,3,2019-02-12T21:00:00.0,0.616383894,0,0.616383894,1030,1.239616847,1,0,0.497237429
0,-0.039677957,1,0.393185193,2,2019-02-12T22:00:00.0,0.393185193,0,0.393185193,1031,1.039677957,1,0,0.378179791
0,-0.142817344,1,0.559791011,4,2019-02-12T23:00:00.0,0.559791011,0,0.559791011,1032,1.142817344,1,0,0.489834193
0,-0.039677957,1,0.353462977,2,2019-02-13T00:00:00.0,0.353462977,0,0.353462977,1033,1.039677957,1,0,0.339973522
0,-0.039677957,1,0.353462977,2,2019-02-13T01:00:00.0,0.353462977,0,0.353462977,1034,1.039677957,1,0,0.339973522
0,-0.039677957,1,0.353462977,2,2019-02-13T02:00:00.0,0.353462977,0,0.353462977,1035,1.039677957,1,0,0.339973522
0,-0.039677957,1,0.353462977,2,2019-02-13T03:00:00.0,0.353462977,0,0.353462977,1036,1.039677957,1,0,0.339973522
0,-0.039677957,1,0.353462977,2,2019-02-13T04:00:00.0,0.353462977,0,0.353462977,1037,1.039677957,1,0,0.339973522
0,-0.039677957,1,0.353462977,2,2019-02-13T05:00:00.0,0.353462977,0,0.353462977,1038,1.039677957,1,0,0.339973522
0,-0.039677957,1,0.353462977,2,2019-02-13T06:00:00.0,0.353462977,0,0.353462977,1039,1.039677957,1,0,0.339973522
0,-0.234220421,1,0.613228926,4,2019-02-13T07:00:00.0,0.613228926,0,0.613228926,1040,1.234220421,1,0,0.496855275
0,-0.234220421,1,0.613228926,4,2019-02-13T08:00:00.0,0.613228926,0,0.613228926,1041,1.234220421,1,0,0.496855275
0,-0.234220421,1,0.613228926,4,2019-02-13T09:00:00.0,0.613228926,0,0.613228926,1042,1.234220421,1,0,0.496855275
0,-0.234220421,1,0.613228926,4,2019-02-13T10:00:00.0,0.613228926,0,0.613228926,1043,1.234220421,1,0,0.496855275
0,-0.039677957,1,0.354594634,2,2019-02-13T11:00:00.0,0.354594634,0,0.354594634,1044,1.039677957,1,0,0.341061991
0,-0.039677957,1,0.354594634,2,2019-02-13T12:00:00.0,0.354594634,0,0.354594634,1045,1.039677957,1,0,0.341061991
0,-0.039677957,1,0.354594634,2,2019-02-13T13:00:00.0,0.354594634,0,0.354594634,1046,1.039677957,1,0,0.341061991
0,-0.234220421,1,0.613228926,4,2019-02-13T14:00:00.0,0.613228926,0,0.613228926,1047,1.234220421,1,0,0.496855275
0,-0.234220421,1,0.613228926,4,2019-02-13T15:00:00.0,0.613228926,0,0.613228926,1048,1.234220421,1,0,0.496855275
0,-0.234220421,1,0.613228926,4,2019-02-13T16:00:00.0,0.613228926,0,0.613228926,1049,1.234220421,1,0,0.496855275
0,-0.234220421,1,0.613228926,4,2019-02-13T17:00:00.0,0.613228926,0,0.613228926,1050,1.234220421,1,0,0.496855275
0,-0.234220421,1,0.613228926,4,2019-02-13T18:00:00.0,0.613228926,0,0.613228926,1051,1.234220421,1,0,0.496855275
0,-0.234220421,1,0.613228926,4,2019-02-13T19:00:00.0,0.613228926,0,0.613228926,1052,1.234220421,1,0,0.496855275
0,-0.234220421,1,0.613228926,4,2019-02-13T20:00:00.0,0.613228926,0,0.613228926,1053,1.234220421,1,0,0.496855275
0,-0.234220421,1,0.613228926,4,2019-02-13T21:00:00.0,0.613228926,0,0.613228926,1054,1.234220421,1,0,0.496855275
0,-0.234220421,1,0.613228926,4,2019-02-13T22:00:00.0,0.613228926,0,0.613228926,1055,1.234220421,1,0,0.496855275
0,-0.234220421,1,0.613228926,4,2019-02-13T23:00:00.0,0.613228926,0,0.613228926,1056,1.234220421,1,0,0.496855275
0,-0.234220421,1,0.613228926,4,2019-02-14T00:00:00.0,0.613228926,0,0.613228926,1057,1.234220421,1,0,0.496855275
0,-0.234220421,1,0.613228926,4,2019-02-14T01:00:00.0,0.613228926,0,0.613228926,1058,1.234220421,1,0,0.496855275
0,-0.234220421,1,0.613228926,4,2019-02-14T02:00:00.0,0.613228926,0,0.613228926,1059,1.234220421,1,0,0.496855275
0,-0.234220421,1,0.613228926,4,2019-02-14T03:00:00.0,0.613228926,0,0.613228926,1060,1.234220421,1,0,0.496855275
0,-0.234220421,1,0.613228926,4,2019-02-14T04:00:00.0,0.613228926,0,0.613228926,1061,1.234220421,1,0,0.496855275
0,-0.234220421,1,0.613228926,4,2019-02-14T05:00:00.0,0.613228926,0,0.613228926,1062,1.234220421,1,0,0.496855275
0,-0.234220421,1,0.613228926,4,2019-02-14T06:00:00.0,0.613228926,0,0.613228926,1063,1.234220421,1,0,0.496855275
0,-0.234220421,1,0.613228926,4,2019-02-14T07:00:00.0,0.613228926,0,0.613228926,1064,1.234220421,1,0,0.496855275
0,-0.234220421,1,0.613228926,4,2019-02-14T08:00:00.0,0.613228926,0,0.613228926,1065,1.234220421,1,0,0.496855275
0,-0.234220421,1,0.613228926,4,2019-02-14T09:00:00.0,0.613228926,0,0.613228926,1066,1.234220421,1,0,0.496855275
0,-0.234220421,1,0.613228926,4,2019-02-14T10:00:00.0,0.613228926,0,0.613228926,1067,1.234220421,1,0,0.496855275
0,-0.234220421,1,0.613228927,4,2019-02-14T11:00:00.0,0.613228927,0,0.613228927,1068,1.234220422,1.000000001,0,0.496855275
0,-0.039677957,1,0.393185193,2,2019-02-14T12:00:00.0,0.393185193,0,0.393185193,1069,1.039677957,1,0,0.378179791
0,-0.039677957,1,0.680762412,2,2019-02-14T13:00:00.0,0.680762412,0,0.680762412,1070,1.039677957,1,0,0.654782
0,-0.039677957,1,0.393185193,2,2019-02-14T14:00:00.0,0.393185193,0,0.393185193,1071,1.039677957,1,0,0.378179791
0,-0.039677957,1,0.393185193,2,2019-02-14T15:00:00.0,0.393185193,0,0.393185193,1072,1.039677957,1,0,0.378179791
0,-0.142817344,1,0.559791011,4,2019-02-14T16:00:00.0,0.559791011,0,0.559791011,1073,1.142817344,1,0,0.489834193
0,-0.142817344,1,0.559791011,4,2019-02-14T17:00:00.0,0.559791011,0,0.559791011,1074,1.142817344,1,0,0.489834193
0,-0.142817344,1,0.559791011,4,2019-02-14T18:00:00.0,0.559791011,0,0.559791011,1075,1.142817344,1,0,0.489834193
0,-0.142817344,1,0.559791011,4,2019-02-14T19:00:00.0,0.559791011,0,0.559791011,1076,1.142817344,1,0,0.489834193
0,-0.038204097,1,0.430340494,4,2019-02-14T20:00:00.0,0.430340494,0,0.430340494,1077,1.038204097,1,0,0.414504716
0,-0.142817344,1,0.559791011,4,2019-02-14T21:00:00.0,0.559791011,0,0.559791011,1078,1.142817344,1,0,0.489834193
0,-0.039677957,1,0.393185193,2,2019-02-14T22:00:00.0,0.393185193,0,0.393185193,1079,1.039677957,1,0,0.378179791
0,-0.039677957,1,0.393185193,2,2019-02-14T23:00:00.0,0.393185193,0,0.393185193,1080,1.039677957,1,0,0.378179791
0,-0.039677957,1,0.313944848,2,2019-02-15T00:00:00.0,0.313944848,0,0.313944848,1081,1.039677957,1,0,0.301963551
0,-0.039677957,1,0.313944848,2,2019-02-15T01:00:00.0,0.313944848,0,0.313944848,1082,1.039677957,1,0,0.301963551
0,-0.039677957,1,0.313944848,2,2019-02-15T02:00:00.0,0.313944848,0,0.313944848,1083,1.039677957,1,0,0.301963551
0,-0.039677957,1,0.338880129,2,2019-02-15T03:00:00.0,0.338880129,0,0.338880129,1084,1.039677957,1,0,0.325947209
0,-0.039677957,1,0.313944848,2,2019-02-15T04:00:00.0,0.313944848,0,0.313944848,1085,1.039677957,1,0,0.301963551
0,-0.039677957,1,0.313944848,2,2019-02-15T05:00:00.0,0.313944848,0,0.313944848,1086,1.039677957,1,0,0.301963551
0,-0.039677957,1,0.338880129,2,2019-02-15T06:00:00.0,0.338880129,0,0.338880129,1087,1.039677957,1,0,0.325947209
0,-0.039677957,1,0.338880129,2,2019-02-15T07:00:00.0,0.338880129,0,0.338880129,1088,1.039677957,1,0,0.325947209
0,-0.039677957,1,0.353462977,2,2019-02-15T08:00:00.0,0.353462977,0,0.353462977,1089,1.039677957,1,0,0.339973522
0,-0.039677957,1,0.338880129,2,2019-02-15T09:00:00.0,0.338880129,0,0.338880129,1090,1.039677957,1,0,0.325947209
0,-0.039677957,1,0.338880129,2,2019-02-15T10:00:00.0,0.338880129,0,0.338880129,1091,1.039677957,1,0,0.325947209
0,-0.039677957,1,0.313944848,2,2019-02-15T11:00:00.0,0.313944848,0,0.313944848,1092,1.039677957,1,0,0.301963551
0,-0.039677957,1,0.338880129,2,2019-02-15T12:00:00.0,0.338880129,0,0.338880129,1093,1.039677957,1,0,0.325947209
0,-0.039677957,1,0.338880129,2,2019-02-15T13:00:00.0,0.338880129,0,0.338880129,1094,1.039677957,1,0,0.325947209
0,-0.039677957,1,0.313944848,2,2019-02-15T14:00:00.0,0.313944848,0,0.313944848,1095,1.039677957,1,0,0.301963551
0,-0.039677957,1,0.313944848,2,2019-02-15T15:00:00.0,0.313944848,0,0.313944848,1096,1.039677957,1,0,0.301963551
0,-0.039677957,1,0.353462977,2,2019-02-15T16:00:00.0,0.353462977,0,0.353462977,1097,1.039677957,1,0,0.339973522
0,-0.039677957,1,0.353462977,2,2019-02-15T17:00:00.0,0.353462977,0,0.353462977,1098,1.039677957,1,0,0.339973522
0,-0.039677957,1,0.353462977,2,2019-02-15T18:00:00.0,0.353462977,0,0.353462977,1099,1.039677957,1,0,0.339973522
0,-0.039677957,1,0.353462977,2,2019-02-15T19:00:00.0,0.353462977,0,0.353462977,1100,1.039677957,1,0,0.339973522
0,-0.039677957,1,0.353462977,2,2019-02-15T20:00:00.0,0.353462977,0,0.353462977,1101,1.039677957,1,0,0.339973522
0,-0.039677957,1,0.353462977,2,2019-02-15T21:00:00.0,0.353462977,0,0.353462977,1102,1.039677957,1,0,0.339973522
0,-0.039677957,1,0.353462977,2,2019-02-15T22:00:00.0,0.353462977,0,0.353462977,1103,1.039677957,1,0,0.339973522
0,-0.039677957,1,0.353462977,2,2019-02-15T23:00:00.0,0.353462977,0,0.353462977,1104,1.039677957,1,0,0.339973522
0,-0.234220421,1,0.613228926,4,2019-02-16T00:00:00.0,0.613228926,0,0.613228926,1105,1.234220421,1,0,0.496855275
0,-0.234220421,1,0.613228926,4,2019-02-16T01:00:00.0,0.613228926,0,0.613228926,1106,1.234220421,1,0,0.496855275
0,-0.234220421,1,0.613228926,4,2019-02-16T02:00:00.0,0.613228926,0,0.613228926,1107,1.234220421,1,0,0.496855275
0,-0.234220421,1,0.613228926,4,2019-02-16T03:00:00.0,0.613228926,0,0.613228926,1108,1.234220421,1,0,0.496855275
0,-0.234220421,1,0.613228926,4,2019-02-16T04:00:00.0,0.613228926,0,0.613228926,1109,1.234220421,1,0,0.496855275
0,-0.234220421,1,0.613228926,4,2019-02-16T05:00:00.0,0.613228926,0,0.613228926,1110,1.234220421,1,0,0.496855275
0,-0.234220421,1,0.613228926,4,2019-02-16T06:00:00.0,0.613228926,0,0.613228926,1111,1.234220421,1,0,0.496855275
0,-0.234220421,1,0.613228926,4,2019-02-16T07:00:00.0,0.613228926,0,0.613228926,1112,1.234220421,1,0,0.496855275
0,-0.234220421,1,0.613228926,4,2019-02-16T08:00:00.0,0.613228926,0,0.613228926,1113,1.234220421,1,0,0.496855275
0,-0.234220421,1,0.613228926,4,2019-02-16T09:00:00.0,0.613228926,0,0.613228926,1114,1.234220421,1,0,0.496855275
0,-0.234220421,1,0.613228926,4,2019-02-16T10:00:00.0,0.613228926,0,0.613228926,1115,1.234220421,1,0,0.496855275
0,-0.234220421,1,0.613228926,4,2019-02-16T11:00:00.0,0.613228926,0,0.613228926,1116,1.234220421,1,0,0.496855275
0,-0.234220421,1,0.613228926,4,2019-02-16T12:00:00.0,0.613228926,0,0.613228926,1117,1.234220421,1,0,0.496855275
0,-0.234220421,1,0.613228926,4,2019-02-16T13:00:00.0,0.613228926,0,0.613228926,1118,1.234220421,1,0,0.496855275
0,-0.234220421,1,0.613228926,4,2019-02-16T14:00:00.0,0.613228926,0,0.613228926,1119,1.234220421,1,0,0.496855275
0,-0.234220421,1,0.613228926,4,2019-02-16T15:00:00.0,0.613228926,0,0.613228926,1120,1.234220421,1,0,0.496855275
0,-0.234220421,1,0.613228926,4,2019-02-16T16:00:00.0,0.613228926,0,0.613228926,1121,1.234220421,1,0,0.496855275
0,-0.239616846,1,0.616383893,3,2019-02-16T17:00:00.0,0.616383893,0,0.616383893,1122,1.239616846,1,0,0.497237429
0,-0.239616846,1,0.616383893,3,2019-02-16T18:00:00.0,0.616383893,0,0.616383893,1123,1.239616846,1,0,0.497237429
0,-0.239616846,1,0.616383893,3,2019-02-16T19:00:00.0,0.616383893,0,0.616383893,1124,1.239616846,1,0,0.497237429
0,-0.239616846,1,0.616383893,3,2019-02-16T20:00:00.0,0.616383893,0,0.616383893,1125,1.239616846,1,0,0.497237429
0,-0.239616846,1,0.616383893,3,2019-02-16T21:00:00.0,0.616383893,0,0.616383893,1126,1.239616846,1,0,0.497237429
0,-0.239616846,1,0.616383893,3,2019-02-16T22:00:00.0,0.616383893,0,0.616383893,1127,1.239616846,1,0,0.497237429
0,-0.234220421,1,0.613228926,4,2019-02-16T23:00:00.0,0.613228926,0,0.613228926,1128,1.234220421,1,0,0.496855275
0,-0.121127698,1,0.656222487,4,2019-02-17T00:00:00.0,0.656222487,0,0.656222487,1129,1.121127698,1,0,0.585323588
0,-0.121127698,1,0.656222487,4,2019-02-17T01:00:00.0,0.656222487,0,0.656222487,1130,1.121127699,1,0,0.585323588
0,0,1,0.426276334,1,2019-02-17T02:00:00.0,0.426276334,0,0.426276334,1131,1,1,0,0.426276334
0,0,1,0.426276334,1,2019-02-17T03:00:00.0,0.426276334,0,0.426276334,1132,1,1,0,0.426276334
0,-0.121127698,1,0.656222487,4,2019-02-17T04:00:00.0,0.656222487,0,0.656222487,1133,1.121127699,1,0,0.585323588
0,-0.121127698,1,0.656222487,4,2019-02-17T05:00:00.0,0.656222487,0,0.656222487,1134,1.121127699,1,0,0.585323588
0,-0.121127698,1,0.656222487,4,2019-02-17T06:00:00.0,0.656222487,0,0.656222487,1135,1.121127699,1,0,0.585323588
0,-0.121127698,1,0.656222487,4,2019-02-17T07:00:00.0,0.656222487,0,0.656222487,1136,1.121127699,1,0,0.585323588
0,0,1,0.426276334,1,2019-02-17T08:00:00.0,0.426276334,0,0.426276334,1137,1,1,0,0.426276334
0,0,1,0.426276334,1,2019-02-17T09:00:00.0,0.426276334,0,0.426276334,1138,1,1,0,0.426276334
0,0,1,0.426276334,1,2019-02-17T10:00:00.0,0.426276334,0,0.426276334,1139,1,1,0,0.426276334
0,0,1,0.426276334,1,2019-02-17T11:00:00.0,0.426276334,0,0.426276334,1140,1,1,0,0.426276334
0,0,1,0.426276334,1,2019-02-17T12:00:00.0,0.426276334,0,0.426276334,1141,1,1,0,0.426276334
0,0,1,0.426276334,1,2019-02-17T13:00:00.0,0.426276334,0,0.426276334,1142,1,1,0,0.426276334
0,0,1,0.426276334,1,2019-02-17T14:00:00.0,0.426276334,0,0.426276334,1143,1,1,0,0.426276334
0,0,1,0.426276334,1,2019-02-17T15:00:00.0,0.426276334,0,0.426276334,1144,1,1,0,0.426276334
0,-0.042430781,1,0.398544357,2,2019-02-17T16:00:00.0,0.398544357,0,0.398544357,1145,1.042430781,1,0,0.382322131
0,-0.042430781,1,0.398544357,2,2019-02-17T17:00:00.0,0.398544357,0,0.398544357,1146,1.042430781,1,0,0.382322131
0,-0.042430781,1,0.398544357,2,2019-02-17T18:00:00.0,0.398544357,0,0.398544357,1147,1.042430781,1,0,0.382322131
0,-0.042430781,1,0.398544357,2,2019-02-17T19:00:00.0,0.398544357,0,0.398544357,1148,1.042430781,1,0,0.382322131
0,-0.121127698,1,0.656222487,4,2019-02-17T20:00:00.0,0.656222487,0,0.656222487,1149,1.121127699,1,0,0.585323588
0,-0.121127698,1,0.656222487,4,2019-02-17T21:00:00.0,0.656222487,0,0.656222487,1150,1.121127699,1,0,0.585323588
0,-0.121127698,1,0.656222487,4,2019-02-17T22:00:00.0,0.656222487,0,0.656222487,1151,1.121127698,1,0,0.585323588
0,0,1,0.426276334,1,2019-02-17T23:00:00.0,0.426276334,0,0.426276334,1152,1,1,0,0.426276334
0,-0.121127698,1,0.656222487,4,2019-02-18T00:00:00.0,0.656222487,0,0.656222487,1153,1.121127698,1,0,0.585323588
0,0,1,0.426276334,1,2019-02-18T01:00:00.0,0.426276334,0,0.426276334,1154,1,1,0,0.426276334
0,0,1,0.426276334,1,2019-02-18T02:00:00.0,0.426276334,0,0.426276334,1155,1,1,0,0.426276334
0,0,1,0.426276334,1,2019-02-18T03:00:00.0,0.426276334,0,0.426276334,1156,1,1,0,0.426276334
0,0,1,0.426276334,1,2019-02-18T04:00:00.0,0.426276334,0,0.426276334,1157,1,1,0,0.426276334
0,-0.121127698,1,0.656222487,4,2019-02-18T05:00:00.0,0.656222487,0,0.656222487,1158,1.121127699,1,0,0.585323588
0,-0.121127698,1,0.656222487,4,2019-02-18T06:00:00.0,0.656222487,0,0.656222487,1159,1.121127699,1,0,0.585323588
0,-0.140592275,1,0.498032605,3,2019-02-18T07:00:00.0,0.498032605,0,0.498032605,1160,1.140592275,1,0,0.436643852
0,-0.121127698,1,0.656222487,4,2019-02-18T08:00:00.0,0.656222487,0,0.656222487,1161,1.121127698,1,0,0.585323588
0,-0.140592275,1,0.498032605,3,2019-02-18T09:00:00.0,0.498032605,0,0.498032605,1162,1.140592275,1,0,0.436643852
0,0,1,0.426276334,1,2019-02-18T10:00:00.0,0.426276334,0,0.426276334,1163,1,1,0,0.426276334
0,0,1,0.426276334,1,2019-02-18T11:00:00.0,0.426276334,0,0.426276334,1164,1,1,0,0.426276334
0,0,1,0.426276334,1,2019-02-18T12:00:00.0,0.426276334,0,0.426276334,1165,1,1,0,0.426276334
0,0,1,0.426276334,1,2019-02-18T13:00:00.0,0.426276334,0,0.426276334,1166,1,1,0,0.426276334
0,0,1,0.426276334,1,2019-02-18T14:00:00.0,0.426276334,0,0.426276334,1167,1,1,0,0.426276334
0,0,1,0.426276334,1,2019-02-18T15:00:00.0,0.426276334,0,0.426276334,1168,1,1,0,0.426276334
0,0,1,0.426276334,1,2019-02-18T16:00:00.0,0.426276334,0,0.426276334,1169,1,1,0,0.426276334
0,0,1,0.426276334,1,2019-02-18T17:00:00.0,0.426276334,0,0.426276334,1170,1,1,0,0.426276334
0,-0.121127698,1,0.656222487,4,2019-02-18T18:00:00.0,0.656222487,0,0.656222487,1171,1.121127699,1,0,0.585323588
0,-0.121127698,1,0.656222487,4,2019-02-18T19:00:00.0,0.656222487,0,0.656222487,1172,1.121127699,1,0,0.585323588
0,-0.121127698,1,0.656222487,4,2019-02-18T20:00:00.0,0.656222487,0,0.656222487,1173,1.121127698,1,0,0.585323588
0,-0.140592275,1,0.498032605,3,2019-02-18T21:00:00.0,0.498032605,0,0.498032605,1174,1.140592275,1,0,0.436643852
0,-0.239616846,1,0.616383893,3,2019-02-18T22:00:00.0,0.616383893,0,0.616383893,1175,1.239616846,1,0,0.497237429
0,-0.039677957,1,0.353462977,2,2019-02-18T23:00:00.0,0.353462977,0,0.353462977,1176,1.039677957,1,0,0.339973522
0,-0.121127698,1,0.656222487,4,2019-02-19T00:00:00.0,0.656222487,0,0.656222487,1177,1.121127698,1,0,0.585323588
0,-0.121127698,1,0.656222487,4,2019-02-19T01:00:00.0,0.656222487,0,0.656222487,1178,1.121127698,1,0,0.585323588
0,-0.121127698,1,0.656222487,4,2019-02-19T02:00:00.0,0.656222487,0,0.656222487,1179,1.121127698,1,0,0.585323588
0,-0.239616846,1,0.616383893,3,2019-02-19T03:00:00.0,0.616383893,0,0.616383893,1180,1.239616846,1,0,0.497237429
0,-0.121127698,1,0.656222487,4,2019-02-19T04:00:00.0,0.656222487,0,0.656222487,1181,1.121127698,1,0,0.585323588
0,-0.121127698,1,0.656222487,4,2019-02-19T05:00:00.0,0.656222487,0,0.656222487,1182,1.121127698,1,0,0.585323588
0,-0.121127698,1,0.656222487,4,2019-02-19T06:00:00.0,0.656222487,0,0.656222487,1183,1.121127698,1,0,0.585323588
0,-0.121127698,1,0.656222487,4,2019-02-19T07:00:00.0,0.656222487,0,0.656222487,1184,1.121127698,1,0,0.585323588
0,-0.239616846,1,0.616383893,3,2019-02-19T08:00:00.0,0.616383893,0,0.616383893,1185,1.239616846,1,0,0.497237429
0,-0.239783832,1,0.615768544,3,2019-02-19T09:00:00.0,0.615768544,0,0.615768544,1186,1.239783832,1,0,0.496674121
0,-0.239783832,1,0.615768544,3,2019-02-19T10:00:00.0,0.615768544,0,0.615768544,1187,1.239783832,1,0,0.496674121
0,-0.239783832,1,0.615768544,3,2019-02-19T11:00:00.0,0.615768544,0,0.615768544,1188,1.239783832,1,0,0.496674121
0,-0.239783832,1,0.615768544,3,2019-02-19T12:00:00.0,0.615768544,0,0.615768544,1189,1.239783832,1,0,0.496674121
0,-0.239783832,1,0.615768544,3,2019-02-19T13:00:00.0,0.615768544,0,0.615768544,1190,1.239783832,1,0,0.496674121
0,-0.239616846,1,0.616383893,3,2019-02-19T14:00:00.0,0.616383893,0,0.616383893,1191,1.239616846,1,0,0.497237429
0,-0.042278841,1,0.682465425,2,2019-02-19T15:00:00.0,0.682465425,0,0.682465425,1192,1.042278842,1.000000001,0,0.654782
0,-0.121127698,1,0.656222487,4,2019-02-19T16:00:00.0,0.656222487,0,0.656222487,1193,1.121127698,1,0,0.585323588
0,-0.121127698,1,0.656222487,4,2019-02-19T17:00:00.0,0.656222487,0,0.656222487,1194,1.121127698,1,0,0.585323588
0,-0.121127698,1,0.656222487,4,2019-02-19T18:00:00.0,0.656222487,0,0.656222487,1195,1.121127698,1,0,0.585323588
0,-0.121127698,1,0.656222487,4,2019-02-19T19:00:00.0,0.656222487,0,0.656222487,1196,1.121127698,1,0,0.585323588
0,-0.121127698,1,0.656222487,4,2019-02-19T20:00:00.0,0.656222487,0,0.656222487,1197,1.121127698,1,0,0.585323588
0,-0.121127698,1,0.656222487,4,2019-02-19T21:00:00.0,0.656222487,0,0.656222487,1198,1.121127698,1,0,0.585323588
0,-0.121127698,1,0.656222487,4,2019-02-19T22:00:00.0,0.656222487,0,0.656222487,1199,1.121127698,1,0,0.585323588
0,-0.121127698,1,0.656222487,4,2019-02-19T23:00:00.0,0.656222487,0,0.656222487,1200,1.121127698,1,0,0.585323588
0,-0.121127698,1,0.656222487,4,2019-02-20T00:00:00.0,0.656222487,0,0.656222487,1201,1.121127698,1,0,0.585323588
0,-0.121127698,1,0.656222487,4,2019-02-20T01:00:00.0,0.656222487,0,0.656222487,1202,1.121127699,1,0,0.585323588
0,-0.121127698,1,0.656222487,4,2019-02-20T02:00:00.0,0.656222487,0,0.656222487,1203,1.121127699,1,0,0.585323588
0,-0.121127698,1,0.656222487,4,2019-02-20T03:00:00.0,0.656222487,0,0.656222487,1204,1.121127699,1,0,0.585323588
0,-0.121127698,1,0.656222487,4,2019-02-20T04:00:00.0,0.656222487,0,0.656222487,1205,1.121127699,1,0,0.585323588
0,-0.121127698,1,0.656222487,4,2019-02-20T05:00:00.0,0.656222487,0,0.656222487,1206,1.121127699,1.000000001,0,0.585323588
0,-0.121127698,1,0.656222487,4,2019-02-20T06:00:00.0,0.656222487,0,0.656222487,1207,1.121127699,1,0,0.585323588
0,-0.121127698,1,0.656222487,4,2019-02-20T07:00:00.0,0.656222487,0,0.656222487,1208,1.121127699,1,0,0.585323588
0,-0.121127698,1,0.656222487,4,2019-02-20T08:00:00.0,0.656222487,0,0.656222487,1209,1.121127699,1,0,0.585323588
0,-0.042430781,1,0.682564912,2,2019-02-20T09:00:00.0,0.682564912,0,0.682564912,1210,1.042430781,1,0,0.654782
0,-0.239783832,1,0.615768545,3,2019-02-20T10:00:00.0,0.615768545,0,0.615768545,1211,1.239783832,1,0,0.496674121
0,-0.042278842,1,0.682465425,2,2019-02-20T11:00:00.0,0.682465425,0,0.682465425,1212,1.042278842,1,0,0.654782
0,-0.03455205,1,0.403796997,3,2019-02-20T12:00:00.0,0.403796997,0,0.403796997,1213,1.03455205,1,0,0.390310954
0,-0.03455205,1,0.403796997,3,2019-02-20T13:00:00.0,0.403796997,0,0.403796997,1214,1.03455205,1,0,0.390310954
0,-0.03455205,1,0.403796997,3,2019-02-20T14:00:00.0,0.403796997,0,0.403796997,1215,1.03455205,1,0,0.390310954
0,-0.239616846,1,0.616383893,3,2019-02-20T15:00:00.0,0.616383893,0,0.616383893,1216,1.239616846,1,0,0.497237429
0,-0.239616846,1,0.616383893,3,2019-02-20T16:00:00.0,0.616383893,0,0.616383893,1217,1.239616846,1,0,0.497237429
0,-0.239616846,1,0.616383893,3,2019-02-20T17:00:00.0,0.616383893,0,0.616383893,1218,1.239616846,1,0,0.497237429
0,-0.239616846,1,0.616383893,3,2019-02-20T18:00:00.0,0.616383893,0,0.616383893,1219,1.239616846,1,0,0.497237429
0,-0.239616846,1,0.616383893,3,2019-02-20T19:00:00.0,0.616383893,0,0.616383893,1220,1.239616846,1,0,0.497237429
0,-0.239616846,1,0.616383893,3,2019-02-20T20:00:00.0,0.616383893,0,0.616383893,1221,1.239616846,1,0,0.497237429
0,-0.235947871,1,0.549655603,3,2019-02-20T21:00:00.0,0.549655603,0,0.549655603,1222,1.235947871,1,0,0.444723937
0,-0.239616846,1,0.616383893,3,2019-02-20T22:00:00.0,0.616383893,0,0.616383893,1223,1.239616846,1,0,0.497237429
0,-0.039677957,1,0.354594634,2,2019-02-20T23:00:00.0,0.354594634,0,0.354594634,1224,1.039677957,1,0,0.341061991
0,-0.234220421,1,0.613228926,4,2019-02-21T00:00:00.0,0.613228926,0,0.613228926,1225,1.234220421,1,0,0.496855275
0,-0.239616846,1,0.616383893,3,2019-02-21T01:00:00.0,0.616383893,0,0.616383893,1226,1.239616846,1,0,0.497237429
0,-0.234220421,1,0.613228926,4,2019-02-21T02:00:00.0,0.613228926,0,0.613228926,1227,1.234220421,1,0,0.496855275
0,-0.142817344,1,0.559791011,4,2019-02-21T03:00:00.0,0.559791011,0,0.559791011,1228,1.142817344,1,0,0.489834193
0,-0.142817344,1,0.559791011,4,2019-02-21T04:00:00.0,0.559791011,0,0.559791011,1229,1.142817344,1,0,0.489834193
0,-0.142817344,1,0.559791011,4,2019-02-21T05:00:00.0,0.559791011,0,0.559791011,1230,1.142817344,1,0,0.489834193
0,-0.239616846,1,0.616383893,3,2019-02-21T06:00:00.0,0.616383893,0,0.616383893,1231,1.239616846,1,0,0.497237429
0,-0.239616846,1,0.616383893,3,2019-02-21T07:00:00.0,0.616383893,0,0.616383893,1232,1.239616846,1,0,0.497237429
0,-0.239616846,1,0.616383893,3,2019-02-21T08:00:00.0,0.616383893,0,0.616383893,1233,1.239616846,1,0,0.497237429
0,-0.239616846,1,0.616383893,3,2019-02-21T09:00:00.0,0.616383893,0,0.616383893,1234,1.239616846,1,0,0.497237429
0,-0.234220421,1,0.613228926,4,2019-02-21T10:00:00.0,0.613228926,0,0.613228926,1235,1.234220421,1,0,0.496855275
0,-0.234220421,1,0.613228926,4,2019-02-21T11:00:00.0,0.613228926,0,0.613228926,1236,1.234220421,1,0,0.496855275
0,-0.234220421,1,0.613228926,4,2019-02-21T12:00:00.0,0.613228926,0,0.613228926,1237,1.234220421,1,0,0.496855275
0,-0.234220421,1,0.613228926,4,2019-02-21T13:00:00.0,0.613228926,0,0.613228926,1238,1.234220421,1,0,0.496855275
0,-0.239616846,1,0.616383893,3,2019-02-21T14:00:00.0,0.616383893,0,0.616383893,1239,1.239616846,1,0,0.497237429
0,-0.239616846,1,0.616383893,3,2019-02-21T15:00:00.0,0.616383893,0,0.616383893,1240,1.239616846,1,0,0.497237429
0,-0.239616846,1,0.616383893,3,2019-02-21T16:00:00.0,0.616383893,0,0.616383893,1241,1.239616846,1,0,0.497237429
0,-0.239616846,1,0.616383893,3,2019-02-21T17:00:00.0,0.616383893,0,0.616383893,1242,1.239616846,1,0,0.497237429
0,-0.239616846,1,0.616383893,3,2019-02-21T18:00:00.0,0.616383893,0,0.616383893,1243,1.239616846,1,0,0.497237429
0,-0.239616846,1,0.616383893,3,2019-02-21T19:00:00.0,0.616383893,0,0.616383893,1244,1.239616846,1,0,0.497237429
0,-0.239616846,1,0.616383893,3,2019-02-21T20:00:00.0,0.616383893,0,0.616383893,1245,1.239616846,1,0,0.497237429
0,-0.239616846,1,0.616383893,3,2019-02-21T21:00:00.0,0.616383893,0,0.616383893,1246,1.239616846,1,0,0.497237429
0,-0.239616846,1,0.616383893,3,2019-02-21T22:00:00.0,0.616383893,0,0.616383893,1247,1.239616846,1,0,0.497237429
0,-0.239616846,1,0.616383893,3,2019-02-21T23:00:00.0,0.616383893,0,0.616383893,1248,1.239616846,1,0,0.497237429
0,-0.042430781,1,0.682564912,2,2019-02-22T00:00:00.0,0.682564912,0,0.682564912,1249,1.042430781,1,0,0.654782
0,-0.121127698,1,0.656222487,4,2019-02-22T01:00:00.0,0.656222487,0,0.656222487,1250,1.121127699,1,0,0.585323588
0,-0.121127698,1,0.656222487,4,2019-02-22T02:00:00.0,0.656222487,0,0.656222487,1251,1.121127698,1,0,0.585323588
0,-0.121127698,1,0.656222487,4,2019-02-22T03:00:00.0,0.656222487,0,0.656222487,1252,1.121127698,1,0,0.585323588
0,-0.121127698,1,0.656222487,4,2019-02-22T04:00:00.0,0.656222487,0,0.656222487,1253,1.121127698,1,0,0.585323588
0,-0.121127698,1,0.656222487,4,2019-02-22T05:00:00.0,0.656222487,0,0.656222487,1254,1.121127699,1,0,0.585323588
0,-0.121127698,1,0.656222487,5,2019-02-22T06:00:00.0,0.656222487,0,0.656222487,1255,1.121127699,1,0,0.585323588
0,-0.042430781,1,0.398544357,2,2019-02-22T07:00:00.0,0.398544357,0,0.398544357,1256,1.042430781,1,0,0.382322131
0,-0.121127698,1,0.656222487,4,2019-02-22T08:00:00.0,0.656222487,0,0.656222487,1257,1.121127698,1,0,0.585323588
0,-0.239616846,1,0.616383893,3,2019-02-22T09:00:00.0,0.616383893,0,0.616383893,1258,1.239616846,1,0,0.497237429
0,-0.042278842,1,0.398486268,2,2019-02-22T10:00:00.0,0.398486268,0,0.398486268,1259,1.042278842,1,0,0.382322131
0,-0.042278842,1,0.398486268,2,2019-02-22T11:00:00.0,0.398486268,0,0.398486268,1260,1.042278842,1,0,0.382322131
0,-0.042278842,1,0.398486268,2,2019-02-22T12:00:00.0,0.398486268,0,0.398486268,1261,1.042278842,1,0,0.382322131
0,-0.042278842,1,0.398486268,2,2019-02-22T13:00:00.0,0.398486268,0,0.398486268,1262,1.042278842,1,0,0.382322131
0,-0.042278842,1,0.398486268,2,2019-02-22T14:00:00.0,0.398486268,0,0.398486268,1263,1.042278842,1,0,0.382322131
0,-0.239616846,1,0.616383893,3,2019-02-22T15:00:00.0,0.616383893,0,0.616383893,1264,1.239616846,1,0,0.497237429
0,-0.121127698,1,0.656222487,5,2019-02-22T16:00:00.0,0.656222487,0,0.656222487,1265,1.121127699,1,0,0.585323588
0,-0.121127698,1,0.656222487,5,2019-02-22T17:00:00.0,0.656222487,0,0.656222487,1266,1.121127698,1,0,0.585323588
0,-0.121127698,1,0.656222487,4,2019-02-22T18:00:00.0,0.656222487,0,0.656222487,1267,1.121127698,1,0,0.585323588
0,-0.121127698,1,0.656222487,4,2019-02-22T19:00:00.0,0.656222487,0,0.656222487,1268,1.121127698,1,0,0.585323588
0,-0.120770938,1,0.656342434,4,2019-02-22T20:00:00.0,0.656342434,0,0.656342434,1269,1.120770938,1,0,0.585616928
0,-0.120770938,1,0.656342434,4,2019-02-22T21:00:00.0,0.656342434,0,0.656342434,1270,1.120770938,1,0,0.585616928
0,-0.120770938,1,0.656342434,4,2019-02-22T22:00:00.0,0.656342434,0,0.656342434,1271,1.120770938,1,0,0.585616928
0,-0.121127698,1,0.656222487,4,2019-02-22T23:00:00.0,0.656222487,0,0.656222487,1272,1.121127699,1,0,0.585323588
0,-0.042430781,1,0.394226255,2,2019-02-23T00:00:00.0,0.394226255,0,0.394226255,1273,1.042430781,1,0,0.378179791
0,-0.042430781,1,0.394226255,2,2019-02-23T01:00:00.0,0.394226255,0,0.394226255,1274,1.042430781,1,0,0.378179791
0,-0.042430781,1,0.394226255,2,2019-02-23T02:00:00.0,0.394226255,0,0.394226255,1275,1.042430781,1,0,0.378179791
0,-0.042430781,1,0.394226255,2,2019-02-23T03:00:00.0,0.394226255,0,0.394226255,1276,1.042430781,1,0,0.378179791
0,-0.042430781,1,0.394226255,2,2019-02-23T04:00:00.0,0.394226255,0,0.394226255,1277,1.042430781,1,0,0.378179791
0,-0.042430781,1,0.394226255,2,2019-02-23T05:00:00.0,0.394226255,0,0.394226255,1278,1.042430781,1,0,0.378179791
0,-0.042430781,1,0.394226255,2,2019-02-23T06:00:00.0,0.394226255,0,0.394226255,1279,1.042430781,1,0,0.378179791
0,-0.042430781,1,0.394226255,2,2019-02-23T07:00:00.0,0.394226255,0,0.394226255,1280,1.042430781,1,0,0.378179791
0,-0.042278842,1,0.398486268,2,2019-02-23T08:00:00.0,0.398486268,0,0.398486268,1281,1.042278842,1,0,0.382322131
0,-0.239616846,1,0.616383893,3,2019-02-23T09:00:00.0,0.616383893,0,0.616383893,1282,1.239616846,1,0,0.497237429
0,-0.035016975,1,0.371583795,3,2019-02-23T10:00:00.0,0.371583795,0,0.371583795,1283,1.035016975,1,0,0.359012271
0,-0.035016975,1,0.371006925,3,2019-02-23T11:00:00.0,0.371006925,0,0.371006925,1284,1.035016975,1,0,0.358454918
0,-0.035016975,1,0.371583795,3,2019-02-23T12:00:00.0,0.371583795,0,0.371583795,1285,1.035016975,1,0,0.359012271
0,-0.034539314,1,0.403766889,3,2019-02-23T13:00:00.0,0.403766889,0,0.403766889,1286,1.034539314,1,0,0.390286656
0,-0.034539314,1,0.403766889,3,2019-02-23T14:00:00.0,0.403766889,0,0.403766889,1287,1.034539314,1,0,0.390286656
0,-0.036661054,1,0.379272055,3,2019-02-23T15:00:00.0,0.379272055,0,0.379272055,1288,1.036661054,1,0,0.365859269
0,-0.042278842,1,0.398486268,2,2019-02-23T16:00:00.0,0.398486268,0,0.398486268,1289,1.042278842,1,0,0.382322131
0,-0.042278842,1,0.398486268,2,2019-02-23T17:00:00.0,0.398486268,0,0.398486268,1290,1.042278842,1,0,0.382322131
0,-0.042278842,1,0.398486268,2,2019-02-23T18:00:00.0,0.398486268,0,0.398486268,1291,1.042278842,1,0,0.382322131
0,-0.239616846,1,0.616383893,3,2019-02-23T19:00:00.0,0.616383893,0,0.616383893,1292,1.239616846,1,0,0.497237429
0,-0.239616846,1,0.616383893,3,2019-02-23T20:00:00.0,0.616383893,0,0.616383893,1293,1.239616846,1,0,0.497237429
0,-0.239616846,1,0.616383893,3,2019-02-23T21:00:00.0,0.616383893,0,0.616383893,1294,1.239616846,1,0,0.497237429
0,-0.039677957,1,0.393185193,2,2019-02-23T22:00:00.0,0.393185193,0,0.393185193,1295,1.039677957,1,0,0.378179791
0,-0.039677957,1,0.353462977,2,2019-02-23T23:00:00.0,0.353462977,0,0.353462977,1296,1.039677957,1,0,0.339973522
0,-0.039677957,1,0.338880129,2,2019-02-24T00:00:00.0,0.338880129,0,0.338880129,1297,1.039677957,1,0,0.325947209
0,-0.039677957,1,0.338880129,2,2019-02-24T01:00:00.0,0.338880129,0,0.338880129,1298,1.039677957,1,0,0.325947209
0,-0.039677957,1,0.313944848,2,2019-02-24T02:00:00.0,0.313944848,0,0.313944848,1299,1.039677957,1,0,0.301963551
0,-0.039677957,1,0.338880129,2,2019-02-24T03:00:00.0,0.338880129,0,0.338880129,1300,1.039677957,1,0,0.325947209
0,-0.039677957,1,0.338880129,2,2019-02-24T04:00:00.0,0.338880129,0,0.338880129,1301,1.039677957,1,0,0.325947209
0,-0.039677957,1,0.338880129,2,2019-02-24T05:00:00.0,0.338880129,0,0.338880129,1302,1.039677957,1,0,0.325947209
0,-0.039677957,1,0.338880129,2,2019-02-24T06:00:00.0,0.338880129,0,0.338880129,1303,1.039677957,1,0,0.325947209
0,-0.039677957,1,0.313944848,2,2019-02-24T07:00:00.0,0.313944848,0,0.313944848,1304,1.039677957,1,0,0.301963551
0,-0.236995054,1,0.557100685,4,2019-02-24T08:00:00.0,0.557100685,0,0.557100685,1305,1.236995054,1,0,0.450366138
0,-0.039677957,1,0.353462977,2,2019-02-24T09:00:00.0,0.353462977,0,0.353462977,1306,1.039677957,1,0,0.339973522
0,-0.039677957,1,0.353462977,2,2019-02-24T10:00:00.0,0.353462977,0,0.353462977,1307,1.039677957,1,0,0.339973522
0,-0.039677957,1,0.353462977,2,2019-02-24T11:00:00.0,0.353462977,0,0.353462977,1308,1.039677957,1,0,0.339973522
0,-0.039677957,1,0.353462977,2,2019-02-24T12:00:00.0,0.353462977,0,0.353462977,1309,1.039677957,1,0,0.339973522
0,-0.042278842,1,0.354347209,2,2019-02-24T13:00:00.0,0.354347209,0,0.354347209,1310,1.042278842,1,0,0.339973522
0,-0.039677957,1,0.353462977,2,2019-02-24T14:00:00.0,0.353462977,0,0.353462977,1311,1.039677957,1,0,0.339973522
0,-0.039677957,1,0.353462977,2,2019-02-24T15:00:00.0,0.353462977,0,0.353462977,1312,1.039677957,1,0,0.339973522
0,-0.039677957,1,0.353462977,2,2019-02-24T16:00:00.0,0.353462977,0,0.353462977,1313,1.039677957,1,0,0.339973522
0,-0.039677957,1,0.353462977,2,2019-02-24T17:00:00.0,0.353462977,0,0.353462977,1314,1.039677957,1,0,0.339973522
0,-0.039836203,1,0.353516776,2,2019-02-24T18:00:00.0,0.353516776,0,0.353516776,1315,1.039836203,1,0,0.339973522
0,-0.039836203,1,0.353516776,2,2019-02-24T19:00:00.0,0.353516776,0,0.353516776,1316,1.039836203,1,0,0.339973522
0,-0.039836203,1,0.353516776,2,2019-02-24T20:00:00.0,0.353516776,0,0.353516776,1317,1.039836203,1,0,0.339973522
0,-0.039836203,1,0.353516776,2,2019-02-24T21:00:00.0,0.353516776,0,0.353516776,1318,1.039836203,1,0,0.339973522
0,-0.039836203,1,0.338931708,2,2019-02-24T22:00:00.0,0.338931708,0,0.338931708,1319,1.039836203,1,0,0.325947209
0,-0.039836203,1,0.312645708,2,2019-02-24T23:00:00.0,0.312645708,0,0.312645708,1320,1.039836203,1,0,0.300668228
0,-0.034660951,1,0.365597965,3,2019-02-25T00:00:00.0,0.365597965,0,0.365597965,1321,1.034660951,1,0,0.3533505
0,-0.034660951,1,0.365597965,3,2019-02-25T01:00:00.0,0.365597965,0,0.365597965,1322,1.034660951,1,0,0.3533505
0,-0.034660951,1,0.365597965,3,2019-02-25T02:00:00.0,0.365597965,0,0.365597965,1323,1.034660951,1,0,0.3533505
0,-0.034660951,1,0.365597965,3,2019-02-25T03:00:00.0,0.365597965,0,0.365597965,1324,1.034660951,1,0,0.3533505
0,-0.039836203,1,0.353516776,2,2019-02-25T04:00:00.0,0.353516776,0,0.353516776,1325,1.039836203,1,0,0.339973522
0,-0.039836203,1,0.353516776,2,2019-02-25T05:00:00.0,0.353516776,0,0.353516776,1326,1.039836203,1,0,0.339973522
0,-0.042430781,1,0.355533517,2,2019-02-25T06:00:00.0,0.355533517,0,0.355533517,1327,1.042430781,1,0,0.341061991
0,-0.121127698,1,0.656222487,4,2019-02-25T07:00:00.0,0.656222487,0,0.656222487,1328,1.121127699,1,0,0.585323588
0,-0.039677957,1,0.680762409,2,2019-02-25T08:00:00.0,0.680762409,0,0.680762409,1329,1.039677952,0.999999996,0,0.654782
0,-0.234220421,1,0.613228926,4,2019-02-25T09:00:00.0,0.613228926,0,0.613228926,1330,1.234220421,1,0,0.496855275
0,-0.234220421,1,0.613228926,4,2019-02-25T10:00:00.0,0.613228926,0,0.613228926,1331,1.234220421,1,0,0.496855275
0,-0.234220421,1,0.613228926,4,2019-02-25T11:00:00.0,0.613228926,0,0.613228926,1332,1.234220421,1,0,0.496855275
0,-0.039677957,1,0.354594634,2,2019-02-25T12:00:00.0,0.354594634,0,0.354594634,1333,1.039677957,1,0,0.341061991
0,-0.039677957,1,0.353462977,2,2019-02-25T13:00:00.0,0.353462977,0,0.353462977,1334,1.039677957,1,0,0.339973522
0,-0.039677957,1,0.353462977,2,2019-02-25T14:00:00.0,0.353462977,0,0.353462977,1335,1.039677957,1,0,0.339973522
0,-0.039677957,1,0.354594634,2,2019-02-25T15:00:00.0,0.354594634,0,0.354594634,1336,1.039677957,1,0,0.341061991
0,-0.039677957,1,0.680762412,2,2019-02-25T16:00:00.0,0.680762412,0,0.680762412,1337,1.039677957,1,0,0.654782
0,-0.234220421,1,0.613228926,4,2019-02-25T17:00:00.0,0.613228926,0,0.613228926,1338,1.234220421,1,0,0.496855275
0,-0.142817344,1,0.559791011,4,2019-02-25T18:00:00.0,0.559791011,0,0.559791011,1339,1.142817344,1,0,0.489834193
0,-0.142817344,1,0.559791011,4,2019-02-25T19:00:00.0,0.559791011,0,0.559791011,1340,1.142817344,1,0,0.489834193
0,-0.234220421,1,0.613228926,4,2019-02-25T20:00:00.0,0.613228926,0,0.613228926,1341,1.234220421,1,0,0.496855275
0,-0.234220421,1,0.613228926,4,2019-02-25T21:00:00.0,0.613228926,0,0.613228926,1342,1.234220421,1,0,0.496855275
0,-0.039677957,1,0.354594634,2,2019-02-25T22:00:00.0,0.354594634,0,0.354594634,1343,1.039677957,1,0,0.341061991
0,-0.039677957,1,0.338880129,2,2019-02-25T23:00:00.0,0.338880129,0,0.338880129,1344,1.039677957,1,0,0.325947209
0,-0.234220421,1,0.613228926,4,2019-02-26T00:00:00.0,0.613228926,0,0.613228926,1345,1.234220421,1,0,0.496855275
0,-0.234220421,1,0.613228926,4,2019-02-26T01:00:00.0,0.613228926,0,0.613228926,1346,1.234220421,1,0,0.496855275
0,-0.234220421,1,0.613228926,4,2019-02-26T02:00:00.0,0.613228926,0,0.613228926,1347,1.234220421,1,0,0.496855275
0,-0.234220421,1,0.613228926,4,2019-02-26T03:00:00.0,0.613228926,0,0.613228926,1348,1.234220421,1,0,0.496855275
0,-0.234220421,1,0.613228926,4,2019-02-26T04:00:00.0,0.613228926,0,0.613228926,1349,1.234220421,1,0,0.496855275
0,-0.234220421,1,0.613228926,4,2019-02-26T05:00:00.0,0.613228926,0,0.613228926,1350,1.234220421,1,0,0.496855275
0,-0.234220421,1,0.613228926,5,2019-02-26T06:00:00.0,0.613228926,0,0.613228926,1351,1.234220421,1,0,0.496855275
0,-0.039677957,1,0.393185207,2,2019-02-26T07:00:00.0,0.393185207,0,0.393185207,1352,1.039677995,1.000000038,0,0.378179791
0,-0.039677957,1,0.393185193,2,2019-02-26T08:00:00.0,0.393185193,0,0.393185193,1353,1.039677957,1,0,0.378179791
0,-0.039677957,1,0.393185193,2,2019-02-26T09:00:00.0,0.393185193,0,0.393185193,1354,1.039677957,1,0,0.378179791
0,-0.042278842,1,0.394168795,2,2019-02-26T10:00:00.0,0.394168795,0,0.394168795,1355,1.042278842,1,0,0.378179791
0,-0.039677957,1,0.393185193,2,2019-02-26T11:00:00.0,0.393185193,0,0.393185193,1356,1.039677957,1,0,0.378179791
0,-0.039677957,1,0.393185193,2,2019-02-26T12:00:00.0,0.393185193,0,0.393185193,1357,1.039677957,1,0,0.378179791
0,-0.039677957,1,0.393185193,2,2019-02-26T13:00:00.0,0.393185193,0,0.393185193,1358,1.039677957,1,0,0.378179791
0,-0.039677957,1,0.393185193,2,2019-02-26T14:00:00.0,0.393185193,0,0.393185193,1359,1.039677957,1,0,0.378179791
0,-0.039677958,1,0.393185193,2,2019-02-26T15:00:00.0,0.393185193,0,0.393185193,1360,1.039677957,0.999999999,0,0.378179791
0,-0.234220421,1,0.613228926,4,2019-02-26T16:00:00.0,0.613228926,0,0.613228926,1361,1.234220421,1,0,0.496855275
0,-0.239616846,1,0.616383893,3,2019-02-26T17:00:00.0,0.616383893,0,0.616383893,1362,1.239616846,1,0,0.497237429
0,-0.239616846,1,0.616383893,3,2019-02-26T18:00:00.0,0.616383893,0,0.616383893,1363,1.239616846,1,0,0.497237429
0,-0.239616846,1,0.616383893,3,2019-02-26T19:00:00.0,0.616383893,0,0.616383893,1364,1.239616846,1,0,0.497237429
0,-0.239616846,1,0.616383893,3,2019-02-26T20:00:00.0,0.616383893,0,0.616383893,1365,1.239616846,1,0,0.497237429
0,-0.239616846,1,0.616383893,3,2019-02-26T21:00:00.0,0.616383893,0,0.616383893,1366,1.239616846,1,0,0.497237429
0,-0.239616846,1,0.616383893,3,2019-02-26T22:00:00.0,0.616383893,0,0.616383893,1367,1.239616846,1,0,0.497237429
0,-0.234220421,1,0.613228926,4,2019-02-26T23:00:00.0,0.613228926,0,0.613228926,1368,1.234220421,1,0,0.496855275
0,-0.121127698,1,0.656222487,4,2019-02-27T00:00:00.0,0.656222487,0,0.656222487,1369,1.121127698,1,0,0.585323588
0,-0.121127698,1,0.656222487,4,2019-02-27T01:00:00.0,0.656222487,0,0.656222487,1370,1.121127699,1,0,0.585323588
0,-0.121127698,1,0.656222487,4,2019-02-27T02:00:00.0,0.656222487,0,0.656222487,1371,1.121127699,1,0,0.585323588
0,-0.121127698,1,0.656222487,4,2019-02-27T03:00:00.0,0.656222487,0,0.656222487,1372,1.121127699,1,0,0.585323588
0,-0.121127698,1,0.656222487,4,2019-02-27T04:00:00.0,0.656222487,0,0.656222487,1373,1.121127699,1,0,0.585323588
0,-0.121127698,1,0.656222487,4,2019-02-27T05:00:00.0,0.656222487,0,0.656222487,1374,1.121127699,1,0,0.585323588
0,-0.140592275,1,0.498032605,3,2019-02-27T06:00:00.0,0.498032605,0,0.498032605,1375,1.140592275,1,0,0.436643852
0,-0.140592275,1,0.501492631,3,2019-02-27T07:00:00.0,0.501492631,0,0.501492631,1376,1.140592275,1,0,0.439677387
0,-0.140592275,1,0.51372226,3,2019-02-27T08:00:00.0,0.51372226,0,0.51372226,1377,1.140592275,1,0,0.450399561
0,-0.034997157,1,0.444718071,3,2019-02-27T09:00:00.0,0.444718071,0,0.444718071,1378,1.034997157,1,0,0.429680476
0,-0.034997157,1,0.444718071,3,2019-02-27T10:00:00.0,0.444718071,0,0.444718071,1379,1.034997157,1,0,0.429680476
0,-0.034997157,1,0.444718071,3,2019-02-27T11:00:00.0,0.444718071,0,0.444718071,1380,1.034997157,1,0,0.429680476
0,-0.034997157,1,0.444718071,3,2019-02-27T12:00:00.0,0.444718071,0,0.444718071,1381,1.034997157,1,0,0.429680476
0,-0.034997157,1,0.444718071,3,2019-02-27T13:00:00.0,0.444718071,0,0.444718071,1382,1.034997157,1,0,0.429680476
0,-0.034997157,1,0.444718071,3,2019-02-27T14:00:00.0,0.444718071,0,0.444718071,1383,1.034997157,1,0,0.429680476
0,-0.034997157,1,0.444718071,3,2019-02-27T15:00:00.0,0.444718071,0,0.444718071,1384,1.034997157,1,0,0.429680476
0,-0.121127698,1,0.656222487,4,2019-02-27T16:00:00.0,0.656222487,0,0.656222487,1385,1.121127699,1,0,0.585323588
0,-0.140592275,1,0.51372226,3,2019-02-27T17:00:00.0,0.51372226,0,0.51372226,1386,1.140592275,1,0,0.450399561
0,-0.042601778,1,0.682676878,2,2019-02-27T18:00:00.0,0.682676878,0,0.682676878,1387,1.042601778,1,0,0.654782
0,-0.121127698,1,0.656222487,4,2019-02-27T19:00:00.0,0.656222487,0,0.656222487,1388,1.121127699,1,0,0.585323588
0,-0.121127698,1,0.656222487,4,2019-02-27T20:00:00.0,0.656222487,0,0.656222487,1389,1.121127699,1,0,0.585323588
0,-0.121127698,1,0.656222487,4,2019-02-27T21:00:00.0,0.656222487,0,0.656222487,1390,1.121127698,1,0,0.585323588
0,-0.140592275,1,0.51372226,3,2019-02-27T22:00:00.0,0.51372226,0,0.51372226,1391,1.140592275,1,0,0.450399561
0,-0.239783832,1,0.615768545,3,2019-02-27T23:00:00.0,0.615768545,0,0.615768545,1392,1.239783832,1.000000001,0,0.496674121
0,-0.121127698,1,0.656222487,4,2019-02-28T00:00:00.0,0.656222487,0,0.656222487,1393,1.121127698,1,0,0.585323588
0,0,1,0.426276334,1,2019-02-28T01:00:00.0,0.426276334,0,0.426276334,1394,1,1,0,0.426276334
0,0,1,0.426276334,1,2019-02-28T02:00:00.0,0.426276334,0,0.426276334,1395,1,1,0,0.426276334
0,0,1,0.426276334,1,2019-02-28T03:00:00.0,0.426276334,0,0.426276334,1396,1,1,0,0.426276334
0,0,1,0.426276334,1,2019-02-28T04:00:00.0,0.426276334,0,0.426276334,1397,1,1,0,0.426276334
0,-0.112538124,1,0.639916227,5,2019-02-28T05:00:00.0,0.639916227,0,0.639916227,1398,1.112538124,1,0,0.575185887
0,-0.140592275,1,0.498032605,3,2019-02-28T06:00:00.0,0.498032605,0,0.498032605,1399,1.140592275,1,0,0.436643852
0,-0.121127698,1,0.656222487,4,2019-02-28T07:00:00.0,0.656222487,0,0.656222487,1400,1.121127698,1,0,0.585323588
0,0,1,0.426276334,1,2019-02-28T08:00:00.0,0.426276334,0,0.426276334,1401,1,1,0,0.426276334
0,0,1,0.426276334,1,2019-02-28T09:00:00.0,0.426276334,0,0.426276334,1402,1,1,0,0.426276334
0,0,1,0.426276334,1,2019-02-28T10:00:00.0,0.426276334,0,0.426276334,1403,1,1,0,0.426276334
0,0,1,0.426276334,1,2019-02-28T11:00:00.0,0.426276334,0,0.426276334,1404,1,1,0,0.426276334
0,0,1,0.426276334,1,2019-02-28T12:00:00.0,0.426276334,0,0.426276334,1405,1,1,0,0.426276334
0,0,1,0.426276334,1,2019-02-28T13:00:00.0,0.426276334,0,0.426276334,1406,1,1,0,0.426276334
0,0,1,0.426276334,1,2019-02-28T14:00:00.0,0.426276334,0,0.426276334,1407,1,1,0,0.426276334
0,0,1,0.426276334,1,2019-02-28T15:00:00.0,0.426276334,0,0.426276334,1408,1,1,0,0.426276334
0,-0.140592275,1,0.501492631,3,2019-02-28T16:00:00.0,0.501492631,0,0.501492631,1409,1.140592275,1,0,0.439677387
0,-0.140592275,1,0.501492631,3,2019-02-28T17:00:00.0,0.501492631,0,0.501492631,1410,1.140592275,1,0,0.439677387
0,-0.140592275,1,0.501492631,3,2019-02-28T18:00:00.0,0.501492631,0,0.501492631,1411,1.140592275,1,0,0.439677387
0,-0.140592275,1,0.501492631,3,2019-02-28T19:00:00.0,0.501492631,0,0.501492631,1412,1.140592275,1,0,0.439677387
0,-0.140592275,1,0.501492631,3,2019-02-28T20:00:00.0,0.501492631,0,0.501492631,1413,1.140592275,1,0,0.439677387
0,-0.140592275,1,0.501492631,3,2019-02-28T21:00:00.0,0.501492631,0,0.501492631,1414,1.140592275,1,0,0.439677387
0,-0.140592275,1,0.498032605,3,2019-02-28T22:00:00.0,0.498032605,0,0.498032605,1415,1.140592275,1,0,0.436643852
0,-0.140592275,1,0.498032605,3,2019-02-28T23:00:00.0,0.498032605,0,0.498032605,1416,1.140592275,1,0,0.436643852
0,-0.140592275,1,0.498032605,3,2019-03-01T00:00:00.0,0.498032605,0,0.498032605,1417,1.140592275,1,0,0.436643852
0,-0.140592275,1,0.498032605,3,2019-03-01T01:00:00.0,0.498032605,0,0.498032605,1418,1.140592275,1,0,0.436643852
0,-0.140592275,1,0.498032605,3,2019-03-01T02:00:00.0,0.498032605,0,0.498032605,1419,1.140592275,1,0,0.436643852
0,-0.140592275,1,0.498032605,3,2019-03-01T03:00:00.0,0.498032605,0,0.498032605,1420,1.140592275,1,0,0.436643852
0,-0.140592275,1,0.498032605,3,2019-03-01T04:00:00.0,0.498032605,0,0.498032605,1421,1.140592275,1,0,0.436643852
0,-0.140592275,1,0.498032605,3,2019-03-01T05:00:00.0,0.498032605,0,0.498032605,1422,1.140592275,1,0,0.436643852
0,-0.121127698,1,0.656222487,4,2019-03-01T06:00:00.0,0.656222487,0,0.656222487,1423,1.121127699,1,0,0.585323588
0,-0.121127698,1,0.656222487,4,2019-03-01T07:00:00.0,0.656222487,0,0.656222487,1424,1.121127699,1,0,0.585323588
0,-0.140592275,1,0.501492631,3,2019-03-01T08:00:00.0,0.501492631,0,0.501492631,1425,1.140592275,1,0,0.439677387
0,-0.128815272,1,0.495266769,3,2019-03-01T09:00:00.0,0.495266769,0,0.495266769,1426,1.128815272,1,0,0.438749175
0,-0.140592275,1,0.544071579,3,2019-03-01T10:00:00.0,0.544071579,0,0.544071579,1427,1.140592275,1,0,0.477007947
0,-0.140592275,1,0.498032605,3,2019-03-01T11:00:00.0,0.498032605,0,0.498032605,1428,1.140592275,1,0,0.436643852
0,-0.140592275,1,0.501492631,3,2019-03-01T12:00:00.0,0.501492631,0,0.501492631,1429,1.140592275,1,0,0.439677387
0,-0.140592275,1,0.501492631,3,2019-03-01T13:00:00.0,0.501492631,0,0.501492631,1430,1.140592275,1,0,0.439677387
0,-0.140592275,1,0.501492631,3,2019-03-01T14:00:00.0,0.501492631,0,0.501492631,1431,1.140592275,1,0,0.439677387
0,-0.042430781,1,0.682564912,2,2019-03-01T15:00:00.0,0.682564912,0,0.682564912,1432,1.042430781,1,0,0.654782
0,-0.140592275,1,0.501492631,3,2019-03-01T16:00:00.0,0.501492631,0,0.501492631,1433,1.140592275,1,0,0.439677387
0,-0.140592275,1,0.51372226,3,2019-03-01T17:00:00.0,0.51372226,0,0.51372226,1434,1.140592275,1,0,0.450399561
0,-0.042601778,1,0.682676877,2,2019-03-01T18:00:00.0,0.682676877,0,0.682676877,1435,1.042601778,1,0,0.654782
0,-0.140592275,1,0.501492631,3,2019-03-01T19:00:00.0,0.501492631,0,0.501492631,1436,1.140592275,1,0,0.439677387
0,-0.140592275,1,0.501492631,3,2019-03-01T20:00:00.0,0.501492631,0,0.501492631,1437,1.140592275,1,0,0.439677387
0,-0.140592275,1,0.498032605,3,2019-03-01T21:00:00.0,0.498032605,0,0.498032605,1438,1.140592275,1,0,0.436643852
0,-0.121127698,1,0.656222487,4,2019-03-01T22:00:00.0,0.656222487,0,0.656222487,1439,1.121127699,1,0,0.585323588
0,-0.142817344,1,0.559791011,4,2019-03-01T23:00:00.0,0.559791011,0,0.559791011,1440,1.142817344,1,0,0.489834193
0,-0.121127698,1,0.656222487,4,2019-03-02T00:00:00.0,0.656222487,0,0.656222487,1441,1.121127698,1,0,0.585323588
0,-0.121127698,1,0.656222487,4,2019-03-02T01:00:00.0,0.656222487,0,0.656222487,1442,1.121127699,1,0,0.585323588
0,-0.121127698,1,0.656222487,4,2019-03-02T02:00:00.0,0.656222487,0,0.656222487,1443,1.121127699,1,0,0.585323588
0,-0.121127698,1,0.656222487,4,2019-03-02T03:00:00.0,0.656222487,0,0.656222487,1444,1.121127699,1,0,0.585323588
0,-0.121127698,1,0.656222487,4,2019-03-02T04:00:00.0,0.656222487,0,0.656222487,1445,1.121127699,1,0,0.585323588
0,-0.121127698,1,0.656222487,4,2019-03-02T05:00:00.0,0.656222487,0,0.656222487,1446,1.121127699,1,0,0.585323588
0,-0.121127698,1,0.656222487,4,2019-03-02T06:00:00.0,0.656222487,0,0.656222487,1447,1.121127699,1,0,0.585323588
0,-0.121127698,1,0.656222487,4,2019-03-02T07:00:00.0,0.656222487,0,0.656222487,1448,1.121127699,1,0,0.585323588
0,-0.042430781,1,0.394226255,2,2019-03-02T08:00:00.0,0.394226255,0,0.394226255,1449,1.042430781,1,0,0.378179791
0,-0.039677957,1,0.393185193,2,2019-03-02T09:00:00.0,0.393185193,0,0.393185193,1450,1.039677957,1,0,0.378179791
0,-0.142817344,1,0.559791011,4,2019-03-02T10:00:00.0,0.559791011,0,0.559791011,1451,1.142817344,1,0,0.489834193
0,-0.142817344,1,0.559791011,4,2019-03-02T11:00:00.0,0.559791011,0,0.559791011,1452,1.142817344,1,0,0.489834193
0,-0.042430781,1,0.394226255,2,2019-03-02T12:00:00.0,0.394226255,0,0.394226255,1453,1.042430781,1,0,0.378179791
0,-0.142817344,1,0.559791011,4,2019-03-02T13:00:00.0,0.559791011,0,0.559791011,1454,1.142817344,1,0,0.489834193
0,-0.121127698,1,0.656222487,4,2019-03-02T14:00:00.0,0.656222487,0,0.656222487,1455,1.121127699,1,0,0.585323588
0,-0.121127698,1,0.656222487,4,2019-03-02T15:00:00.0,0.656222487,0,0.656222487,1456,1.121127699,1,0,0.585323588
0,-0.121127698,1,0.656222487,4,2019-03-02T16:00:00.0,0.656222487,0,0.656222487,1457,1.121127699,1,0,0.585323588
0,-0.121127698,1,0.656222487,4,2019-03-02T17:00:00.0,0.656222487,0,0.656222487,1458,1.121127698,1,0,0.585323588
0,-0.042430781,1,0.398544357,2,2019-03-02T18:00:00.0,0.398544357,0,0.398544357,1459,1.042430781,1,0,0.382322131
0,-0.042430781,1,0.398544357,2,2019-03-02T19:00:00.0,0.398544357,0,0.398544357,1460,1.042430781,1,0,0.382322131
0,-0.042430781,1,0.398544357,2,2019-03-02T20:00:00.0,0.398544357,0,0.398544357,1461,1.042430781,1,0,0.382322131
0,-0.121127698,1,0.656222487,4,2019-03-02T21:00:00.0,0.656222487,0,0.656222487,1462,1.121127699,1,0,0.585323588
0,-0.042430781,1,0.682564912,2,2019-03-02T22:00:00.0,0.682564912,0,0.682564912,1463,1.042430781,1,0,0.654782
0,-0.042430781,1,0.394226255,2,2019-03-02T23:00:00.0,0.394226255,0,0.394226255,1464,1.042430781,1,0,0.378179791
0,0,1,0.426276334,1,2019-03-03T00:00:00.0,0.426276334,0,0.426276334,1465,1,1,0,0.426276334
0,0,1,0.426276334,1,2019-03-03T01:00:00.0,0.426276334,0,0.426276334,1466,1,1,0,0.426276334
0,0,1,0.426276334,1,2019-03-03T02:00:00.0,0.426276334,0,0.426276334,1467,1,1,0,0.426276334
0,0,1,0.426276334,1,2019-03-03T03:00:00.0,0.426276334,0,0.426276334,1468,1,1,0,0.426276334
0,0,1,0.426276334,1,2019-03-03T04:00:00.0,0.426276334,0,0.426276334,1469,1,1,0,0.426276334
0,0,1,0.426276334,1,2019-03-03T05:00:00.0,0.426276334,0,0.426276334,1470,1,1,0,0.426276334
0,-0.042430781,1,0.394226255,2,2019-03-03T06:00:00.0,0.394226255,0,0.394226255,1471,1.042430781,1,0,0.378179791
0,0,1,0.426276334,1,2019-03-03T07:00:00.0,0.426276334,0,0.426276334,1472,1,1,0,0.426276334
0,0,1,0.426276334,1,2019-03-03T08:00:00.0,0.426276334,0,0.426276334,1473,1,1,0,0.426276334
0,0,1,0.426276334,1,2019-03-03T09:00:00.0,0.426276334,0,0.426276334,1474,1,1,0,0.426276334
0,0,1,0.426276334,1,2019-03-03T10:00:00.0,0.426276334,0,0.426276334,1475,1,1,0,0.426276334
0,0,1,0.426276334,1,2019-03-03T11:00:00.0,0.426276334,0,0.426276334,1476,1,1,0,0.426276334
0,0,1,0.426276334,1,2019-03-03T12:00:00.0,0.426276334,0,0.426276334,1477,1,1,0,0.426276334
0,0,1,0.426276334,1,2019-03-03T13:00:00.0,0.426276334,0,0.426276334,1478,1,1,0,0.426276334
0,-0.042430781,1,0.394226255,2,2019-03-03T14:00:00.0,0.394226255,0,0.394226255,1479,1.042430781,1,0,0.378179791
0,-0.042430781,1,0.394226255,2,2019-03-03T15:00:00.0,0.394226255,0,0.394226255,1480,1.042430781,1,0,0.378179791
0,-0.042430781,1,0.394226255,2,2019-03-03T16:00:00.0,0.394226255,0,0.394226255,1481,1.042430781,1,0,0.378179791
0,-0.042430781,1,0.394226255,2,2019-03-03T17:00:00.0,0.394226255,0,0.394226255,1482,1.042430781,1,0,0.378179791
0,-0.042430781,1,0.394226255,2,2019-03-03T18:00:00.0,0.394226255,0,0.394226255,1483,1.042430781,1,0,0.378179791
0,-0.121127698,1,0.656222487,4,2019-03-03T19:00:00.0,0.656222487,0,0.656222487,1484,1.121127698,1,0,0.585323588
0,-0.121127698,1,0.656222487,4,2019-03-03T20:00:00.0,0.656222487,0,0.656222487,1485,1.121127698,1,0,0.585323588
0,-0.121127698,1,0.656222487,4,2019-03-03T21:00:00.0,0.656222487,0,0.656222487,1486,1.121127698,1,0,0.585323588
0,-0.042430781,1,0.394226255,2,2019-03-03T22:00:00.0,0.394226255,0,0.394226255,1487,1.042430781,1,0,0.378179791
0,-0.042430781,1,0.339777404,2,2019-03-03T23:00:00.0,0.339777404,0,0.339777404,1488,1.042430781,1,0,0.325947209
0,-0.142817344,1,0.559791011,4,2019-03-04T00:00:00.0,0.559791011,0,0.559791011,1489,1.142817344,1,0,0.489834193
0,-0.039677957,1,0.680762412,2,2019-03-04T01:00:00.0,0.680762412,0,0.680762412,1490,1.039677957,1,0,0.654782
0,-0.234220421,1,0.613228926,4,2019-03-04T02:00:00.0,0.613228926,0,0.613228926,1491,1.234220421,1,0,0.496855275
0,-0.234220421,1,0.613228926,4,2019-03-04T03:00:00.0,0.613228926,0,0.613228926,1492,1.234220421,1,0,0.496855275
0,-0.234220421,1,0.613228926,4,2019-03-04T04:00:00.0,0.613228926,0,0.613228926,1493,1.234220421,1,0,0.496855275
0,-0.234220421,1,0.613228926,4,2019-03-04T05:00:00.0,0.613228926,0,0.613228926,1494,1.234220421,1,0,0.496855275
0,-0.239616846,1,0.616383893,3,2019-03-04T06:00:00.0,0.616383893,0,0.616383893,1495,1.239616846,1,0,0.497237429
0,-0.239616846,1,0.616383893,3,2019-03-04T07:00:00.0,0.616383893,0,0.616383893,1496,1.239616846,1,0,0.497237429
0,-0.239616846,1,0.616383893,3,2019-03-04T08:00:00.0,0.616383893,0,0.616383893,1497,1.239616846,1,0,0.497237429
0,-0.239616846,1,0.616383893,3,2019-03-04T09:00:00.0,0.616383893,0,0.616383893,1498,1.239616846,1,0,0.497237429
0,-0.042278842,1,0.394168795,2,2019-03-04T10:00:00.0,0.394168795,0,0.394168795,1499,1.042278842,1,0,0.378179791
0,-0.042278842,1,0.394168795,2,2019-03-04T11:00:00.0,0.394168795,0,0.394168795,1500,1.042278842,1,0,0.378179791
0,-0.039717805,1,0.393200262,2,2019-03-04T12:00:00.0,0.393200262,0,0.393200262,1501,1.039717805,1,0,0.378179791
0,-0.039677957,1,0.393185193,2,2019-03-04T13:00:00.0,0.393185193,0,0.393185193,1502,1.039677957,1,0,0.378179791
0,-0.039677957,1,0.393185193,2,2019-03-04T14:00:00.0,0.393185193,0,0.393185193,1503,1.039677957,1,0,0.378179791
0,-0.239616846,1,0.616383893,3,2019-03-04T15:00:00.0,0.616383893,0,0.616383893,1504,1.239616846,1,0,0.497237429
0,-0.239616846,1,0.616383893,3,2019-03-04T16:00:00.0,0.616383893,0,0.616383893,1505,1.239616846,1,0,0.497237429
0,-0.239616846,1,0.616383893,3,2019-03-04T17:00:00.0,0.616383893,0,0.616383893,1506,1.239616846,1,0,0.497237429
0,-0.239616846,1,0.616383893,3,2019-03-04T18:00:00.0,0.616383893,0,0.616383893,1507,1.239616846,1,0,0.497237429
0,-0.239616846,1,0.616383893,3,2019-03-04T19:00:00.0,0.616383893,0,0.616383893,1508,1.239616846,1,0,0.497237429
0,-0.239616846,1,0.616383893,3,2019-03-04T20:00:00.0,0.616383893,0,0.616383893,1509,1.239616846,1,0,0.497237429
0,-0.239616846,1,0.616383893,3,2019-03-04T21:00:00.0,0.616383893,0,0.616383893,1510,1.239616846,1,0,0.497237429
0,-0.239616846,1,0.616383893,3,2019-03-04T22:00:00.0,0.616383893,0,0.616383893,1511,1.239616846,1,0,0.497237429
0,-0.039677957,1,0.393185193,2,2019-03-04T23:00:00.0,0.393185193,0,0.393185193,1512,1.039677957,1,0,0.378179791
0,-0.239616846,1,0.616383893,3,2019-03-05T00:00:00.0,0.616383893,0,0.616383893,1513,1.239616846,1,0,0.497237429
0,-0.042430781,1,0.398544357,2,2019-03-05T01:00:00.0,0.398544357,0,0.398544357,1514,1.042430781,1,0,0.382322131
0,-0.042430781,1,0.398544357,2,2019-03-05T02:00:00.0,0.398544357,0,0.398544357,1515,1.042430781,1,0,0.382322131
0,-0.121127698,1,0.656222487,4,2019-03-05T03:00:00.0,0.656222487,0,0.656222487,1516,1.121127698,1,0,0.585323588
0,-0.239616846,1,0.616383893,3,2019-03-05T04:00:00.0,0.616383893,0,0.616383893,1517,1.239616846,1,0,0.497237429
0,-0.121127698,1,0.656222487,4,2019-03-05T05:00:00.0,0.656222487,0,0.656222487,1518,1.121127698,1,0,0.585323588
0,-0.121127698,1,0.656222487,4,2019-03-05T06:00:00.0,0.656222487,0,0.656222487,1519,1.121127698,1,0,0.585323588
0,-0.121127698,1,0.656222487,4,2019-03-05T07:00:00.0,0.656222487,0,0.656222487,1520,1.121127699,1,0,0.585323588
0,-0.239616846,1,0.616383893,3,2019-03-05T08:00:00.0,0.616383893,0,0.616383893,1521,1.239616846,1,0,0.497237429
0,-0.239616846,1,0.616383893,3,2019-03-05T09:00:00.0,0.616383893,0,0.616383893,1522,1.239616846,1,0,0.497237429
0,-0.239616846,1,0.616383893,3,2019-03-05T10:00:00.0,0.616383893,0,0.616383893,1523,1.239616846,1,0,0.497237429
0,-0.239616846,1,0.616383893,3,2019-03-05T11:00:00.0,0.616383893,0,0.616383893,1524,1.239616846,1,0,0.497237429
0,-0.239616846,1,0.616383893,3,2019-03-05T12:00:00.0,0.616383893,0,0.616383893,1525,1.239616846,1,0,0.497237429
0,-0.239616846,1,0.616383893,3,2019-03-05T13:00:00.0,0.616383893,0,0.616383893,1526,1.239616846,1,0,0.497237429
0,-0.239616846,1,0.616383893,3,2019-03-05T14:00:00.0,0.616383893,0,0.616383893,1527,1.239616846,1,0,0.497237429
0,-0.239616846,1,0.616383893,3,2019-03-05T15:00:00.0,0.616383893,0,0.616383893,1528,1.239616846,1,0,0.497237429
0,-0.239616846,1,0.616383893,3,2019-03-05T16:00:00.0,0.616383893,0,0.616383893,1529,1.239616846,1,0,0.497237429
0,-0.121127698,1,0.656222487,4,2019-03-05T17:00:00.0,0.656222487,0,0.656222487,1530,1.121127698,1,0,0.585323588
0,-0.121127698,1,0.656222487,4,2019-03-05T18:00:00.0,0.656222487,0,0.656222487,1531,1.121127698,1,0,0.585323588
0,-0.121127698,1,0.656222487,4,2019-03-05T19:00:00.0,0.656222487,0,0.656222487,1532,1.121127698,1,0,0.585323588
0,-0.239616846,1,0.616383893,3,2019-03-05T20:00:00.0,0.616383893,0,0.616383893,1533,1.239616846,1,0,0.497237429
0,-0.239616846,1,0.616383893,3,2019-03-05T21:00:00.0,0.616383893,0,0.616383893,1534,1.239616846,1,0,0.497237429
0,-0.039717805,1,0.397507126,2,2019-03-05T22:00:00.0,0.397507126,0,0.397507126,1535,1.039717805,1,0,0.382322131
0,-0.039677957,1,0.353462977,2,2019-03-05T23:00:00.0,0.353462977,0,0.353462977,1536,1.039677957,1,0,0.339973522
0,-0.234220421,1,0.613228926,4,2019-03-06T00:00:00.0,0.613228926,0,0.613228926,1537,1.234220421,1,0,0.496855275
0,-0.234220421,1,0.613228926,4,2019-03-06T01:00:00.0,0.613228926,0,0.613228926,1538,1.234220421,1,0,0.496855275
0,-0.039677957,1,0.680762412,2,2019-03-06T02:00:00.0,0.680762412,0,0.680762412,1539,1.039677957,1,0,0.654782
0,-0.234220421,1,0.613228926,4,2019-03-06T03:00:00.0,0.613228926,0,0.613228926,1540,1.234220421,1,0,0.496855275
0,-0.234220421,1,0.613228926,4,2019-03-06T04:00:00.0,0.613228926,0,0.613228926,1541,1.234220421,1,0,0.496855275
0,-0.234220421,1,0.613228926,4,2019-03-06T05:00:00.0,0.613228926,0,0.613228926,1542,1.234220421,1,0,0.496855275
0,-0.142817344,1,0.559791011,4,2019-03-06T06:00:00.0,0.559791011,0,0.559791011,1543,1.142817344,1,0,0.489834193
0,-0.039677957,1,0.393185193,2,2019-03-06T07:00:00.0,0.393185193,0,0.393185193,1544,1.039677957,1,0,0.378179791
0,-0.039677957,1,0.393185193,2,2019-03-06T08:00:00.0,0.393185193,0,0.393185193,1545,1.039677957,1,0,0.378179791
0,-0.239616846,1,0.616383893,3,2019-03-06T09:00:00.0,0.616383893,0,0.616383893,1546,1.239616846,1,0,0.497237429
0,-0.034659309,1,0.371383975,3,2019-03-06T10:00:00.0,0.371383975,0,0.371383975,1547,1.03465931,1,0,0.35894325
0,-0.034539314,1,0.403766889,3,2019-03-06T11:00:00.0,0.403766889,0,0.403766889,1548,1.034539314,1,0,0.390286656
0,-0.034539314,1,0.403766889,3,2019-03-06T12:00:00.0,0.403766889,0,0.403766889,1549,1.034539314,1,0,0.390286656
0,-0.034659309,1,0.371383975,3,2019-03-06T13:00:00.0,0.371383975,0,0.371383975,1550,1.03465931,1,0,0.35894325
0,-0.034539314,1,0.403766889,3,2019-03-06T14:00:00.0,0.403766889,0,0.403766889,1551,1.034539314,1,0,0.390286656
0,-0.034539314,1,0.403766889,3,2019-03-06T15:00:00.0,0.403766889,0,0.403766889,1552,1.034539314,1,0,0.390286656
0,-0.03455205,1,0.403796997,3,2019-03-06T16:00:00.0,0.403796997,0,0.403796997,1553,1.03455205,1,0,0.390310954
0,-0.239616846,1,0.616383893,3,2019-03-06T17:00:00.0,0.616383893,0,0.616383893,1554,1.239616846,1,0,0.497237429
0,-0.239616846,1,0.616383893,3,2019-03-06T18:00:00.0,0.616383893,0,0.616383893,1555,1.239616846,1,0,0.497237429
0,-0.239616846,1,0.616383893,3,2019-03-06T19:00:00.0,0.616383893,0,0.616383893,1556,1.239616846,1,0,0.497237429
0,-0.239616846,1,0.616383893,3,2019-03-06T20:00:00.0,0.616383893,0,0.616383893,1557,1.239616846,1,0,0.497237429
0,-0.239616846,1,0.616383893,3,2019-03-06T21:00:00.0,0.616383893,0,0.616383893,1558,1.239616846,1,0,0.497237429
0,-0.239616846,1,0.616383893,3,2019-03-06T22:00:00.0,0.616383893,0,0.616383893,1559,1.239616846,1,0,0.497237429
0,-0.239616846,1,0.616383893,3,2019-03-06T23:00:00.0,0.616383893,0,0.616383893,1560,1.239616846,1,0,0.497237429
0,-0.239616846,1,0.616383893,3,2019-03-07T00:00:00.0,0.616383893,0,0.616383893,1561,1.239616846,1,0,0.497237429
0,-0.121127698,1,0.656222487,4,2019-03-07T01:00:00.0,0.656222487,0,0.656222487,1562,1.121127699,1,0,0.585323588
0,-0.121127698,1,0.656222487,4,2019-03-07T02:00:00.0,0.656222487,0,0.656222487,1563,1.121127699,1,0,0.585323588
0,-0.121127698,1,0.656222487,4,2019-03-07T03:00:00.0,0.656222487,0,0.656222487,1564,1.121127699,1,0,0.585323588
0,-0.121127698,1,0.656222487,4,2019-03-07T04:00:00.0,0.656222487,0,0.656222487,1565,1.121127699,1,0,0.585323588
0,-0.121127698,1,0.656222487,4,2019-03-07T05:00:00.0,0.656222487,0,0.656222487,1566,1.121127699,1,0,0.585323588
0,-0.121127698,1,0.656222487,4,2019-03-07T06:00:00.0,0.656222487,0,0.656222487,1567,1.121127699,1,0,0.585323588
0,-0.121127698,1,0.656222487,4,2019-03-07T07:00:00.0,0.656222487,0,0.656222487,1568,1.121127699,1,0,0.585323588
0,-0.042430781,1,0.682564912,2,2019-03-07T08:00:00.0,0.682564912,0,0.682564912,1569,1.042430781,1,0,0.654782
0,-0.239616846,1,0.616383894,3,2019-03-07T09:00:00.0,0.616383894,0,0.616383894,1570,1.239616847,1.000000001,0,0.497237429
0,0,1,0.426276334,1,2019-03-07T10:00:00.0,0.426276334,0,0.426276334,1571,1,1,0,0.426276334
0,0,1,0.426276334,1,2019-03-07T11:00:00.0,0.426276334,0,0.426276334,1572,1,1,0,0.426276334
0,0,1,0.426276334,1,2019-03-07T12:00:00.0,0.426276334,0,0.426276334,1573,1,1,0,0.426276334
0,0,1,0.426276334,1,2019-03-07T13:00:00.0,0.426276334,0,0.426276334,1574,1,1,0,0.426276334
0,0,1,0.426276334,1,2019-03-07T14:00:00.0,0.426276334,0,0.426276334,1575,1,1,0,0.426276334
0,0,1,0.426276334,1,2019-03-07T15:00:00.0,0.426276334,0,0.426276334,1576,1,1,0,0.426276334
0,0,1,0.426276334,1,2019-03-07T16:00:00.0,0.426276334,0,0.426276334,1577,1,1,0,0.426276334
0,-0.239783832,1,0.615768545,3,2019-03-07T17:00:00.0,0.615768545,0,0.615768545,1578,1.239783832,1,0,0.496674121
0,-0.239783832,1,0.615768545,3,2019-03-07T18:00:00.0,0.615768545,0,0.615768545,1579,1.239783832,1,0,0.496674121
0,-0.121127698,1,0.656222487,4,2019-03-07T19:00:00.0,0.656222487,0,0.656222487,1580,1.121127698,1,0,0.585323588
0,-0.239616846,1,0.616383893,3,2019-03-07T20:00:00.0,0.616383893,0,0.616383893,1581,1.239616846,1,0,0.497237429
0,-0.121127698,1,0.656222487,4,2019-03-07T21:00:00.0,0.656222487,0,0.656222487,1582,1.121127699,1,0,0.585323588
0,-0.239783832,1,0.615768545,3,2019-03-07T22:00:00.0,0.615768545,0,0.615768545,1583,1.239783832,1,0,0.496674121
0,-0.239783832,1,0.615768545,3,2019-03-07T23:00:00.0,0.615768545,0,0.615768545,1584,1.239783832,1,0,0.496674121
0,-0.121127698,1,0.656222487,4,2019-03-08T00:00:00.0,0.656222487,0,0.656222487,1585,1.121127698,1,0,0.585323588
0,-0.121127698,1,0.656222487,4,2019-03-08T01:00:00.0,0.656222487,0,0.656222487,1586,1.121127699,1,0,0.585323588
0,-0.121127698,1,0.656222487,4,2019-03-08T02:00:00.0,0.656222487,0,0.656222487,1587,1.121127699,1,0,0.585323588
0,-0.121127698,1,0.656222487,4,2019-03-08T03:00:00.0,0.656222487,0,0.656222487,1588,1.121127699,1,0,0.585323588
0,-0.121127698,1,0.656222487,4,2019-03-08T04:00:00.0,0.656222487,0,0.656222487,1589,1.121127699,1,0,0.585323588
0,-0.121127698,1,0.656222487,4,2019-03-08T05:00:00.0,0.656222487,0,0.656222487,1590,1.121127699,1,0,0.585323588
0,-0.140592275,1,0.498032605,3,2019-03-08T06:00:00.0,0.498032605,0,0.498032605,1591,1.140592275,1,0,0.436643852
0,-0.140592275,1,0.498032605,3,2019-03-08T07:00:00.0,0.498032605,0,0.498032605,1592,1.140592275,1,0,0.436643852
0,0,1,0.426276334,1,2019-03-08T08:00:00.0,0.426276334,0,0.426276334,1593,1,1,0,0.426276334
0,0,1,0.426276334,1,2019-03-08T09:00:00.0,0.426276334,0,0.426276334,1594,1,1,0,0.426276334
0,0,1,0.426276334,1,2019-03-08T10:00:00.0,0.426276334,0,0.426276334,1595,1,1,0,0.426276334
0,0,1,0.426276334,1,2019-03-08T11:00:00.0,0.426276334,0,0.426276334,1596,1,1,0,0.426276334
0,0,1,0.426276334,1,2019-03-08T12:00:00.0,0.426276334,0,0.426276334,1597,1,1,0,0.426276334
0,0,1,0.426276334,1,2019-03-08T13:00:00.0,0.426276334,0,0.426276334,1598,1,1,0,0.426276334
0,0,1,0.426276334,1,2019-03-08T14:00:00.0,0.426276334,0,0.426276334,1599,1,1,0,0.426276334
0,0,1,0.426276334,1,2019-03-08T15:00:00.0,0.426276334,0,0.426276334,1600,1,1,0,0.426276334
0,-0.140592275,1,0.51372226,3,2019-03-08T16:00:00.0,0.51372226,0,0.51372226,1601,1.140592275,1,0,0.450399561
0,-0.140592275,1,0.51372226,3,2019-03-08T17:00:00.0,0.51372226,0,0.51372226,1602,1.140592275,1,0,0.450399561
0,-0.140592275,1,0.51372226,3,2019-03-08T18:00:00.0,0.51372226,0,0.51372226,1603,1.140592275,1,0,0.450399561
0,-0.05538574,1,0.67909461,4,2019-03-08T19:00:00.0,0.67909461,0,0.67909461,1604,1.05538574,1,0,0.643456307
0,-0.140592275,1,0.51372226,3,2019-03-08T20:00:00.0,0.51372226,0,0.51372226,1605,1.140592275,1,0,0.450399561
0,-0.140592275,1,0.51372226,3,2019-03-08T21:00:00.0,0.51372226,0,0.51372226,1606,1.140592275,1,0,0.450399561
0,-0.140592275,1,0.51372226,3,2019-03-08T22:00:00.0,0.51372226,0,0.51372226,1607,1.140592275,1,0,0.450399561
0,-0.042430781,1,0.398544357,2,2019-03-08T23:00:00.0,0.398544357,0,0.398544357,1608,1.042430781,1,0,0.382322131
0,-0.121127698,1,0.622539869,4,2019-03-09T00:00:00.0,0.622539869,0,0.622539869,1609,1.121127698,1,0,0.555280072
0,-0.121127698,1,0.656222487,4,2019-03-09T01:00:00.0,0.656222487,0,0.656222487,1610,1.121127698,1,0,0.585323588
0,-0.121127698,1,0.656222487,4,2019-03-09T02:00:00.0,0.656222487,0,0.656222487,1611,1.121127698,1,0,0.585323588
0,-0.121127698,1,0.656222487,4,2019-03-09T03:00:00.0,0.656222487,0,0.656222487,1612,1.121127698,1,0,0.585323588
0,-0.121137142,1,0.622757028,5,2019-03-09T04:00:00.0,0.622757028,0,0.622757028,1613,1.121137142,1,0,0.55546909
0,-0.121127698,1,0.622539869,4,2019-03-09T05:00:00.0,0.622539869,0,0.622539869,1614,1.121127698,1,0,0.555280072
0,-0.121127698,1,0.622539869,4,2019-03-09T06:00:00.0,0.622539869,0,0.622539869,1615,1.121127699,1,0,0.555280072
0,-0.121127698,1,0.656222487,4,2019-03-09T07:00:00.0,0.656222487,0,0.656222487,1616,1.121127698,1,0,0.585323588
0,-0.239616846,1,0.616383893,3,2019-03-09T08:00:00.0,0.616383893,0,0.616383893,1617,1.239616846,1,0,0.497237429
0,-0.03455205,1,0.403796997,3,2019-03-09T09:00:00.0,0.403796997,0,0.403796997,1618,1.03455205,1,0,0.390310954
0,-0.03455205,1,0.403796997,3,2019-03-09T10:00:00.0,0.403796997,0,0.403796997,1619,1.03455205,1,0,0.390310954
0,-0.03455205,1,0.403796997,3,2019-03-09T11:00:00.0,0.403796997,0,0.403796997,1620,1.03455205,1,0,0.390310954
0,-0.03455205,1,0.403796997,3,2019-03-09T12:00:00.0,0.403796997,0,0.403796997,1621,1.03455205,1,0,0.390310954
0,-0.03455205,1,0.403796997,3,2019-03-09T13:00:00.0,0.403796997,0,0.403796997,1622,1.03455205,1,0,0.390310954
0,-0.03455205,1,0.403796997,3,2019-03-09T14:00:00.0,0.403796997,0,0.403796997,1623,1.03455205,1,0,0.390310954
0,-0.034539314,1,0.403766889,3,2019-03-09T15:00:00.0,0.403766889,0,0.403766889,1624,1.034539314,1,0,0.390286656
0,-0.239616846,1,0.616383893,3,2019-03-09T16:00:00.0,0.616383893,0,0.616383893,1625,1.239616846,1,0,0.497237429
0,-0.03455205,1,0.403796997,3,2019-03-09T17:00:00.0,0.403796997,0,0.403796997,1626,1.03455205,1,0,0.390310954
0,-0.239616846,1,0.616383893,3,2019-03-09T18:00:00.0,0.616383893,0,0.616383893,1627,1.239616846,1,0,0.497237429
0,-0.03455205,1,0.403796997,3,2019-03-09T19:00:00.0,0.403796997,0,0.403796997,1628,1.03455205,1,0,0.390310954
0,-0.239616846,1,0.616383893,3,2019-03-09T20:00:00.0,0.616383893,0,0.616383893,1629,1.239616846,1,0,0.497237429
0,-0.239616846,1,0.616383893,3,2019-03-09T21:00:00.0,0.616383893,0,0.616383893,1630,1.239616846,1,0,0.497237429
0,-0.039677957,1,0.353462977,2,2019-03-09T22:00:00.0,0.353462977,0,0.353462977,1631,1.039677957,1,0,0.339973522
0,-0.234220421,1,0.613228926,4,2019-03-09T23:00:00.0,0.613228926,0,0.613228926,1632,1.234220421,1,0,0.496855275
0,-0.234220421,1,0.613228926,4,2019-03-10T00:00:00.0,0.613228926,0,0.613228926,1633,1.234220421,1,0,0.496855275
0,-0.234220421,1,0.613228926,4,2019-03-10T01:00:00.0,0.613228926,0,0.613228926,1634,1.234220421,1,0,0.496855275
0,-0.039677957,1,0.338880129,2,2019-03-10T02:00:00.0,0.338880129,0,0.338880129,1635,1.039677957,1,0,0.325947209
0,-0.039836203,1,0.338931708,2,2019-03-10T03:00:00.0,0.338931708,0,0.338931708,1636,1.039836203,1,0,0.325947209
0,-0.039836203,1,0.338931708,2,2019-03-10T04:00:00.0,0.338931708,0,0.338931708,1637,1.039836203,1,0,0.325947209
0,-0.039836203,1,0.338931708,2,2019-03-10T05:00:00.0,0.338931708,0,0.338931708,1638,1.039836203,1,0,0.325947209
0,-0.234220421,1,0.613228926,4,2019-03-10T06:00:00.0,0.613228926,0,0.613228926,1639,1.234220421,1,0,0.496855275
0,-0.039836203,1,0.338931708,2,2019-03-10T07:00:00.0,0.338931708,0,0.338931708,1640,1.039836203,1,0,0.325947209
0,-0.039677957,1,0.338880129,2,2019-03-10T08:00:00.0,0.338880129,0,0.338880129,1641,1.039677957,1,0,0.325947209
0,-0.039677957,1,0.338880129,2,2019-03-10T09:00:00.0,0.338880129,0,0.338880129,1642,1.039677957,1,0,0.325947209
0,-0.039677957,1,0.338880129,2,2019-03-10T10:00:00.0,0.338880129,0,0.338880129,1643,1.039677957,1,0,0.325947209
0,-0.234220421,1,0.613228926,4,2019-03-10T11:00:00.0,0.613228926,0,0.613228926,1644,1.234220421,1,0,0.496855275
0,-0.234220421,1,0.613228926,4,2019-03-10T12:00:00.0,0.613228926,0,0.613228926,1645,1.234220421,1,0,0.496855275
0,-0.234220421,1,0.613228926,4,2019-03-10T13:00:00.0,0.613228926,0,0.613228926,1646,1.234220421,1,0,0.496855275
0,-0.234220421,1,0.613228926,4,2019-03-10T14:00:00.0,0.613228926,0,0.613228926,1647,1.234220421,1,0,0.496855275
0,-0.234220421,1,0.613228926,4,2019-03-10T15:00:00.0,0.613228926,0,0.613228926,1648,1.234220421,1,0,0.496855275
0,-0.142817344,1,0.559791011,4,2019-03-10T16:00:00.0,0.559791011,0,0.559791011,1649,1.142817344,1,0,0.489834193
0,-0.142817344,1,0.559791011,4,2019-03-10T17:00:00.0,0.559791011,0,0.559791011,1650,1.142817344,1,0,0.489834193
0,-0.142817344,1,0.559791011,4,2019-03-10T18:00:00.0,0.559791011,0,0.559791011,1651,1.142817344,1,0,0.489834193
0,-0.142817344,1,0.559791011,4,2019-03-10T19:00:00.0,0.559791011,0,0.559791011,1652,1.142817344,1,0,0.489834193
0,-0.142817344,1,0.559791011,4,2019-03-10T20:00:00.0,0.559791011,0,0.559791011,1653,1.142817344,1,0,0.489834193
0,-0.142817344,1,0.559791011,4,2019-03-10T21:00:00.0,0.559791011,0,0.559791011,1654,1.142817344,1,0,0.489834193
0,-0.142817344,1,0.559791011,4,2019-03-10T22:00:00.0,0.559791011,0,0.559791011,1655,1.142817344,1,0,0.489834193
0,-0.039677957,1,0.338880129,2,2019-03-10T23:00:00.0,0.338880129,0,0.338880129,1656,1.039677957,1,0,0.325947209
0,-0.234220421,1,0.613228926,4,2019-03-11T00:00:00.0,0.613228926,0,0.613228926,1657,1.234220421,1,0,0.496855275
0,-0.039677957,1,0.680762412,2,2019-03-11T01:00:00.0,0.680762412,0,0.680762412,1658,1.039677957,1,0,0.654782
0,-0.234220421,1,0.613228926,4,2019-03-11T02:00:00.0,0.613228926,0,0.613228926,1659,1.234220421,1,0,0.496855275
0,-0.039677957,1,0.680762311,2,2019-03-11T03:00:00.0,0.680762311,0,0.680762311,1660,1.039677802,0.999999845,0,0.654782
0,-0.039677957,1,0.354594634,2,2019-03-11T04:00:00.0,0.354594634,0,0.354594634,1661,1.039677957,1,0,0.341061991
0,-0.039677957,1,0.354594634,2,2019-03-11T05:00:00.0,0.354594634,0,0.354594634,1662,1.039677957,1,0,0.341061991
0,-0.234220421,1,0.613228926,4,2019-03-11T06:00:00.0,0.613228926,0,0.613228926,1663,1.234220421,1,0,0.496855275
0,-0.142817344,1,0.559791011,4,2019-03-11T07:00:00.0,0.559791011,0,0.559791011,1664,1.142817344,1,0,0.489834193
0,-0.234220421,1,0.613228926,4,2019-03-11T08:00:00.0,0.613228926,0,0.613228926,1665,1.234220421,1,0,0.496855275
0,-0.234220421,1,0.613228926,4,2019-03-11T09:00:00.0,0.613228926,0,0.613228926,1666,1.234220421,1,0,0.496855275
0,-0.234220421,1,0.613228926,4,2019-03-11T10:00:00.0,0.613228926,0,0.613228926,1667,1.234220421,1,0,0.496855275
0,-0.039677957,1,0.354594634,2,2019-03-11T11:00:00.0,0.354594634,0,0.354594634,1668,1.039677957,1,0,0.341061991
0,-0.039677957,1,0.354594634,2,2019-03-11T12:00:00.0,0.354594634,0,0.354594634,1669,1.039677957,1,0,0.341061991
0,-0.039677957,1,0.354594634,2,2019-03-11T13:00:00.0,0.354594634,0,0.354594634,1670,1.039677957,1,0,0.341061991
0,-0.234220421,1,0.613228926,4,2019-03-11T14:00:00.0,0.613228926,0,0.613228926,1671,1.234220421,1,0,0.496855275
0,-0.039677957,1,0.354594634,2,2019-03-11T15:00:00.0,0.354594634,0,0.354594634,1672,1.039677957,1,0,0.341061991
0,-0.234220421,1,0.613228926,4,2019-03-11T16:00:00.0,0.613228926,0,0.613228926,1673,1.234220421,1,0,0.496855275
0,-0.234220421,1,0.613228926,4,2019-03-11T17:00:00.0,0.613228926,0,0.613228926,1674,1.234220421,1,0,0.496855275
0,-0.142817344,1,0.559791011,4,2019-03-11T18:00:00.0,0.559791011,0,0.559791011,1675,1.142817344,1,0,0.489834193
0,-0.142817344,1,0.559791011,4,2019-03-11T19:00:00.0,0.559791011,0,0.559791011,1676,1.142817344,1,0,0.489834193
0,-0.142817344,1,0.559791011,4,2019-03-11T20:00:00.0,0.559791011,0,0.559791011,1677,1.142817344,1,0,0.489834193
0,-0.142817344,1,0.559791011,4,2019-03-11T21:00:00.0,0.559791011,0,0.559791011,1678,1.142817344,1,0,0.489834193
0,-0.234220421,1,0.613228926,4,2019-03-11T22:00:00.0,0.613228926,0,0.613228926,1679,1.234220421,1,0,0.496855275
0,-0.039677957,1,0.338880129,2,2019-03-11T23:00:00.0,0.338880129,0,0.338880129,1680,1.039677957,1,0,0.325947209
0,-0.039677957,1,0.312598129,2,2019-03-12T00:00:00.0,0.312598129,0,0.312598129,1681,1.039677957,1,0,0.300668228
0,-0.039677957,1,0.312598129,2,2019-03-12T01:00:00.0,0.312598129,0,0.312598129,1682,1.039677957,1,0,0.300668228
0,-0.039677957,1,0.312598129,2,2019-03-12T02:00:00.0,0.312598129,0,0.312598129,1683,1.039677957,1,0,0.300668228
0,-0.039677957,1,0.312598129,2,2019-03-12T03:00:00.0,0.312598129,0,0.312598129,1684,1.039677957,1,0,0.300668228
0,-0.039677957,1,0.312598129,2,2019-03-12T04:00:00.0,0.312598129,0,0.312598129,1685,1.039677957,1,0,0.300668228
0,-0.039677957,1,0.312598129,2,2019-03-12T05:00:00.0,0.312598129,0,0.312598129,1686,1.039677957,1,0,0.300668228
0,-0.039677957,1,0.312598129,2,2019-03-12T06:00:00.0,0.312598129,0,0.312598129,1687,1.039677957,1,0,0.300668228
0,-0.039677957,1,0.338880129,2,2019-03-12T07:00:00.0,0.338880129,0,0.338880129,1688,1.039677957,1,0,0.325947209
0,-0.234220421,1,0.613228926,4,2019-03-12T08:00:00.0,0.613228926,0,0.613228926,1689,1.234220421,1,0,0.496855275
0,-0.039677957,1,0.338880129,2,2019-03-12T09:00:00.0,0.338880129,0,0.338880129,1690,1.039677957,1,0,0.325947209
0,-0.039677957,1,0.313944848,2,2019-03-12T10:00:00.0,0.313944848,0,0.313944848,1691,1.039677957,1,0,0.301963551
0,-0.039677957,1,0.313944848,2,2019-03-12T11:00:00.0,0.313944848,0,0.313944848,1692,1.039677957,1,0,0.301963551
0,-0.039677957,1,0.313944848,2,2019-03-12T12:00:00.0,0.313944848,0,0.313944848,1693,1.039677957,1,0,0.301963551
0,-0.039717805,1,0.313956881,2,2019-03-12T13:00:00.0,0.313956881,0,0.313956881,1694,1.039717805,1,0,0.301963551
0,-0.039717805,1,0.31395688,2,2019-03-12T14:00:00.0,0.31395688,0,0.31395688,1695,1.039717805,1,0,0.301963551
0,-0.039677957,1,0.313944848,2,2019-03-12T15:00:00.0,0.313944848,0,0.313944848,1696,1.039677957,1,0,0.301963551
0,-0.039677957,1,0.313944848,2,2019-03-12T16:00:00.0,0.313944848,0,0.313944848,1697,1.039677957,1,0,0.301963551
0,-0.234220421,1,0.613228926,4,2019-03-12T17:00:00.0,0.613228926,0,0.613228926,1698,1.234220421,1,0,0.496855275
0,-0.234220421,1,0.613228926,4,2019-03-12T18:00:00.0,0.613228926,0,0.613228926,1699,1.234220421,1,0,0.496855275
0,-0.234220421,1,0.613228926,4,2019-03-12T19:00:00.0,0.613228926,0,0.613228926,1700,1.234220421,1,0,0.496855275
0,-0.234220421,1,0.613228926,4,2019-03-12T20:00:00.0,0.613228926,0,0.613228926,1701,1.234220421,1,0,0.496855275
0,-0.234220421,1,0.613228926,4,2019-03-12T21:00:00.0,0.613228926,0,0.613228926,1702,1.234220421,1,0,0.496855275
0,-0.234220421,1,0.613228926,4,2019-03-12T22:00:00.0,0.613228926,0,0.613228926,1703,1.234220421,1,0,0.496855275
0,-0.039677957,1,0.338880129,2,2019-03-12T23:00:00.0,0.338880129,0,0.338880129,1704,1.039677957,1,0,0.325947209
0,-0.121127698,1,0.656222487,4,2019-03-13T00:00:00.0,0.656222487,0,0.656222487,1705,1.121127698,1,0,0.585323588
0,-0.121127698,1,0.622539869,4,2019-03-13T01:00:00.0,0.622539869,0,0.622539869,1706,1.121127698,1,0,0.555280072
0,-0.121127698,1,0.622539869,4,2019-03-13T02:00:00.0,0.622539869,0,0.622539869,1707,1.121127698,1,0,0.555280072
0,-0.121127698,1,0.622539869,4,2019-03-13T03:00:00.0,0.622539869,0,0.622539869,1708,1.121127699,1,0,0.555280072
0,-0.121127698,1,0.622539869,4,2019-03-13T04:00:00.0,0.622539869,0,0.622539869,1709,1.121127698,1,0,0.555280072
0,-0.121127698,1,0.622539869,4,2019-03-13T05:00:00.0,0.622539869,0,0.622539869,1710,1.121127699,1.000000001,0,0.555280072
0,-0.121127698,1,0.622539869,4,2019-03-13T06:00:00.0,0.622539869,0,0.622539869,1711,1.121127698,1,0,0.555280072
0,-0.121127698,1,0.656222487,4,2019-03-13T07:00:00.0,0.656222487,0,0.656222487,1712,1.121127698,1,0,0.585323588
0,-0.121127698,1,0.656222487,4,2019-03-13T08:00:00.0,0.656222487,0,0.656222487,1713,1.121127698,1,0,0.585323588
0,-0.239783832,1,0.615768545,3,2019-03-13T09:00:00.0,0.615768545,0,0.615768545,1714,1.239783832,1,0,0.496674121
0,-0.239616846,1,0.616383893,3,2019-03-13T10:00:00.0,0.616383893,0,0.616383893,1715,1.239616846,1,0,0.497237429
0,-0.239616846,1,0.616383893,3,2019-03-13T11:00:00.0,0.616383893,0,0.616383893,1716,1.239616846,1,0,0.497237429
0,-0.239616846,1,0.616383894,3,2019-03-13T12:00:00.0,0.616383894,0,0.616383894,1717,1.239616846,1,0,0.497237429
0,-0.239616846,1,0.616383893,3,2019-03-13T13:00:00.0,0.616383893,0,0.616383893,1718,1.239616846,1,0,0.497237429
0,-0.239616846,1,0.616383894,3,2019-03-13T14:00:00.0,0.616383894,0,0.616383894,1719,1.239616846,1,0,0.497237429
0,-0.042278844,1,0.682465425,2,2019-03-13T15:00:00.0,0.682465425,0,0.682465425,1720,1.042278843,0.999999999,0,0.654782
0,-0.239616846,1,0.616383893,4,2019-03-13T16:00:00.0,0.616383893,0,0.616383893,1721,1.239616846,1,0,0.497237429
0,-0.121127699,1,0.656222487,4,2019-03-13T17:00:00.0,0.656222487,0,0.656222487,1722,1.1211277,1.000000001,0,0.585323588
0,-0.121127698,1,0.656222487,4,2019-03-13T18:00:00.0,0.656222487,0,0.656222487,1723,1.121127698,1,0,0.585323588
0,-0.042430779,1,0.682564912,2,2019-03-13T19:00:00.0,0.682564912,0,0.682564912,1724,1.042430781,1.000000002,0,0.654782
0,-0.121127698,1,0.656222487,4,2019-03-13T20:00:00.0,0.656222487,0,0.656222487,1725,1.121127698,1,0,0.585323588
0,-0.239616846,1,0.616383893,3,2019-03-13T21:00:00.0,0.616383893,0,0.616383893,1726,1.239616846,1,0,0.497237429
0,-0.039677957,1,0.393185193,2,2019-03-13T22:00:00.0,0.393185193,0,0.393185193,1727,1.039677957,1,0,0.378179791
0,-0.239616846,1,0.616383893,3,2019-03-13T23:00:00.0,0.616383893,0,0.616383893,1728,1.239616846,1,0,0.497237429
0,-0.039677957,1,0.338880129,2,2019-03-14T00:00:00.0,0.338880129,0,0.338880129,1729,1.039677957,1,0,0.325947209
0,-0.039677957,1,0.338880129,2,2019-03-14T01:00:00.0,0.338880129,0,0.338880129,1730,1.039677957,1,0,0.325947209
0,-0.039677957,1,0.338880129,2,2019-03-14T02:00:00.0,0.338880129,0,0.338880129,1731,1.039677957,1,0,0.325947209
0,-0.039677957,1,0.338880129,2,2019-03-14T03:00:00.0,0.338880129,0,0.338880129,1732,1.039677957,1,0,0.325947209
0,-0.039677957,1,0.338880129,2,2019-03-14T04:00:00.0,0.338880129,0,0.338880129,1733,1.039677957,1,0,0.325947209
0,-0.039677957,1,0.338880129,2,2019-03-14T05:00:00.0,0.338880129,0,0.338880129,1734,1.039677957,1,0,0.325947209
0,-0.039677957,1,0.338880129,2,2019-03-14T06:00:00.0,0.338880129,0,0.338880129,1735,1.039677957,1,0,0.325947209
0,-0.039677957,1,0.353462977,2,2019-03-14T07:00:00.0,0.353462977,0,0.353462977,1736,1.039677957,1,0,0.339973522
0,-0.039677957,1,0.354594634,2,2019-03-14T08:00:00.0,0.354594634,0,0.354594634,1737,1.039677957,1,0,0.341061991
0,-0.03465931,1,0.3657494,3,2019-03-14T09:00:00.0,0.3657494,0,0.3657494,1738,1.034659309,1,0,0.353497424
0,-0.034659309,1,0.3657494,3,2019-03-14T10:00:00.0,0.3657494,0,0.3657494,1739,1.03465931,1,0,0.353497424
0,-0.234220421,1,0.613228926,4,2019-03-14T11:00:00.0,0.613228926,0,0.613228926,1740,1.234220421,1,0,0.496855275
0,-0.042278842,1,0.354347209,2,2019-03-14T12:00:00.0,0.354347209,0,0.354347209,1741,1.042278842,1,0,0.339973522
0,-0.039677957,1,0.353462977,2,2019-03-14T13:00:00.0,0.353462977,0,0.353462977,1742,1.039677957,1,0,0.339973522
0,-0.039677957,1,0.353462977,2,2019-03-14T14:00:00.0,0.353462977,0,0.353462977,1743,1.039677957,1,0,0.339973522
0,-0.039677957,1,0.353462977,2,2019-03-14T15:00:00.0,0.353462977,0,0.353462977,1744,1.039677957,1,0,0.339973522
0,-0.234220421,1,0.613228926,4,2019-03-14T16:00:00.0,0.613228926,0,0.613228926,1745,1.234220421,1,0,0.496855275
0,-0.142817344,1,0.559791011,4,2019-03-14T17:00:00.0,0.559791011,0,0.559791011,1746,1.142817344,1,0,0.489834193
0,-0.142817344,1,0.559791011,4,2019-03-14T18:00:00.0,0.559791011,0,0.559791011,1747,1.142817344,1,0,0.489834193
0,-0.142817344,1,0.559791011,4,2019-03-14T19:00:00.0,0.559791011,0,0.559791011,1748,1.142817344,1,0,0.489834193
0,-0.142817344,1,0.559791011,4,2019-03-14T20:00:00.0,0.559791011,0,0.559791011,1749,1.142817344,1,0,0.489834193
0,-0.142817344,1,0.559791011,4,2019-03-14T21:00:00.0,0.559791011,0,0.559791011,1750,1.142817344,1,0,0.489834193
0,-0.039677957,1,0.353462977,2,2019-03-14T22:00:00.0,0.353462977,0,0.353462977,1751,1.039677957,1,0,0.339973522
0,-0.234220421,1,0.613228926,4,2019-03-14T23:00:00.0,0.613228926,0,0.613228926,1752,1.234220421,1,0,0.496855275
0,-0.039677957,1,0.312598129,2,2019-03-15T00:00:00.0,0.312598129,0,0.312598129,1753,1.039677957,1,0,0.300668228
0,-0.039677957,1,0.312598129,2,2019-03-15T01:00:00.0,0.312598129,0,0.312598129,1754,1.039677957,1,0,0.300668228
0,-0.039677957,1,0.312598129,2,2019-03-15T02:00:00.0,0.312598129,0,0.312598129,1755,1.039677957,1,0,0.300668228
0,-0.039717805,1,0.31261011,2,2019-03-15T03:00:00.0,0.31261011,0,0.31261011,1756,1.039717805,1,0,0.300668228
0,-0.039677957,1,0.312598129,2,2019-03-15T04:00:00.0,0.312598129,0,0.312598129,1757,1.039677957,1,0,0.300668228
0,-0.039677957,1,0.312598129,2,2019-03-15T05:00:00.0,0.312598129,0,0.312598129,1758,1.039677957,1,0,0.300668228
0,-0.039677957,1,0.312598129,2,2019-03-15T06:00:00.0,0.312598129,0,0.312598129,1759,1.039677957,1,0,0.300668228
0,-0.039677957,1,0.312598129,2,2019-03-15T07:00:00.0,0.312598129,0,0.312598129,1760,1.039677957,1,0,0.300668228
0,-0.234220421,1,0.613228926,4,2019-03-15T08:00:00.0,0.613228926,0,0.613228926,1761,1.234220421,1,0,0.496855275
0,-0.234220421,1,0.613228926,4,2019-03-15T09:00:00.0,0.613228926,0,0.613228926,1762,1.234220421,1,0,0.496855275
0,-0.039677957,1,0.312598129,2,2019-03-15T10:00:00.0,0.312598129,0,0.312598129,1763,1.039677957,1,0,0.300668228
0,-0.042278842,1,0.313380132,2,2019-03-15T11:00:00.0,0.313380132,0,0.313380132,1764,1.042278842,1,0,0.300668228
0,-0.042278842,1,0.313380132,2,2019-03-15T12:00:00.0,0.313380132,0,0.313380132,1765,1.042278842,1,0,0.300668228
0,-0.042278842,1,0.313380132,2,2019-03-15T13:00:00.0,0.313380132,0,0.313380132,1766,1.042278842,1,0,0.300668228
0,-0.042278842,1,0.313380132,2,2019-03-15T14:00:00.0,0.313380132,0,0.313380132,1767,1.042278842,1,0,0.300668228
0,-0.234220421,1,0.613228926,4,2019-03-15T15:00:00.0,0.613228926,0,0.613228926,1768,1.234220421,1,0,0.496855275
0,-0.234220421,1,0.613228926,4,2019-03-15T16:00:00.0,0.613228926,0,0.613228926,1769,1.234220421,1,0,0.496855275
0,-0.234220421,1,0.613228926,4,2019-03-15T17:00:00.0,0.613228926,0,0.613228926,1770,1.234220421,1,0,0.496855275
0,-0.234220421,1,0.613228926,4,2019-03-15T18:00:00.0,0.613228926,0,0.613228926,1771,1.234220421,1,0,0.496855275
0,-0.234220421,1,0.613228926,4,2019-03-15T19:00:00.0,0.613228926,0,0.613228926,1772,1.234220421,1,0,0.496855275
0,-0.234220421,1,0.613228926,4,2019-03-15T20:00:00.0,0.613228926,0,0.613228926,1773,1.234220421,1,0,0.496855275
0,-0.234220421,1,0.613228926,4,2019-03-15T21:00:00.0,0.613228926,0,0.613228926,1774,1.234220421,1,0,0.496855275
0,-0.039677957,1,0.312598129,2,2019-03-15T22:00:00.0,0.312598129,0,0.312598129,1775,1.039677957,1,0,0.300668228
0,-0.234220421,1,0.613228926,4,2019-03-15T23:00:00.0,0.613228926,0,0.613228926,1776,1.234220421,1,0,0.496855275
0,-0.234220421,1,0.613228926,4,2019-03-16T00:00:00.0,0.613228926,0,0.613228926,1777,1.234220421,1,0,0.496855275
0,-0.234220421,1,0.613228926,4,2019-03-16T01:00:00.0,0.613228926,0,0.613228926,1778,1.234220421,1,0,0.496855275
0,-0.234220421,1,0.613228926,4,2019-03-16T02:00:00.0,0.613228926,0,0.613228926,1779,1.234220421,1,0,0.496855275
0,-0.234220421,1,0.613228926,4,2019-03-16T03:00:00.0,0.613228926,0,0.613228926,1780,1.234220421,1,0,0.496855275
0,-0.234220421,1,0.613228926,4,2019-03-16T04:00:00.0,0.613228926,0,0.613228926,1781,1.234220421,1,0,0.496855275
0,-0.234220421,1,0.613228926,4,2019-03-16T05:00:00.0,0.613228926,0,0.613228926,1782,1.234220421,1,0,0.496855275
0,-0.234220421,1,0.613228926,4,2019-03-16T06:00:00.0,0.613228926,0,0.613228926,1783,1.234220421,1,0,0.496855275
0,-0.234220421,1,0.613228926,4,2019-03-16T07:00:00.0,0.613228926,0,0.613228926,1784,1.234220421,1,0,0.496855275
0,-0.234220421,1,0.613228926,4,2019-03-16T08:00:00.0,0.613228926,0,0.613228926,1785,1.234220421,1,0,0.496855275
0,-0.234220421,1,0.613228926,4,2019-03-16T09:00:00.0,0.613228926,0,0.613228926,1786,1.234220421,1,0,0.496855275
0,-0.234220421,1,0.613228926,4,2019-03-16T10:00:00.0,0.613228926,0,0.613228926,1787,1.234220421,1,0,0.496855275
0,-0.234220421,1,0.613228926,4,2019-03-16T11:00:00.0,0.613228926,0,0.613228926,1788,1.234220421,1,0,0.496855275
0,-0.274590144,1,0.594282429,4,2019-03-16T12:00:00.0,0.594282429,0,0.594282429,1789,1.274590144,1,0,0.466253746
0,-0.274590144,1,0.594282429,4,2019-03-16T13:00:00.0,0.594282429,0,0.594282429,1790,1.274590144,1,0,0.466253746
0,-0.274590144,1,0.594282429,4,2019-03-16T14:00:00.0,0.594282429,0,0.594282429,1791,1.274590144,1,0,0.466253746
0,-0.257465266,1,0.56629571,3,2019-03-16T15:00:00.0,0.56629571,0,0.56629571,1792,1.257465266,1,0,0.450347
0,-0.234220421,1,0.613228926,4,2019-03-16T16:00:00.0,0.613228926,0,0.613228926,1793,1.234220421,1,0,0.496855275
0,-0.234220421,1,0.613228926,4,2019-03-16T17:00:00.0,0.613228926,0,0.613228926,1794,1.234220421,1,0,0.496855275
0,-0.234220421,1,0.613228926,4,2019-03-16T18:00:00.0,0.613228926,0,0.613228926,1795,1.234220421,1,0,0.496855275
0,-0.142817344,1,0.559791011,4,2019-03-16T19:00:00.0,0.559791011,0,0.559791011,1796,1.142817344,1,0,0.489834193
0,-0.234220421,1,0.613228926,4,2019-03-16T20:00:00.0,0.613228926,0,0.613228926,1797,1.234220421,1,0,0.496855275
0,-0.234220421,1,0.613228926,4,2019-03-16T21:00:00.0,0.613228926,0,0.613228926,1798,1.234220421,1,0,0.496855275
0,-0.234220421,1,0.613228926,4,2019-03-16T22:00:00.0,0.613228926,0,0.613228926,1799,1.234220421,1,0,0.496855275
0,-0.234220421,1,0.613228926,4,2019-03-16T23:00:00.0,0.613228926,0,0.613228926,1800,1.234220421,1,0,0.496855275
0,-0.039677957,1,0.313944848,2,2019-03-17T00:00:00.0,0.313944848,0,0.313944848,1801,1.039677957,1,0,0.301963551
0,-0.039677957,1,0.313944848,2,2019-03-17T01:00:00.0,0.313944848,0,0.313944848,1802,1.039677957,1,0,0.301963551
0,-0.234220421,1,0.613228926,4,2019-03-17T02:00:00.0,0.613228926,0,0.613228926,1803,1.234220421,1,0,0.496855275
0,-0.234220421,1,0.613228926,4,2019-03-17T03:00:00.0,0.613228926,0,0.613228926,1804,1.234220421,1,0,0.496855275
0,-0.234220421,1,0.613228926,4,2019-03-17T04:00:00.0,0.613228926,0,0.613228926,1805,1.234220421,1,0,0.496855275
0,-0.234220421,1,0.613228926,4,2019-03-17T05:00:00.0,0.613228926,0,0.613228926,1806,1.234220421,1,0,0.496855275
0,-0.234220421,1,0.613228926,4,2019-03-17T06:00:00.0,0.613228926,0,0.613228926,1807,1.234220421,1,0,0.496855275
0,-0.039677957,1,0.338880129,2,2019-03-17T07:00:00.0,0.338880129,0,0.338880129,1808,1.039677957,1,0,0.325947209
0,-0.039677957,1,0.338880129,2,2019-03-17T08:00:00.0,0.338880129,0,0.338880129,1809,1.039677957,1,0,0.325947209
0,-0.039677957,1,0.313944848,2,2019-03-17T09:00:00.0,0.313944848,0,0.313944848,1810,1.039677957,1,0,0.301963551
0,-0.039677957,1,0.313944848,2,2019-03-17T10:00:00.0,0.313944848,0,0.313944848,1811,1.039677957,1,0,0.301963551
0,-0.039677957,1,0.313944848,2,2019-03-17T11:00:00.0,0.313944848,0,0.313944848,1812,1.039677957,1,0,0.301963551
0,-0.039677957,1,0.313944848,2,2019-03-17T12:00:00.0,0.313944848,0,0.313944848,1813,1.039677957,1,0,0.301963551
0,-0.039677957,1,0.313944848,2,2019-03-17T13:00:00.0,0.313944848,0,0.313944848,1814,1.039677957,1,0,0.301963551
0,-0.039677957,1,0.338880129,2,2019-03-17T14:00:00.0,0.338880129,0,0.338880129,1815,1.039677957,1,0,0.325947209
0.054901496,-0.235437638,1,0.53165091,4,2019-03-17T15:00:00.0,0.53165091,0,0.53165091,1816,1.180536142,1,0,0.450347
0,-0.234220421,1,0.613228926,4,2019-03-17T16:00:00.0,0.613228926,0,0.613228926,1817,1.234220421,1,0,0.496855275
0,-0.142817344,1,0.559791011,4,2019-03-17T17:00:00.0,0.559791011,0,0.559791011,1818,1.142817344,1,0,0.489834193
0,-0.142817344,1,0.559791011,4,2019-03-17T18:00:00.0,0.559791011,0,0.559791011,1819,1.142817344,1,0,0.489834193
0,-0.142817344,1,0.559791011,4,2019-03-17T19:00:00.0,0.559791011,0,0.559791011,1820,1.142817344,1,0,0.489834193
0,-0.142817344,1,0.559791011,4,2019-03-17T20:00:00.0,0.559791011,0,0.559791011,1821,1.142817344,1,0,0.489834193
0,-0.234220421,1,0.613228926,4,2019-03-17T21:00:00.0,0.613228926,0,0.613228926,1822,1.234220421,1,0,0.496855275
0,-0.234220421,1,0.613228926,4,2019-03-17T22:00:00.0,0.613228926,0,0.613228926,1823,1.234220421,1,0,0.496855275
0,-0.039677957,1,0.338880129,2,2019-03-17T23:00:00.0,0.338880129,0,0.338880129,1824,1.039677957,1,0,0.325947209
0,-0.121127698,1,0.656222487,4,2019-03-18T00:00:00.0,0.656222487,0,0.656222487,1825,1.121127698,1,0,0.585323588
0,-0.121127698,1,0.656222487,4,2019-03-18T01:00:00.0,0.656222487,0,0.656222487,1826,1.121127699,1,0,0.585323588
0,-0.121127698,1,0.656222487,4,2019-03-18T02:00:00.0,0.656222487,0,0.656222487,1827,1.121127699,1,0,0.585323588
0,-0.121127698,1,0.656222487,4,2019-03-18T03:00:00.0,0.656222487,0,0.656222487,1828,1.121127699,1,0,0.585323588
0,-0.121127698,1,0.656222487,4,2019-03-18T04:00:00.0,0.656222487,0,0.656222487,1829,1.121127699,1,0,0.585323588
0,-0.121127698,1,0.656222487,4,2019-03-18T05:00:00.0,0.656222487,0,0.656222487,1830,1.121127699,1,0,0.585323588
0,-0.121127698,1,0.656222487,4,2019-03-18T06:00:00.0,0.656222487,0,0.656222487,1831,1.121127699,1.000000001,0,0.585323588
0,-0.121127698,1,0.656222487,4,2019-03-18T07:00:00.0,0.656222487,0,0.656222487,1832,1.121127699,1,0,0.585323588
0,-0.121127698,1,0.656222487,4,2019-03-18T08:00:00.0,0.656222487,0,0.656222487,1833,1.121127699,1,0,0.585323588
0,-0.239616846,1,0.616383893,3,2019-03-18T09:00:00.0,0.616383893,0,0.616383893,1834,1.239616846,1,0,0.497237429
0,-0.039677957,1,0.393185193,2,2019-03-18T10:00:00.0,0.393185193,0,0.393185193,1835,1.039677957,1,0,0.378179791
0,-0.042278842,1,0.394168795,2,2019-03-18T11:00:00.0,0.394168795,0,0.394168795,1836,1.042278842,1,0,0.378179791
0,-0.039677957,1,0.393185193,2,2019-03-18T12:00:00.0,0.393185193,0,0.393185193,1837,1.039677957,1,0,0.378179791
0,-0.039677957,1,0.393185193,2,2019-03-18T13:00:00.0,0.393185193,0,0.393185193,1838,1.039677957,1,0,0.378179791
0,-0.039677957,1,0.393185193,2,2019-03-18T14:00:00.0,0.393185193,0,0.393185193,1839,1.039677957,1,0,0.378179791
0,-0.234220421,1,0.613228926,4,2019-03-18T15:00:00.0,0.613228926,0,0.613228926,1840,1.234220421,1,0,0.496855275
0,-0.239616846,1,0.616383893,3,2019-03-18T16:00:00.0,0.616383893,0,0.616383893,1841,1.239616846,1,0,0.497237429
0,-0.121127698,1,0.656222487,4,2019-03-18T17:00:00.0,0.656222487,0,0.656222487,1842,1.121127699,1,0,0.585323588
0,-0.121127698,1,0.656222487,4,2019-03-18T18:00:00.0,0.656222487,0,0.656222487,1843,1.121127699,1,0,0.585323588
0,-0.121127698,1,0.656222487,4,2019-03-18T19:00:00.0,0.656222487,0,0.656222487,1844,1.121127699,1,0,0.585323588
0,-0.121127698,1,0.622539869,4,2019-03-18T20:00:00.0,0.622539869,0,0.622539869,1845,1.121127698,1,0,0.555280072
0,-0.121127698,1,0.656222487,4,2019-03-18T21:00:00.0,0.656222487,0,0.656222487,1846,1.121127699,1,0,0.585323588
0,-0.121127698,1,0.656222487,4,2019-03-18T22:00:00.0,0.656222487,0,0.656222487,1847,1.121127699,1,0,0.585323588
0,-0.042430781,1,0.394226255,2,2019-03-18T23:00:00.0,0.394226255,0,0.394226255,1848,1.042430781,1,0,0.378179791
0,-0.042430781,1,0.394226255,2,2019-03-19T00:00:00.0,0.394226255,0,0.394226255,1849,1.042430781,1,0,0.378179791
0,-0.042430781,1,0.394226255,2,2019-03-19T01:00:00.0,0.394226255,0,0.394226255,1850,1.042430781,1,0,0.378179791
0,-0.042430781,1,0.394226255,2,2019-03-19T02:00:00.0,0.394226255,0,0.394226255,1851,1.042430781,1,0,0.378179791
0,-0.042430781,1,0.394226255,2,2019-03-19T03:00:00.0,0.394226255,0,0.394226255,1852,1.042430781,1,0,0.378179791
0,-0.042430781,1,0.394226255,2,2019-03-19T04:00:00.0,0.394226255,0,0.394226255,1853,1.042430781,1,0,0.378179791
0,-0.042430781,1,0.394226255,2,2019-03-19T05:00:00.0,0.394226255,0,0.394226255,1854,1.042430781,1,0,0.378179791
0,-0.042430781,1,0.394226255,2,2019-03-19T06:00:00.0,0.394226255,0,0.394226255,1855,1.042430781,1,0,0.378179791
0,-0.121127698,1,0.656222487,4,2019-03-19T07:00:00.0,0.656222487,0,0.656222487,1856,1.121127699,1,0,0.585323588
0,-0.121127698,1,0.656222487,4,2019-03-19T08:00:00.0,0.656222487,0,0.656222487,1857,1.121127699,1,0,0.585323588
0,-0.239616846,1,0.616383894,3,2019-03-19T09:00:00.0,0.616383894,0,0.616383894,1858,1.239616847,1,0,0.497237429
0,-0.042278842,1,0.394168795,2,2019-03-19T10:00:00.0,0.394168795,0,0.394168795,1859,1.042278842,1,0,0.378179791
0,-0.042278842,1,0.394168795,2,2019-03-19T11:00:00.0,0.394168795,0,0.394168795,1860,1.042278842,1,0,0.378179791
0,-0.042278842,1,0.394168795,2,2019-03-19T12:00:00.0,0.394168795,0,0.394168795,1861,1.042278842,1,0,0.378179791
0,-0.042278842,1,0.394168795,2,2019-03-19T13:00:00.0,0.394168795,0,0.394168795,1862,1.042278842,1,0,0.378179791
0,-0.042278842,1,0.394168795,2,2019-03-19T14:00:00.0,0.394168795,0,0.394168795,1863,1.042278842,1,0,0.378179791
0,-0.039677957,1,0.680762413,2,2019-03-19T15:00:00.0,0.680762413,0,0.680762413,1864,1.039677958,1.000000001,0,0.654782
0,-0.121127698,1,0.656222487,4,2019-03-19T16:00:00.0,0.656222487,0,0.656222487,1865,1.121127699,1,0,0.585323588
0,-0.121127698,1,0.656222487,4,2019-03-19T17:00:00.0,0.656222487,0,0.656222487,1866,1.121127699,1,0,0.585323588
0,-0.121127698,1,0.656222487,4,2019-03-19T18:00:00.0,0.656222487,0,0.656222487,1867,1.121127699,1,0,0.585323588
0,-0.121127698,1,0.656222487,4,2019-03-19T19:00:00.0,0.656222487,0,0.656222487,1868,1.121127698,1,0,0.585323588
0,-0.121127698,1,0.656222487,4,2019-03-19T20:00:00.0,0.656222487,0,0.656222487,1869,1.121127699,1,0,0.585323588
0,-0.042430781,1,0.682564912,3,2019-03-19T21:00:00.0,0.682564912,0,0.682564912,1870,1.042430781,1,0,0.654782
0,-0.121127698,1,0.656222487,4,2019-03-19T22:00:00.0,0.656222487,0,0.656222487,1871,1.121127699,1,0,0.585323588
0,-0.121127698,1,0.656222487,4,2019-03-19T23:00:00.0,0.656222487,0,0.656222487,1872,1.121127699,1,0,0.585323588
0,-0.042430781,1,0.355533517,2,2019-03-20T00:00:00.0,0.355533517,0,0.355533517,1873,1.042430781,1,0,0.341061991
0,-0.115973413,1,0.388086067,3,2019-03-20T01:00:00.0,0.388086067,0,0.388086067,1874,1.115973413,1,0,0.347755657
0,-0.115973413,1,0.388086067,3,2019-03-20T02:00:00.0,0.388086067,0,0.388086067,1875,1.115973413,1,0,0.347755657
0,-0.115973413,1,0.388086067,3,2019-03-20T03:00:00.0,0.388086067,0,0.388086067,1876,1.115973413,1,0,0.347755657
0,-0.115973413,1,0.388086067,3,2019-03-20T04:00:00.0,0.388086067,0,0.388086067,1877,1.115973413,1,0,0.347755657
0,-0.115973413,1,0.388086067,3,2019-03-20T05:00:00.0,0.388086067,0,0.388086067,1878,1.115973413,1,0,0.347755657
0,-0.121127698,1,0.656222487,4,2019-03-20T06:00:00.0,0.656222487,0,0.656222487,1879,1.121127698,1,0,0.585323588
0,-0.121127698,1,0.656222487,4,2019-03-20T07:00:00.0,0.656222487,0,0.656222487,1880,1.121127698,1,0,0.585323588
0,-0.142817344,1,0.559791011,4,2019-03-20T08:00:00.0,0.559791011,0,0.559791011,1881,1.142817344,1,0,0.489834193
0,-0.234220421,1,0.613228926,4,2019-03-20T09:00:00.0,0.613228926,0,0.613228926,1882,1.234220421,1,0,0.496855275
0,-0.234220421,1,0.613228926,4,2019-03-20T10:00:00.0,0.613228926,0,0.613228926,1883,1.234220421,1,0,0.496855275
0,-0.234220421,1,0.613228926,4,2019-03-20T11:00:00.0,0.613228926,0,0.613228926,1884,1.234220421,1,0,0.496855275
0,-0.042278842,1,0.355481697,2,2019-03-20T12:00:00.0,0.355481697,0,0.355481697,1885,1.042278842,1,0,0.341061991
0,-0.042278842,1,0.355481697,2,2019-03-20T13:00:00.0,0.355481697,0,0.355481697,1886,1.042278842,1,0,0.341061991
0,-0.234220421,1,0.613228926,4,2019-03-20T14:00:00.0,0.613228926,0,0.613228926,1887,1.234220421,1,0,0.496855275
0,-0.234220421,1,0.613228926,4,2019-03-20T15:00:00.0,0.613228926,0,0.613228926,1888,1.234220421,1,0,0.496855275
0,-0.234220421,1,0.613228926,4,2019-03-20T16:00:00.0,0.613228926,0,0.613228926,1889,1.234220421,1,0,0.496855275
0,-0.142817344,1,0.559791011,4,2019-03-20T17:00:00.0,0.559791011,0,0.559791011,1890,1.142817344,1,0,0.489834193
0,-0.142817344,1,0.559791011,4,2019-03-20T18:00:00.0,0.559791011,0,0.559791011,1891,1.142817344,1,0,0.489834193
0,-0.142452068,1,0.559733997,4,2019-03-20T19:00:00.0,0.559733997,0,0.559733997,1892,1.142452068,1,0,0.489940903
0,-0.142817344,1,0.559791011,4,2019-03-20T20:00:00.0,0.559791011,0,0.559791011,1893,1.142817344,1,0,0.489834193
0,-0.142817344,1,0.559791011,4,2019-03-20T21:00:00.0,0.559791011,0,0.559791011,1894,1.142817344,1,0,0.489834193
0,-0.142817344,1,0.559791011,4,2019-03-20T22:00:00.0,0.559791011,0,0.559791011,1895,1.142817344,1,0,0.489834193
0,-0.234220421,1,0.613228926,4,2019-03-20T23:00:00.0,0.613228926,0,0.613228926,1896,1.234220421,1,0,0.496855275
0,-0.036661054,1,0.356551919,3,2019-03-21T00:00:00.0,0.356551919,0,0.356551919,1897,1.036661054,1,0,0.34394262
0,-0.036661054,1,0.356551919,3,2019-03-21T01:00:00.0,0.356551919,0,0.356551919,1898,1.036661054,1,0,0.34394262
0,-0.039677957,1,0.338880129,2,2019-03-21T02:00:00.0,0.338880129,0,0.338880129,1899,1.039677957,1,0,0.325947209
0,-0.036661054,1,0.356551919,3,2019-03-21T03:00:00.0,0.356551919,0,0.356551919,1900,1.036661054,1,0,0.34394262
0,-0.036661054,1,0.356551919,3,2019-03-21T04:00:00.0,0.356551919,0,0.356551919,1901,1.036661054,1,0,0.34394262
0,-0.036661054,1,0.356551919,3,2019-03-21T05:00:00.0,0.356551919,0,0.356551919,1902,1.036661054,1,0,0.34394262
0,-0.039677957,1,0.338880129,2,2019-03-21T06:00:00.0,0.338880129,0,0.338880129,1903,1.039677957,1,0,0.325947209
0,-0.039677957,1,0.338880129,2,2019-03-21T07:00:00.0,0.338880129,0,0.338880129,1904,1.039677957,1,0,0.325947209
0,-0.039677957,1,0.353462977,2,2019-03-21T08:00:00.0,0.353462977,0,0.353462977,1905,1.039677957,1,0,0.339973522
0,-0.034659309,1,0.365600757,3,2019-03-21T09:00:00.0,0.365600757,0,0.365600757,1906,1.034659309,1,0,0.35335376
0,-0.034659309,1,0.365600757,3,2019-03-21T10:00:00.0,0.365600757,0,0.365600757,1907,1.034659309,1,0,0.35335376
0,-0.142817344,1,0.559791011,4,2019-03-21T11:00:00.0,0.559791011,0,0.559791011,1908,1.142817344,1,0,0.489834193
0,-0.142817344,1,0.559791011,4,2019-03-21T12:00:00.0,0.559791011,0,0.559791011,1909,1.142817344,1,0,0.489834193
0,-0.039677957,1,0.353462977,2,2019-03-21T13:00:00.0,0.353462977,0,0.353462977,1910,1.039677957,1,0,0.339973522
0,-0.142817344,1,0.559791011,4,2019-03-21T14:00:00.0,0.559791011,0,0.559791011,1911,1.142817344,1,0,0.489834193
0,-0.142817344,1,0.559791011,4,2019-03-21T15:00:00.0,0.559791011,0,0.559791011,1912,1.142817344,1,0,0.489834193
0,-0.039677957,1,0.353462977,2,2019-03-21T16:00:00.0,0.353462977,0,0.353462977,1913,1.039677957,1,0,0.339973522
0,-0.039677957,1,0.353462977,2,2019-03-21T17:00:00.0,0.353462977,0,0.353462977,1914,1.039677957,1,0,0.339973522
0,-0.142817344,1,0.559791011,4,2019-03-21T18:00:00.0,0.559791011,0,0.559791011,1915,1.142817344,1,0,0.489834193
0,-0.042430781,1,0.354398864,2,2019-03-21T19:00:00.0,0.354398864,0,0.354398864,1916,1.042430781,1,0,0.339973522
0,-0.121127698,1,0.656222487,4,2019-03-21T20:00:00.0,0.656222487,0,0.656222487,1917,1.121127698,1,0,0.585323588
0,-0.142817344,1,0.559791011,4,2019-03-21T21:00:00.0,0.559791011,0,0.559791011,1918,1.142817344,1,0,0.489834193
0,-0.039677957,1,0.353462977,2,2019-03-21T22:00:00.0,0.353462977,0,0.353462977,1919,1.039677957,1,0,0.339973522
0,-0.142817344,1,0.559791011,4,2019-03-21T23:00:00.0,0.559791011,0,0.559791011,1920,1.142817344,1,0,0.489834193
0,-0.047144112,1,0.294393113,2,2019-03-22T00:00:00.0,0.294393113,0,0.294393113,1921,1.047144112,1,0,0.281139061
0,-0.042430781,1,0.313425816,2,2019-03-22T01:00:00.0,0.313425816,0,0.313425816,1922,1.042430781,1,0,0.300668228
0,-0.039677957,1,0.312598129,2,2019-03-22T02:00:00.0,0.312598129,0,0.312598129,1923,1.039677957,1,0,0.300668228
0,-0.036661054,1,0.346364022,3,2019-03-22T03:00:00.0,0.346364022,0,0.346364022,1924,1.036661054,1,0,0.334115013
0,-0.036661054,1,0.346364022,3,2019-03-22T04:00:00.0,0.346364022,0,0.346364022,1925,1.036661054,1,0,0.334115013
0,-0.039457729,1,0.312531913,2,2019-03-22T05:00:00.0,0.312531913,0,0.312531913,1926,1.039457729,1,0,0.300668228
0,-0.039677957,1,0.313944848,2,2019-03-22T06:00:00.0,0.313944848,0,0.313944848,1927,1.039677957,1,0,0.301963551
0,-0.142817344,1,0.559791011,4,2019-03-22T07:00:00.0,0.559791011,0,0.559791011,1928,1.142817344,1,0,0.489834193
0,-0.142817344,1,0.559791011,4,2019-03-22T08:00:00.0,0.559791011,0,0.559791011,1929,1.142817344,1,0,0.489834193
0,-0.234220421,1,0.613228926,4,2019-03-22T09:00:00.0,0.613228926,0,0.613228926,1930,1.234220421,1,0,0.496855275
0,-0.039677957,1,0.313944848,2,2019-03-22T10:00:00.0,0.313944848,0,0.313944848,1931,1.039677957,1,0,0.301963551
0,-0.039677957,1,0.312598129,2,2019-03-22T11:00:00.0,0.312598129,0,0.312598129,1932,1.039677957,1,0,0.300668228
0,-0.039717805,1,0.31261011,2,2019-03-22T12:00:00.0,0.31261011,0,0.31261011,1933,1.039717805,1,0,0.300668228
0,-0.039717805,1,0.31261011,2,2019-03-22T13:00:00.0,0.31261011,0,0.31261011,1934,1.039717805,1,0,0.300668228
0,-0.039717805,1,0.31261011,2,2019-03-22T14:00:00.0,0.31261011,0,0.31261011,1935,1.039717805,1,0,0.300668228
0,-0.039717805,1,0.31261011,2,2019-03-22T15:00:00.0,0.31261011,0,0.31261011,1936,1.039717805,1,0,0.300668228
0,-0.039717805,1,0.31261011,2,2019-03-22T16:00:00.0,0.31261011,0,0.31261011,1937,1.039717805,1,0,0.300668228
0,-0.039677957,1,0.312598129,2,2019-03-22T17:00:00.0,0.312598129,0,0.312598129,1938,1.039677957,1,0,0.300668228
0,-0.234220421,1,0.613228926,4,2019-03-22T18:00:00.0,0.613228926,0,0.613228926,1939,1.234220421,1,0,0.496855275
0,-0.234220421,1,0.613228926,5,2019-03-22T19:00:00.0,0.613228926,0,0.613228926,1940,1.234220421,1,0,0.496855275
0,-0.234220421,1,0.613228926,4,2019-03-22T20:00:00.0,0.613228926,0,0.613228926,1941,1.234220421,1,0,0.496855275
0,-0.234220421,1,0.613228926,4,2019-03-22T21:00:00.0,0.613228926,0,0.613228926,1942,1.234220421,1,0,0.496855275
0,-0.039677957,1,0.313944848,2,2019-03-22T22:00:00.0,0.313944848,0,0.313944848,1943,1.039677957,1,0,0.301963551
0,-0.234220421,1,0.613228926,4,2019-03-22T23:00:00.0,0.613228926,0,0.613228926,1944,1.234220421,1,0,0.496855275
0,-0.234220421,1,0.613228926,4,2019-03-23T00:00:00.0,0.613228926,0,0.613228926,1945,1.234220421,1,0,0.496855275
0,-0.234220421,1,0.613228926,4,2019-03-23T01:00:00.0,0.613228926,0,0.613228926,1946,1.234220421,1,0,0.496855275
0,-0.234220421,1,0.613228926,4,2019-03-23T02:00:00.0,0.613228926,0,0.613228926,1947,1.234220421,1,0,0.496855275
0,-0.234220421,1,0.613228926,4,2019-03-23T03:00:00.0,0.613228926,0,0.613228926,1948,1.234220421,1,0,0.496855275
0,-0.234220421,1,0.613228926,4,2019-03-23T04:00:00.0,0.613228926,0,0.613228926,1949,1.234220421,1,0,0.496855275
0,-0.234220421,1,0.613228926,4,2019-03-23T05:00:00.0,0.613228926,0,0.613228926,1950,1.234220421,1,0,0.496855275
0,-0.234220421,1,0.613228926,4,2019-03-23T06:00:00.0,0.613228926,0,0.613228926,1951,1.234220421,1,0,0.496855275
0,-0.234220421,1,0.613228926,4,2019-03-23T07:00:00.0,0.613228926,0,0.613228926,1952,1.234220421,1,0,0.496855275
0,-0.234220421,1,0.613228926,4,2019-03-23T08:00:00.0,0.613228926,0,0.613228926,1953,1.234220421,1,0,0.496855275
0,-0.234220421,1,0.613228926,4,2019-03-23T09:00:00.0,0.613228926,0,0.613228926,1954,1.234220421,1,0,0.496855275
0,-0.234220421,1,0.613228926,4,2019-03-23T10:00:00.0,0.613228926,0,0.613228926,1955,1.234220421,1,0,0.496855275
0,-0.234220421,1,0.613228926,4,2019-03-23T11:00:00.0,0.613228926,0,0.613228926,1956,1.234220421,1,0,0.496855275
0,-0.264294981,1,0.598261588,4,2019-03-23T12:00:00.0,0.598261588,0,0.598261588,1957,1.264294981,1,0,0.473197788
0,-0.274590144,1,0.594282429,4,2019-03-23T13:00:00.0,0.594282429,0,0.594282429,1958,1.274590144,1,0,0.466253746
0,-0.234220421,1,0.613228926,4,2019-03-23T14:00:00.0,0.613228926,0,0.613228926,1959,1.234220421,1,0,0.496855275
0,-0.274590144,1,0.594282429,4,2019-03-23T15:00:00.0,0.594282429,0,0.594282429,1960,1.274590144,1,0,0.466253746
0,-0.264294981,1,0.598261588,4,2019-03-23T16:00:00.0,0.598261588,0,0.598261588,1961,1.264294981,1,0,0.473197788
0,-0.234220421,1,0.613228926,4,2019-03-23T17:00:00.0,0.613228926,0,0.613228926,1962,1.234220421,1,0,0.496855275
0,-0.234220421,1,0.613228926,4,2019-03-23T18:00:00.0,0.613228926,0,0.613228926,1963,1.234220421,1,0,0.496855275
0,-0.234220421,1,0.613228926,4,2019-03-23T19:00:00.0,0.613228926,0,0.613228926,1964,1.234220421,1,0,0.496855275
0,-0.234220421,1,0.613228926,4,2019-03-23T20:00:00.0,0.613228926,0,0.613228926,1965,1.234220421,1,0,0.496855275
0,-0.234220421,1,0.613228926,4,2019-03-23T21:00:00.0,0.613228926,0,0.613228926,1966,1.234220421,1,0,0.496855275
0,-0.234220421,1,0.613228926,4,2019-03-23T22:00:00.0,0.613228926,0,0.613228926,1967,1.234220421,1,0,0.496855275
0,-0.234220421,1,0.613228926,4,2019-03-23T23:00:00.0,0.613228926,0,0.613228926,1968,1.234220421,1,0,0.496855274
0,-0.234220421,1,0.613228926,4,2019-03-24T00:00:00.0,0.613228926,0,0.613228926,1969,1.234220421,1,0,0.496855275
0,-0.234220421,1,0.613228926,4,2019-03-24T01:00:00.0,0.613228926,0,0.613228926,1970,1.234220421,1,0,0.496855275
0,-0.234220421,1,0.613228926,4,2019-03-24T02:00:00.0,0.613228926,0,0.613228926,1971,1.234220421,1,0,0.496855275
0,-0.234220421,1,0.613228926,4,2019-03-24T03:00:00.0,0.613228926,0,0.613228926,1972,1.234220421,1,0,0.496855275
0,-0.234220421,1,0.613228926,4,2019-03-24T04:00:00.0,0.613228926,0,0.613228926,1973,1.234220421,1,0,0.496855275
0,-0.234220421,1,0.613228926,4,2019-03-24T05:00:00.0,0.613228926,0,0.613228926,1974,1.234220421,1,0,0.496855275
0,-0.142817344,1,0.559791011,4,2019-03-24T06:00:00.0,0.559791011,0,0.559791011,1975,1.142817344,1,0,0.489834193
0,-0.039677957,1,0.312598129,2,2019-03-24T07:00:00.0,0.312598129,0,0.312598129,1976,1.039677957,1,0,0.300668228
0,-0.039677957,1,0.312598129,2,2019-03-24T08:00:00.0,0.312598129,0,0.312598129,1977,1.039677957,1,0,0.300668228
0,-0.042278842,1,0.313380132,2,2019-03-24T09:00:00.0,0.313380132,0,0.313380132,1978,1.042278842,1,0,0.300668228
0,-0.042278842,1,0.313380132,2,2019-03-24T10:00:00.0,0.313380132,0,0.313380132,1979,1.042278842,1,0,0.300668228
0,-0.042278842,1,0.313380132,2,2019-03-24T11:00:00.0,0.313380132,0,0.313380132,1980,1.042278842,1,0,0.300668228
0,-0.042278842,1,0.313380132,2,2019-03-24T12:00:00.0,0.313380132,0,0.313380132,1981,1.042278842,1,0,0.300668228
0,-0.042278842,1,0.313380132,2,2019-03-24T13:00:00.0,0.313380132,0,0.313380132,1982,1.042278842,1,0,0.300668228
0,-0.042278842,1,0.313380132,2,2019-03-24T14:00:00.0,0.313380132,0,0.313380132,1983,1.042278842,1,0,0.300668228
0,-0.042278842,1,0.313380132,2,2019-03-24T15:00:00.0,0.313380132,0,0.313380132,1984,1.042278842,1,0,0.300668228
0,-0.039677957,1,0.313944848,2,2019-03-24T16:00:00.0,0.313944848,0,0.313944848,1985,1.039677957,1,0,0.301963551
0,-0.234220421,1,0.613228926,4,2019-03-24T17:00:00.0,0.613228926,0,0.613228926,1986,1.234220421,1,0,0.496855275
0,-0.234220421,1,0.613228926,4,2019-03-24T18:00:00.0,0.613228926,0,0.613228926,1987,1.234220421,1,0,0.496855275
0,-0.234220421,1,0.613228926,4,2019-03-24T19:00:00.0,0.613228926,0,0.613228926,1988,1.234220421,1,0,0.496855275
0,-0.234220421,1,0.613228926,4,2019-03-24T20:00:00.0,0.613228926,0,0.613228926,1989,1.234220421,1,0,0.496855275
0,-0.234220421,1,0.613228926,4,2019-03-24T21:00:00.0,0.613228926,0,0.613228926,1990,1.234220421,1,0,0.496855275
0,-0.039677957,1,0.313944848,2,2019-03-24T22:00:00.0,0.313944848,0,0.313944848,1991,1.039677957,1,0,0.301963551
0,-0.039677957,1,0.313944848,2,2019-03-24T23:00:00.0,0.313944848,0,0.313944848,1992,1.039677957,1,0,0.301963551
0,-0.039677957,1,0.680762412,2,2019-03-25T00:00:00.0,0.680762412,0,0.680762412,1993,1.039677957,1,0,0.654782
0,-0.142817344,1,0.559791011,4,2019-03-25T01:00:00.0,0.559791011,0,0.559791011,1994,1.142817344,1,0,0.489834193
0,-0.142817344,1,0.559791011,4,2019-03-25T02:00:00.0,0.559791011,0,0.559791011,1995,1.142817344,1,0,0.489834193
0,-0.142817344,1,0.559791011,4,2019-03-25T03:00:00.0,0.559791011,0,0.559791011,1996,1.142817344,1,0,0.489834193
0,-0.142817344,1,0.559791011,4,2019-03-25T04:00:00.0,0.559791011,0,0.559791011,1997,1.142817344,1,0,0.489834193
0,-0.142817344,1,0.559791011,4,2019-03-25T05:00:00.0,0.559791011,0,0.559791011,1998,1.142817344,1,0,0.489834193
0,-0.121127698,1,0.656222487,4,2019-03-25T06:00:00.0,0.656222487,0,0.656222487,1999,1.121127698,1,0,0.585323588
0,-0.121127698,1,0.656222487,4,2019-03-25T07:00:00.0,0.656222487,0,0.656222487,2000,1.121127698,1,0,0.585323588
0,-0.239616846,1,0.616383893,3,2019-03-25T08:00:00.0,0.616383893,0,0.616383893,2001,1.239616846,1,0,0.497237429
0,-0.239616846,1,0.616383893,3,2019-03-25T09:00:00.0,0.616383893,0,0.616383893,2002,1.239616846,1,0,0.497237429
0,-0.239616846,1,0.616383893,3,2019-03-25T10:00:00.0,0.616383893,0,0.616383893,2003,1.239616846,1,0,0.497237429
0,-0.042278842,1,0.394168795,2,2019-03-25T11:00:00.0,0.394168795,0,0.394168795,2004,1.042278842,1,0,0.378179791
0,-0.042278842,1,0.394168795,2,2019-03-25T12:00:00.0,0.394168795,0,0.394168795,2005,1.042278842,1,0,0.378179791
0,-0.042278842,1,0.394168795,2,2019-03-25T13:00:00.0,0.394168795,0,0.394168795,2006,1.042278842,1,0,0.378179791
0,-0.234220421,1,0.613228926,4,2019-03-25T14:00:00.0,0.613228926,0,0.613228926,2007,1.234220421,1,0,0.496855275
0,-0.239616846,1,0.616383893,3,2019-03-25T15:00:00.0,0.616383893,0,0.616383893,2008,1.239616846,1,0,0.497237429
0,-0.239616846,1,0.616383893,3,2019-03-25T16:00:00.0,0.616383893,0,0.616383893,2009,1.239616846,1,0,0.497237429
0,-0.239616846,1,0.616383893,3,2019-03-25T17:00:00.0,0.616383893,0,0.616383893,2010,1.239616846,1,0,0.497237429
0,-0.239616846,1,0.616383893,3,2019-03-25T18:00:00.0,0.616383893,0,0.616383893,2011,1.239616846,1,0,0.497237429
0,-0.239616846,1,0.616266591,4,2019-03-25T19:00:00.0,0.616266591,0,0.616266591,2012,1.239616846,1,0,0.497142801
0,-0.239616846,1,0.616383893,3,2019-03-25T20:00:00.0,0.616383893,0,0.616383893,2013,1.239616846,1,0,0.497237429
0,-0.239616846,1,0.616266591,4,2019-03-25T21:00:00.0,0.616266591,0,0.616266591,2014,1.239616846,1,0,0.497142801
0,-0.239616846,1,0.616383893,3,2019-03-25T22:00:00.0,0.616383893,0,0.616383893,2015,1.239616846,1,0,0.497237429
0,-0.239616846,1,0.616383893,3,2019-03-25T23:00:00.0,0.616383893,0,0.616383893,2016,1.239616846,1,0,0.497237429
0,-0.142817344,1,0.559791011,4,2019-03-26T00:00:00.0,0.559791011,0,0.559791011,2017,1.142817344,1,0,0.489834193
0,-0.142817344,1,0.559791011,4,2019-03-26T01:00:00.0,0.559791011,0,0.559791011,2018,1.142817344,1,0,0.489834193
0,-0.039677957,1,0.313944848,2,2019-03-26T02:00:00.0,0.313944848,0,0.313944848,2019,1.039677957,1,0,0.301963551
0,-0.142817344,1,0.559791011,4,2019-03-26T03:00:00.0,0.559791011,0,0.559791011,2020,1.142817344,1,0,0.489834193
0,-0.039677957,1,0.313944848,2,2019-03-26T04:00:00.0,0.313944848,0,0.313944848,2021,1.039677957,1,0,0.301963551
0,-0.039677957,1,0.313944848,2,2019-03-26T05:00:00.0,0.313944848,0,0.313944848,2022,1.039677957,1,0,0.301963551
0,-0.142817344,1,0.559791011,4,2019-03-26T06:00:00.0,0.559791011,0,0.559791011,2023,1.142817344,1,0,0.489834193
0,-0.142817344,1,0.559791011,4,2019-03-26T07:00:00.0,0.559791011,0,0.559791011,2024,1.142817344,1,0,0.489834193
0,-0.234220421,1,0.613228926,4,2019-03-26T08:00:00.0,0.613228926,0,0.613228926,2025,1.234220421,1,0,0.496855275
0,-0.234220421,1,0.613228926,4,2019-03-26T09:00:00.0,0.613228926,0,0.613228926,2026,1.234220421,1,0,0.496855275
0,-0.234220421,1,0.613228926,4,2019-03-26T10:00:00.0,0.613228926,0,0.613228926,2027,1.234220421,1,0,0.496855275
0,-0.234220421,1,0.613228926,4,2019-03-26T11:00:00.0,0.613228926,0,0.613228926,2028,1.234220421,1,0,0.496855275
0,-0.234220421,1,0.613228926,4,2019-03-26T12:00:00.0,0.613228926,0,0.613228926,2029,1.234220421,1,0,0.496855275
0,-0.234220421,1,0.613228926,4,2019-03-26T13:00:00.0,0.613228926,0,0.613228926,2030,1.234220421,1,0,0.496855275
0,-0.234220421,1,0.613228926,4,2019-03-26T14:00:00.0,0.613228926,0,0.613228926,2031,1.234220421,1,0,0.496855275
0,-0.234220421,1,0.613228926,4,2019-03-26T15:00:00.0,0.613228926,0,0.613228926,2032,1.234220421,1,0,0.496855275
0,-0.234220421,1,0.613228926,4,2019-03-26T16:00:00.0,0.613228926,0,0.613228926,2033,1.234220421,1,0,0.496855275
0,-0.234220421,1,0.613228926,4,2019-03-26T17:00:00.0,0.613228926,0,0.613228926,2034,1.234220421,1,0,0.496855275
0,-0.142817344,1,0.559791011,4,2019-03-26T18:00:00.0,0.559791011,0,0.559791011,2035,1.142817344,1,0,0.489834193
0,-0.121127698,1,0.656222487,4,2019-03-26T19:00:00.0,0.656222487,0,0.656222487,2036,1.121127698,1,0,0.585323588
0,-0.233935874,1,0.613319642,4,2019-03-26T20:00:00.0,0.613319642,0,0.613319642,2037,1.233935874,1,0,0.497043367
0,-0.233935874,1,0.613319642,4,2019-03-26T21:00:00.0,0.613319642,0,0.613319642,2038,1.233935874,1,0,0.497043367
0,-0.233935874,1,0.613319642,4,2019-03-26T22:00:00.0,0.613319642,0,0.613319642,2039,1.233935874,1,0,0.497043367
0,-0.233935874,1,0.613319642,4,2019-03-26T23:00:00.0,0.613319642,0,0.613319642,2040,1.233935874,1,0,0.497043367
0,-0.042430781,1,0.682564912,2,2019-03-27T00:00:00.0,0.682564912,0,0.682564912,2041,1.042430781,1,0,0.654782
0,-0.121127698,1,0.656222487,4,2019-03-27T01:00:00.0,0.656222487,0,0.656222487,2042,1.121127698,1,0,0.585323588
0,-0.121127698,1,0.656222487,4,2019-03-27T02:00:00.0,0.656222487,0,0.656222487,2043,1.121127698,1,0,0.585323588
0,-0.121127698,1,0.656222487,4,2019-03-27T03:00:00.0,0.656222487,0,0.656222487,2044,1.121127698,1,0,0.585323588
0,-0.121127698,1,0.622539869,4,2019-03-27T04:00:00.0,0.622539869,0,0.622539869,2045,1.121127699,1,0,0.555280072
0,-0.121127698,1,0.656222487,4,2019-03-27T05:00:00.0,0.656222487,0,0.656222487,2046,1.121127698,1,0,0.585323588
0,-0.121127698,1,0.656222487,4,2019-03-27T06:00:00.0,0.656222487,0,0.656222487,2047,1.121127698,1,0,0.585323588
0,-0.121127698,1,0.656222487,4,2019-03-27T07:00:00.0,0.656222487,0,0.656222487,2048,1.121127698,1,0,0.585323588
0,-0.239616846,1,0.616383893,3,2019-03-27T08:00:00.0,0.616383893,0,0.616383893,2049,1.239616846,1,0,0.497237429
0,-0.239616846,1,0.616383893,3,2019-03-27T09:00:00.0,0.616383893,0,0.616383893,2050,1.239616846,1,0,0.497237429
0,-0.234220421,1,0.613228926,4,2019-03-27T10:00:00.0,0.613228926,0,0.613228926,2051,1.234220421,1,0,0.496855275
0,-0.234220421,1,0.613228926,4,2019-03-27T11:00:00.0,0.613228926,0,0.613228926,2052,1.234220421,1,0,0.496855275
0,-0.234220421,1,0.613228926,5,2019-03-27T12:00:00.0,0.613228926,0,0.613228926,2053,1.234220421,1,0,0.496855275
0,-0.234220421,1,0.613228926,4,2019-03-27T13:00:00.0,0.613228926,0,0.613228926,2054,1.234220421,1,0,0.496855275
0,-0.234220421,1,0.613228926,4,2019-03-27T14:00:00.0,0.613228926,0,0.613228926,2055,1.234220421,1,0,0.496855275
0,-0.234220421,1,0.613228926,4,2019-03-27T15:00:00.0,0.613228926,0,0.613228926,2056,1.234220421,1,0,0.496855275
0,-0.234220421,1,0.613228926,5,2019-03-27T16:00:00.0,0.613228926,0,0.613228926,2057,1.234220421,1,0,0.496855275
0,-0.239616846,1,0.616266591,4,2019-03-27T17:00:00.0,0.616266591,0,0.616266591,2058,1.239616846,1,0,0.497142801
0,-0.239616846,1,0.616383893,3,2019-03-27T18:00:00.0,0.616383893,0,0.616383893,2059,1.239616846,1,0,0.497237429
0,-0.239616846,1,0.616383893,3,2019-03-27T19:00:00.0,0.616383893,0,0.616383893,2060,1.239616846,1,0,0.497237429
0,-0.239616846,1,0.616266591,4,2019-03-27T20:00:00.0,0.616266591,0,0.616266591,2061,1.239616846,1,0,0.497142801
0,-0.239616846,1,0.616383893,3,2019-03-27T21:00:00.0,0.616383893,0,0.616383893,2062,1.239616846,1,0,0.497237429
0,-0.239616846,1,0.616383893,3,2019-03-27T22:00:00.0,0.616383893,0,0.616383893,2063,1.239616846,1,0,0.497237429
0,-0.042278842,1,0.355481697,2,2019-03-27T23:00:00.0,0.355481697,0,0.355481697,2064,1.042278842,1,0,0.341061991
0,-0.039677957,1,0.312598129,2,2019-03-28T00:00:00.0,0.312598129,0,0.312598129,2065,1.039677957,1,0,0.300668228
0,-0.039677957,1,0.312598129,2,2019-03-28T01:00:00.0,0.312598129,0,0.312598129,2066,1.039677957,1,0,0.300668228
0,-0.039677957,1,0.312598129,2,2019-03-28T02:00:00.0,0.312598129,0,0.312598129,2067,1.039677957,1,0,0.300668228
0,-0.039677957,1,0.312598129,2,2019-03-28T03:00:00.0,0.312598129,0,0.312598129,2068,1.039677957,1,0,0.300668228
0,-0.039677957,1,0.312598129,2,2019-03-28T04:00:00.0,0.312598129,0,0.312598129,2069,1.039677957,1,0,0.300668228
0,-0.039677957,1,0.312598129,2,2019-03-28T05:00:00.0,0.312598129,0,0.312598129,2070,1.039677957,1,0,0.300668228
0,-0.039677957,1,0.313944848,2,2019-03-28T06:00:00.0,0.313944848,0,0.313944848,2071,1.039677957,1,0,0.301963551
0,-0.039677957,1,0.313944848,2,2019-03-28T07:00:00.0,0.313944848,0,0.313944848,2072,1.039677957,1,0,0.301963551
0,-0.039677957,1,0.313944848,2,2019-03-28T08:00:00.0,0.313944848,0,0.313944848,2073,1.039677957,1,0,0.301963551
0,-0.042278842,1,0.313380132,2,2019-03-28T09:00:00.0,0.313380132,0,0.313380132,2074,1.042278842,1,0,0.300668228
0,-0.042278842,1,0.313380132,2,2019-03-28T10:00:00.0,0.313380132,0,0.313380132,2075,1.042278842,1,0,0.300668228
0,-0.042278842,1,0.313380132,2,2019-03-28T11:00:00.0,0.313380132,0,0.313380132,2076,1.042278842,1,0,0.300668228
0,-0.042278842,1,0.313380132,2,2019-03-28T12:00:00.0,0.313380132,0,0.313380132,2077,1.042278842,1,0,0.300668228
0,-0.042278842,1,0.313380132,2,2019-03-28T13:00:00.0,0.313380132,0,0.313380132,2078,1.042278842,1,0,0.300668228
0,-0.042278842,1,0.313380132,2,2019-03-28T14:00:00.0,0.313380132,0,0.313380132,2079,1.042278842,1,0,0.300668228
0,-0.042278842,1,0.31473022,2,2019-03-28T15:00:00.0,0.31473022,0,0.31473022,2080,1.042278842,1,0,0.301963551
0,-0.042278842,1,0.31473022,2,2019-03-28T16:00:00.0,0.31473022,0,0.31473022,2081,1.042278842,1,0,0.301963551
0,-0.234220421,1,0.613228926,4,2019-03-28T17:00:00.0,0.613228926,0,0.613228926,2082,1.234220421,1,0,0.496855275
0,-0.142817344,1,0.559791011,4,2019-03-28T18:00:00.0,0.559791011,0,0.559791011,2083,1.142817344,1,0,0.489834193
0,-0.142817344,1,0.559791011,4,2019-03-28T19:00:00.0,0.559791011,0,0.559791011,2084,1.142817344,1,0,0.489834193
0,-0.142817344,1,0.559791011,4,2019-03-28T20:00:00.0,0.559791011,0,0.559791011,2085,1.142817344,1,0,0.489834193
0,-0.142817344,1,0.559791011,4,2019-03-28T21:00:00.0,0.559791011,0,0.559791011,2086,1.142817344,1,0,0.489834193
0,-0.234220421,1,0.613228926,4,2019-03-28T22:00:00.0,0.613228926,0,0.613228926,2087,1.234220421,1,0,0.496855275
0,-0.042278842,1,0.313380132,2,2019-03-28T23:00:00.0,0.313380132,0,0.313380132,2088,1.042278842,1,0,0.300668228
0,-0.039677957,1,0.338880129,2,2019-03-29T00:00:00.0,0.338880129,0,0.338880129,2089,1.039677957,1,0,0.325947209
0,-0.039677957,1,0.338880129,2,2019-03-29T01:00:00.0,0.338880129,0,0.338880129,2090,1.039677957,1,0,0.325947209
0,-0.039677957,1,0.338880129,2,2019-03-29T02:00:00.0,0.338880129,0,0.338880129,2091,1.039677957,1,0,0.325947209
0,-0.039677957,1,0.338880129,2,2019-03-29T03:00:00.0,0.338880129,0,0.338880129,2092,1.039677957,1,0,0.325947209
0,-0.039677957,1,0.338880129,2,2019-03-29T04:00:00.0,0.338880129,0,0.338880129,2093,1.039677957,1,0,0.325947209
0,-0.039677957,1,0.338880129,2,2019-03-29T05:00:00.0,0.338880129,0,0.338880129,2094,1.039677957,1,0,0.325947209
0,-0.042430781,1,0.339777404,2,2019-03-29T06:00:00.0,0.339777404,0,0.339777404,2095,1.042430781,1,0,0.325947209
0,-0.042430781,1,0.339777404,2,2019-03-29T07:00:00.0,0.339777404,0,0.339777404,2096,1.042430781,1,0,0.325947209
0,-0.042430781,1,0.354398864,2,2019-03-29T08:00:00.0,0.354398864,0,0.354398864,2097,1.042430781,1,0,0.339973522
0,-0.121127698,1,0.656222487,4,2019-03-29T09:00:00.0,0.656222487,0,0.656222487,2098,1.121127699,1,0,0.585323588
0,-0.142817344,1,0.559791011,5,2019-03-29T10:00:00.0,0.559791011,0,0.559791011,2099,1.142817344,1,0,0.489834193
0,-0.142817344,1,0.559791011,5,2019-03-29T11:00:00.0,0.559791011,0,0.559791011,2100,1.142817344,1,0,0.489834193
0,-0.039677957,1,0.353462977,2,2019-03-29T12:00:00.0,0.353462977,0,0.353462977,2101,1.039677957,1,0,0.339973522
0,-0.039677957,1,0.353462977,2,2019-03-29T13:00:00.0,0.353462977,0,0.353462977,2102,1.039677957,1,0,0.339973522
0,-0.039677957,1,0.353462977,2,2019-03-29T14:00:00.0,0.353462977,0,0.353462977,2103,1.039677957,1,0,0.339973522
0,-0.039677957,1,0.353462977,2,2019-03-29T15:00:00.0,0.353462977,0,0.353462977,2104,1.039677957,1,0,0.339973522
0,-0.039677957,1,0.353462977,2,2019-03-29T16:00:00.0,0.353462977,0,0.353462977,2105,1.039677957,1,0,0.339973522
0,-0.142817344,1,0.559791011,5,2019-03-29T17:00:00.0,0.559791011,0,0.559791011,2106,1.142817344,1,0,0.489834193
0,-0.121127698,1,0.656222487,4,2019-03-29T18:00:00.0,0.656222487,0,0.656222487,2107,1.121127698,1,0,0.585323588
0,-0.121127698,1,0.656222487,4,2019-03-29T19:00:00.0,0.656222487,0,0.656222487,2108,1.121127698,1,0,0.585323588
0,-0.121127698,1,0.656222487,4,2019-03-29T20:00:00.0,0.656222487,0,0.656222487,2109,1.121127698,1,0,0.585323588
0,-0.121127698,1,0.656222487,4,2019-03-29T21:00:00.0,0.656222487,0,0.656222487,2110,1.121127698,1,0,0.585323588
0,-0.121127698,1,0.656222487,4,2019-03-29T22:00:00.0,0.656222487,0,0.656222487,2111,1.121127698,1,0,0.585323588
0,-0.121127698,1,0.656222487,4,2019-03-29T23:00:00.0,0.656222487,0,0.656222487,2112,1.121127699,1,0,0.585323588
0,-0.039677957,1,0.313944848,2,2019-03-30T00:00:00.0,0.313944848,0,0.313944848,2113,1.039677957,1,0,0.301963551
0,-0.039457729,1,0.312531913,2,2019-03-30T01:00:00.0,0.312531913,0,0.312531913,2114,1.039457729,1,0,0.300668228
0,-0.039457729,1,0.312531913,2,2019-03-30T02:00:00.0,0.312531913,0,0.312531913,2115,1.039457729,1,0,0.300668228
0,-0.039457729,1,0.312531913,2,2019-03-30T03:00:00.0,0.312531913,0,0.312531913,2116,1.039457729,1,0,0.300668228
0,-0.039457729,1,0.312531913,2,2019-03-30T04:00:00.0,0.312531913,0,0.312531913,2117,1.039457729,1,0,0.300668228
0,-0.039457729,1,0.312531913,2,2019-03-30T05:00:00.0,0.312531913,0,0.312531913,2118,1.039457729,1,0,0.300668228
0,-0.039677957,1,0.312598129,2,2019-03-30T06:00:00.0,0.312598129,0,0.312598129,2119,1.039677957,1,0,0.300668228
0,-0.142817344,1,0.559791011,4,2019-03-30T07:00:00.0,0.559791011,0,0.559791011,2120,1.142817344,1,0,0.489834193
0,-0.234220421,1,0.613228926,4,2019-03-30T08:00:00.0,0.613228926,0,0.613228926,2121,1.234220421,1,0,0.496855275
0,-0.234220421,1,0.613228926,4,2019-03-30T09:00:00.0,0.613228926,0,0.613228926,2122,1.234220421,1,0,0.496855275
0,-0.234220421,1,0.613228926,4,2019-03-30T10:00:00.0,0.613228926,0,0.613228926,2123,1.234220421,1,0,0.496855275
0,-0.042278842,1,0.313380132,2,2019-03-30T11:00:00.0,0.313380132,0,0.313380132,2124,1.042278842,1,0,0.300668228
0,-0.264294981,1,0.598261588,4,2019-03-30T12:00:00.0,0.598261588,0,0.598261588,2125,1.264294981,1,0,0.473197788
0,-0.264294981,1,0.598261588,4,2019-03-30T13:00:00.0,0.598261588,0,0.598261588,2126,1.264294981,1,0,0.473197788
0,-0.234220421,1,0.613228926,4,2019-03-30T14:00:00.0,0.613228926,0,0.613228926,2127,1.234220421,1,0,0.496855275
0,-0.274590144,1,0.594282429,4,2019-03-30T15:00:00.0,0.594282429,0,0.594282429,2128,1.274590144,1,0,0.466253746
0,-0.264294981,1,0.598261588,4,2019-03-30T16:00:00.0,0.598261588,0,0.598261588,2129,1.264294981,1,0,0.473197788
0,-0.234220421,1,0.613228926,4,2019-03-30T17:00:00.0,0.613228926,0,0.613228926,2130,1.234220421,1,0,0.496855275
0,-0.234220421,1,0.613228926,4,2019-03-30T18:00:00.0,0.613228926,0,0.613228926,2131,1.234220421,1,0,0.496855275
0,-0.234220421,1,0.613228926,4,2019-03-30T19:00:00.0,0.613228926,0,0.613228926,2132,1.234220421,1,0,0.496855275
0,-0.234220421,1,0.613228926,4,2019-03-30T20:00:00.0,0.613228926,0,0.613228926,2133,1.234220421,1,0,0.496855275
0,-0.234220421,1,0.613228926,4,2019-03-30T21:00:00.0,0.613228926,0,0.613228926,2134,1.234220421,1,0,0.496855275
0,-0.234220421,1,0.613228926,4,2019-03-30T22:00:00.0,0.613228926,0,0.613228926,2135,1.234220421,1,0,0.496855275
0,-0.234220421,1,0.613228926,4,2019-03-30T23:00:00.0,0.613228926,0,0.613228926,2136,1.234220421,1,0,0.496855275
0,-0.275533115,1,0.574432512,3,2019-03-31T00:00:00.0,0.574432512,0,0.574432512,2137,1.275533115,1,0,0.450347
0,-0.274590144,1,0.594282429,4,2019-03-31T01:00:00.0,0.594282429,0,0.594282429,2138,1.274590144,1,0,0.466253746
0,-0.274590144,1,0.594282429,4,2019-03-31T02:00:00.0,0.594282429,0,0.594282429,2139,1.274590144,1,0,0.466253746
0,-0.274590144,1,0.594282429,4,2019-03-31T03:00:00.0,0.594282429,0,0.594282429,2140,1.274590144,1,0,0.466253746
0,-0.274590144,1,0.594282429,4,2019-03-31T04:00:00.0,0.594282429,0,0.594282429,2141,1.274590144,1,0,0.466253746
0,-0.274590144,1,0.594282429,4,2019-03-31T05:00:00.0,0.594282429,0,0.594282429,2142,1.274590144,1,0,0.466253746
0,-0.264294981,1,0.598261588,5,2019-03-31T06:00:00.0,0.598261588,0,0.598261588,2143,1.264294981,1,0,0.473197788
0,-0.264294981,1,0.598261588,4,2019-03-31T07:00:00.0,0.598261588,0,0.598261588,2144,1.264294981,1,0,0.473197788
0,-0.264294981,1,0.598261588,4,2019-03-31T08:00:00.0,0.598261588,0,0.598261588,2145,1.264294981,1,0,0.473197788
0,-0.234220421,1,0.613228926,4,2019-03-31T09:00:00.0,0.613228926,0,0.613228926,2146,1.234220421,1,0,0.496855275
0,-0.234220421,1,0.613228926,4,2019-03-31T10:00:00.0,0.613228926,0,0.613228926,2147,1.234220421,1,0,0.496855275
0,-0.234220421,1,0.613228926,4,2019-03-31T11:00:00.0,0.613228926,0,0.613228926,2148,1.234220421,1,0,0.496855275
0,-0.234220421,1,0.613228926,4,2019-03-31T12:00:00.0,0.613228926,0,0.613228926,2149,1.234220421,1,0,0.496855275
0,-0.234220421,1,0.613228926,4,2019-03-31T13:00:00.0,0.613228926,0,0.613228926,2150,1.234220421,1,0,0.496855275
0,-0.274590144,1,0.594282429,4,2019-03-31T14:00:00.0,0.594282429,0,0.594282429,2151,1.274590144,1,0,0.466253746
0,-0.264294981,1,0.598261588,4,2019-03-31T15:00:00.0,0.598261588,0,0.598261588,2152,1.264294981,1,0,0.473197788
0,-0.264294981,1,0.598261588,4,2019-03-31T16:00:00.0,0.598261588,0,0.598261588,2153,1.264294981,1,0,0.473197788
0,-0.234220421,1,0.613228926,4,2019-03-31T17:00:00.0,0.613228926,0,0.613228926,2154,1.234220421,1,0,0.496855275
0,-0.234220421,1,0.613228926,4,2019-03-31T18:00:00.0,0.613228926,0,0.613228926,2155,1.234220421,1,0,0.496855275
0,-0.234220421,1,0.613228926,4,2019-03-31T19:00:00.0,0.613228926,0,0.613228926,2156,1.234220421,1,0,0.496855275
0,-0.234220421,1,0.613228926,4,2019-03-31T20:00:00.0,0.613228926,0,0.613228926,2157,1.234220421,1,0,0.496855275
0,-0.234220421,1,0.613228926,4,2019-03-31T21:00:00.0,0.613228926,0,0.613228926,2158,1.234220422,1,0,0.496855275
0,-0.234220421,1,0.613228926,4,2019-03-31T22:00:00.0,0.613228926,0,0.613228926,2159,1.234220421,1,0,0.496855275
0,-0.264294981,1,0.598261588,4,2019-03-31T23:00:00.0,0.598261588,0,0.598261588,2160,1.264294981,1,0,0.473197788
0,-0.234220421,1,0.613228926,4,2019-04-01T00:00:00.0,0.613228926,0,0.613228926,2161,1.234220421,1,0,0.496855275
0,-0.039677957,1,0.312598129,2,2019-04-01T01:00:00.0,0.312598129,0,0.312598129,2162,1.039677957,1,0,0.300668228
0,-0.039677957,1,0.312598129,2,2019-04-01T02:00:00.0,0.312598129,0,0.312598129,2163,1.039677957,1,0,0.300668228
0,-0.234220421,1,0.613228926,4,2019-04-01T03:00:00.0,0.613228926,0,0.613228926,2164,1.234220421,1,0,0.496855275
0,-0.234220421,1,0.613228926,4,2019-04-01T04:00:00.0,0.613228926,0,0.613228926,2165,1.234220421,1,0,0.496855275
0,-0.234220421,1,0.613228926,4,2019-04-01T05:00:00.0,0.613228926,0,0.613228926,2166,1.234220421,1,0,0.496855275
0,-0.039677957,1,0.313944848,2,2019-04-01T06:00:00.0,0.313944848,0,0.313944848,2167,1.039677957,1,0,0.301963551
0,-0.234220421,1,0.613228926,4,2019-04-01T07:00:00.0,0.613228926,0,0.613228926,2168,1.234220421,1,0,0.496855275
0,-0.234220421,1,0.613228926,4,2019-04-01T08:00:00.0,0.613228926,0,0.613228926,2169,1.234220421,1,0,0.496855275
0,-0.234220421,1,0.613228926,4,2019-04-01T09:00:00.0,0.613228926,0,0.613228926,2170,1.234220421,1,0,0.496855275
0,-0.234220421,1,0.613228926,4,2019-04-01T10:00:00.0,0.613228926,0,0.613228926,2171,1.234220421,1,0,0.496855275
0,-0.234220421,1,0.613228926,4,2019-04-01T11:00:00.0,0.613228926,0,0.613228926,2172,1.234220421,1,0,0.496855275
0,-0.042278842,1,0.31473022,2,2019-04-01T12:00:00.0,0.31473022,0,0.31473022,2173,1.042278842,1,0,0.301963551
0,-0.042278842,1,0.31473022,2,2019-04-01T13:00:00.0,0.31473022,0,0.31473022,2174,1.042278842,1,0,0.301963551
0,-0.234220421,1,0.613228926,4,2019-04-01T14:00:00.0,0.613228926,0,0.613228926,2175,1.234220421,1,0,0.496855275
0,-0.234220421,1,0.613228926,4,2019-04-01T15:00:00.0,0.613228926,0,0.613228926,2176,1.234220421,1,0,0.496855275
0,-0.234220421,1,0.613228926,4,2019-04-01T16:00:00.0,0.613228926,0,0.613228926,2177,1.234220421,1,0,0.496855275
0,-0.234220421,1,0.613228926,4,2019-04-01T17:00:00.0,0.613228926,0,0.613228926,2178,1.234220421,1,0,0.496855275
0,-0.142817344,1,0.559791011,4,2019-04-01T18:00:00.0,0.559791011,0,0.559791011,2179,1.142817344,1,0,0.489834193
0,-0.142817344,1,0.559791011,4,2019-04-01T19:00:00.0,0.559791011,0,0.559791011,2180,1.142817344,1,0,0.489834193
0,-0.142817344,1,0.559791011,4,2019-04-01T20:00:00.0,0.559791011,0,0.559791011,2181,1.142817344,1,0,0.489834193
0,-0.142817344,1,0.559791011,4,2019-04-01T21:00:00.0,0.559791011,0,0.559791011,2182,1.142817344,1,0,0.489834193
0,-0.234220421,1,0.613228926,4,2019-04-01T22:00:00.0,0.613228926,0,0.613228926,2183,1.234220421,1,0,0.496855275
0,-0.234220421,1,0.613228926,4,2019-04-01T23:00:00.0,0.613228926,0,0.613228926,2184,1.234220421,1,0,0.496855275
0,-0.121127698,1,0.656222487,4,2019-04-02T00:00:00.0,0.656222487,0,0.656222487,2185,1.121127698,1,0,0.585323588
0,-0.121127698,1,0.622539869,4,2019-04-02T01:00:00.0,0.622539869,0,0.622539869,2186,1.121127698,1,0,0.555280072
0,-0.142817344,1,0.559791011,4,2019-04-02T02:00:00.0,0.559791011,0,0.559791011,2187,1.142817344,1,0,0.489834193
0,-0.142817344,1,0.559791011,4,2019-04-02T03:00:00.0,0.559791011,0,0.559791011,2188,1.142817344,1,0,0.489834193
0,-0.142817344,1,0.559791011,4,2019-04-02T04:00:00.0,0.559791011,0,0.559791011,2189,1.142817344,1,0,0.489834193
0,-0.142817344,1,0.559791011,4,2019-04-02T05:00:00.0,0.559791011,0,0.559791011,2190,1.142817344,1,0,0.489834193
0,-0.142817344,1,0.559791011,4,2019-04-02T06:00:00.0,0.559791011,0,0.559791011,2191,1.142817344,1,0,0.489834193
0,-0.142027938,1,0.565047779,4,2019-04-02T07:00:00.0,0.565047779,0,0.565047779,2192,1.142027938,1,0,0.494775793
0,-0.142817344,1,0.559791011,4,2019-04-02T08:00:00.0,0.559791011,0,0.559791011,2193,1.142817344,1,0,0.489834193
0,-0.234220421,1,0.613228926,4,2019-04-02T09:00:00.0,0.613228926,0,0.613228926,2194,1.234220421,1,0,0.496855275
0,-0.234220421,1,0.613228927,4,2019-04-02T10:00:00.0,0.613228927,0,0.613228927,2195,1.234220422,1,0,0.496855275
0,-0.234220421,1,0.613228926,4,2019-04-02T11:00:00.0,0.613228926,0,0.613228926,2196,1.234220421,1,0,0.496855275
0,-0.234220421,1,0.613228926,4,2019-04-02T12:00:00.0,0.613228926,0,0.613228926,2197,1.234220421,1,0,0.496855275
0,-0.042278842,1,0.33972788,2,2019-04-02T13:00:00.0,0.33972788,0,0.33972788,2198,1.042278842,1,0,0.325947209
0,-0.234220421,1,0.613228927,4,2019-04-02T14:00:00.0,0.613228927,0,0.613228927,2199,1.234220422,1,0,0.496855275
0,-0.234220421,1,0.613228926,4,2019-04-02T15:00:00.0,0.613228926,0,0.613228926,2200,1.234220421,1,0,0.496855275
0,-0.234220421,1,0.613228926,4,2019-04-02T16:00:00.0,0.613228926,0,0.613228926,2201,1.234220421,1,0,0.496855275
0,-0.234220421,1,0.613228926,4,2019-04-02T17:00:00.0,0.613228926,0,0.613228926,2202,1.234220421,1,0,0.496855275
0,-0.234220421,1,0.613228926,4,2019-04-02T18:00:00.0,0.613228926,0,0.613228926,2203,1.234220421,1,0,0.496855275
0,-0.234220421,1,0.613228926,4,2019-04-02T19:00:00.0,0.613228926,0,0.613228926,2204,1.234220421,1,0,0.496855275
0,-0.234220421,1,0.613228926,4,2019-04-02T20:00:00.0,0.613228926,0,0.613228926,2205,1.234220421,1,0,0.496855275
0,-0.234220421,1,0.613228926,4,2019-04-02T21:00:00.0,0.613228926,0,0.613228926,2206,1.234220421,1,0,0.496855275
0,-0.234220421,1,0.613228926,4,2019-04-02T22:00:00.0,0.613228926,0,0.613228926,2207,1.234220421,1,0,0.496855275
0,-0.042278842,1,0.313380132,2,2019-04-02T23:00:00.0,0.313380132,0,0.313380132,2208,1.042278842,1,0,0.300668228
0,-0.247966385,1,0.562017918,3,2019-04-03T00:00:00.0,0.562017918,0,0.562017918,2209,1.247966385,1,0,0.450347
0,-0.247966385,1,0.562017918,3,2019-04-03T01:00:00.0,0.562017918,0,0.562017918,2210,1.247966385,1,0,0.450347
0,-0.247966385,1,0.562017918,3,2019-04-03T02:00:00.0,0.562017918,0,0.562017918,2211,1.247966385,1,0,0.450347
0,-0.247966385,1,0.562017918,3,2019-04-03T03:00:00.0,0.562017918,0,0.562017918,2212,1.247966385,1,0,0.450347
0,-0.247966385,1,0.562017918,3,2019-04-03T04:00:00.0,0.562017918,0,0.562017918,2213,1.247966385,1,0,0.450347
0,-0.247966385,1,0.562017918,3,2019-04-03T05:00:00.0,0.562017918,0,0.562017918,2214,1.247966385,1,0,0.450347
0,-0.247966385,1,0.562017918,3,2019-04-03T06:00:00.0,0.562017918,0,0.562017918,2215,1.247966385,1,0,0.450347
0,-0.234220421,1,0.613228926,4,2019-04-03T07:00:00.0,0.613228926,0,0.613228926,2216,1.234220421,1,0,0.496855275
0,-0.234220421,1,0.613228926,4,2019-04-03T08:00:00.0,0.613228926,0,0.613228926,2217,1.234220421,1,0,0.496855275
0,-0.264294981,1,0.598261588,4,2019-04-03T09:00:00.0,0.598261588,0,0.598261588,2218,1.264294981,1,0,0.473197788
0,0,1,0.467576544,3,2019-04-03T10:00:00.0,0.467576544,0,0.467576544,2219,1,1,0,0.467576544
0,0,1,0.467576544,3,2019-04-03T11:00:00.0,0.467576544,0,0.467576544,2220,1,1,0,0.467576544
0,0,1,0.467576544,3,2019-04-03T12:00:00.0,0.467576544,0,0.467576544,2221,1,1,0,0.467576544
0,-0.274590144,1,0.594282429,4,2019-04-03T13:00:00.0,0.594282429,0,0.594282429,2222,1.274590144,1,0,0.466253746
0,-0.274590144,1,0.594282429,4,2019-04-03T14:00:00.0,0.594282429,0,0.594282429,2223,1.274590144,1,0,0.466253746
0,-0.274590144,1,0.594282429,4,2019-04-03T15:00:00.0,0.594282429,0,0.594282429,2224,1.274590144,1,0,0.466253746
0,0,1,0.467576544,3,2019-04-03T16:00:00.0,0.467576544,0,0.467576544,2225,1,1,0,0.467576544
0,-0.234220421,1,0.613228926,4,2019-04-03T17:00:00.0,0.613228926,0,0.613228926,2226,1.234220421,1,0,0.496855275
0,-0.234220421,1,0.613228926,4,2019-04-03T18:00:00.0,0.613228926,0,0.613228926,2227,1.234220421,1,0,0.496855275
0,-0.234220421,1,0.613228926,4,2019-04-03T19:00:00.0,0.613228926,0,0.613228926,2228,1.234220421,1,0,0.496855275
0,-0.234220421,1,0.613228926,4,2019-04-03T20:00:00.0,0.613228926,0,0.613228926,2229,1.234220421,1,0,0.496855275
0,-0.234220421,1,0.613228926,4,2019-04-03T21:00:00.0,0.613228926,0,0.613228926,2230,1.234220421,1,0,0.496855275
0,-0.234220421,1,0.613228926,4,2019-04-03T22:00:00.0,0.613228926,0,0.613228926,2231,1.234220421,1,0,0.496855275
0,-0.234220421,1,0.613228926,4,2019-04-03T23:00:00.0,0.613228926,0,0.613228926,2232,1.234220421,1,0,0.496855275
0,-0.234220421,1,0.613228926,4,2019-04-04T00:00:00.0,0.613228926,0,0.613228926,2233,1.234220421,1,0,0.496855275
0,-0.234220421,1,0.613228926,4,2019-04-04T01:00:00.0,0.613228926,0,0.613228926,2234,1.234220421,1,0,0.496855275
0,-0.234220421,1,0.613228926,4,2019-04-04T02:00:00.0,0.613228926,0,0.613228926,2235,1.234220421,1,0,0.496855275
0,-0.234220421,1,0.613228926,4,2019-04-04T03:00:00.0,0.613228926,0,0.613228926,2236,1.234220421,1,0,0.496855275
0,-0.234220421,1,0.613228926,4,2019-04-04T04:00:00.0,0.613228926,0,0.613228926,2237,1.234220421,1,0,0.496855275
0,-0.234220421,1,0.613228926,4,2019-04-04T05:00:00.0,0.613228926,0,0.613228926,2238,1.234220421,1,0,0.496855275
0,-0.039677957,1,0.312598129,2,2019-04-04T06:00:00.0,0.312598129,0,0.312598129,2239,1.039677957,1,0,0.300668228
0,-0.039677957,1,0.312598129,2,2019-04-04T07:00:00.0,0.312598129,0,0.312598129,2240,1.039677957,1,0,0.300668228
0,-0.039677957,1,0.312598129,2,2019-04-04T08:00:00.0,0.312598129,0,0.312598129,2241,1.039677957,1,0,0.300668228
0,-0.042278842,1,0.31473022,2,2019-04-04T09:00:00.0,0.31473022,0,0.31473022,2242,1.042278842,1,0,0.301963551
0,-0.042278842,1,0.31473022,2,2019-04-04T10:00:00.0,0.31473022,0,0.31473022,2243,1.042278842,1,0,0.301963551
0,-0.042278842,1,0.31473022,2,2019-04-04T11:00:00.0,0.31473022,0,0.31473022,2244,1.042278842,1,0,0.301963551
0,-0.042278842,1,0.31473022,2,2019-04-04T12:00:00.0,0.31473022,0,0.31473022,2245,1.042278842,1,0,0.301963551
0,-0.042278842,1,0.31473022,2,2019-04-04T13:00:00.0,0.31473022,0,0.31473022,2246,1.042278842,1,0,0.301963551
0,-0.042278842,1,0.31473022,2,2019-04-04T14:00:00.0,0.31473022,0,0.31473022,2247,1.042278842,1,0,0.301963551
0,-0.042278842,1,0.31473022,2,2019-04-04T15:00:00.0,0.31473022,0,0.31473022,2248,1.042278842,1,0,0.301963551
0,-0.042278842,1,0.31473022,2,2019-04-04T16:00:00.0,0.31473022,0,0.31473022,2249,1.042278842,1,0,0.301963551
0,-0.039677957,1,0.312598129,2,2019-04-04T17:00:00.0,0.312598129,0,0.312598129,2250,1.039677957,1,0,0.300668228
0,-0.039677957,1,0.312598129,2,2019-04-04T18:00:00.0,0.312598129,0,0.312598129,2251,1.039677957,1,0,0.300668228
0,-0.042278842,1,0.313380132,2,2019-04-04T19:00:00.0,0.313380132,0,0.313380132,2252,1.042278842,1,0,0.300668228
0,-0.042278842,1,0.313380132,2,2019-04-04T20:00:00.0,0.313380132,0,0.313380132,2253,1.042278842,1,0,0.300668228
0,-0.039717805,1,0.31261011,2,2019-04-04T21:00:00.0,0.31261011,0,0.31261011,2254,1.039717805,1,0,0.300668228
0,-0.039677957,1,0.312598129,2,2019-04-04T22:00:00.0,0.312598129,0,0.312598129,2255,1.039677957,1,0,0.300668228
0,-0.039677957,1,0.313944848,2,2019-04-04T23:00:00.0,0.313944848,0,0.313944848,2256,1.039677957,1,0,0.301963551
0,-0.121127698,1,0.656222487,4,2019-04-05T00:00:00.0,0.656222487,0,0.656222487,2257,1.121127698,1,0,0.585323588
0,-0.142817344,1,0.559791011,4,2019-04-05T01:00:00.0,0.559791011,0,0.559791011,2258,1.142817344,1,0,0.489834193
0,-0.142817344,1,0.559791011,4,2019-04-05T02:00:00.0,0.559791011,0,0.559791011,2259,1.142817344,1,0,0.489834193
0,-0.121127698,1,0.656222487,4,2019-04-05T03:00:00.0,0.656222487,0,0.656222487,2260,1.121127698,1,0,0.585323588
0,-0.039677957,1,0.338880129,2,2019-04-05T04:00:00.0,0.338880129,0,0.338880129,2261,1.039677957,1,0,0.325947209
0,-0.039677957,1,0.338880129,2,2019-04-05T05:00:00.0,0.338880129,0,0.338880129,2262,1.039677957,1,0,0.325947209
0,-0.121127698,1,0.656222487,4,2019-04-05T06:00:00.0,0.656222487,0,0.656222487,2263,1.121127698,1,0,0.585323588
0,-0.042430781,1,0.355533517,2,2019-04-05T07:00:00.0,0.355533517,0,0.355533517,2264,1.042430781,1,0,0.341061991
0,-0.042430781,1,0.355533517,2,2019-04-05T08:00:00.0,0.355533517,0,0.355533517,2265,1.042430781,1,0,0.341061991
0,-0.042430781,1,0.355533517,2,2019-04-05T09:00:00.0,0.355533517,0,0.355533517,2266,1.042430781,1,0,0.341061991
0,-0.039677957,1,0.354594634,2,2019-04-05T10:00:00.0,0.354594634,0,0.354594634,2267,1.039677957,1,0,0.341061991
0,-0.039677957,1,0.354594634,2,2019-04-05T11:00:00.0,0.354594634,0,0.354594634,2268,1.039677957,1,0,0.341061991
0,-0.039677957,1,0.354594634,2,2019-04-05T12:00:00.0,0.354594634,0,0.354594634,2269,1.039677957,1,0,0.341061991
0,-0.039677957,1,0.354594634,2,2019-04-05T13:00:00.0,0.354594634,0,0.354594634,2270,1.039677957,1,0,0.341061991
0,-0.039677957,1,0.354594634,2,2019-04-05T14:00:00.0,0.354594634,0,0.354594634,2271,1.039677957,1,0,0.341061991
0,-0.039677957,1,0.354594634,2,2019-04-05T15:00:00.0,0.354594634,0,0.354594634,2272,1.039677957,1,0,0.341061991
0,-0.039677957,1,0.354594634,2,2019-04-05T16:00:00.0,0.354594634,0,0.354594634,2273,1.039677957,1,0,0.341061991
0,-0.039677957,1,0.354594634,2,2019-04-05T17:00:00.0,0.354594634,0,0.354594634,2274,1.039677957,1,0,0.341061991
0,-0.039677957,1,0.354594634,2,2019-04-05T18:00:00.0,0.354594634,0,0.354594634,2275,1.039677957,1,0,0.341061991
0,-0.039677957,1,0.354594634,2,2019-04-05T19:00:00.0,0.354594634,0,0.354594634,2276,1.039677957,1,0,0.341061991
0,-0.039677957,1,0.354594634,2,2019-04-05T20:00:00.0,0.354594634,0,0.354594634,2277,1.039677957,1,0,0.341061991
0,-0.039677957,1,0.354594634,2,2019-04-05T21:00:00.0,0.354594634,0,0.354594634,2278,1.039677957,1,0,0.341061991
0,-0.234220421,1,0.613228926,4,2019-04-05T22:00:00.0,0.613228926,0,0.613228926,2279,1.234220421,1,0,0.496855275
0,-0.234220421,1,0.613228927,4,2019-04-05T23:00:00.0,0.613228927,0,0.613228927,2280,1.234220422,1.000000001,0,0.496855275
0,-0.039677957,1,0.312598129,2,2019-04-06T00:00:00.0,0.312598129,0,0.312598129,2281,1.039677957,1,0,0.300668228
0,-0.039677957,1,0.312598129,2,2019-04-06T01:00:00.0,0.312598129,0,0.312598129,2282,1.039677957,1,0,0.300668228
0,-0.039677957,1,0.312598129,2,2019-04-06T02:00:00.0,0.312598129,0,0.312598129,2283,1.039677957,1,0,0.300668228
0,-0.039677957,1,0.312598129,2,2019-04-06T03:00:00.0,0.312598129,0,0.312598129,2284,1.039677957,1,0,0.300668228
0,-0.039677957,1,0.312598129,2,2019-04-06T04:00:00.0,0.312598129,0,0.312598129,2285,1.039677957,1,0,0.300668228
0,-0.039677957,1,0.312598129,2,2019-04-06T05:00:00.0,0.312598129,0,0.312598129,2286,1.039677957,1,0,0.300668228
0,-0.039677957,1,0.312598129,2,2019-04-06T06:00:00.0,0.312598129,0,0.312598129,2287,1.039677957,1,0,0.300668228
0,-0.039677957,1,0.312598129,2,2019-04-06T07:00:00.0,0.312598129,0,0.312598129,2288,1.039677957,1,0,0.300668228
0,-0.039677957,1,0.312598129,2,2019-04-06T08:00:00.0,0.312598129,0,0.312598129,2289,1.039677957,1,0,0.300668228
0,-0.039677957,1,0.312598129,2,2019-04-06T09:00:00.0,0.312598129,0,0.312598129,2290,1.039677957,1,0,0.300668228
0,-0.037777842,1,0.343381262,3,2019-04-06T10:00:00.0,0.343381262,0,0.343381262,2291,1.037777842,1,0,0.330881281
0,-0.035016975,1,0.36021253,3,2019-04-06T11:00:00.0,0.36021253,0,0.36021253,2292,1.035016975,1,0,0.348025722
0,-0.035016975,1,0.36021253,3,2019-04-06T12:00:00.0,0.36021253,0,0.36021253,2293,1.035016975,1,0,0.348025722
0,-0.037777842,1,0.343381262,3,2019-04-06T13:00:00.0,0.343381262,0,0.343381262,2294,1.037777842,1,0,0.330881281
0,-0.035016975,1,0.36021253,3,2019-04-06T14:00:00.0,0.36021253,0,0.36021253,2295,1.035016975,1,0,0.348025722
0,-0.035016975,1,0.36021253,3,2019-04-06T15:00:00.0,0.36021253,0,0.36021253,2296,1.035016975,1,0,0.348025722
0,-0.035016975,1,0.36021253,3,2019-04-06T16:00:00.0,0.36021253,0,0.36021253,2297,1.035016975,1,0,0.348025722
0,-0.042430781,1,0.3147761,2,2019-04-06T17:00:00.0,0.3147761,0,0.3147761,2298,1.042430781,1,0,0.301963551
0,-0.142817344,1,0.559791011,4,2019-04-06T18:00:00.0,0.559791011,0,0.559791011,2299,1.142817344,1,0,0.489834193
0,-0.142817344,1,0.559791011,4,2019-04-06T19:00:00.0,0.559791011,0,0.559791011,2300,1.142817344,1,0,0.489834193
0,-0.142817344,1,0.559791011,4,2019-04-06T20:00:00.0,0.559791011,0,0.559791011,2301,1.142817344,1,0,0.489834193
0,-0.142817344,1,0.559791011,4,2019-04-06T21:00:00.0,0.559791011,0,0.559791011,2302,1.142817344,1,0,0.489834193
0,-0.142817344,1,0.559791011,4,2019-04-06T22:00:00.0,0.559791011,0,0.559791011,2303,1.142817344,1,0,0.489834193
0,-0.039677957,1,0.313944848,2,2019-04-06T23:00:00.0,0.313944848,0,0.313944848,2304,1.039677957,1,0,0.301963551
0,-0.039677957,1,0.313944848,2,2019-04-07T00:00:00.0,0.313944848,0,0.313944848,2305,1.039677957,1,0,0.301963551
0,-0.036661054,1,0.346886061,3,2019-04-07T01:00:00.0,0.346886061,0,0.346886061,2306,1.036661054,1,0,0.334618591
0,-0.036661054,1,0.346886061,3,2019-04-07T02:00:00.0,0.346886061,0,0.346886061,2307,1.036661054,1,0,0.334618591
0,-0.036661054,1,0.346886061,3,2019-04-07T03:00:00.0,0.346886061,0,0.346886061,2308,1.036661054,1,0,0.334618591
0,-0.036661054,1,0.346886061,3,2019-04-07T04:00:00.0,0.346886061,0,0.346886061,2309,1.036661054,1,0,0.334618591
0,-0.039677957,1,0.313944848,2,2019-04-07T05:00:00.0,0.313944848,0,0.313944848,2310,1.039677957,1,0,0.301963551
0,-0.039677957,1,0.313944848,2,2019-04-07T06:00:00.0,0.313944848,0,0.313944848,2311,1.039677957,1,0,0.301963551
0,-0.039677957,1,0.313944848,2,2019-04-07T07:00:00.0,0.313944848,0,0.313944848,2312,1.039677957,1,0,0.301963551
0,-0.039677957,1,0.312598129,2,2019-04-07T08:00:00.0,0.312598129,0,0.312598129,2313,1.039677957,1,0,0.300668228
0,-0.035016975,1,0.360392919,3,2019-04-07T09:00:00.0,0.360392919,0,0.360392919,2314,1.035016975,1,0,0.348200008
0,-0.035016975,1,0.360392919,3,2019-04-07T10:00:00.0,0.360392919,0,0.360392919,2315,1.035016975,1,0,0.348200008
0,-0.035016975,1,0.360392919,3,2019-04-07T11:00:00.0,0.360392919,0,0.360392919,2316,1.035016975,1,0,0.348200008
0,-0.035016975,1,0.360392919,3,2019-04-07T12:00:00.0,0.360392919,0,0.360392919,2317,1.035016975,1,0,0.348200008
0,-0.035016975,1,0.360392919,3,2019-04-07T13:00:00.0,0.360392919,0,0.360392919,2318,1.035016975,1,0,0.348200008
0,-0.035016975,1,0.360392919,3,2019-04-07T14:00:00.0,0.360392919,0,0.360392919,2319,1.035016975,1,0,0.348200008
0,-0.035016975,1,0.36021253,3,2019-04-07T15:00:00.0,0.36021253,0,0.36021253,2320,1.035016975,1,0,0.348025722
0,0,1,0.300668228,1,2019-04-07T16:00:00.0,0.300668228,0,0.300668228,2321,1,1,0,0.300668228
0,-0.039677957,1,0.312598129,2,2019-04-07T17:00:00.0,0.312598129,0,0.312598129,2322,1.039677957,1,0,0.300668228
0,-0.039677957,1,0.312598129,2,2019-04-07T18:00:00.0,0.312598129,0,0.312598129,2323,1.039677957,1,0,0.300668228
0,-0.039677957,1,0.312598129,2,2019-04-07T19:00:00.0,0.312598129,0,0.312598129,2324,1.039677957,1,0,0.300668228
0,-0.039677957,1,0.312598129,2,2019-04-07T20:00:00.0,0.312598129,0,0.312598129,2325,1.039677957,1,0,0.300668228
0,-0.039677957,1,0.312598129,2,2019-04-07T21:00:00.0,0.312598129,0,0.312598129,2326,1.039677957,1,0,0.300668228
0,-0.039677957,1,0.312598129,2,2019-04-07T22:00:00.0,0.312598129,0,0.312598129,2327,1.039677957,1,0,0.300668228
0,-0.264294981,1,0.598261588,4,2019-04-07T23:00:00.0,0.598261588,0,0.598261588,2328,1.264294981,1,0,0.473197788
0,-0.039677957,1,0.313944848,2,2019-04-08T00:00:00.0,0.313944848,0,0.313944848,2329,1.039677957,1,0,0.301963551
0,-0.039677957,1,0.313944848,2,2019-04-08T01:00:00.0,0.313944848,0,0.313944848,2330,1.039677957,1,0,0.301963551
0,-0.039677957,1,0.313944848,2,2019-04-08T02:00:00.0,0.313944848,0,0.313944848,2331,1.039677957,1,0,0.301963551
0,-0.039677957,1,0.312598129,2,2019-04-08T03:00:00.0,0.312598129,0,0.312598129,2332,1.039677957,1,0,0.300668228
0,-0.039677957,1,0.313944848,2,2019-04-08T04:00:00.0,0.313944848,0,0.313944848,2333,1.039677957,1,0,0.301963551
0,-0.039677957,1,0.313944848,2,2019-04-08T05:00:00.0,0.313944848,0,0.313944848,2334,1.039677957,1,0,0.301963551
0,-0.039677957,1,0.313944848,2,2019-04-08T06:00:00.0,0.313944848,0,0.313944848,2335,1.039677957,1,0,0.301963551
0,-0.039677957,1,0.313944848,2,2019-04-08T07:00:00.0,0.313944848,0,0.313944848,2336,1.039677957,1,0,0.301963551
0,-0.039677957,1,0.313944848,2,2019-04-08T08:00:00.0,0.313944848,0,0.313944848,2337,1.039677957,1,0,0.301963551
0,-0.234220421,1,0.613228926,4,2019-04-08T09:00:00.0,0.613228926,0,0.613228926,2338,1.234220421,1,0,0.496855275
0,-0.234220421,1,0.613228926,4,2019-04-08T10:00:00.0,0.613228926,0,0.613228926,2339,1.234220421,1,0,0.496855275
0,-0.234220421,1,0.613228926,4,2019-04-08T11:00:00.0,0.613228926,0,0.613228926,2340,1.234220421,1,0,0.496855275
0,-0.234220421,1,0.613228926,4,2019-04-08T12:00:00.0,0.613228926,0,0.613228926,2341,1.234220421,1,0,0.496855275
0,-0.234220421,1,0.613228926,4,2019-04-08T13:00:00.0,0.613228926,0,0.613228926,2342,1.234220421,1,0,0.496855275
0,-0.234220421,1,0.613228926,4,2019-04-08T14:00:00.0,0.613228926,0,0.613228926,2343,1.234220421,1,0,0.496855275
0,-0.234220421,1,0.613228926,4,2019-04-08T15:00:00.0,0.613228926,0,0.613228926,2344,1.234220421,1,0,0.496855275
0,-0.234220421,1,0.613228926,4,2019-04-08T16:00:00.0,0.613228926,0,0.613228926,2345,1.234220421,1,0,0.496855275
0,-0.234220421,1,0.613228926,4,2019-04-08T17:00:00.0,0.613228926,0,0.613228926,2346,1.234220421,1,0,0.496855275
0,-0.142817344,1,0.559791011,4,2019-04-08T18:00:00.0,0.559791011,0,0.559791011,2347,1.142817344,1,0,0.489834193
0,-0.142817344,1,0.559791011,4,2019-04-08T19:00:00.0,0.559791011,0,0.559791011,2348,1.142817344,1,0,0.489834193
0,-0.142817344,1,0.559791011,4,2019-04-08T20:00:00.0,0.559791011,0,0.559791011,2349,1.142817344,1,0,0.489834193
0,-0.142817344,1,0.559791011,4,2019-04-08T21:00:00.0,0.559791011,0,0.559791011,2350,1.142817344,1,0,0.489834193
0,-0.142452068,1,0.559733997,4,2019-04-08T22:00:00.0,0.559733997,0,0.559733997,2351,1.142452068,1,0,0.489940903
0,-0.234220421,1,0.613228926,4,2019-04-08T23:00:00.0,0.613228926,0,0.613228926,2352,1.234220421,1,0,0.496855275
0,-0.142817344,1,0.559791011,4,2019-04-09T00:00:00.0,0.559791011,0,0.559791011,2353,1.142817344,1,0,0.489834193
0,-0.142817344,1,0.559791011,4,2019-04-09T01:00:00.0,0.559791011,0,0.559791011,2354,1.142817344,1,0,0.489834193
0,-0.142817344,1,0.559791011,4,2019-04-09T02:00:00.0,0.559791011,0,0.559791011,2355,1.142817344,1,0,0.489834193
0,-0.142817344,1,0.559791011,4,2019-04-09T03:00:00.0,0.559791011,0,0.559791011,2356,1.142817344,1,0,0.489834193
0,-0.142817344,1,0.559791011,4,2019-04-09T04:00:00.0,0.559791011,0,0.559791011,2357,1.142817344,1,0,0.489834193
0,-0.142817344,1,0.559791011,4,2019-04-09T05:00:00.0,0.559791011,0,0.559791011,2358,1.142817344,1,0,0.489834193
0,-0.142817344,1,0.559791011,4,2019-04-09T06:00:00.0,0.559791011,0,0.559791011,2359,1.142817344,1,0,0.489834193
0,-0.239616846,1,0.616383893,3,2019-04-09T07:00:00.0,0.616383893,0,0.616383893,2360,1.239616846,1,0,0.497237429
0,-0.239616846,1,0.616383893,3,2019-04-09T08:00:00.0,0.616383893,0,0.616383893,2361,1.239616846,1,0,0.497237429
0,-0.239616846,1,0.616383893,3,2019-04-09T09:00:00.0,0.616383893,0,0.616383893,2362,1.239616846,1,0,0.497237429
0,-0.239616846,1,0.616383893,3,2019-04-09T10:00:00.0,0.616383893,0,0.616383893,2363,1.239616846,1,0,0.497237429
0,-0.239616846,1,0.616383893,3,2019-04-09T11:00:00.0,0.616383893,0,0.616383893,2364,1.239616846,1,0,0.497237429
0,-0.239616846,1,0.616383893,3,2019-04-09T12:00:00.0,0.616383893,0,0.616383893,2365,1.239616846,1,0,0.497237429
0,-0.239616846,1,0.616383893,3,2019-04-09T13:00:00.0,0.616383893,0,0.616383893,2366,1.239616846,1,0,0.497237429
0,-0.239616846,1,0.616383893,3,2019-04-09T14:00:00.0,0.616383893,0,0.616383893,2367,1.239616846,1,0,0.497237429
0,-0.239616846,1,0.616383893,3,2019-04-09T15:00:00.0,0.616383893,0,0.616383893,2368,1.239616846,1,0,0.497237429
0,-0.239616846,1,0.616383893,3,2019-04-09T16:00:00.0,0.616383893,0,0.616383893,2369,1.239616846,1,0,0.497237429
0,-0.239616846,1,0.616383893,3,2019-04-09T17:00:00.0,0.616383893,0,0.616383893,2370,1.239616846,1,0,0.497237429
0,-0.239616846,1,0.616383893,3,2019-04-09T18:00:00.0,0.616383893,0,0.616383893,2371,1.239616846,1,0,0.497237429
0,-0.239616846,1,0.616383893,3,2019-04-09T19:00:00.0,0.616383893,0,0.616383893,2372,1.239616846,1,0,0.497237429
0,-0.239616846,1,0.616383893,3,2019-04-09T20:00:00.0,0.616383893,0,0.616383893,2373,1.239616846,1,0,0.497237429
0,-0.239616846,1,0.616383893,3,2019-04-09T21:00:00.0,0.616383893,0,0.616383893,2374,1.239616846,1,0,0.497237429
0,-0.239616846,1,0.616383893,3,2019-04-09T22:00:00.0,0.616383893,0,0.616383893,2375,1.239616846,1,0,0.497237429
0,-0.234220421,1,0.613228927,4,2019-04-09T23:00:00.0,0.613228927,0,0.613228927,2376,1.234220422,1.000000001,0,0.496855275
0,-0.039677957,1,0.312598129,2,2019-04-10T00:00:00.0,0.312598129,0,0.312598129,2377,1.039677957,1,0,0.300668228
0,-0.039677957,1,0.312598129,2,2019-04-10T01:00:00.0,0.312598129,0,0.312598129,2378,1.039677957,1,0,0.300668228
0,-0.039677957,1,0.312598129,2,2019-04-10T02:00:00.0,0.312598129,0,0.312598129,2379,1.039677957,1,0,0.300668228
0,-0.039677957,1,0.312598129,2,2019-04-10T03:00:00.0,0.312598129,0,0.312598129,2380,1.039677957,1,0,0.300668228
0,-0.039677957,1,0.312598129,2,2019-04-10T04:00:00.0,0.312598129,0,0.312598129,2381,1.039677957,1,0,0.300668228
0,-0.039677957,1,0.312598129,2,2019-04-10T05:00:00.0,0.312598129,0,0.312598129,2382,1.039677957,1,0,0.300668228
0,-0.039677957,1,0.312598129,2,2019-04-10T06:00:00.0,0.312598129,0,0.312598129,2383,1.039677957,1,0,0.300668228
0,-0.234220421,1,0.613228926,4,2019-04-10T07:00:00.0,0.613228926,0,0.613228926,2384,1.234220421,1,0,0.496855275
0,-0.234220421,1,0.613228926,4,2019-04-10T08:00:00.0,0.613228926,0,0.613228926,2385,1.234220421,1,0,0.496855275
0,-0.234220421,1,0.613228926,4,2019-04-10T09:00:00.0,0.613228926,0,0.613228926,2386,1.234220421,1,0,0.496855275
0,-0.042278842,1,0.31473022,2,2019-04-10T10:00:00.0,0.31473022,0,0.31473022,2387,1.042278842,1,0,0.301963551
0,-0.042278842,1,0.31473022,2,2019-04-10T11:00:00.0,0.31473022,0,0.31473022,2388,1.042278842,1,0,0.301963551
0,-0.042278842,1,0.31473022,2,2019-04-10T12:00:00.0,0.31473022,0,0.31473022,2389,1.042278842,1,0,0.301963551
0,-0.042278842,1,0.31473022,2,2019-04-10T13:00:00.0,0.31473022,0,0.31473022,2390,1.042278842,1,0,0.301963551
0,-0.042278842,1,0.31473022,2,2019-04-10T14:00:00.0,0.31473022,0,0.31473022,2391,1.042278842,1,0,0.301963551
0,-0.042278842,1,0.31473022,2,2019-04-10T15:00:00.0,0.31473022,0,0.31473022,2392,1.042278842,1,0,0.301963551
0,-0.234220421,1,0.613228926,4,2019-04-10T16:00:00.0,0.613228926,0,0.613228926,2393,1.234220421,1,0,0.496855275
0,-0.234220421,1,0.613228926,4,2019-04-10T17:00:00.0,0.613228926,0,0.613228926,2394,1.234220421,1,0,0.496855275
0,-0.234220421,1,0.613228926,4,2019-04-10T18:00:00.0,0.613228926,0,0.613228926,2395,1.234220421,1,0,0.496855275
0,-0.142817344,1,0.559791011,4,2019-04-10T19:00:00.0,0.559791011,0,0.559791011,2396,1.142817344,1,0,0.489834193
0,-0.234025739,1,0.613290992,5,2019-04-10T20:00:00.0,0.613290992,0,0.613290992,2397,1.234025739,1,0,0.496983955
0,-0.234049285,1,0.613283486,5,2019-04-10T21:00:00.0,0.613283486,0,0.613283486,2398,1.234049285,1,0,0.49696839
0,-0.234220421,1,0.613228926,4,2019-04-10T22:00:00.0,0.613228926,0,0.613228926,2399,1.234220421,1,0,0.496855275
0,-0.042278842,1,0.31473022,2,2019-04-10T23:00:00.0,0.31473022,0,0.31473022,2400,1.042278842,1,0,0.301963551
0,-0.039677957,1,0.312598129,2,2019-04-11T00:00:00.0,0.312598129,0,0.312598129,2401,1.039677957,1,0,0.300668228
0,-0.039677957,1,0.312598129,2,2019-04-11T01:00:00.0,0.312598129,0,0.312598129,2402,1.039677957,1,0,0.300668228
0,-0.039457729,1,0.312531913,2,2019-04-11T02:00:00.0,0.312531913,0,0.312531913,2403,1.039457729,1,0,0.300668228
0,-0.039677957,1,0.312598129,2,2019-04-11T03:00:00.0,0.312598129,0,0.312598129,2404,1.039677957,1,0,0.300668228
0,-0.039677957,1,0.312598129,2,2019-04-11T04:00:00.0,0.312598129,0,0.312598129,2405,1.039677957,1,0,0.300668228
0,-0.047144112,1,0.294393113,2,2019-04-11T05:00:00.0,0.294393113,0,0.294393113,2406,1.047144112,1,0,0.281139061
0,-0.042430781,1,0.313425816,2,2019-04-11T06:00:00.0,0.313425816,0,0.313425816,2407,1.042430781,1,0,0.300668228
0,-0.121127698,1,0.656222487,4,2019-04-11T07:00:00.0,0.656222487,0,0.656222487,2408,1.121127698,1,0,0.585323588
0,-0.142817344,1,0.559791011,4,2019-04-11T08:00:00.0,0.559791011,0,0.559791011,2409,1.142817344,1,0,0.489834193
0,-0.035016975,1,0.36021253,3,2019-04-11T09:00:00.0,0.36021253,0,0.36021253,2410,1.035016975,1,0,0.348025722
0,-0.035016975,1,0.36021253,3,2019-04-11T10:00:00.0,0.36021253,0,0.36021253,2411,1.035016975,1,0,0.348025722
0,-0.035016975,1,0.36021253,3,2019-04-11T11:00:00.0,0.36021253,0,0.36021253,2412,1.035016975,1,0,0.348025722
0,-0.035016975,1,0.36021253,3,2019-04-11T12:00:00.0,0.36021253,0,0.36021253,2413,1.035016975,1,0,0.348025722
0,-0.035016975,1,0.36021253,3,2019-04-11T13:00:00.0,0.36021253,0,0.36021253,2414,1.035016975,1,0,0.348025722
0,-0.035016975,1,0.36021253,3,2019-04-11T14:00:00.0,0.36021253,0,0.36021253,2415,1.035016975,1,0,0.348025722
0,-0.035016975,1,0.36021253,3,2019-04-11T15:00:00.0,0.36021253,0,0.36021253,2416,1.035016975,1,0,0.348025722
0,-0.035016975,1,0.360392919,3,2019-04-11T16:00:00.0,0.360392919,0,0.360392919,2417,1.035016975,1,0,0.348200008
0,-0.121127698,1,0.656222487,4,2019-04-11T17:00:00.0,0.656222487,0,0.656222487,2418,1.121127699,1,0,0.585323588
0,-0.142817344,1,0.559791011,4,2019-04-11T18:00:00.0,0.559791011,0,0.559791011,2419,1.142817344,1,0,0.489834193
0,-0.142817344,1,0.559791011,4,2019-04-11T19:00:00.0,0.559791011,0,0.559791011,2420,1.142817344,1,0,0.489834193
0,-0.121127698,1,0.656222487,4,2019-04-11T20:00:00.0,0.656222487,0,0.656222487,2421,1.121127698,1,0,0.585323588
0,-0.121127698,1,0.656222487,4,2019-04-11T21:00:00.0,0.656222487,0,0.656222487,2422,1.121127698,1,0,0.585323588
0,-0.03455205,1,0.403796997,3,2019-04-11T22:00:00.0,0.403796997,0,0.403796997,2423,1.03455205,1,0,0.390310954
0,-0.042430781,1,0.3147761,2,2019-04-11T23:00:00.0,0.3147761,0,0.3147761,2424,1.042430781,1,0,0.301963551
0,-0.234220421,1,0.613228926,4,2019-04-12T00:00:00.0,0.613228926,0,0.613228926,2425,1.234220421,1,0,0.496855275
0,-0.234220421,1,0.613228926,4,2019-04-12T01:00:00.0,0.613228926,0,0.613228926,2426,1.234220421,1,0,0.496855275
0,-0.234220421,1,0.613228926,4,2019-04-12T02:00:00.0,0.613228926,0,0.613228926,2427,1.234220421,1,0,0.496855275
0,-0.234220421,1,0.613228926,4,2019-04-12T03:00:00.0,0.613228926,0,0.613228926,2428,1.234220421,1,0,0.496855275
0,-0.234220421,1,0.613228926,4,2019-04-12T04:00:00.0,0.613228926,0,0.613228926,2429,1.234220421,1,0,0.496855275
0,-0.234220421,1,0.613228926,4,2019-04-12T05:00:00.0,0.613228926,0,0.613228926,2430,1.234220421,1,0,0.496855275
0,-0.234220421,1,0.613228926,4,2019-04-12T06:00:00.0,0.613228926,0,0.613228926,2431,1.234220421,1,0,0.496855275
0,-0.234220421,1,0.613228926,4,2019-04-12T07:00:00.0,0.613228926,0,0.613228926,2432,1.234220421,1,0,0.496855275
0,-0.234220421,1,0.613228926,4,2019-04-12T08:00:00.0,0.613228926,0,0.613228926,2433,1.234220421,1,0,0.496855275
0,-0.234220421,1,0.613228926,4,2019-04-12T09:00:00.0,0.613228926,0,0.613228926,2434,1.234220421,1,0,0.496855275
0,-0.257465266,1,0.56629571,3,2019-04-12T10:00:00.0,0.56629571,0,0.56629571,2435,1.257465266,1,0,0.450347
0,-0.257465266,1,0.56629571,3,2019-04-12T11:00:00.0,0.56629571,0,0.56629571,2436,1.257465266,1,0,0.450347
0,-0.257465266,1,0.56629571,3,2019-04-12T12:00:00.0,0.56629571,0,0.56629571,2437,1.257465266,1,0,0.450347
0,-0.257465266,1,0.56629571,3,2019-04-12T13:00:00.0,0.56629571,0,0.56629571,2438,1.257465266,1,0,0.450347
0,-0.257465266,1,0.56629571,3,2019-04-12T14:00:00.0,0.56629571,0,0.56629571,2439,1.257465266,1,0,0.450347
0,-0.257465266,1,0.56629571,3,2019-04-12T15:00:00.0,0.56629571,0,0.56629571,2440,1.257465266,1,0,0.450347
0,-0.234220421,1,0.613228926,4,2019-04-12T16:00:00.0,0.613228926,0,0.613228926,2441,1.234220421,1,0,0.496855275
0,-0.234220421,1,0.613228926,4,2019-04-12T17:00:00.0,0.613228926,0,0.613228926,2442,1.234220421,1,0,0.496855275
0,-0.234220421,1,0.613228926,4,2019-04-12T18:00:00.0,0.613228926,0,0.613228926,2443,1.234220421,1,0,0.496855275
0,-0.234220421,1,0.613228926,4,2019-04-12T19:00:00.0,0.613228926,0,0.613228926,2444,1.234220421,1,0,0.496855275
0,-0.234220421,1,0.613228926,4,2019-04-12T20:00:00.0,0.613228926,0,0.613228926,2445,1.234220421,1,0,0.496855275
0,-0.234220421,1,0.613228926,4,2019-04-12T21:00:00.0,0.613228926,0,0.613228926,2446,1.234220421,1,0,0.496855275
0,-0.234220421,1,0.613228926,4,2019-04-12T22:00:00.0,0.613228926,0,0.613228926,2447,1.234220421,1,0,0.496855275
0,-0.247966385,1,0.562017918,3,2019-04-12T23:00:00.0,0.562017918,0,0.562017918,2448,1.247966385,1,0,0.450347
0,-0.247966385,1,0.562017918,3,2019-04-13T00:00:00.0,0.562017918,0,0.562017918,2449,1.247966385,1,0,0.450347
0,-0.274590144,1,0.594282429,4,2019-04-13T01:00:00.0,0.594282429,0,0.594282429,2450,1.274590144,1,0,0.466253746
0,-0.274590144,1,0.594282429,4,2019-04-13T02:00:00.0,0.594282429,0,0.594282429,2451,1.274590144,1,0,0.466253746
0,-0.274590144,1,0.594282429,4,2019-04-13T03:00:00.0,0.594282429,0,0.594282429,2452,1.274590144,1,0,0.466253746
0,-0.274590144,1,0.594282429,4,2019-04-13T04:00:00.0,0.594282429,0,0.594282429,2453,1.274590144,1,0,0.466253746
0,-0.275533115,1,0.574432512,3,2019-04-13T05:00:00.0,0.574432512,0,0.574432512,2454,1.275533115,1,0,0.450347
0,-0.247966385,1,0.562017918,3,2019-04-13T06:00:00.0,0.562017918,0,0.562017918,2455,1.247966385,1,0,0.450347
0,-0.247966385,1,0.562017918,3,2019-04-13T07:00:00.0,0.562017918,0,0.562017918,2456,1.247966385,1,0,0.450347
0,-0.234220421,1,0.613228926,4,2019-04-13T08:00:00.0,0.613228926,0,0.613228926,2457,1.234220421,1,0,0.496855275
0,-0.234220421,1,0.613228926,4,2019-04-13T09:00:00.0,0.613228926,0,0.613228926,2458,1.234220421,1,0,0.496855275
0,-0.234220421,1,0.613228926,4,2019-04-13T10:00:00.0,0.613228926,0,0.613228926,2459,1.234220421,1,0,0.496855275
0,-0.234220421,1,0.613228926,4,2019-04-13T11:00:00.0,0.613228926,0,0.613228926,2460,1.234220421,1,0,0.496855275
0,-0.234220421,1,0.613228926,4,2019-04-13T12:00:00.0,0.613228926,0,0.613228926,2461,1.234220421,1,0,0.496855275
0,-0.264294981,1,0.598261588,4,2019-04-13T13:00:00.0,0.598261588,0,0.598261588,2462,1.264294981,1,0,0.473197788
0,-0.264294981,1,0.598261588,4,2019-04-13T14:00:00.0,0.598261588,0,0.598261588,2463,1.264294981,1,0,0.473197788
0,-0.264294981,1,0.598261588,4,2019-04-13T15:00:00.0,0.598261588,0,0.598261588,2464,1.264294981,1,0,0.473197788
0,-0.234220421,1,0.613228926,4,2019-04-13T16:00:00.0,0.613228926,0,0.613228926,2465,1.234220421,1,0,0.496855275
0,-0.234220421,1,0.613228926,4,2019-04-13T17:00:00.0,0.613228926,0,0.613228926,2466,1.234220421,1,0,0.496855275
0,-0.234220421,1,0.613228926,4,2019-04-13T18:00:00.0,0.613228926,0,0.613228926,2467,1.234220421,1,0,0.496855275
0,-0.234220421,1,0.613228926,4,2019-04-13T19:00:00.0,0.613228926,0,0.613228926,2468,1.234220421,1,0,0.496855275
0,-0.234220421,1,0.613228926,4,2019-04-13T20:00:00.0,0.613228926,0,0.613228926,2469,1.234220421,1,0,0.496855275
0,-0.234220421,1,0.613228926,4,2019-04-13T21:00:00.0,0.613228926,0,0.613228926,2470,1.234220421,1,0,0.496855275
0,-0.234220421,1,0.613228926,4,2019-04-13T22:00:00.0,0.613228926,0,0.613228926,2471,1.234220421,1,0,0.496855275
0,-0.234220421,1,0.613228926,4,2019-04-13T23:00:00.0,0.613228926,0,0.613228926,2472,1.234220421,1,0,0.496855275
0,-0.039677957,1,0.313944848,2,2019-04-14T00:00:00.0,0.313944848,0,0.313944848,2473,1.039677957,1,0,0.301963551
0,-0.039677957,1,0.313944848,2,2019-04-14T01:00:00.0,0.313944848,0,0.313944848,2474,1.039677957,1,0,0.301963551
0,-0.039677957,1,0.313944848,2,2019-04-14T02:00:00.0,0.313944848,0,0.313944848,2475,1.039677957,1,0,0.301963551
0,-0.039677957,1,0.312598129,2,2019-04-14T03:00:00.0,0.312598129,0,0.312598129,2476,1.039677957,1,0,0.300668228
0,-0.036661054,1,0.346886061,3,2019-04-14T04:00:00.0,0.346886061,0,0.346886061,2477,1.036661054,1,0,0.334618591
0,-0.039677957,1,0.313944848,2,2019-04-14T05:00:00.0,0.313944848,0,0.313944848,2478,1.039677957,1,0,0.301963551
0,-0.039677957,1,0.313944848,2,2019-04-14T06:00:00.0,0.313944848,0,0.313944848,2479,1.039677957,1,0,0.301963551
0,-0.039677957,1,0.313944848,2,2019-04-14T07:00:00.0,0.313944848,0,0.313944848,2480,1.039677957,1,0,0.301963551
0,-0.039677957,1,0.313944848,2,2019-04-14T08:00:00.0,0.313944848,0,0.313944848,2481,1.039677957,1,0,0.301963551
0,-0.039677957,1,0.338880129,2,2019-04-14T09:00:00.0,0.338880129,0,0.338880129,2482,1.039677957,1,0,0.325947209
0,-0.042430781,1,0.339777404,2,2019-04-14T10:00:00.0,0.339777404,0,0.339777404,2483,1.042430781,1,0,0.325947209
0,-0.042430781,1,0.339777404,2,2019-04-14T11:00:00.0,0.339777404,0,0.339777404,2484,1.042430781,1,0,0.325947209
0,-0.034539314,1,0.403766889,3,2019-04-14T12:00:00.0,0.403766889,0,0.403766889,2485,1.034539314,1,0,0.390286656
0,-0.038204097,1,0.430340494,4,2019-04-14T13:00:00.0,0.430340494,0,0.430340494,2486,1.038204097,1,0,0.414504716
0,-0.142817344,1,0.559791011,4,2019-04-14T14:00:00.0,0.559791011,0,0.559791011,2487,1.142817344,1,0,0.489834193
0,-0.142817344,1,0.559791011,4,2019-04-14T15:00:00.0,0.559791011,0,0.559791011,2488,1.142817344,1,0,0.489834193
0,-0.121127698,1,0.656222487,4,2019-04-14T16:00:00.0,0.656222487,0,0.656222487,2489,1.121127698,1,0,0.585323588
0,-0.121127698,1,0.656222487,4,2019-04-14T17:00:00.0,0.656222487,0,0.656222487,2490,1.121127698,1,0,0.585323588
0,-0.121127698,1,0.656222487,4,2019-04-14T18:00:00.0,0.656222487,0,0.656222487,2491,1.121127698,1,0,0.585323588
0,-0.142817344,1,0.559791011,4,2019-04-14T19:00:00.0,0.559791011,0,0.559791011,2492,1.142817344,1,0,0.489834193
0,-0.142817344,1,0.559791011,4,2019-04-14T20:00:00.0,0.559791011,0,0.559791011,2493,1.142817344,1,0,0.489834193
0,-0.234220421,1,0.613228926,4,2019-04-14T21:00:00.0,0.613228926,0,0.613228926,2494,1.234220421,1,0,0.496855275
0,-0.039677957,1,0.312598129,2,2019-04-14T22:00:00.0,0.312598129,0,0.312598129,2495,1.039677957,1,0,0.300668228
0,-0.234220422,1,0.613228928,4,2019-04-14T23:00:00.0,0.613228928,0,0.613228928,2496,1.234220424,1.000000003,0,0.496855275
0,-0.264294981,1,0.598261588,4,2019-04-15T00:00:00.0,0.598261588,0,0.598261588,2497,1.264294981,1,0,0.473197788
0,-0.274590144,1,0.594282429,4,2019-04-15T01:00:00.0,0.594282429,0,0.594282429,2498,1.274590144,1,0,0.466253746
0,-0.234220421,1,0.613228926,4,2019-04-15T02:00:00.0,0.613228926,0,0.613228926,2499,1.234220421,1,0,0.496855275
0,-0.274590144,1,0.594282429,4,2019-04-15T03:00:00.0,0.594282429,0,0.594282429,2500,1.274590144,1,0,0.466253746
0,-0.234220421,1,0.613228926,4,2019-04-15T04:00:00.0,0.613228926,0,0.613228926,2501,1.234220421,1,0,0.496855275
0,-0.275533115,1,0.574432512,3,2019-04-15T05:00:00.0,0.574432512,0,0.574432512,2502,1.275533115,1,0,0.450347
0,-0.247966385,1,0.562017918,3,2019-04-15T06:00:00.0,0.562017918,0,0.562017918,2503,1.247966385,1,0,0.450347
0,-0.234220421,1,0.613228926,4,2019-04-15T07:00:00.0,0.613228926,0,0.613228926,2504,1.234220421,1,0,0.496855275
0,-0.234220421,1,0.613228926,4,2019-04-15T08:00:00.0,0.613228926,0,0.613228926,2505,1.234220421,1,0,0.496855275
0,-0.234220421,1,0.613228926,4,2019-04-15T09:00:00.0,0.613228926,0,0.613228926,2506,1.234220421,1,0,0.496855275
0,-0.234220421,1,0.613228926,4,2019-04-15T10:00:00.0,0.613228926,0,0.613228926,2507,1.234220421,1,0,0.496855275
0,-0.234220421,1,0.613228926,4,2019-04-15T11:00:00.0,0.613228926,0,0.613228926,2508,1.234220421,1,0,0.496855275
0,-0.234220421,1,0.613228926,4,2019-04-15T12:00:00.0,0.613228926,0,0.613228926,2509,1.234220421,1,0,0.496855275
0,-0.234220421,1,0.613228926,4,2019-04-15T13:00:00.0,0.613228926,0,0.613228926,2510,1.234220421,1,0,0.496855275
0,-0.234220421,1,0.613228926,4,2019-04-15T14:00:00.0,0.613228926,0,0.613228926,2511,1.234220421,1,0,0.496855275
0,-0.234220421,1,0.613228926,4,2019-04-15T15:00:00.0,0.613228926,0,0.613228926,2512,1.234220421,1,0,0.496855275
0,-0.234220421,1,0.613228926,4,2019-04-15T16:00:00.0,0.613228926,0,0.613228926,2513,1.234220421,1,0,0.496855275
0,-0.234220421,1,0.613228926,4,2019-04-15T17:00:00.0,0.613228926,0,0.613228926,2514,1.234220421,1,0,0.496855275
0,-0.234220421,1,0.613228926,4,2019-04-15T18:00:00.0,0.613228926,0,0.613228926,2515,1.234220421,1,0,0.496855275
0,-0.234220421,1,0.613228926,4,2019-04-15T19:00:00.0,0.613228926,0,0.613228926,2516,1.234220421,1,0,0.496855275
0,-0.234220421,1,0.613228926,4,2019-04-15T20:00:00.0,0.613228926,0,0.613228926,2517,1.234220421,1,0,0.496855275
0,-0.234220421,1,0.613228926,4,2019-04-15T21:00:00.0,0.613228926,0,0.613228926,2518,1.234220421,1,0,0.496855275
0,-0.234220421,1,0.613228926,4,2019-04-15T22:00:00.0,0.613228926,0,0.613228926,2519,1.234220421,1,0,0.496855275
0,-0.264294981,1,0.598261588,4,2019-04-15T23:00:00.0,0.598261588,0,0.598261588,2520,1.264294981,1,0,0.473197788
0,-0.275533115,1,0.574432512,3,2019-04-16T00:00:00.0,0.574432512,0,0.574432512,2521,1.275533115,1,0,0.450347
0,-0.274590144,1,0.594282429,4,2019-04-16T01:00:00.0,0.594282429,0,0.594282429,2522,1.274590144,1,0,0.466253746
0,-0.274590144,1,0.594282429,4,2019-04-16T02:00:00.0,0.594282429,0,0.594282429,2523,1.274590144,1,0,0.466253746
0,-0.274590144,1,0.594282429,4,2019-04-16T03:00:00.0,0.594282429,0,0.594282429,2524,1.274590144,1,0,0.466253746
0,-0.275533115,1,0.574432512,3,2019-04-16T04:00:00.0,0.574432512,0,0.574432512,2525,1.275533115,1,0,0.450347
0,-0.275533115,1,0.574432512,3,2019-04-16T05:00:00.0,0.574432512,0,0.574432512,2526,1.275533115,1,0,0.450347
0,-0.247966385,1,0.562017918,3,2019-04-16T06:00:00.0,0.562017918,0,0.562017918,2527,1.247966385,1,0,0.450347
0,-0.234220421,1,0.613228926,4,2019-04-16T07:00:00.0,0.613228926,0,0.613228926,2528,1.234220421,1,0,0.496855275
0,-0.274590144,1,0.594282429,4,2019-04-16T08:00:00.0,0.594282429,0,0.594282429,2529,1.274590144,1,0,0.466253746
0,-0.234220421,1,0.613228926,4,2019-04-16T09:00:00.0,0.613228926,0,0.613228926,2530,1.234220421,1,0,0.496855275
0,-0.274590144,1,0.594282429,4,2019-04-16T10:00:00.0,0.594282429,0,0.594282429,2531,1.274590144,1,0,0.466253746
0,-0.274590144,1,0.594282429,4,2019-04-16T11:00:00.0,0.594282429,0,0.594282429,2532,1.274590144,1,0,0.466253746
0,-0.274590144,1,0.594282429,4,2019-04-16T12:00:00.0,0.594282429,0,0.594282429,2533,1.274590144,1,0,0.466253746
0,-0.274590144,1,0.594282429,4,2019-04-16T13:00:00.0,0.594282429,0,0.594282429,2534,1.274590144,1,0,0.466253746
0,-0.274590144,1,0.594282429,4,2019-04-16T14:00:00.0,0.594282429,0,0.594282429,2535,1.274590144,1,0,0.466253746
0,-0.274590144,1,0.594282429,4,2019-04-16T15:00:00.0,0.594282429,0,0.594282429,2536,1.274590144,1,0,0.466253746
0,-0.234220421,1,0.613228926,4,2019-04-16T16:00:00.0,0.613228926,0,0.613228926,2537,1.234220421,1,0,0.496855275
0,-0.234220421,1,0.613228926,4,2019-04-16T17:00:00.0,0.613228926,0,0.613228926,2538,1.234220421,1,0,0.496855275
0,-0.234220421,1,0.613228926,4,2019-04-16T18:00:00.0,0.613228926,0,0.613228926,2539,1.234220421,1,0,0.496855275
0,-0.234220421,1,0.613228926,4,2019-04-16T19:00:00.0,0.613228926,0,0.613228926,2540,1.234220421,1,0,0.496855275
0,-0.234220421,1,0.613228926,4,2019-04-16T20:00:00.0,0.613228926,0,0.613228926,2541,1.234220421,1,0,0.496855275
0,-0.234220421,1,0.613228926,4,2019-04-16T21:00:00.0,0.613228926,0,0.613228926,2542,1.234220421,1,0,0.496855275
0,-0.234220421,1,0.613228926,4,2019-04-16T22:00:00.0,0.613228926,0,0.613228926,2543,1.234220421,1,0,0.496855275
0,-0.234220421,1,0.613228927,4,2019-04-16T23:00:00.0,0.613228927,0,0.613228927,2544,1.234220422,1.000000001,0,0.496855275
0,-0.142817344,1,0.559791011,4,2019-04-17T00:00:00.0,0.559791011,0,0.559791011,2545,1.142817344,1,0,0.489834193
0,-0.142817344,1,0.559791011,4,2019-04-17T01:00:00.0,0.559791011,0,0.559791011,2546,1.142817344,1,0,0.489834193
0,-0.142817344,1,0.559791011,4,2019-04-17T02:00:00.0,0.559791011,0,0.559791011,2547,1.142817344,1,0,0.489834193
0,-0.142817344,1,0.559791011,4,2019-04-17T03:00:00.0,0.559791011,0,0.559791011,2548,1.142817344,1,0,0.489834193
0,-0.142817344,1,0.559791011,4,2019-04-17T04:00:00.0,0.559791011,0,0.559791011,2549,1.142817344,1,0,0.489834193
0,-0.142817344,1,0.559791011,4,2019-04-17T05:00:00.0,0.559791011,0,0.559791011,2550,1.142817344,1,0,0.489834193
0,-0.042430781,1,0.3147761,2,2019-04-17T06:00:00.0,0.3147761,0,0.3147761,2551,1.042430781,1,0,0.301963551
0,-0.121127698,1,0.656222487,4,2019-04-17T07:00:00.0,0.656222487,0,0.656222487,2552,1.121127698,1,0,0.585323588
0,-0.132748336,1,0.559464266,4,2019-04-17T08:00:00.0,0.559464266,0,0.559464266,2553,1.132748336,1,0,0.493899879
0,-0.234220421,1,0.613228926,4,2019-04-17T09:00:00.0,0.613228926,0,0.613228926,2554,1.234220421,1,0,0.496855275
0,-0.042278842,1,0.31473022,2,2019-04-17T10:00:00.0,0.31473022,0,0.31473022,2555,1.042278842,1,0,0.301963551
0,-0.042278842,1,0.31473022,2,2019-04-17T11:00:00.0,0.31473022,0,0.31473022,2556,1.042278842,1,0,0.301963551
0,-0.042278842,1,0.31473022,2,2019-04-17T12:00:00.0,0.31473022,0,0.31473022,2557,1.042278842,1,0,0.301963551
0,-0.234220421,1,0.613228927,4,2019-04-17T13:00:00.0,0.613228927,0,0.613228927,2558,1.234220422,1,0,0.496855275
0,-0.042278842,1,0.31473022,2,2019-04-17T14:00:00.0,0.31473022,0,0.31473022,2559,1.042278842,1,0,0.301963551
0,-0.042278842,1,0.31473022,2,2019-04-17T15:00:00.0,0.31473022,0,0.31473022,2560,1.042278842,1,0,0.301963551
0,-0.234220421,1,0.613228926,4,2019-04-17T16:00:00.0,0.613228926,0,0.613228926,2561,1.234220421,1,0,0.496855275
0,-0.234220421,1,0.613228926,4,2019-04-17T17:00:00.0,0.613228926,0,0.613228926,2562,1.234220421,1,0,0.496855275
0,-0.234220421,1,0.613228926,4,2019-04-17T18:00:00.0,0.613228926,0,0.613228926,2563,1.234220421,1,0,0.496855275
0,-0.234220421,1,0.613228926,4,2019-04-17T19:00:00.0,0.613228926,0,0.613228926,2564,1.234220421,1,0,0.496855275
0,-0.234220421,1,0.613228926,4,2019-04-17T20:00:00.0,0.613228926,0,0.613228926,2565,1.234220421,1,0,0.496855275
0,-0.234220421,1,0.613228926,4,2019-04-17T21:00:00.0,0.613228926,0,0.613228926,2566,1.234220421,1,0,0.496855275
0,-0.042278842,1,0.313380132,2,2019-04-17T22:00:00.0,0.313380132,0,0.313380132,2567,1.042278842,1,0,0.300668228
0,-0.26429498,1,0.598261588,4,2019-04-17T23:00:00.0,0.598261588,0,0.598261588,2568,1.264294981,1.000000001,0,0.473197788
0,-0.264294981,1,0.598261588,4,2019-04-18T00:00:00.0,0.598261588,0,0.598261588,2569,1.264294981,1,0,0.473197788
0,-0.264294981,1,0.598261588,4,2019-04-18T01:00:00.0,0.598261588,0,0.598261588,2570,1.264294981,1,0,0.473197788
0,-0.264294981,1,0.598261588,4,2019-04-18T02:00:00.0,0.598261588,0,0.598261588,2571,1.264294981,1,0,0.473197788
0,-0.264294981,1,0.598261588,4,2019-04-18T03:00:00.0,0.598261588,0,0.598261588,2572,1.264294981,1,0,0.473197788
0,-0.264294981,1,0.598261588,4,2019-04-18T04:00:00.0,0.598261588,0,0.598261588,2573,1.264294981,1,0,0.473197788
0,-0.264294981,1,0.598261588,4,2019-04-18T05:00:00.0,0.598261588,0,0.598261588,2574,1.264294981,1,0,0.473197788
0,-0.275533115,1,0.574432512,3,2019-04-18T06:00:00.0,0.574432512,0,0.574432512,2575,1.275533115,1,0,0.450347
0,-0.264294981,1,0.598261588,4,2019-04-18T07:00:00.0,0.598261588,0,0.598261588,2576,1.264294981,1,0,0.473197788
0,-0.264294981,1,0.598261588,4,2019-04-18T08:00:00.0,0.598261588,0,0.598261588,2577,1.264294981,1,0,0.473197788
0,-0.274590144,1,0.594282429,4,2019-04-18T09:00:00.0,0.594282429,0,0.594282429,2578,1.274590144,1,0,0.466253746
0,-0.274590144,1,0.594282429,4,2019-04-18T10:00:00.0,0.594282429,0,0.594282429,2579,1.274590144,1,0,0.466253746
0,-0.274590144,1,0.594282429,4,2019-04-18T11:00:00.0,0.594282429,0,0.594282429,2580,1.274590144,1,0,0.466253746
0,-0.274590144,1,0.594282429,4,2019-04-18T12:00:00.0,0.594282429,0,0.594282429,2581,1.274590144,1,0,0.466253746
0,-0.274590144,1,0.594282429,4,2019-04-18T13:00:00.0,0.594282429,0,0.594282429,2582,1.274590144,1,0,0.466253746
0,-0.274590144,1,0.594282429,4,2019-04-18T14:00:00.0,0.594282429,0,0.594282429,2583,1.274590144,1,0,0.466253746
0,-0.274590144,1,0.594282429,4,2019-04-18T15:00:00.0,0.594282429,0,0.594282429,2584,1.274590144,1,0,0.466253746
0,-0.274590144,1,0.594282429,4,2019-04-18T16:00:00.0,0.594282429,0,0.594282429,2585,1.274590144,1,0,0.466253746
0,-0.234220421,1,0.613228926,4,2019-04-18T17:00:00.0,0.613228926,0,0.613228926,2586,1.234220421,1,0,0.496855275
0,-0.234220421,1,0.613228926,4,2019-04-18T18:00:00.0,0.613228926,0,0.613228926,2587,1.234220421,1,0,0.496855275
0,-0.234220421,1,0.613228926,4,2019-04-18T19:00:00.0,0.613228926,0,0.613228926,2588,1.234220421,1,0,0.496855275
0,-0.234220421,1,0.613228926,4,2019-04-18T20:00:00.0,0.613228926,0,0.613228926,2589,1.234220421,1,0,0.496855275
0,-0.234220421,1,0.613228926,4,2019-04-18T21:00:00.0,0.613228926,0,0.613228926,2590,1.234220421,1,0,0.496855275
0,-0.234220421,1,0.613228926,4,2019-04-18T22:00:00.0,0.613228926,0,0.613228926,2591,1.234220421,1,0,0.496855275
0,-0.264294981,1,0.598261588,4,2019-04-18T23:00:00.0,0.598261588,0,0.598261588,2592,1.264294981,1,0,0.473197788
0,-0.274590144,1,0.594282429,4,2019-04-19T00:00:00.0,0.594282429,0,0.594282429,2593,1.274590144,1,0,0.466253746
0,-0.274590144,1,0.594282429,4,2019-04-19T01:00:00.0,0.594282429,0,0.594282429,2594,1.274590144,1,0,0.466253746
0,-0.274590144,1,0.594282429,4,2019-04-19T02:00:00.0,0.594282429,0,0.594282429,2595,1.274590144,1,0,0.466253746
0,-0.274590144,1,0.594282429,4,2019-04-19T03:00:00.0,0.594282429,0,0.594282429,2596,1.274590144,1,0,0.466253746
0,-0.274590144,1,0.594282429,4,2019-04-19T04:00:00.0,0.594282429,0,0.594282429,2597,1.274590144,1,0,0.466253746
0,-0.275533115,1,0.574432512,3,2019-04-19T05:00:00.0,0.574432512,0,0.574432512,2598,1.275533115,1,0,0.450347
0,-0.234220421,1,0.613228926,4,2019-04-19T06:00:00.0,0.613228926,0,0.613228926,2599,1.234220421,1,0,0.496855275
0,-0.234220421,1,0.613228926,4,2019-04-19T07:00:00.0,0.613228926,0,0.613228926,2600,1.234220421,1,0,0.496855275
0,-0.234220421,1,0.613228926,4,2019-04-19T08:00:00.0,0.613228926,0,0.613228926,2601,1.234220421,1,0,0.496855275
0,-0.234220421,1,0.613228926,4,2019-04-19T09:00:00.0,0.613228926,0,0.613228926,2602,1.234220421,1,0,0.496855275
0,-0.234220421,1,0.613228926,4,2019-04-19T10:00:00.0,0.613228926,0,0.613228926,2603,1.234220421,1,0,0.496855275
0,-0.234220421,1,0.613228926,4,2019-04-19T11:00:00.0,0.613228926,0,0.613228926,2604,1.234220421,1,0,0.496855275
0,-0.234220421,1,0.613228926,4,2019-04-19T12:00:00.0,0.613228926,0,0.613228926,2605,1.234220421,1,0,0.496855275
0,-0.234220421,1,0.613228926,4,2019-04-19T13:00:00.0,0.613228926,0,0.613228926,2606,1.234220421,1,0,0.496855275
0,-0.274590144,1,0.594282429,4,2019-04-19T14:00:00.0,0.594282429,0,0.594282429,2607,1.274590144,1,0,0.466253746
0,-0.234220421,1,0.613228926,4,2019-04-19T15:00:00.0,0.613228926,0,0.613228926,2608,1.234220421,1,0,0.496855275
0,-0.234220421,1,0.613228926,4,2019-04-19T16:00:00.0,0.613228926,0,0.613228926,2609,1.234220421,1,0,0.496855275
0,-0.234220421,1,0.613228926,4,2019-04-19T17:00:00.0,0.613228926,0,0.613228926,2610,1.234220421,1,0,0.496855275
0,-0.234220421,1,0.613228926,4,2019-04-19T18:00:00.0,0.613228926,0,0.613228926,2611,1.234220421,1,0,0.496855275
0,-0.234220421,1,0.613228926,4,2019-04-19T19:00:00.0,0.613228926,0,0.613228926,2612,1.234220421,1,0,0.496855275
0,-0.234220421,1,0.613228926,4,2019-04-19T20:00:00.0,0.613228926,0,0.613228926,2613,1.234220421,1,0,0.496855275
0,-0.234220421,1,0.613228926,4,2019-04-19T21:00:00.0,0.613228926,0,0.613228926,2614,1.234220421,1,0,0.496855275
0,-0.234220421,1,0.613228926,4,2019-04-19T22:00:00.0,0.613228926,0,0.613228926,2615,1.234220421,1,0,0.496855275
0,-0.234220421,1,0.613228926,4,2019-04-19T23:00:00.0,0.613228926,0,0.613228926,2616,1.234220421,1,0,0.496855275
0,-0.234220421,1,0.613228926,4,2019-04-20T00:00:00.0,0.613228926,0,0.613228926,2617,1.234220421,1,0,0.496855275
0,-0.234220421,1,0.613228926,4,2019-04-20T01:00:00.0,0.613228926,0,0.613228926,2618,1.234220421,1,0,0.496855275
0,-0.234220421,1,0.613228926,4,2019-04-20T02:00:00.0,0.613228926,0,0.613228926,2619,1.234220421,1,0,0.496855275
0,-0.234220421,1,0.613228926,4,2019-04-20T03:00:00.0,0.613228926,0,0.613228926,2620,1.234220421,1,0,0.496855275
0,-0.234220421,1,0.613228926,4,2019-04-20T04:00:00.0,0.613228926,0,0.613228926,2621,1.234220421,1,0,0.496855275
0,-0.234220421,1,0.613228926,4,2019-04-20T05:00:00.0,0.613228926,0,0.613228926,2622,1.234220421,1,0,0.496855275
0,-0.234220421,1,0.613228926,4,2019-04-20T06:00:00.0,0.613228926,0,0.613228926,2623,1.234220421,1,0,0.496855275
0,-0.234220421,1,0.613228926,4,2019-04-20T07:00:00.0,0.613228926,0,0.613228926,2624,1.234220421,1,0,0.496855275
0,-0.234220421,1,0.613228926,4,2019-04-20T08:00:00.0,0.613228926,0,0.613228926,2625,1.234220421,1,0,0.496855275
0,-0.234220421,1,0.613228926,4,2019-04-20T09:00:00.0,0.613228926,0,0.613228926,2626,1.234220421,1,0,0.496855275
0,-0.234220421,1,0.613228926,4,2019-04-20T10:00:00.0,0.613228926,0,0.613228926,2627,1.234220421,1,0,0.496855275
0,-0.234220421,1,0.613228926,4,2019-04-20T11:00:00.0,0.613228926,0,0.613228926,2628,1.234220421,1,0,0.496855275
0,-0.234220421,1,0.613228926,4,2019-04-20T12:00:00.0,0.613228926,0,0.613228926,2629,1.234220421,1,0,0.496855275
0,-0.234220421,1,0.613228926,4,2019-04-20T13:00:00.0,0.613228926,0,0.613228926,2630,1.234220421,1,0,0.496855275
0,-0.234220421,1,0.613228926,4,2019-04-20T14:00:00.0,0.613228926,0,0.613228926,2631,1.234220421,1,0,0.496855275
0,-0.234220421,1,0.613228926,4,2019-04-20T15:00:00.0,0.613228926,0,0.613228926,2632,1.234220421,1,0,0.496855275
0,-0.234220421,1,0.613228926,4,2019-04-20T16:00:00.0,0.613228926,0,0.613228926,2633,1.234220421,1,0,0.496855275
0,-0.234220421,1,0.613228926,4,2019-04-20T17:00:00.0,0.613228926,0,0.613228926,2634,1.234220421,1,0,0.496855275
0,-0.234220421,1,0.613228926,4,2019-04-20T18:00:00.0,0.613228926,0,0.613228926,2635,1.234220421,1,0,0.496855275
0,-0.234220421,1,0.613228926,4,2019-04-20T19:00:00.0,0.613228926,0,0.613228926,2636,1.234220421,1,0,0.496855275
0,-0.234220421,1,0.613228926,4,2019-04-20T20:00:00.0,0.613228926,0,0.613228926,2637,1.234220421,1,0,0.496855275
0,-0.234220421,1,0.613228926,4,2019-04-20T21:00:00.0,0.613228926,0,0.613228926,2638,1.234220421,1,0,0.496855275
0,-0.234220421,1,0.613228926,4,2019-04-20T22:00:00.0,0.613228926,0,0.613228926,2639,1.234220421,1,0,0.496855275
0,-0.247966385,1,0.562017918,3,2019-04-20T23:00:00.0,0.562017918,0,0.562017918,2640,1.247966385,1,0,0.450347
0,-0.142817344,1,0.559791011,4,2019-04-21T00:00:00.0,0.559791011,0,0.559791011,2641,1.142817344,1,0,0.489834193
0,-0.142817344,1,0.559791011,4,2019-04-21T01:00:00.0,0.559791011,0,0.559791011,2642,1.142817344,1,0,0.489834193
0,-0.142817344,1,0.559791011,4,2019-04-21T02:00:00.0,0.559791011,0,0.559791011,2643,1.142817344,1,0,0.489834193
0,-0.038204097,1,0.430340494,4,2019-04-21T03:00:00.0,0.430340494,0,0.430340494,2644,1.038204097,1,0,0.414504716
0,-0.142817344,1,0.559791011,4,2019-04-21T04:00:00.0,0.559791011,0,0.559791011,2645,1.142817344,1,0,0.489834193
0,-0.142817344,1,0.559791011,4,2019-04-21T05:00:00.0,0.559791011,0,0.559791011,2646,1.142817344,1,0,0.489834193
0,-0.142817344,1,0.559791011,4,2019-04-21T06:00:00.0,0.559791011,0,0.559791011,2647,1.142817344,1,0,0.489834193
0,-0.142817344,1,0.559791011,4,2019-04-21T07:00:00.0,0.559791011,0,0.559791011,2648,1.142817344,1,0,0.489834193
0,-0.142817344,1,0.559791011,4,2019-04-21T08:00:00.0,0.559791011,0,0.559791011,2649,1.142817344,1,0,0.489834193
0,-0.234220421,1,0.613228926,4,2019-04-21T09:00:00.0,0.613228926,0,0.613228926,2650,1.234220421,1,0,0.496855275
0,-0.234220421,1,0.613228926,4,2019-04-21T10:00:00.0,0.613228926,0,0.613228926,2651,1.234220421,1,0,0.496855275
0,-0.234220421,1,0.613228926,4,2019-04-21T11:00:00.0,0.613228926,0,0.613228926,2652,1.234220421,1,0,0.496855275
0,-0.234220421,1,0.613228926,4,2019-04-21T12:00:00.0,0.613228926,0,0.613228926,2653,1.234220421,1,0,0.496855275
0,-0.234220421,1,0.613228926,4,2019-04-21T13:00:00.0,0.613228926,0,0.613228926,2654,1.234220421,1,0,0.496855275
0,-0.234220421,1,0.613228926,4,2019-04-21T14:00:00.0,0.613228926,0,0.613228926,2655,1.234220421,1,0,0.496855275
0,-0.234220421,1,0.613228926,4,2019-04-21T15:00:00.0,0.613228926,0,0.613228926,2656,1.234220421,1,0,0.496855275
0,-0.121127698,1,0.656222487,4,2019-04-21T16:00:00.0,0.656222487,0,0.656222487,2657,1.121127699,1,0,0.585323588
0,-0.121127698,1,0.656222487,4,2019-04-21T17:00:00.0,0.656222487,0,0.656222487,2658,1.121127699,1,0,0.585323588
0,-0.142817344,1,0.559791011,4,2019-04-21T18:00:00.0,0.559791011,0,0.559791011,2659,1.142817344,1,0,0.489834193
0,-0.121127698,1,0.656222487,4,2019-04-21T19:00:00.0,0.656222487,0,0.656222487,2660,1.121127698,1,0,0.585323588
0,-0.121127698,1,0.656222487,4,2019-04-21T20:00:00.0,0.656222487,0,0.656222487,2661,1.121127699,1,0,0.585323588
0,-0.121127698,1,0.656222487,4,2019-04-21T21:00:00.0,0.656222487,0,0.656222487,2662,1.121127699,1,0,0.585323588
0,-0.121127698,1,0.656222487,4,2019-04-21T22:00:00.0,0.656222487,0,0.656222487,2663,1.121127699,1,0,0.585323588
0,-0.239616846,1,0.616383894,3,2019-04-21T23:00:00.0,0.616383894,0,0.616383894,2664,1.239616847,1.000000001,0,0.497237429
0,-0.142817344,1,0.559791011,4,2019-04-22T00:00:00.0,0.559791011,0,0.559791011,2665,1.142817344,1,0,0.489834193
0,-0.142817344,1,0.559791011,4,2019-04-22T01:00:00.0,0.559791011,0,0.559791011,2666,1.142817344,1,0,0.489834193
0,-0.142817344,1,0.559791011,4,2019-04-22T02:00:00.0,0.559791011,0,0.559791011,2667,1.142817344,1,0,0.489834193
0,-0.142817344,1,0.559791011,4,2019-04-22T03:00:00.0,0.559791011,0,0.559791011,2668,1.142817344,1,0,0.489834193
0,-0.142817344,1,0.559791011,4,2019-04-22T04:00:00.0,0.559791011,0,0.559791011,2669,1.142817344,1,0,0.489834193
0,-0.142817344,1,0.559791011,4,2019-04-22T05:00:00.0,0.559791011,0,0.559791011,2670,1.142817344,1,0,0.489834193
0,-0.141433011,1,0.559517249,4,2019-04-22T06:00:00.0,0.559517249,0,0.559517249,2671,1.141433011,1,0,0.490188424
0,-0.121127698,1,0.656222487,4,2019-04-22T07:00:00.0,0.656222487,0,0.656222487,2672,1.121127698,1,0,0.585323588
0,-0.239616846,1,0.616383893,3,2019-04-22T08:00:00.0,0.616383893,0,0.616383893,2673,1.239616846,1,0,0.497237429
0,-0.121127698,1,0.656222487,4,2019-04-22T09:00:00.0,0.656222487,0,0.656222487,2674,1.121127698,1,0,0.585323588
0,-0.239783832,1,0.615768545,3,2019-04-22T10:00:00.0,0.615768545,0,0.615768545,2675,1.239783832,1,0,0.496674121
0,-0.239616846,1,0.616383893,3,2019-04-22T11:00:00.0,0.616383893,0,0.616383893,2676,1.239616846,1,0,0.497237429
0,-0.234220421,1,0.613228926,4,2019-04-22T12:00:00.0,0.613228926,0,0.613228926,2677,1.234220421,1,0,0.496855275
0,-0.234220421,1,0.613228926,4,2019-04-22T13:00:00.0,0.613228926,0,0.613228926,2678,1.234220421,1,0,0.496855275
0,-0.234220421,1,0.613228926,4,2019-04-22T14:00:00.0,0.613228926,0,0.613228926,2679,1.234220421,1,0,0.496855275
0,-0.234220421,1,0.613228926,4,2019-04-22T15:00:00.0,0.613228926,0,0.613228926,2680,1.234220421,1,0,0.496855275
0,-0.234220421,1,0.613228926,4,2019-04-22T16:00:00.0,0.613228926,0,0.613228926,2681,1.234220421,1,0,0.496855275
0,-0.234220421,1,0.613228926,4,2019-04-22T17:00:00.0,0.613228926,0,0.613228926,2682,1.234220421,1,0,0.496855275
0,-0.239616846,1,0.616383893,3,2019-04-22T18:00:00.0,0.616383893,0,0.616383893,2683,1.239616846,1,0,0.497237429
0,-0.234220421,1,0.613228926,4,2019-04-22T19:00:00.0,0.613228926,0,0.613228926,2684,1.234220421,1,0,0.496855275
0,-0.239616846,1,0.616383893,3,2019-04-22T20:00:00.0,0.616383893,0,0.616383893,2685,1.239616846,1,0,0.497237429
0,-0.239616846,1,0.616383893,3,2019-04-22T21:00:00.0,0.616383893,0,0.616383893,2686,1.239616846,1,0,0.497237429
0,-0.239616846,1,0.616383893,3,2019-04-22T22:00:00.0,0.616383893,0,0.616383893,2687,1.239616846,1,0,0.497237429
0,-0.239616846,1,0.616383893,3,2019-04-22T23:00:00.0,0.616383893,0,0.616383893,2688,1.239616846,1,0,0.497237429
0,-0.049782447,1,0.295134852,2,2019-04-23T00:00:00.0,0.295134852,0,0.295134852,2689,1.049782447,1,0,0.281139061
0,-0.039457729,1,0.312531913,2,2019-04-23T01:00:00.0,0.312531913,0,0.312531913,2690,1.039457729,1,0,0.300668228
0,-0.039457729,1,0.312531913,2,2019-04-23T02:00:00.0,0.312531913,0,0.312531913,2691,1.039457729,1,0,0.300668228
0,-0.042430781,1,0.313425816,2,2019-04-23T03:00:00.0,0.313425816,0,0.313425816,2692,1.042430781,1,0,0.300668228
0,-0.042430781,1,0.313425816,2,2019-04-23T04:00:00.0,0.313425816,0,0.313425816,2693,1.042430781,1,0,0.300668228
0,-0.039457729,1,0.312531913,2,2019-04-23T05:00:00.0,0.312531913,0,0.312531913,2694,1.039457729,1,0,0.300668228
0,-0.047144112,1,0.294393113,2,2019-04-23T06:00:00.0,0.294393113,0,0.294393113,2695,1.047144112,1,0,0.281139061
0,-0.039677957,1,0.312598129,2,2019-04-23T07:00:00.0,0.312598129,0,0.312598129,2696,1.039677957,1,0,0.300668228
0,-0.142817344,1,0.559791011,4,2019-04-23T08:00:00.0,0.559791011,0,0.559791011,2697,1.142817344,1,0,0.489834193
0,-0.121127698,1,0.656222487,4,2019-04-23T09:00:00.0,0.656222487,0,0.656222487,2698,1.121127698,1,0,0.585323588
0,-0.121127698,1,0.656222487,4,2019-04-23T10:00:00.0,0.656222487,0,0.656222487,2699,1.121127698,1,0,0.585323588
0,-0.234220421,1,0.613228926,4,2019-04-23T11:00:00.0,0.613228926,0,0.613228926,2700,1.234220421,1,0,0.496855275
0,-0.234220421,1,0.613228926,4,2019-04-23T12:00:00.0,0.613228926,0,0.613228926,2701,1.234220421,1,0,0.496855275
0,-0.234220421,1,0.613228926,4,2019-04-23T13:00:00.0,0.613228926,0,0.613228926,2702,1.234220421,1,0,0.496855275
0,-0.234220421,1,0.613228926,4,2019-04-23T14:00:00.0,0.613228926,0,0.613228926,2703,1.234220421,1,0,0.496855275
0,-0.234220421,1,0.613228926,4,2019-04-23T15:00:00.0,0.613228926,0,0.613228926,2704,1.234220421,1,0,0.496855275
0,-0.234220421,1,0.613228926,4,2019-04-23T16:00:00.0,0.613228926,0,0.613228926,2705,1.234220421,1,0,0.496855275
0,-0.234220421,1,0.613228926,4,2019-04-23T17:00:00.0,0.613228926,0,0.613228926,2706,1.234220421,1,0,0.496855275
0,-0.234220421,1,0.613228926,4,2019-04-23T18:00:00.0,0.613228926,0,0.613228926,2707,1.234220421,1,0,0.496855275
0,-0.234220421,1,0.613228926,4,2019-04-23T19:00:00.0,0.613228926,0,0.613228926,2708,1.234220421,1,0,0.496855275
0,-0.234220421,1,0.613228926,4,2019-04-23T20:00:00.0,0.613228926,0,0.613228926,2709,1.234220421,1,0,0.496855275
0,-0.234220421,1,0.613228926,4,2019-04-23T21:00:00.0,0.613228926,0,0.613228926,2710,1.234220421,1,0,0.496855275
0,-0.234220421,1,0.613228926,4,2019-04-23T22:00:00.0,0.613228926,0,0.613228926,2711,1.234220421,1,0,0.496855275
0,-0.234220421,1,0.613228926,4,2019-04-23T23:00:00.0,0.613228926,0,0.613228926,2712,1.234220421,1,0,0.496855275
0,-0.042278842,1,0.31473022,2,2019-04-24T00:00:00.0,0.31473022,0,0.31473022,2713,1.042278842,1,0,0.301963551
0,-0.042278842,1,0.31473022,2,2019-04-24T01:00:00.0,0.31473022,0,0.31473022,2714,1.042278842,1,0,0.301963551
0,-0.039677957,1,0.313944848,2,2019-04-24T02:00:00.0,0.313944848,0,0.313944848,2715,1.039677957,1,0,0.301963551
0,-0.039677957,1,0.313944848,2,2019-04-24T03:00:00.0,0.313944848,0,0.313944848,2716,1.039677957,1,0,0.301963551
0,-0.039677957,1,0.313944848,2,2019-04-24T04:00:00.0,0.313944848,0,0.313944848,2717,1.039677957,1,0,0.301963551
0,-0.039677957,1,0.313944848,2,2019-04-24T05:00:00.0,0.313944848,0,0.313944848,2718,1.039677957,1,0,0.301963551
0,-0.039677957,1,0.313944848,2,2019-04-24T06:00:00.0,0.313944848,0,0.313944848,2719,1.039677957,1,0,0.301963551
0,-0.039677957,1,0.312598129,2,2019-04-24T07:00:00.0,0.312598129,0,0.312598129,2720,1.039677957,1,0,0.300668228
0,-0.039677957,1,0.312598129,2,2019-04-24T08:00:00.0,0.312598129,0,0.312598129,2721,1.039677957,1,0,0.300668228
0,-0.042278842,1,0.31473022,2,2019-04-24T09:00:00.0,0.31473022,0,0.31473022,2722,1.042278842,1,0,0.301963551
0,-0.042278842,1,0.31473022,2,2019-04-24T10:00:00.0,0.31473022,0,0.31473022,2723,1.042278842,1,0,0.301963551
0,-0.042278842,1,0.31473022,2,2019-04-24T11:00:00.0,0.31473022,0,0.31473022,2724,1.042278842,1,0,0.301963551
0,-0.042278842,1,0.31473022,2,2019-04-24T12:00:00.0,0.31473022,0,0.31473022,2725,1.042278842,1,0,0.301963551
0,-0.042278842,1,0.31473022,2,2019-04-24T13:00:00.0,0.31473022,0,0.31473022,2726,1.042278842,1,0,0.301963551
0,-0.042278842,1,0.31473022,2,2019-04-24T14:00:00.0,0.31473022,0,0.31473022,2727,1.042278842,1,0,0.301963551
0,-0.042278842,1,0.31473022,2,2019-04-24T15:00:00.0,0.31473022,0,0.31473022,2728,1.042278842,1,0,0.301963551
0,-0.042278842,1,0.31473022,2,2019-04-24T16:00:00.0,0.31473022,0,0.31473022,2729,1.042278842,1,0,0.301963551
0,-0.039677957,1,0.312598129,2,2019-04-24T17:00:00.0,0.312598129,0,0.312598129,2730,1.039677957,1,0,0.300668228
0,-0.039677957,1,0.312598129,2,2019-04-24T18:00:00.0,0.312598129,0,0.312598129,2731,1.039677957,1,0,0.300668228
0,-0.039677957,1,0.312598129,2,2019-04-24T19:00:00.0,0.312598129,0,0.312598129,2732,1.039677957,1,0,0.300668228
0,-0.039677957,1,0.312598129,2,2019-04-24T20:00:00.0,0.312598129,0,0.312598129,2733,1.039677957,1,0,0.300668228
0,-0.042430781,1,0.313425816,2,2019-04-24T21:00:00.0,0.313425816,0,0.313425816,2734,1.042430781,1,0,0.300668228
0,-0.039677957,1,0.312598129,2,2019-04-24T22:00:00.0,0.312598129,0,0.312598129,2735,1.039677957,1,0,0.300668228
0,-0.042278842,1,0.31473022,2,2019-04-24T23:00:00.0,0.31473022,0,0.31473022,2736,1.042278842,1,0,0.301963551
0,-0.142817344,1,0.559791011,4,2019-04-25T00:00:00.0,0.559791011,0,0.559791011,2737,1.142817344,1,0,0.489834193
0,-0.142817344,1,0.559791011,4,2019-04-25T01:00:00.0,0.559791011,0,0.559791011,2738,1.142817344,1,0,0.489834193
0,-0.142817344,1,0.559791011,4,2019-04-25T02:00:00.0,0.559791011,0,0.559791011,2739,1.142817344,1,0,0.489834193
0,-0.142817344,1,0.559791011,4,2019-04-25T03:00:00.0,0.559791011,0,0.559791011,2740,1.142817344,1,0,0.489834193
0,-0.142817344,1,0.559791011,4,2019-04-25T04:00:00.0,0.559791011,0,0.559791011,2741,1.142817344,1,0,0.489834193
0,-0.142817344,1,0.559791011,4,2019-04-25T05:00:00.0,0.559791011,0,0.559791011,2742,1.142817344,1,0,0.489834193
0,-0.121127698,1,0.656222487,4,2019-04-25T06:00:00.0,0.656222487,0,0.656222487,2743,1.121127698,1,0,0.585323588
0,-0.142817344,1,0.559791011,4,2019-04-25T07:00:00.0,0.559791011,0,0.559791011,2744,1.142817344,1,0,0.489834193
0,-0.239783832,1,0.615768545,3,2019-04-25T08:00:00.0,0.615768545,0,0.615768545,2745,1.239783832,1,0,0.496674121
0,-0.03455205,1,0.403796997,3,2019-04-25T09:00:00.0,0.403796997,0,0.403796997,2746,1.03455205,1,0,0.390310954
0,-0.03455205,1,0.403796997,3,2019-04-25T10:00:00.0,0.403796997,0,0.403796997,2747,1.03455205,1,0,0.390310954
0,-0.03455205,1,0.403796997,3,2019-04-25T11:00:00.0,0.403796997,0,0.403796997,2748,1.03455205,1,0,0.390310954
0,-0.03455205,1,0.403796997,3,2019-04-25T12:00:00.0,0.403796997,0,0.403796997,2749,1.03455205,1,0,0.390310954
0,-0.03455205,1,0.403796997,3,2019-04-25T13:00:00.0,0.403796997,0,0.403796997,2750,1.03455205,1,0,0.390310954
0,-0.03455205,1,0.403796997,3,2019-04-25T14:00:00.0,0.403796997,0,0.403796997,2751,1.03455205,1,0,0.390310954
0,-0.03455205,1,0.403796997,3,2019-04-25T15:00:00.0,0.403796997,0,0.403796997,2752,1.03455205,1,0,0.390310954
0,-0.239783832,1,0.615768545,3,2019-04-25T16:00:00.0,0.615768545,0,0.615768545,2753,1.239783832,1,0,0.496674121
0,-0.239616846,1,0.616383893,3,2019-04-25T17:00:00.0,0.616383893,0,0.616383893,2754,1.239616846,1,0,0.497237429
0,-0.142817344,1,0.559791011,4,2019-04-25T18:00:00.0,0.559791011,0,0.559791011,2755,1.142817344,1,0,0.489834193
0,-0.239616846,1,0.616383893,4,2019-04-25T19:00:00.0,0.616383893,0,0.616383893,2756,1.239616846,1,0,0.497237429
0,-0.121127698,1,0.656222487,4,2019-04-25T20:00:00.0,0.656222487,0,0.656222487,2757,1.121127698,1,0,0.585323588
0,-0.121127698,1,0.656222487,4,2019-04-25T21:00:00.0,0.656222487,0,0.656222487,2758,1.121127698,1,0,0.585323588
0,-0.234220421,1,0.613228926,4,2019-04-25T22:00:00.0,0.613228926,0,0.613228926,2759,1.234220421,1,0,0.496855275
0,-0.042278842,1,0.31473022,2,2019-04-25T23:00:00.0,0.31473022,0,0.31473022,2760,1.042278842,1,0,0.301963551
0,-0.039677957,1,0.313944848,2,2019-04-26T00:00:00.0,0.313944848,0,0.313944848,2761,1.039677957,1,0,0.301963551
0,-0.039677956,1,0.313944848,2,2019-04-26T01:00:00.0,0.313944848,0,0.313944848,2762,1.039677958,1.000000002,0,0.301963551
0,-0.039677957,1,0.313944848,2,2019-04-26T02:00:00.0,0.313944848,0,0.313944848,2763,1.039677957,1,0,0.301963551
0,-0.039677957,1,0.312598129,2,2019-04-26T03:00:00.0,0.312598129,0,0.312598129,2764,1.039677957,1,0,0.300668228
0,-0.039677957,1,0.312598129,2,2019-04-26T04:00:00.0,0.312598129,0,0.312598129,2765,1.039677957,1,0,0.300668228
0,-0.039677957,1,0.312598129,2,2019-04-26T05:00:00.0,0.312598129,0,0.312598129,2766,1.039677957,1,0,0.300668228
0,-0.039677957,1,0.313944848,2,2019-04-26T06:00:00.0,0.313944848,0,0.313944848,2767,1.039677957,1,0,0.301963551
0,-0.234220421,1,0.613228926,4,2019-04-26T07:00:00.0,0.613228926,0,0.613228926,2768,1.234220421,1,0,0.496855275
0,-0.234220421,1,0.613228926,4,2019-04-26T08:00:00.0,0.613228926,0,0.613228926,2769,1.234220421,1,0,0.496855275
0,-0.234220421,1,0.613228926,4,2019-04-26T09:00:00.0,0.613228926,0,0.613228926,2770,1.234220421,1,0,0.496855275
0,-0.234220421,1,0.613228926,4,2019-04-26T10:00:00.0,0.613228926,0,0.613228926,2771,1.234220421,1,0,0.496855275
0,-0.234220421,1,0.613228926,4,2019-04-26T11:00:00.0,0.613228926,0,0.613228926,2772,1.234220421,1,0,0.496855275
0,-0.234220421,1,0.613228926,4,2019-04-26T12:00:00.0,0.613228926,0,0.613228926,2773,1.234220421,1,0,0.496855275
0,-0.234220421,1,0.613228926,4,2019-04-26T13:00:00.0,0.613228926,0,0.613228926,2774,1.234220421,1,0,0.496855275
0,-0.234220421,1,0.613228926,4,2019-04-26T14:00:00.0,0.613228926,0,0.613228926,2775,1.234220421,1,0,0.496855275
0,-0.234220421,1,0.613228926,4,2019-04-26T15:00:00.0,0.613228926,0,0.613228926,2776,1.234220421,1,0,0.496855275
0,-0.234220421,1,0.613228926,4,2019-04-26T16:00:00.0,0.613228926,0,0.613228926,2777,1.234220421,1,0,0.496855275
0,-0.234220421,1,0.613228926,4,2019-04-26T17:00:00.0,0.613228926,0,0.613228926,2778,1.234220421,1,0,0.496855275
0,-0.234220421,1,0.613228926,4,2019-04-26T18:00:00.0,0.613228926,0,0.613228926,2779,1.234220421,1,0,0.496855275
0,-0.234220421,1,0.613228926,4,2019-04-26T19:00:00.0,0.613228926,0,0.613228926,2780,1.234220421,1,0,0.496855275
0,-0.234220421,1,0.613228926,4,2019-04-26T20:00:00.0,0.613228926,0,0.613228926,2781,1.234220421,1,0,0.496855275
0,-0.039677957,1,0.313944848,2,2019-04-26T21:00:00.0,0.313944848,0,0.313944848,2782,1.039677957,1,0,0.301963551
0,-0.234220421,1,0.613228926,4,2019-04-26T22:00:00.0,0.613228926,0,0.613228926,2783,1.234220421,1,0,0.496855275
0,-0.264294981,1,0.598261588,4,2019-04-26T23:00:00.0,0.598261588,0,0.598261588,2784,1.264294981,1,0,0.473197788
0,-0.275533115,1,0.574432512,3,2019-04-27T00:00:00.0,0.574432512,0,0.574432512,2785,1.275533115,1,0,0.450347
0,-0.312231378,1,0.590959464,2,2019-04-27T01:00:00.0,0.590959464,0,0.590959464,2786,1.312231378,1,0,0.450347
0,-0.275533115,1,0.574432512,3,2019-04-27T02:00:00.0,0.574432512,0,0.574432512,2787,1.275533115,1,0,0.450347
0,-0.312231378,1,0.590959464,2,2019-04-27T03:00:00.0,0.590959464,0,0.590959464,2788,1.312231378,1,0,0.450347
0,-0.312231378,1,0.590959464,2,2019-04-27T04:00:00.0,0.590959464,0,0.590959464,2789,1.312231378,1,0,0.450347
0,-0.310872906,1,0.59034768,3,2019-04-27T05:00:00.0,0.59034768,0,0.59034768,2790,1.310872906,1,0,0.450347
0,-0.312231378,1,0.590959464,2,2019-04-27T06:00:00.0,0.590959464,0,0.590959464,2791,1.312231378,1,0,0.450347
0,-0.312231378,1,0.590959464,2,2019-04-27T07:00:00.0,0.590959464,0,0.590959464,2792,1.312231378,1,0,0.450347
0,-0.312231378,1,0.590959464,2,2019-04-27T08:00:00.0,0.590959464,0,0.590959464,2793,1.312231378,1,0,0.450347
0,-0.274590144,1,0.594282429,4,2019-04-27T09:00:00.0,0.594282429,0,0.594282429,2794,1.274590144,1,0,0.466253746
0,-0.274590144,1,0.594282429,4,2019-04-27T10:00:00.0,0.594282429,0,0.594282429,2795,1.274590145,1,0,0.466253746
0,-0.275533115,1,0.574432512,3,2019-04-27T11:00:00.0,0.574432512,0,0.574432512,2796,1.275533115,1,0,0.450347
0,-0.312231378,1,0.590959464,2,2019-04-27T12:00:00.0,0.590959464,0,0.590959464,2797,1.312231377,1,0,0.450347
0,-0.275533115,1,0.574432512,3,2019-04-27T13:00:00.0,0.574432512,0,0.574432512,2798,1.275533115,1,0,0.450347
0,-0.274590144,1,0.594282429,4,2019-04-27T14:00:00.0,0.594282429,0,0.594282429,2799,1.274590144,1,0,0.466253746
0,-0.312231378,1,0.590959464,2,2019-04-27T15:00:00.0,0.590959464,0,0.590959464,2800,1.312231378,1,0,0.450347
0,-0.275533115,1,0.574432512,3,2019-04-27T16:00:00.0,0.574432512,0,0.574432512,2801,1.275533115,1,0,0.450347
0,-0.274590144,1,0.594282429,4,2019-04-27T17:00:00.0,0.594282429,0,0.594282429,2802,1.274590144,1,0,0.466253746
0,-0.274590144,1,0.594282429,4,2019-04-27T18:00:00.0,0.594282429,0,0.594282429,2803,1.274590144,1,0,0.466253746
0,-0.274590144,1,0.594282429,4,2019-04-27T19:00:00.0,0.594282429,0,0.594282429,2804,1.274590144,1,0,0.466253746
0,-0.274590144,1,0.594282429,5,2019-04-27T20:00:00.0,0.594282429,0,0.594282429,2805,1.274590144,1,0,0.466253746
0,-0.274590144,1,0.594282429,4,2019-04-27T21:00:00.0,0.594282429,0,0.594282429,2806,1.274590144,1,0,0.466253746
0,-0.274590144,1,0.594282429,4,2019-04-27T22:00:00.0,0.594282429,0,0.594282429,2807,1.274590144,1,0,0.466253746
0,-0.274590144,1,0.594282429,4,2019-04-27T23:00:00.0,0.594282429,0,0.594282429,2808,1.274590144,1,0,0.466253746
0,-0.142817344,1,0.559791011,4,2019-04-28T00:00:00.0,0.559791011,0,0.559791011,2809,1.142817344,1,0,0.489834193
0,-0.142817344,1,0.559791011,4,2019-04-28T01:00:00.0,0.559791011,0,0.559791011,2810,1.142817344,1,0,0.489834193
0,-0.142817344,1,0.559791011,4,2019-04-28T02:00:00.0,0.559791011,0,0.559791011,2811,1.142817344,1,0,0.489834193
0,-0.142817344,1,0.559791011,4,2019-04-28T03:00:00.0,0.559791011,0,0.559791011,2812,1.142817344,1,0,0.489834193
0,-0.142452068,1,0.559733997,4,2019-04-28T04:00:00.0,0.559733997,0,0.559733997,2813,1.142452068,1,0,0.489940903
0,-0.142452068,1,0.559733997,4,2019-04-28T05:00:00.0,0.559733997,0,0.559733997,2814,1.142452068,1,0,0.489940903
0,-0.121127698,1,0.656222487,4,2019-04-28T06:00:00.0,0.656222487,0,0.656222487,2815,1.121127698,1,0,0.585323588
0,-0.042430781,1,0.339777404,2,2019-04-28T07:00:00.0,0.339777404,0,0.339777404,2816,1.042430781,1,0,0.325947209
0,-0.042430781,1,0.339777404,2,2019-04-28T08:00:00.0,0.339777404,0,0.339777404,2817,1.042430781,1,0,0.325947209
0,-0.039677957,1,0.353462977,2,2019-04-28T09:00:00.0,0.353462977,0,0.353462977,2818,1.039677957,1,0,0.339973522
0,-0.042430781,1,0.354398864,2,2019-04-28T10:00:00.0,0.354398864,0,0.354398864,2819,1.042430781,1,0,0.339973522
0,-0.142817344,1,0.559791011,4,2019-04-28T11:00:00.0,0.559791011,0,0.559791011,2820,1.142817344,1,0,0.489834193
0,-0.142817344,1,0.559791011,4,2019-04-28T12:00:00.0,0.559791011,0,0.559791011,2821,1.142817344,1,0,0.489834193
0,-0.039677957,1,0.353462977,2,2019-04-28T13:00:00.0,0.353462977,0,0.353462977,2822,1.039677957,1,0,0.339973522
0,-0.039677957,1,0.353462977,2,2019-04-28T14:00:00.0,0.353462977,0,0.353462977,2823,1.039677957,1,0,0.339973522
0,-0.142817344,1,0.559791011,4,2019-04-28T15:00:00.0,0.559791011,0,0.559791011,2824,1.142817344,1,0,0.489834193
0,-0.142817344,1,0.559791011,4,2019-04-28T16:00:00.0,0.559791011,0,0.559791011,2825,1.142817344,1,0,0.489834193
0,-0.039677957,1,0.353462977,2,2019-04-28T17:00:00.0,0.353462977,0,0.353462977,2826,1.039677957,1,0,0.339973522
0,-0.039677957,1,0.353462977,2,2019-04-28T18:00:00.0,0.353462977,0,0.353462977,2827,1.039677957,1,0,0.339973522
0,-0.039677957,1,0.353462977,2,2019-04-28T19:00:00.0,0.353462977,0,0.353462977,2828,1.039677957,1,0,0.339973522
0,-0.039677957,1,0.353462977,2,2019-04-28T20:00:00.0,0.353462977,0,0.353462977,2829,1.039677957,1,0,0.339973522
0,-0.039677957,1,0.353462977,2,2019-04-28T21:00:00.0,0.353462977,0,0.353462977,2830,1.039677957,1,0,0.339973522
0,-0.039677957,1,0.353462977,2,2019-04-28T22:00:00.0,0.353462977,0,0.353462977,2831,1.039677957,1,0,0.339973522
0,-0.039677957,1,0.313944858,2,2019-04-28T23:00:00.0,0.313944858,0,0.313944858,2832,1.039677989,1.000000032,0,0.301963551
0,-0.036661054,1,0.346886061,3,2019-04-29T00:00:00.0,0.346886061,0,0.346886061,2833,1.036661054,1,0,0.334618591
0,-0.038204097,1,0.430340494,4,2019-04-29T01:00:00.0,0.430340494,0,0.430340494,2834,1.038204097,1,0,0.414504716
0,-0.038204097,1,0.430340494,4,2019-04-29T02:00:00.0,0.430340494,0,0.430340494,2835,1.038204097,1,0,0.414504716
0,-0.036661054,1,0.346886061,3,2019-04-29T03:00:00.0,0.346886061,0,0.346886061,2836,1.036661054,1,0,0.334618591
0,-0.038204097,1,0.430340494,4,2019-04-29T04:00:00.0,0.430340494,0,0.430340494,2837,1.038204097,1,0,0.414504716
0,-0.039677957,1,0.313944848,2,2019-04-29T05:00:00.0,0.313944848,0,0.313944848,2838,1.039677957,1,0,0.301963551
0,-0.121127698,1,0.656222487,4,2019-04-29T06:00:00.0,0.656222487,0,0.656222487,2839,1.121127698,1,0,0.585323588
0,-0.142817344,1,0.559791011,4,2019-04-29T07:00:00.0,0.559791011,0,0.559791011,2840,1.142817344,1,0,0.489834193
0,-0.034539314,1,0.403766889,3,2019-04-29T08:00:00.0,0.403766889,0,0.403766889,2841,1.034539314,1,0,0.390286656
0,-0.234220421,1,0.613228926,4,2019-04-29T09:00:00.0,0.613228926,0,0.613228926,2842,1.234220421,1,0,0.496855275
0,-0.234220421,1,0.613228926,4,2019-04-29T10:00:00.0,0.613228926,0,0.613228926,2843,1.234220421,1,0,0.496855275
0,-0.042278842,1,0.33972788,2,2019-04-29T11:00:00.0,0.33972788,0,0.33972788,2844,1.042278842,1,0,0.325947209
0,-0.234220421,1,0.613228926,4,2019-04-29T12:00:00.0,0.613228926,0,0.613228926,2845,1.234220421,1,0,0.496855275
0,-0.234220421,1,0.613228926,4,2019-04-29T13:00:00.0,0.613228926,0,0.613228926,2846,1.234220421,1,0,0.496855275
0,-0.03455205,1,0.403796997,3,2019-04-29T14:00:00.0,0.403796997,0,0.403796997,2847,1.03455205,1,0,0.390310954
0,-0.03455205,1,0.403796997,3,2019-04-29T15:00:00.0,0.403796997,0,0.403796997,2848,1.03455205,1,0,0.390310954
0,-0.142817344,1,0.559791011,4,2019-04-29T16:00:00.0,0.559791011,0,0.559791011,2849,1.142817344,1,0,0.489834193
0,-0.121127698,1,0.656222487,4,2019-04-29T17:00:00.0,0.656222487,0,0.656222487,2850,1.121127699,1,0,0.585323588
0,-0.121127698,1,0.656222487,4,2019-04-29T18:00:00.0,0.656222487,0,0.656222487,2851,1.121127698,1,0,0.585323588
0,-0.121127698,1,0.656222487,4,2019-04-29T19:00:00.0,0.656222487,0,0.656222487,2852,1.121127698,1,0,0.585323588
0,-0.121127698,1,0.656222487,4,2019-04-29T20:00:00.0,0.656222487,0,0.656222487,2853,1.121127698,1,0,0.585323588
0,-0.121127698,1,0.656222487,4,2019-04-29T21:00:00.0,0.656222487,0,0.656222487,2854,1.121127698,1,0,0.585323588
0,-0.142817344,1,0.559791011,4,2019-04-29T22:00:00.0,0.559791011,0,0.559791011,2855,1.142817344,1,0,0.489834193
0,-0.042430781,1,0.313425816,2,2019-04-29T23:00:00.0,0.313425816,0,0.313425816,2856,1.042430781,1,0,0.300668228
0,-0.039677957,1,0.313944848,2,2019-04-30T00:00:00.0,0.313944848,0,0.313944848,2857,1.039677957,1,0,0.301963551
0,-0.142817344,1,0.559791011,4,2019-04-30T01:00:00.0,0.559791011,0,0.559791011,2858,1.142817344,1,0,0.489834193
0,-0.142817344,1,0.559791011,4,2019-04-30T02:00:00.0,0.559791011,0,0.559791011,2859,1.142817344,1,0,0.489834193
0,-0.039677957,1,0.313944848,2,2019-04-30T03:00:00.0,0.313944848,0,0.313944848,2860,1.039677957,1,0,0.301963551
0,-0.142817344,1,0.559791011,4,2019-04-30T04:00:00.0,0.559791011,0,0.559791011,2861,1.142817344,1,0,0.489834193
0,-0.142817344,1,0.559791011,4,2019-04-30T05:00:00.0,0.559791011,0,0.559791011,2862,1.142817344,1,0,0.489834193
0,-0.142817344,1,0.559791011,4,2019-04-30T06:00:00.0,0.559791011,0,0.559791011,2863,1.142817344,1,0,0.489834193
0,-0.121127698,1,0.656222487,4,2019-04-30T07:00:00.0,0.656222487,0,0.656222487,2864,1.121127698,1,0,0.585323588
0,-0.121127698,1,0.656222487,4,2019-04-30T08:00:00.0,0.656222487,0,0.656222487,2865,1.121127698,1,0,0.585323588
0,-0.142817344,1,0.559791011,4,2019-04-30T09:00:00.0,0.559791011,0,0.559791011,2866,1.142817344,1,0,0.489834193
0,-0.142817344,1,0.559791011,4,2019-04-30T10:00:00.0,0.559791011,0,0.559791011,2867,1.142817344,1,0,0.489834193
0,-0.142817344,1,0.559791011,4,2019-04-30T11:00:00.0,0.559791011,0,0.559791011,2868,1.142817344,1,0,0.489834193
0,-0.142817344,1,0.559791011,4,2019-04-30T12:00:00.0,0.559791011,0,0.559791011,2869,1.142817344,1,0,0.489834193
0,-0.036661054,1,0.356551919,3,2019-04-30T13:00:00.0,0.356551919,0,0.356551919,2870,1.036661054,1,0,0.34394262
0,-0.034659309,1,0.363685293,3,2019-04-30T14:00:00.0,0.363685293,0,0.363685293,2871,1.034659309,1,0,0.351502461
0,-0.036661054,1,0.356551919,3,2019-04-30T15:00:00.0,0.356551919,0,0.356551919,2872,1.036661054,1,0,0.34394262
0,-0.142817344,1,0.559791011,4,2019-04-30T16:00:00.0,0.559791011,0,0.559791011,2873,1.142817344,1,0,0.489834193
0,-0.142817344,1,0.559791011,4,2019-04-30T17:00:00.0,0.559791011,0,0.559791011,2874,1.142817344,1,0,0.489834193
0,-0.121127698,1,0.656222487,4,2019-04-30T18:00:00.0,0.656222487,0,0.656222487,2875,1.121127698,1,0,0.585323588
0,-0.121127698,1,0.656222487,4,2019-04-30T19:00:00.0,0.656222487,0,0.656222487,2876,1.121127699,1,0,0.585323588
0,-0.121127698,1,0.656222487,4,2019-04-30T20:00:00.0,0.656222487,0,0.656222487,2877,1.121127698,1,0,0.585323588
0,-0.121127698,1,0.656222487,4,2019-04-30T21:00:00.0,0.656222487,0,0.656222487,2878,1.121127698,1,0,0.585323588
0,-0.121127698,1,0.656222487,4,2019-04-30T22:00:00.0,0.656222487,0,0.656222487,2879,1.121127698,1,0,0.585323588
0,-0.142817344,1,0.559791011,4,2019-04-30T23:00:00.0,0.559791011,0,0.559791011,2880,1.142817344,1,0,0.489834193
0,-0.142817344,1,0.559791011,4,2019-05-01T00:00:00.0,0.559791011,0,0.559791011,2881,1.142817344,1,0,0.489834193
0,-0.142817344,1,0.559791011,4,2019-05-01T01:00:00.0,0.559791011,0,0.559791011,2882,1.142817344,1,0,0.489834193
0,-0.142817344,1,0.559791011,4,2019-05-01T02:00:00.0,0.559791011,0,0.559791011,2883,1.142817344,1,0,0.489834193
0,-0.038204097,1,0.430340494,4,2019-05-01T03:00:00.0,0.430340494,0,0.430340494,2884,1.038204097,1,0,0.414504716
0,-0.034539314,1,0.403766889,3,2019-05-01T04:00:00.0,0.403766889,0,0.403766889,2885,1.034539314,1,0,0.390286656
0,-0.034539314,1,0.403766889,3,2019-05-01T05:00:00.0,0.403766889,0,0.403766889,2886,1.034539314,1,0,0.390286656
0,-0.142817344,1,0.559791011,4,2019-05-01T06:00:00.0,0.559791011,0,0.559791011,2887,1.142817344,1,0,0.489834193
0,-0.039677957,1,0.353462977,2,2019-05-01T07:00:00.0,0.353462977,0,0.353462977,2888,1.039677957,1,0,0.339973522
0,-0.039677957,1,0.353462977,2,2019-05-01T08:00:00.0,0.353462977,0,0.353462977,2889,1.039677957,1,0,0.339973522
0,-0.039677957,1,0.353462977,2,2019-05-01T09:00:00.0,0.353462977,0,0.353462977,2890,1.039677957,1,0,0.339973522
0,-0.039677957,1,0.353462977,2,2019-05-01T10:00:00.0,0.353462977,0,0.353462977,2891,1.039677957,1,0,0.339973522
0,-0.039677957,1,0.353462977,2,2019-05-01T11:00:00.0,0.353462977,0,0.353462977,2892,1.039677957,1,0,0.339973522
0,-0.042278842,1,0.354347209,2,2019-05-01T12:00:00.0,0.354347209,0,0.354347209,2893,1.042278842,1,0,0.339973522
0,-0.042278842,1,0.354347209,2,2019-05-01T13:00:00.0,0.354347209,0,0.354347209,2894,1.042278842,1,0,0.339973522
0,-0.039677957,1,0.353462977,2,2019-05-01T14:00:00.0,0.353462977,0,0.353462977,2895,1.039677957,1,0,0.339973522
0,-0.039677957,1,0.353462977,2,2019-05-01T15:00:00.0,0.353462977,0,0.353462977,2896,1.039677957,1,0,0.339973522
0,-0.039677957,1,0.353462977,2,2019-05-01T16:00:00.0,0.353462977,0,0.353462977,2897,1.039677957,1,0,0.339973522
0,-0.039677957,1,0.353462977,2,2019-05-01T17:00:00.0,0.353462977,0,0.353462977,2898,1.039677957,1,0,0.339973522
0,-0.039677957,1,0.353462977,2,2019-05-01T18:00:00.0,0.353462977,0,0.353462977,2899,1.039677957,1,0,0.339973522
0,-0.039677957,1,0.353462977,2,2019-05-01T19:00:00.0,0.353462977,0,0.353462977,2900,1.039677957,1,0,0.339973522
0,-0.039677957,1,0.353462977,2,2019-05-01T20:00:00.0,0.353462977,0,0.353462977,2901,1.039677957,1,0,0.339973522
0,-0.039677957,1,0.353462977,2,2019-05-01T21:00:00.0,0.353462977,0,0.353462977,2902,1.039677957,1,0,0.339973522
0,-0.234220421,1,0.613228926,4,2019-05-01T22:00:00.0,0.613228926,0,0.613228926,2903,1.234220421,1,0,0.496855275
0,-0.234220421,1,0.613228926,4,2019-05-01T23:00:00.0,0.613228926,0,0.613228926,2904,1.234220421,1,0,0.496855275
0,-0.039677957,1,0.312598129,2,2019-05-02T00:00:00.0,0.312598129,0,0.312598129,2905,1.039677957,1,0,0.300668228
0,-0.039677957,1,0.312598129,2,2019-05-02T01:00:00.0,0.312598129,0,0.312598129,2906,1.039677957,1,0,0.300668228
0,-0.039677957,1,0.312598129,2,2019-05-02T02:00:00.0,0.312598129,0,0.312598129,2907,1.039677957,1,0,0.300668228
0,-0.039677957,1,0.312598129,2,2019-05-02T03:00:00.0,0.312598129,0,0.312598129,2908,1.039677957,1,0,0.300668228
0,-0.039677957,1,0.312598129,2,2019-05-02T04:00:00.0,0.312598129,0,0.312598129,2909,1.039677957,1,0,0.300668228
0,-0.042430781,1,0.313425816,2,2019-05-02T05:00:00.0,0.313425816,0,0.313425816,2910,1.042430781,1,0,0.300668228
0,-0.039457729,1,0.312531913,2,2019-05-02T06:00:00.0,0.312531913,0,0.312531913,2911,1.039457729,1,0,0.300668228
0,-0.039677957,1,0.313944848,2,2019-05-02T07:00:00.0,0.313944848,0,0.313944848,2912,1.039677957,1,0,0.301963551
0,-0.142817344,1,0.559791011,4,2019-05-02T08:00:00.0,0.559791011,0,0.559791011,2913,1.142817344,1,0,0.489834193
0,-0.142817344,1,0.559791011,5,2019-05-02T09:00:00.0,0.559791011,0,0.559791011,2914,1.142817344,1,0,0.489834193
0,-0.142817344,1,0.559791011,4,2019-05-02T10:00:00.0,0.559791011,0,0.559791011,2915,1.142817344,1,0,0.489834193
0,-0.034539314,1,0.403766889,3,2019-05-02T11:00:00.0,0.403766889,0,0.403766889,2916,1.034539314,1,0,0.390286656
0,-0.034539314,1,0.403766889,3,2019-05-02T12:00:00.0,0.403766889,0,0.403766889,2917,1.034539314,1,0,0.390286656
0,-0.035016975,1,0.36021253,3,2019-05-02T13:00:00.0,0.36021253,0,0.36021253,2918,1.035016975,1,0,0.348025722
0,-0.03465931,1,0.360410033,3,2019-05-02T14:00:00.0,0.360410033,0,0.360410033,2919,1.034659309,1,0,0.348336916
0,-0.034659309,1,0.360410033,3,2019-05-02T15:00:00.0,0.360410033,0,0.360410033,2920,1.03465931,1,0,0.348336916
0,-0.034659309,1,0.360410033,3,2019-05-02T16:00:00.0,0.360410033,0,0.360410033,2921,1.034659309,1,0,0.348336916
0,-0.034539314,1,0.403766889,3,2019-05-02T17:00:00.0,0.403766889,0,0.403766889,2922,1.034539314,1,0,0.390286656
0,-0.142817344,1,0.559791011,4,2019-05-02T18:00:00.0,0.559791011,0,0.559791011,2923,1.142817344,1,0,0.489834193
0,-0.142817344,1,0.559791011,4,2019-05-02T19:00:00.0,0.559791011,0,0.559791011,2924,1.142817344,1,0,0.489834193
0,-0.142817344,1,0.559791011,4,2019-05-02T20:00:00.0,0.559791011,0,0.559791011,2925,1.142817344,1,0,0.489834193
0,-0.142817344,1,0.559791011,4,2019-05-02T21:00:00.0,0.559791011,0,0.559791011,2926,1.142817344,1,0,0.489834193
0,-0.039677957,1,0.313944848,2,2019-05-02T22:00:00.0,0.313944848,0,0.313944848,2927,1.039677957,1,0,0.301963551
0,-0.142817344,1,0.559791011,4,2019-05-02T23:00:00.0,0.559791011,0,0.559791011,2928,1.142817344,1.000000001,0,0.489834193
0,-0.142817344,1,0.559791011,4,2019-05-03T00:00:00.0,0.559791011,0,0.559791011,2929,1.142817344,1,0,0.489834193
0,-0.142817344,1,0.559791011,4,2019-05-03T01:00:00.0,0.559791011,0,0.559791011,2930,1.142817344,1,0,0.489834193
0,-0.142817344,1,0.559791011,4,2019-05-03T02:00:00.0,0.559791011,0,0.559791011,2931,1.142817344,1,0,0.489834193
0,-0.039677957,1,0.313944848,2,2019-05-03T03:00:00.0,0.313944848,0,0.313944848,2932,1.039677957,1,0,0.301963551
0,-0.142817344,1,0.559791011,4,2019-05-03T04:00:00.0,0.559791011,0,0.559791011,2933,1.142817344,1,0,0.489834193
0,-0.039677957,1,0.313944848,2,2019-05-03T05:00:00.0,0.313944848,0,0.313944848,2934,1.039677957,1,0,0.301963551
0,-0.142817344,1,0.559791011,4,2019-05-03T06:00:00.0,0.559791011,0,0.559791011,2935,1.142817344,1,0,0.489834193
0,-0.142452068,1,0.559733998,4,2019-05-03T07:00:00.0,0.559733998,0,0.559733998,2936,1.142452068,1,0,0.489940903
0,-0.121127698,1,0.622539869,4,2019-05-03T08:00:00.0,0.622539869,0,0.622539869,2937,1.121127698,1,0,0.555280072
0,-0.121127698,1,0.622539869,4,2019-05-03T09:00:00.0,0.622539869,0,0.622539869,2938,1.121127698,1,0,0.555280072
0,-0.121127698,1,0.622539869,4,2019-05-03T10:00:00.0,0.622539869,0,0.622539869,2939,1.121127698,1,0,0.555280072
0,-0.142817344,1,0.518091502,4,2019-05-03T11:00:00.0,0.518091502,0,0.518091502,2940,1.142817344,1,0,0.453345852
0,-0.142817344,1,0.518091502,4,2019-05-03T12:00:00.0,0.518091502,0,0.518091502,2941,1.142817344,1,0,0.453345852
0,-0.142817344,1,0.518091502,4,2019-05-03T13:00:00.0,0.518091502,0,0.518091502,2942,1.142817344,1,0,0.453345852
0,-0.142817344,1,0.518091502,4,2019-05-03T14:00:00.0,0.518091502,0,0.518091502,2943,1.142817344,1,0,0.453345852
0,-0.142817344,1,0.518091502,4,2019-05-03T15:00:00.0,0.518091502,0,0.518091502,2944,1.142817344,1,0,0.453345852
0,-0.142817344,1,0.518091502,4,2019-05-03T16:00:00.0,0.518091502,0,0.518091502,2945,1.142817344,1,0,0.453345852
0,-0.142817344,1,0.518091502,4,2019-05-03T17:00:00.0,0.518091502,0,0.518091502,2946,1.142817344,1,0,0.453345852
0,-0.121127698,1,0.656222487,4,2019-05-03T18:00:00.0,0.656222487,0,0.656222487,2947,1.121127698,1,0,0.585323588
0,-0.121127698,1,0.656222487,4,2019-05-03T19:00:00.0,0.656222487,0,0.656222487,2948,1.121127698,1,0,0.585323588
0,-0.121127698,1,0.656222487,4,2019-05-03T20:00:00.0,0.656222487,0,0.656222487,2949,1.121127698,1,0,0.585323588
0,-0.121127698,1,0.656222487,4,2019-05-03T21:00:00.0,0.656222487,0,0.656222487,2950,1.121127699,1,0,0.585323588
0,-0.121127698,1,0.656222487,4,2019-05-03T22:00:00.0,0.656222487,0,0.656222487,2951,1.121127698,1,0,0.585323588
0,-0.039677957,1,0.312598129,2,2019-05-03T23:00:00.0,0.312598129,0,0.312598129,2952,1.039677957,1,0,0.300668228
0,-0.142817344,1,0.559791011,4,2019-05-04T00:00:00.0,0.559791011,0,0.559791011,2953,1.142817344,1,0,0.489834193
0,-0.039677957,1,0.312598129,2,2019-05-04T01:00:00.0,0.312598129,0,0.312598129,2954,1.039677957,1,0,0.300668228
0,-0.039677957,1,0.312598129,2,2019-05-04T02:00:00.0,0.312598129,0,0.312598129,2955,1.039677957,1,0,0.300668228
0,-0.039677957,1,0.312598129,2,2019-05-04T03:00:00.0,0.312598129,0,0.312598129,2956,1.039677957,1,0,0.300668228
0,-0.142452068,1,0.559733997,4,2019-05-04T04:00:00.0,0.559733997,0,0.559733997,2957,1.142452068,1,0,0.489940903
0,-0.039836203,1,0.312645708,2,2019-05-04T05:00:00.0,0.312645708,0,0.312645708,2958,1.039836203,1,0,0.300668228
0,-0.039677957,1,0.312598129,2,2019-05-04T06:00:00.0,0.312598129,0,0.312598129,2959,1.039677957,1,0,0.300668228
0,-0.042430781,1,0.313425816,2,2019-05-04T07:00:00.0,0.313425816,0,0.313425816,2960,1.042430781,1,0,0.300668228
0,-0.042430781,1,0.3147761,2,2019-05-04T08:00:00.0,0.3147761,0,0.3147761,2961,1.042430781,1,0,0.301963551
0,-0.142817344,1,0.518091502,4,2019-05-04T09:00:00.0,0.518091502,0,0.518091502,2962,1.142817344,1,0,0.453345852
0,-0.142817344,1,0.518091502,4,2019-05-04T10:00:00.0,0.518091502,0,0.518091502,2963,1.142817344,1,0,0.453345852
0,-0.121127698,1,0.622539869,4,2019-05-04T11:00:00.0,0.622539869,0,0.622539869,2964,1.121127698,1,0,0.555280072
0,-0.142817344,1,0.518091502,4,2019-05-04T12:00:00.0,0.518091502,0,0.518091502,2965,1.142817344,1,0,0.453345852
0,-0.142817344,1,0.518091502,4,2019-05-04T13:00:00.0,0.518091502,0,0.518091502,2966,1.142817344,1,0,0.453345852
0,-0.142817344,1,0.518091502,4,2019-05-04T14:00:00.0,0.518091502,0,0.518091502,2967,1.142817344,1,0,0.453345852
0,-0.142817344,1,0.518091502,4,2019-05-04T15:00:00.0,0.518091502,0,0.518091502,2968,1.142817344,1,0,0.453345852
0,-0.142817344,1,0.518091502,4,2019-05-04T16:00:00.0,0.518091502,0,0.518091502,2969,1.142817344,1,0,0.453345852
0,-0.142817344,1,0.518091502,4,2019-05-04T17:00:00.0,0.518091502,0,0.518091502,2970,1.142817344,1,0,0.453345852
0,-0.142817344,1,0.518091502,4,2019-05-04T18:00:00.0,0.518091502,0,0.518091502,2971,1.142817344,1,0,0.453345852
0,-0.121127698,1,0.622539869,4,2019-05-04T19:00:00.0,0.622539869,0,0.622539869,2972,1.121127698,1,0,0.555280072
0,-0.121127698,1,0.656222487,4,2019-05-04T20:00:00.0,0.656222487,0,0.656222487,2973,1.121127698,1,0,0.585323588
0,-0.121127698,1,0.656222487,4,2019-05-04T21:00:00.0,0.656222487,0,0.656222487,2974,1.121127698,1,0,0.585323588
0,-0.121127698,1,0.656222487,4,2019-05-04T22:00:00.0,0.656222487,0,0.656222487,2975,1.121127698,1,0,0.585323588
0,-0.042430781,1,0.313425816,2,2019-05-04T23:00:00.0,0.313425816,0,0.313425816,2976,1.042430781,1,0,0.300668228
0,-0.039677957,1,0.312598129,2,2019-05-05T00:00:00.0,0.312598129,0,0.312598129,2977,1.039677957,1,0,0.300668228
0,-0.039677957,1,0.312598129,2,2019-05-05T01:00:00.0,0.312598129,0,0.312598129,2978,1.039677957,1,0,0.300668228
0,-0.039677957,1,0.312598129,2,2019-05-05T02:00:00.0,0.312598129,0,0.312598129,2979,1.039677957,1,0,0.300668228
0,-0.039457729,1,0.312531913,2,2019-05-05T03:00:00.0,0.312531913,0,0.312531913,2980,1.039457729,1,0,0.300668228
0,-0.039677957,1,0.312598129,2,2019-05-05T04:00:00.0,0.312598129,0,0.312598129,2981,1.039677957,1,0,0.300668228
0,-0.039457729,1,0.312531913,2,2019-05-05T05:00:00.0,0.312531913,0,0.312531913,2982,1.039457729,1,0,0.300668228
0,-0.047144112,1,0.294393113,2,2019-05-05T06:00:00.0,0.294393113,0,0.294393113,2983,1.047144112,1,0,0.281139061
0,-0.039457729,1,0.312531913,2,2019-05-05T07:00:00.0,0.312531913,0,0.312531913,2984,1.039457729,1,0,0.300668228
0,-0.039677957,1,0.312598129,2,2019-05-05T08:00:00.0,0.312598129,0,0.312598129,2985,1.039677957,1,0,0.300668228
0,-0.142817344,1,0.559791011,4,2019-05-05T09:00:00.0,0.559791011,0,0.559791011,2986,1.142817344,1,0,0.489834193
0,-0.142817344,1,0.559791011,4,2019-05-05T10:00:00.0,0.559791011,0,0.559791011,2987,1.142817344,1,0,0.489834193
0,-0.142817344,1,0.559791011,4,2019-05-05T11:00:00.0,0.559791011,0,0.559791011,2988,1.142817344,1,0,0.489834193
0,-0.142817344,1,0.559791011,4,2019-05-05T12:00:00.0,0.559791011,0,0.559791011,2989,1.142817344,1,0,0.489834193
0,-0.142817344,1,0.559791011,4,2019-05-05T13:00:00.0,0.559791011,0,0.559791011,2990,1.142817344,1,0,0.489834193
0,-0.142817344,1,0.559791011,4,2019-05-05T14:00:00.0,0.559791011,0,0.559791011,2991,1.142817344,1,0,0.489834193
0,-0.142817344,1,0.559791011,4,2019-05-05T15:00:00.0,0.559791011,0,0.559791011,2992,1.142817344,1,0,0.489834193
0,-0.142817344,1,0.559791011,4,2019-05-05T16:00:00.0,0.559791011,0,0.559791011,2993,1.142817344,1,0,0.489834193
0,-0.039677957,1,0.313944848,2,2019-05-05T17:00:00.0,0.313944848,0,0.313944848,2994,1.039677957,1,0,0.301963551
0,-0.039677957,1,0.313944848,2,2019-05-05T18:00:00.0,0.313944848,0,0.313944848,2995,1.039677957,1,0,0.301963551
0,-0.119355807,1,0.656957666,3,2019-05-05T19:00:00.0,0.656957666,0,0.656957666,2996,1.119355807,1,0,0.586906917
0,-0.119355807,1,0.656957666,3,2019-05-05T20:00:00.0,0.656957666,0,0.656957666,2997,1.119355807,1,0,0.586906917
0,-0.142817344,1,0.559791011,4,2019-05-05T21:00:00.0,0.559791011,0,0.559791011,2998,1.142817344,1,0,0.489834193
0,-0.039677957,1,0.312598129,2,2019-05-05T22:00:00.0,0.312598129,0,0.312598129,2999,1.039677957,1,0,0.300668228
0,-0.142452068,1,0.559733997,4,2019-05-05T23:00:00.0,0.559733997,0,0.559733997,3000,1.142452068,1,0,0.489940903
0,-0.234220421,1,0.613228926,4,2019-05-06T00:00:00.0,0.613228926,0,0.613228926,3001,1.234220421,1,0,0.496855275
0,-0.034539314,1,0.403766889,3,2019-05-06T01:00:00.0,0.403766889,0,0.403766889,3002,1.034539314,1,0,0.390286656
0,-0.234220421,1,0.613228926,4,2019-05-06T02:00:00.0,0.613228926,0,0.613228926,3003,1.234220421,1,0,0.496855275
0,-0.234220421,1,0.613228926,4,2019-05-06T03:00:00.0,0.613228926,0,0.613228926,3004,1.234220421,1,0,0.496855275
0,-0.234220421,1,0.613228926,4,2019-05-06T04:00:00.0,0.613228926,0,0.613228926,3005,1.234220421,1,0,0.496855275
0,-0.038204097,1,0.430340494,4,2019-05-06T05:00:00.0,0.430340494,0,0.430340494,3006,1.038204097,1,0,0.414504716
0,-0.142817344,1,0.559791011,4,2019-05-06T06:00:00.0,0.559791011,0,0.559791011,3007,1.142817344,1,0,0.489834193
0,-0.042278842,1,0.313380132,2,2019-05-06T07:00:00.0,0.313380132,0,0.313380132,3008,1.042278842,1,0,0.300668228
0,-0.039677957,1,0.312598129,2,2019-05-06T08:00:00.0,0.312598129,0,0.312598129,3009,1.039677957,1,0,0.300668228
0,-0.039677957,1,0.312598129,2,2019-05-06T09:00:00.0,0.312598129,0,0.312598129,3010,1.039677957,1,0,0.300668228
0,-0.039677957,1,0.312598129,2,2019-05-06T10:00:00.0,0.312598129,0,0.312598129,3011,1.039677957,1,0,0.300668228
0,-0.042278842,1,0.313380132,2,2019-05-06T11:00:00.0,0.313380132,0,0.313380132,3012,1.042278842,1,0,0.300668228
0,-0.042278842,1,0.313380132,2,2019-05-06T12:00:00.0,0.313380132,0,0.313380132,3013,1.042278842,1,0,0.300668228
0,-0.042278842,1,0.313380132,2,2019-05-06T13:00:00.0,0.313380132,0,0.313380132,3014,1.042278842,1,0,0.300668228
0,-0.042278842,1,0.313380132,2,2019-05-06T14:00:00.0,0.313380132,0,0.313380132,3015,1.042278842,1,0,0.300668228
0,-0.039677957,1,0.312598129,2,2019-05-06T15:00:00.0,0.312598129,0,0.312598129,3016,1.039677957,1,0,0.300668228
0,-0.039677957,1,0.312598129,2,2019-05-06T16:00:00.0,0.312598129,0,0.312598129,3017,1.039677957,1,0,0.300668228
0,-0.039677957,1,0.312598129,2,2019-05-06T17:00:00.0,0.312598129,0,0.312598129,3018,1.039677957,1,0,0.300668228
0,-0.039677957,1,0.312598129,2,2019-05-06T18:00:00.0,0.312598129,0,0.312598129,3019,1.039677957,1,0,0.300668228
0,-0.039677957,1,0.312598129,2,2019-05-06T19:00:00.0,0.312598129,0,0.312598129,3020,1.039677957,1,0,0.300668228
0,-0.039677957,1,0.312598129,2,2019-05-06T20:00:00.0,0.312598129,0,0.312598129,3021,1.039677957,1,0,0.300668228
0,-0.039677957,1,0.312598129,2,2019-05-06T21:00:00.0,0.312598129,0,0.312598129,3022,1.039677957,1,0,0.300668228
0,-0.039677957,1,0.312598129,2,2019-05-06T22:00:00.0,0.312598129,0,0.312598129,3023,1.039677957,1,0,0.300668228
0,-0.234220421,1,0.613228926,4,2019-05-06T23:00:00.0,0.613228926,0,0.613228926,3024,1.234220421,1,0,0.496855275
0,-0.142817344,1,0.559791011,4,2019-05-07T00:00:00.0,0.559791011,0,0.559791011,3025,1.142817344,1,0,0.489834193
0,-0.142817344,1,0.559791011,4,2019-05-07T01:00:00.0,0.559791011,0,0.559791011,3026,1.142817344,1,0,0.489834193
0,-0.142817344,1,0.559791011,4,2019-05-07T02:00:00.0,0.559791011,0,0.559791011,3027,1.142817344,1,0,0.489834193
0,-0.142817344,1,0.559791011,4,2019-05-07T03:00:00.0,0.559791011,0,0.559791011,3028,1.142817344,1,0,0.489834193
0,-0.142817344,1,0.559791011,4,2019-05-07T04:00:00.0,0.559791011,0,0.559791011,3029,1.142817344,1,0,0.489834193
0,-0.149164725,1,0.517522886,3,2019-05-07T05:00:00.0,0.517522886,0,0.517522886,3030,1.149164725,1,0,0.450347
0,-0.142817344,1,0.559791011,4,2019-05-07T06:00:00.0,0.559791011,0,0.559791011,3031,1.142817344,1,0,0.489834193
0,-0.142817344,1,0.559791011,4,2019-05-07T07:00:00.0,0.559791011,0,0.559791011,3032,1.142817344,1,0,0.489834193
0,-0.034539314,1,0.403766889,3,2019-05-07T08:00:00.0,0.403766889,0,0.403766889,3033,1.034539314,1,0,0.390286656
0,-0.03455205,1,0.403796997,3,2019-05-07T09:00:00.0,0.403796997,0,0.403796997,3034,1.03455205,1,0,0.390310954
0,-0.035016975,1,0.360392919,3,2019-05-07T10:00:00.0,0.360392919,0,0.360392919,3035,1.035016975,1,0,0.348200008
0,-0.035016975,1,0.360392919,3,2019-05-07T11:00:00.0,0.360392919,0,0.360392919,3036,1.035016975,1,0,0.348200008
0,-0.035016975,1,0.360392919,3,2019-05-07T12:00:00.0,0.360392919,0,0.360392919,3037,1.035016975,1,0,0.348200008
0,-0.035016975,1,0.36021253,3,2019-05-07T13:00:00.0,0.36021253,0,0.36021253,3038,1.035016975,1,0,0.348025722
0,-0.03465931,1,0.36023314,3,2019-05-07T14:00:00.0,0.36023314,0,0.36023314,3039,1.03465931,1,0,0.348165949
0,-0.034659309,1,0.36023314,3,2019-05-07T15:00:00.0,0.36023314,0,0.36023314,3040,1.034659309,1,0,0.348165949
0,-0.03465931,1,0.36023314,3,2019-05-07T16:00:00.0,0.36023314,0,0.36023314,3041,1.034659309,1,0,0.348165949
0,-0.034539314,1,0.403766889,3,2019-05-07T17:00:00.0,0.403766889,0,0.403766889,3042,1.034539314,1,0,0.390286656
0,-0.142817344,1,0.559791011,4,2019-05-07T18:00:00.0,0.559791011,0,0.559791011,3043,1.142817344,1,0,0.489834193
0,-0.142817344,1,0.559791011,4,2019-05-07T19:00:00.0,0.559791011,0,0.559791011,3044,1.142817344,1,0,0.489834193
0,-0.121127698,1,0.656222487,4,2019-05-07T20:00:00.0,0.656222487,0,0.656222487,3045,1.121127698,1,0,0.585323588
0,-0.142817344,1,0.559791011,4,2019-05-07T21:00:00.0,0.559791011,0,0.559791011,3046,1.142817344,1,0,0.489834193
0,-0.121127698,1,0.656222487,4,2019-05-07T22:00:00.0,0.656222487,0,0.656222487,3047,1.121127698,1,0,0.585323588
0,-0.142817344,1,0.559791011,4,2019-05-07T23:00:00.0,0.559791011,0,0.559791011,3048,1.142817344,1,0,0.489834193
0,-0.142817344,1,0.559791011,4,2019-05-08T00:00:00.0,0.559791011,0,0.559791011,3049,1.142817344,1,0,0.489834193
0,-0.142817344,1,0.559791011,4,2019-05-08T01:00:00.0,0.559791011,0,0.559791011,3050,1.142817344,1,0,0.489834193
0,-0.142817344,1,0.559791011,4,2019-05-08T02:00:00.0,0.559791011,0,0.559791011,3051,1.142817344,1,0,0.489834193
0,-0.142817344,1,0.559791011,4,2019-05-08T03:00:00.0,0.559791011,0,0.559791011,3052,1.142817344,1,0,0.489834193
0,-0.142817344,1,0.559791011,4,2019-05-08T04:00:00.0,0.559791011,0,0.559791011,3053,1.142817344,1,0,0.489834193
0,-0.142817344,1,0.559791011,4,2019-05-08T05:00:00.0,0.559791011,0,0.559791011,3054,1.142817344,1,0,0.489834193
0,-0.142817344,1,0.559791011,5,2019-05-08T06:00:00.0,0.559791011,0,0.559791011,3055,1.142817344,1,0,0.489834193
0,-0.239616846,1,0.616383893,3,2019-05-08T07:00:00.0,0.616383893,0,0.616383893,3056,1.239616846,1,0,0.497237429
0,-0.03455205,1,0.403796997,3,2019-05-08T08:00:00.0,0.403796997,0,0.403796997,3057,1.03455205,1,0,0.390310954
0,-0.239783832,1,0.615768545,3,2019-05-08T09:00:00.0,0.615768545,0,0.615768545,3058,1.239783832,1,0,0.496674121
0,-0.234220421,1,0.613228926,4,2019-05-08T10:00:00.0,0.613228926,0,0.613228926,3059,1.234220421,1,0,0.496855275
0,-0.234220421,1,0.613228926,4,2019-05-08T11:00:00.0,0.613228926,0,0.613228926,3060,1.234220421,1,0,0.496855275
0,-0.239783832,1,0.615768544,3,2019-05-08T12:00:00.0,0.615768544,0,0.615768544,3061,1.239783832,1,0,0.496674121
0,-0.234220421,1,0.613228926,4,2019-05-08T13:00:00.0,0.613228926,0,0.613228926,3062,1.234220421,1,0,0.496855275
0,-0.234220421,1,0.613228926,4,2019-05-08T14:00:00.0,0.613228926,0,0.613228926,3063,1.234220421,1,0,0.496855275
0,-0.234220421,1,0.613228926,4,2019-05-08T15:00:00.0,0.613228926,0,0.613228926,3064,1.234220421,1,0,0.496855275
0,-0.239616846,1,0.616383893,3,2019-05-08T16:00:00.0,0.616383893,0,0.616383893,3065,1.239616846,1,0,0.497237429
0,-0.234220421,1,0.613228926,4,2019-05-08T17:00:00.0,0.613228926,0,0.613228926,3066,1.234220421,1,0,0.496855275
0,-0.239616846,1,0.616266591,4,2019-05-08T18:00:00.0,0.616266591,0,0.616266591,3067,1.239616846,1,0,0.497142801
0,-0.239616846,1,0.616383893,3,2019-05-08T19:00:00.0,0.616383893,0,0.616383893,3068,1.239616846,1,0,0.497237429
0,-0.121127698,1,0.656222487,4,2019-05-08T20:00:00.0,0.656222487,0,0.656222487,3069,1.121127698,1,0,0.585323588
0,-0.239616846,1,0.616383893,3,2019-05-08T21:00:00.0,0.616383893,0,0.616383893,3070,1.239616846,1,0,0.497237429
0,-0.239616846,1,0.616383893,3,2019-05-08T22:00:00.0,0.616383893,0,0.616383893,3071,1.239616846,1,0,0.497237429
0,-0.239616846,1,0.616266591,4,2019-05-08T23:00:00.0,0.616266591,0,0.616266591,3072,1.239616846,1,0,0.497142801
0,-0.039677957,1,0.312598129,2,2019-05-09T00:00:00.0,0.312598129,0,0.312598129,3073,1.039677957,1,0,0.300668228
0,-0.234220421,1,0.613228926,4,2019-05-09T01:00:00.0,0.613228926,0,0.613228926,3074,1.234220421,1,0,0.496855275
0,-0.234220421,1,0.613228926,4,2019-05-09T02:00:00.0,0.613228926,0,0.613228926,3075,1.234220421,1,0,0.496855275
0,-0.264294981,1,0.598261588,4,2019-05-09T03:00:00.0,0.598261588,0,0.598261588,3076,1.264294981,1,0,0.473197788
0,-0.234220421,1,0.613228926,4,2019-05-09T04:00:00.0,0.613228926,0,0.613228926,3077,1.234220421,1,0,0.496855275
0,-0.264294981,1,0.598261588,4,2019-05-09T05:00:00.0,0.598261588,0,0.598261588,3078,1.264294981,1,0,0.473197788
0,-0.264294981,1,0.598261588,4,2019-05-09T06:00:00.0,0.598261588,0,0.598261588,3079,1.264294981,1,0,0.473197788
0,-0.234220421,1,0.613228926,4,2019-05-09T07:00:00.0,0.613228926,0,0.613228926,3080,1.234220421,1,0,0.496855275
0,-0.264294981,1,0.598261588,4,2019-05-09T08:00:00.0,0.598261588,0,0.598261588,3081,1.264294981,1,0,0.473197788
0,-0.234220421,1,0.613228926,4,2019-05-09T09:00:00.0,0.613228926,0,0.613228926,3082,1.234220421,1,0,0.496855275
0,-0.264294981,1,0.598261588,4,2019-05-09T10:00:00.0,0.598261588,0,0.598261588,3083,1.264294981,1,0,0.473197788
0,-0.264294981,1,0.598261588,4,2019-05-09T11:00:00.0,0.598261588,0,0.598261588,3084,1.264294981,1,0,0.473197788
0,-0.264294981,1,0.598261588,4,2019-05-09T12:00:00.0,0.598261588,0,0.598261588,3085,1.264294981,1,0,0.473197788
0,-0.264294981,1,0.598261588,4,2019-05-09T13:00:00.0,0.598261588,0,0.598261588,3086,1.264294981,1,0,0.473197788
0,-0.264294981,1,0.598261588,4,2019-05-09T14:00:00.0,0.598261588,0,0.598261588,3087,1.264294981,1,0,0.473197788
0,-0.234220421,1,0.613228926,4,2019-05-09T15:00:00.0,0.613228926,0,0.613228926,3088,1.234220421,1,0,0.496855275
0,-0.274590144,1,0.594282429,4,2019-05-09T16:00:00.0,0.594282429,0,0.594282429,3089,1.274590144,1,0,0.466253746
0,-0.234220421,1,0.613228926,4,2019-05-09T17:00:00.0,0.613228926,0,0.613228926,3090,1.234220421,1,0,0.496855275
0,-0.234220421,1,0.613228926,4,2019-05-09T18:00:00.0,0.613228926,0,0.613228926,3091,1.234220421,1,0,0.496855275
0,-0.234220421,1,0.613228926,4,2019-05-09T19:00:00.0,0.613228926,0,0.613228926,3092,1.234220421,1,0,0.496855275
0,-0.234220421,1,0.613228926,4,2019-05-09T20:00:00.0,0.613228926,0,0.613228926,3093,1.234220421,1,0,0.496855275
0,-0.234220421,1,0.613228926,4,2019-05-09T21:00:00.0,0.613228926,0,0.613228926,3094,1.234220421,1,0,0.496855275
0,-0.234220421,1,0.613228926,4,2019-05-09T22:00:00.0,0.613228926,0,0.613228926,3095,1.234220421,1,0,0.496855275
0,-0.264294981,1,0.598261588,4,2019-05-09T23:00:00.0,0.598261588,0,0.598261588,3096,1.264294981,1,0,0.473197788
0,-0.234220421,1,0.613228926,4,2019-05-10T00:00:00.0,0.613228926,0,0.613228926,3097,1.234220421,1,0,0.496855275
0,-0.234220421,1,0.613228926,4,2019-05-10T01:00:00.0,0.613228926,0,0.613228926,3098,1.234220421,1,0,0.496855275
0,-0.234220421,1,0.613228926,4,2019-05-10T02:00:00.0,0.613228926,0,0.613228926,3099,1.234220421,1,0,0.496855275
0,-0.234220421,1,0.613228926,4,2019-05-10T03:00:00.0,0.613228926,0,0.613228926,3100,1.234220421,1,0,0.496855275
0,-0.234220421,1,0.613228926,4,2019-05-10T04:00:00.0,0.613228926,0,0.613228926,3101,1.234220421,1,0,0.496855275
0,-0.234220421,1,0.613228926,4,2019-05-10T05:00:00.0,0.613228926,0,0.613228926,3102,1.234220421,1,0,0.496855275
0,-0.275533115,1,0.574432512,3,2019-05-10T06:00:00.0,0.574432512,0,0.574432512,3103,1.275533115,1,0,0.450347
0,-0.234220421,1,0.613228926,4,2019-05-10T07:00:00.0,0.613228926,0,0.613228926,3104,1.234220421,1,0,0.496855275
0,-0.234220421,1,0.613228926,4,2019-05-10T08:00:00.0,0.613228926,0,0.613228926,3105,1.234220421,1,0,0.496855275
0,-0.234220421,1,0.613228926,4,2019-05-10T09:00:00.0,0.613228926,0,0.613228926,3106,1.234220421,1,0,0.496855275
0,-0.234220421,1,0.613228926,4,2019-05-10T10:00:00.0,0.613228926,0,0.613228926,3107,1.234220421,1,0,0.496855275
0,-0.234220421,1,0.613228926,4,2019-05-10T11:00:00.0,0.613228926,0,0.613228926,3108,1.234220421,1,0,0.496855275
0,-0.234220421,1,0.613228926,4,2019-05-10T12:00:00.0,0.613228926,0,0.613228926,3109,1.234220421,1,0,0.496855275
0,-0.234220421,1,0.613228926,4,2019-05-10T13:00:00.0,0.613228926,0,0.613228926,3110,1.234220421,1,0,0.496855275
0,-0.234220421,1,0.613228926,4,2019-05-10T14:00:00.0,0.613228926,0,0.613228926,3111,1.234220421,1,0,0.496855275
0,-0.234220421,1,0.613228926,4,2019-05-10T15:00:00.0,0.613228926,0,0.613228926,3112,1.234220421,1,0,0.496855275
0,-0.234220421,1,0.613228926,4,2019-05-10T16:00:00.0,0.613228926,0,0.613228926,3113,1.234220421,1,0,0.496855275
0,-0.234220421,1,0.613228926,4,2019-05-10T17:00:00.0,0.613228926,0,0.613228926,3114,1.234220421,1,0,0.496855275
0,-0.234220421,1,0.613228926,4,2019-05-10T18:00:00.0,0.613228926,0,0.613228926,3115,1.234220421,1,0,0.496855275
0,-0.234220421,1,0.613228926,4,2019-05-10T19:00:00.0,0.613228926,0,0.613228926,3116,1.234220421,1,0,0.496855275
0,-0.234220421,1,0.613228926,4,2019-05-10T20:00:00.0,0.613228926,0,0.613228926,3117,1.234220421,1,0,0.496855275
0,-0.234220421,1,0.613228926,4,2019-05-10T21:00:00.0,0.613228926,0,0.613228926,3118,1.234220421,1,0,0.496855275
0,-0.234220421,1,0.613228926,4,2019-05-10T22:00:00.0,0.613228926,0,0.613228926,3119,1.234220421,1,0,0.496855275
0,-0.234220421,1,0.613228926,4,2019-05-10T23:00:00.0,0.613228926,0,0.613228926,3120,1.234220421,1,0,0.496855275
0,-0.234220421,1,0.613228926,4,2019-05-11T00:00:00.0,0.613228926,0,0.613228926,3121,1.234220421,1,0,0.496855275
0,-0.234220421,1,0.613228926,4,2019-05-11T01:00:00.0,0.613228926,0,0.613228926,3122,1.234220421,1,0,0.496855275
0,-0.234220421,1,0.613228926,4,2019-05-11T02:00:00.0,0.613228926,0,0.613228926,3123,1.234220421,1,0,0.496855275
0,-0.234220421,1,0.613228926,4,2019-05-11T03:00:00.0,0.613228926,0,0.613228926,3124,1.234220421,1,0,0.496855275
0,-0.234220421,1,0.613228926,4,2019-05-11T04:00:00.0,0.613228926,0,0.613228926,3125,1.234220421,1,0,0.496855275
0,-0.234220421,1,0.613228926,4,2019-05-11T05:00:00.0,0.613228926,0,0.613228926,3126,1.234220421,1,0,0.496855275
0,-0.234220421,1,0.613228926,4,2019-05-11T06:00:00.0,0.613228926,0,0.613228926,3127,1.234220421,1,0,0.496855275
0,-0.234220421,1,0.613228926,4,2019-05-11T07:00:00.0,0.613228926,0,0.613228926,3128,1.234220421,1,0,0.496855275
0,-0.234220421,1,0.613228926,4,2019-05-11T08:00:00.0,0.613228926,0,0.613228926,3129,1.234220421,1,0,0.496855275
0,-0.234220421,1,0.613228926,4,2019-05-11T09:00:00.0,0.613228926,0,0.613228926,3130,1.234220421,1,0,0.496855275
0,-0.234220421,1,0.613228926,4,2019-05-11T10:00:00.0,0.613228926,0,0.613228926,3131,1.234220421,1,0,0.496855275
0,-0.234220421,1,0.613228926,4,2019-05-11T11:00:00.0,0.613228926,0,0.613228926,3132,1.234220421,1,0,0.496855275
0,-0.234220421,1,0.613228926,4,2019-05-11T12:00:00.0,0.613228926,0,0.613228926,3133,1.234220421,1,0,0.496855275
0,-0.234220421,1,0.613228926,4,2019-05-11T13:00:00.0,0.613228926,0,0.613228926,3134,1.234220421,1,0,0.496855275
0,-0.234220421,1,0.613228926,4,2019-05-11T14:00:00.0,0.613228926,0,0.613228926,3135,1.234220421,1,0,0.496855275
0,-0.234220421,1,0.613228926,4,2019-05-11T15:00:00.0,0.613228926,0,0.613228926,3136,1.234220421,1,0,0.496855275
0,-0.042278842,1,0.31473022,2,2019-05-11T16:00:00.0,0.31473022,0,0.31473022,3137,1.042278842,1,0,0.301963551
0,-0.042278842,1,0.313380132,2,2019-05-11T17:00:00.0,0.313380132,0,0.313380132,3138,1.042278842,1,0,0.300668228
0,-0.042278842,1,0.313380132,2,2019-05-11T18:00:00.0,0.313380132,0,0.313380132,3139,1.042278842,1,0,0.300668228
0,-0.042430781,1,0.313425816,2,2019-05-11T19:00:00.0,0.313425816,0,0.313425816,3140,1.042430781,1,0,0.300668228
0,-0.042430781,1,0.313425816,2,2019-05-11T20:00:00.0,0.313425816,0,0.313425816,3141,1.042430781,1,0,0.300668228
0,-0.042430781,1,0.313425816,2,2019-05-11T21:00:00.0,0.313425816,0,0.313425816,3142,1.042430781,1,0,0.300668228
0,-0.039677957,1,0.312598129,2,2019-05-11T22:00:00.0,0.312598129,0,0.312598129,3143,1.039677957,1,0,0.300668228
0,-0.039677957,1,0.313944848,2,2019-05-11T23:00:00.0,0.313944848,0,0.313944848,3144,1.039677957,1,0,0.301963551
0,-0.149164725,1,0.517522886,3,2019-05-12T00:00:00.0,0.517522886,0,0.517522886,3145,1.149164725,1,0,0.450347
0,-0.149164725,1,0.517522886,3,2019-05-12T01:00:00.0,0.517522886,0,0.517522886,3146,1.149164725,1,0,0.450347
0,-0.234220421,1,0.613228926,4,2019-05-12T02:00:00.0,0.613228926,0,0.613228926,3147,1.234220421,1,0,0.496855275
0,-0.234220421,1,0.613228926,4,2019-05-12T03:00:00.0,0.613228926,0,0.613228926,3148,1.234220421,1,0,0.496855275
0,-0.234220421,1,0.613228926,4,2019-05-12T04:00:00.0,0.613228926,0,0.613228926,3149,1.234220421,1,0,0.496855275
0,-0.247966385,1,0.562017918,3,2019-05-12T05:00:00.0,0.562017918,0,0.562017918,3150,1.247966385,1,0,0.450347
0,-0.247966385,1,0.562017918,3,2019-05-12T06:00:00.0,0.562017918,0,0.562017918,3151,1.247966385,1,0,0.450347
0,-0.247966385,1,0.562017918,3,2019-05-12T07:00:00.0,0.562017918,0,0.562017918,3152,1.247966385,1,0,0.450347
0,-0.234220421,1,0.613228926,4,2019-05-12T08:00:00.0,0.613228926,0,0.613228926,3153,1.234220421,1,0,0.496855275
0,-0.234220421,1,0.613228926,4,2019-05-12T09:00:00.0,0.613228926,0,0.613228926,3154,1.234220421,1,0,0.496855275
0,-0.234220421,1,0.613228926,4,2019-05-12T10:00:00.0,0.613228926,0,0.613228926,3155,1.234220421,1,0,0.496855275
0,-0.234220421,1,0.613228926,4,2019-05-12T11:00:00.0,0.613228926,0,0.613228926,3156,1.234220421,1,0,0.496855275
0,-0.234220421,1,0.613228926,4,2019-05-12T12:00:00.0,0.613228926,0,0.613228926,3157,1.234220421,1,0,0.496855275
0,-0.234220421,1,0.613228926,4,2019-05-12T13:00:00.0,0.613228926,0,0.613228926,3158,1.234220421,1,0,0.496855275
0,-0.234220421,1,0.613228926,4,2019-05-12T14:00:00.0,0.613228926,0,0.613228926,3159,1.234220421,1,0,0.496855275
0,-0.234220421,1,0.613228926,4,2019-05-12T15:00:00.0,0.613228926,0,0.613228926,3160,1.234220421,1,0,0.496855275
0,-0.234220421,1,0.613228926,4,2019-05-12T16:00:00.0,0.613228926,0,0.613228926,3161,1.234220421,1,0,0.496855275
0,-0.234220421,1,0.613228926,4,2019-05-12T17:00:00.0,0.613228926,0,0.613228926,3162,1.234220421,1,0,0.496855275
0,-0.234220421,1,0.613228926,4,2019-05-12T18:00:00.0,0.613228926,0,0.613228926,3163,1.234220421,1,0,0.496855275
0,-0.234220421,1,0.613228926,4,2019-05-12T19:00:00.0,0.613228926,0,0.613228926,3164,1.234220421,1,0,0.496855275
0,-0.234220421,1,0.613228926,4,2019-05-12T20:00:00.0,0.613228926,0,0.613228926,3165,1.234220421,1,0,0.496855275
0,-0.234220421,1,0.613228926,4,2019-05-12T21:00:00.0,0.613228926,0,0.613228926,3166,1.234220421,1,0,0.496855275
0,-0.234220421,1,0.613228926,4,2019-05-12T22:00:00.0,0.613228926,0,0.613228926,3167,1.234220421,1,0,0.496855275
0,-0.234220421,1,0.613228926,4,2019-05-12T23:00:00.0,0.613228926,0,0.613228926,3168,1.234220421,1,0,0.496855275
0,-0.142817344,1,0.559791011,4,2019-05-13T00:00:00.0,0.559791011,0,0.559791011,3169,1.142817344,1,0,0.489834193
0,-0.234220421,1,0.613228926,4,2019-05-13T01:00:00.0,0.613228926,0,0.613228926,3170,1.234220421,1,0,0.496855275
0,-0.234220421,1,0.613228926,4,2019-05-13T02:00:00.0,0.613228926,0,0.613228926,3171,1.234220421,1,0,0.496855275
0,-0.234220421,1,0.613228926,4,2019-05-13T03:00:00.0,0.613228926,0,0.613228926,3172,1.234220421,1,0,0.496855275
0,-0.234220421,1,0.613228926,4,2019-05-13T04:00:00.0,0.613228926,0,0.613228926,3173,1.234220421,1,0,0.496855275
0,-0.234220421,1,0.613228926,4,2019-05-13T05:00:00.0,0.613228926,0,0.613228926,3174,1.234220421,1,0,0.496855275
0,-0.142817344,1,0.559791011,4,2019-05-13T06:00:00.0,0.559791011,0,0.559791011,3175,1.142817344,1,0,0.489834193
0,-0.039677957,1,0.313944848,2,2019-05-13T07:00:00.0,0.313944848,0,0.313944848,3176,1.039677957,1,0,0.301963551
0,-0.039677957,1,0.313944848,2,2019-05-13T08:00:00.0,0.313944848,0,0.313944848,3177,1.039677957,1,0,0.301963551
0,-0.042278842,1,0.31473022,2,2019-05-13T09:00:00.0,0.31473022,0,0.31473022,3178,1.042278842,1,0,0.301963551
0,-0.042278842,1,0.31473022,2,2019-05-13T10:00:00.0,0.31473022,0,0.31473022,3179,1.042278842,1,0,0.301963551
0,-0.039677957,1,0.313944848,2,2019-05-13T11:00:00.0,0.313944848,0,0.313944848,3180,1.039677957,1,0,0.301963551
0,-0.039677957,1,0.313944848,2,2019-05-13T12:00:00.0,0.313944848,0,0.313944848,3181,1.039677957,1,0,0.301963551
0,-0.039677957,1,0.313944848,2,2019-05-13T13:00:00.0,0.313944848,0,0.313944848,3182,1.039677957,1,0,0.301963551
0,-0.039677957,1,0.313944848,2,2019-05-13T14:00:00.0,0.313944848,0,0.313944848,3183,1.039677957,1,0,0.301963551
0,-0.039677957,1,0.313944848,2,2019-05-13T15:00:00.0,0.313944848,0,0.313944848,3184,1.039677957,1,0,0.301963551
0,-0.039677957,1,0.313944848,2,2019-05-13T16:00:00.0,0.313944848,0,0.313944848,3185,1.039677957,1,0,0.301963551
0,-0.039677957,1,0.313944848,2,2019-05-13T17:00:00.0,0.313944848,0,0.313944848,3186,1.039677957,1,0,0.301963551
0,-0.039677957,1,0.313944848,2,2019-05-13T18:00:00.0,0.313944848,0,0.313944848,3187,1.039677957,1,0,0.301963551
0,-0.039677957,1,0.313944848,2,2019-05-13T19:00:00.0,0.313944848,0,0.313944848,3188,1.039677957,1,0,0.301963551
0,-0.039677957,1,0.313944848,2,2019-05-13T20:00:00.0,0.313944848,0,0.313944848,3189,1.039677957,1,0,0.301963551
0,-0.039677957,1,0.313944848,2,2019-05-13T21:00:00.0,0.313944848,0,0.313944848,3190,1.039677957,1,0,0.301963551
0,-0.039677957,1,0.313944848,2,2019-05-13T22:00:00.0,0.313944848,0,0.313944848,3191,1.039677957,1,0,0.301963551
0,-0.142817344,1,0.559791011,4,2019-05-13T23:00:00.0,0.559791011,0,0.559791011,3192,1.142817344,1,0,0.489834193
0,-0.142817344,1,0.559791011,4,2019-05-14T00:00:00.0,0.559791011,0,0.559791011,3193,1.142817344,1,0,0.489834193
0,-0.142817344,1,0.559791011,4,2019-05-14T01:00:00.0,0.559791011,0,0.559791011,3194,1.142817344,1,0,0.489834193
0,-0.142817344,1,0.559791011,4,2019-05-14T02:00:00.0,0.559791011,0,0.559791011,3195,1.142817344,1,0,0.489834193
0,-0.142817344,1,0.559791011,4,2019-05-14T03:00:00.0,0.559791011,0,0.559791011,3196,1.142817344,1,0,0.489834193
0,-0.142817344,1,0.559791011,4,2019-05-14T04:00:00.0,0.559791011,0,0.559791011,3197,1.142817344,1,0,0.489834193
0,-0.142817344,1,0.559791011,4,2019-05-14T05:00:00.0,0.559791011,0,0.559791011,3198,1.142817344,1,0,0.489834193
0,-0.142817344,1,0.559791011,4,2019-05-14T06:00:00.0,0.559791011,0,0.559791011,3199,1.142817344,1,0,0.489834193
0,-0.121127698,1,0.656222487,4,2019-05-14T07:00:00.0,0.656222487,0,0.656222487,3200,1.121127698,1,0,0.585323588
0,-0.121127698,1,0.656222487,4,2019-05-14T08:00:00.0,0.656222487,0,0.656222487,3201,1.121127698,1,0,0.585323588
0,-0.121127698,1,0.622539869,4,2019-05-14T09:00:00.0,0.622539869,0,0.622539869,3202,1.121127698,1,0,0.555280072
0,-0.121127698,1,0.622539869,4,2019-05-14T10:00:00.0,0.622539869,0,0.622539869,3203,1.121127698,1,0,0.555280072
0,-0.142817344,1,0.518091502,4,2019-05-14T11:00:00.0,0.518091502,0,0.518091502,3204,1.142817344,1,0,0.453345852
0,-0.142817344,1,0.518091502,4,2019-05-14T12:00:00.0,0.518091502,0,0.518091502,3205,1.142817344,1,0,0.453345852
0,-0.142817344,1,0.518091502,4,2019-05-14T13:00:00.0,0.518091502,0,0.518091502,3206,1.142817344,1,0,0.453345852
0,-0.142817344,1,0.518091502,4,2019-05-14T14:00:00.0,0.518091502,0,0.518091502,3207,1.142817344,1,0,0.453345852
0,-0.142817344,1,0.518091502,4,2019-05-14T15:00:00.0,0.518091502,0,0.518091502,3208,1.142817344,1,0,0.453345852
0,-0.142817344,1,0.518091502,4,2019-05-14T16:00:00.0,0.518091502,0,0.518091502,3209,1.142817344,1,0,0.453345852
0,-0.142817344,1,0.518091502,4,2019-05-14T17:00:00.0,0.518091502,0,0.518091502,3210,1.142817344,1,0,0.453345852
0,-0.121127698,1,0.656222487,4,2019-05-14T18:00:00.0,0.656222487,0,0.656222487,3211,1.121127698,1,0,0.585323588
0,-0.121127698,1,0.656222487,4,2019-05-14T19:00:00.0,0.656222487,0,0.656222487,3212,1.121127698,1,0,0.585323588
0,-0.121127698,1,0.622539869,4,2019-05-14T20:00:00.0,0.622539869,0,0.622539869,3213,1.121127698,1,0,0.555280072
0,-0.042430781,1,0.682564912,3,2019-05-14T21:00:00.0,0.682564912,0,0.682564912,3214,1.042430781,1,0,0.654782
0,-0.121127698,1,0.656222487,4,2019-05-14T22:00:00.0,0.656222487,0,0.656222487,3215,1.121127698,1,0,0.585323588
0,-0.239616846,1,0.616383894,3,2019-05-14T23:00:00.0,0.616383894,0,0.616383894,3216,1.239616847,1.000000001,0,0.497237429
0,-0.142817344,1,0.559791011,4,2019-05-15T00:00:00.0,0.559791011,0,0.559791011,3217,1.142817344,1,0,0.489834193
0,-0.142817344,1,0.559791011,4,2019-05-15T01:00:00.0,0.559791011,0,0.559791011,3218,1.142817344,1,0,0.489834193
0,-0.142817344,1,0.559791011,4,2019-05-15T02:00:00.0,0.559791011,0,0.559791011,3219,1.142817344,1,0,0.489834193
0,-0.142817344,1,0.559791011,4,2019-05-15T03:00:00.0,0.559791011,0,0.559791011,3220,1.142817344,1,0,0.489834193
0,-0.142817344,1,0.559791011,4,2019-05-15T04:00:00.0,0.559791011,0,0.559791011,3221,1.142817344,1,0,0.489834193
0,-0.142817344,1,0.559791011,4,2019-05-15T05:00:00.0,0.559791011,0,0.559791011,3222,1.142817344,1,0,0.489834193
0,-0.142817344,1,0.559791011,4,2019-05-15T06:00:00.0,0.559791011,0,0.559791011,3223,1.142817344,1,0,0.489834193
0,-0.121127698,1,0.656222487,4,2019-05-15T07:00:00.0,0.656222487,0,0.656222487,3224,1.121127698,1,0,0.585323588
0,-0.121127698,1,0.656222487,4,2019-05-15T08:00:00.0,0.656222487,0,0.656222487,3225,1.121127698,1,0,0.585323588
0,-0.239783832,1,0.615768545,3,2019-05-15T09:00:00.0,0.615768545,0,0.615768545,3226,1.239783832,1,0,0.496674121
0,-0.239783832,1,0.615768544,3,2019-05-15T10:00:00.0,0.615768544,0,0.615768544,3227,1.239783832,1,0,0.496674121
0,-0.239783832,1,0.615768544,3,2019-05-15T11:00:00.0,0.615768544,0,0.615768544,3228,1.239783832,1,0,0.496674121
0,-0.03455205,1,0.403796997,3,2019-05-15T12:00:00.0,0.403796997,0,0.403796997,3229,1.03455205,1,0,0.390310954
0,-0.03455205,1,0.403796997,3,2019-05-15T13:00:00.0,0.403796997,0,0.403796997,3230,1.03455205,1,0,0.390310954
0,-0.03455205,1,0.403796997,3,2019-05-15T14:00:00.0,0.403796997,0,0.403796997,3231,1.03455205,1,0,0.390310954
0,-0.034539314,1,0.403766889,3,2019-05-15T15:00:00.0,0.403766889,0,0.403766889,3232,1.034539314,1,0,0.390286656
0,-0.034539314,1,0.403766889,3,2019-05-15T16:00:00.0,0.403766889,0,0.403766889,3233,1.034539314,1,0,0.390286656
0,-0.038204097,1,0.430340494,4,2019-05-15T17:00:00.0,0.430340494,0,0.430340494,3234,1.038204097,1,0,0.414504716
0,-0.239616846,1,0.616383893,3,2019-05-15T18:00:00.0,0.616383893,0,0.616383893,3235,1.239616846,1,0,0.497237429
0,-0.239616846,1,0.616383893,3,2019-05-15T19:00:00.0,0.616383893,0,0.616383893,3236,1.239616846,1,0,0.497237429
0,-0.03455205,1,0.403796997,3,2019-05-15T20:00:00.0,0.403796997,0,0.403796997,3237,1.03455205,1,0,0.390310954
0,-0.529639369,1,0.551643964,4,2019-05-15T21:00:00.0,0.551643964,0,0.551643964,3238,1.529639369,1,0,0.360636615
0,-0.034539314,1,0.403766889,3,2019-05-15T22:00:00.0,0.403766889,0,0.403766889,3239,1.034539314,1,0,0.390286656
0,-0.239616846,1,0.616383893,3,2019-05-15T23:00:00.0,0.616383893,0,0.616383893,3240,1.239616846,1,0,0.497237429
0,-0.039677957,1,0.338880129,2,2019-05-16T00:00:00.0,0.338880129,0,0.338880129,3241,1.039677957,1,0,0.325947209
0,-0.039677957,1,0.338880129,2,2019-05-16T01:00:00.0,0.338880129,0,0.338880129,3242,1.039677957,1,0,0.325947209
0,-0.039677957,1,0.338880129,2,2019-05-16T02:00:00.0,0.338880129,0,0.338880129,3243,1.039677957,1,0,0.325947209
0,-0.039677957,1,0.338880129,2,2019-05-16T03:00:00.0,0.338880129,0,0.338880129,3244,1.039677957,1,0,0.325947209
0,-0.039677957,1,0.338880129,2,2019-05-16T04:00:00.0,0.338880129,0,0.338880129,3245,1.039677957,1,0,0.325947209
0,-0.039677957,1,0.338880129,2,2019-05-16T05:00:00.0,0.338880129,0,0.338880129,3246,1.039677957,1,0,0.325947209
0,-0.042430781,1,0.339777404,2,2019-05-16T06:00:00.0,0.339777404,0,0.339777404,3247,1.042430781,1,0,0.325947209
0,-0.042430781,1,0.339777404,2,2019-05-16T07:00:00.0,0.339777404,0,0.339777404,3248,1.042430781,1,0,0.325947209
0,-0.121127698,1,0.656222487,4,2019-05-16T08:00:00.0,0.656222487,0,0.656222487,3249,1.121127698,1,0,0.585323588
0,-0.035016975,1,0.363732925,3,2019-05-16T09:00:00.0,0.363732925,0,0.363732925,3250,1.035016975,1,0,0.351427014
0,-0.042278842,1,0.33972788,2,2019-05-16T10:00:00.0,0.33972788,0,0.33972788,3251,1.042278842,1,0,0.325947209
0,-0.042278842,1,0.33972788,2,2019-05-16T11:00:00.0,0.33972788,0,0.33972788,3252,1.042278842,1,0,0.325947209
0,-0.234220421,1,0.613228926,4,2019-05-16T12:00:00.0,0.613228926,0,0.613228926,3253,1.234220421,1,0,0.496855275
0,-0.042278842,1,0.33972788,2,2019-05-16T13:00:00.0,0.33972788,0,0.33972788,3254,1.042278842,1,0,0.325947209
0,-0.042278842,1,0.33972788,2,2019-05-16T14:00:00.0,0.33972788,0,0.33972788,3255,1.042278842,1,0,0.325947209
0,-0.234220421,1,0.613228926,4,2019-05-16T15:00:00.0,0.613228926,0,0.613228926,3256,1.234220421,1,0,0.496855275
0,-0.234220421,1,0.613228926,4,2019-05-16T16:00:00.0,0.613228926,0,0.613228926,3257,1.234220421,1,0,0.496855275
0,-0.121127698,1,0.656222487,4,2019-05-16T17:00:00.0,0.656222487,0,0.656222487,3258,1.121127698,1,0,0.585323588
0,-0.142817344,1,0.559791011,4,2019-05-16T18:00:00.0,0.559791011,0,0.559791011,3259,1.142817344,1,0,0.489834193
0,-0.121127698,1,0.656222487,4,2019-05-16T19:00:00.0,0.656222487,0,0.656222487,3260,1.121127698,1,0,0.585323588
0,-0.121127698,1,0.656222487,4,2019-05-16T20:00:00.0,0.656222487,0,0.656222487,3261,1.121127698,1,0,0.585323588
0,-0.142817344,1,0.559791011,4,2019-05-16T21:00:00.0,0.559791011,0,0.559791011,3262,1.142817344,1,0,0.489834193
0,-0.234220421,1,0.613228926,4,2019-05-16T22:00:00.0,0.613228926,0,0.613228926,3263,1.234220421,1,0,0.496855275
0,-0.042278842,1,0.313380132,2,2019-05-16T23:00:00.0,0.313380132,0,0.313380132,3264,1.042278842,1,0,0.300668228
0,-0.234220421,1,0.613228926,4,2019-05-17T00:00:00.0,0.613228926,0,0.613228926,3265,1.234220421,1,0,0.496855275
0,-0.234220421,1,0.613228926,4,2019-05-17T01:00:00.0,0.613228926,0,0.613228926,3266,1.234220421,1,0,0.496855275
0,-0.234220421,1,0.613228926,4,2019-05-17T02:00:00.0,0.613228926,0,0.613228926,3267,1.234220421,1,0,0.496855275
0,-0.234220421,1,0.613228926,4,2019-05-17T03:00:00.0,0.613228926,0,0.613228926,3268,1.234220421,1,0,0.496855275
0,-0.234220421,1,0.613228926,4,2019-05-17T04:00:00.0,0.613228926,0,0.613228926,3269,1.234220421,1,0,0.496855275
0,-0.234220421,1,0.613228926,4,2019-05-17T05:00:00.0,0.613228926,0,0.613228926,3270,1.234220421,1,0,0.496855275
0,-0.234220421,1,0.613228926,4,2019-05-17T06:00:00.0,0.613228926,0,0.613228926,3271,1.234220421,1,0,0.496855275
0,-0.234220421,1,0.613228926,4,2019-05-17T07:00:00.0,0.613228926,0,0.613228926,3272,1.234220421,1,0,0.496855275
0,-0.239616846,1,0.616383893,3,2019-05-17T08:00:00.0,0.616383893,0,0.616383893,3273,1.239616846,1,0,0.497237429
0,-0.239616846,1,0.616383893,3,2019-05-17T09:00:00.0,0.616383893,0,0.616383893,3274,1.239616846,1,0,0.497237429
0,-0.239616846,1,0.616383893,3,2019-05-17T10:00:00.0,0.616383893,0,0.616383893,3275,1.239616846,1,0,0.497237429
0,-0.234220421,1,0.613228926,4,2019-05-17T11:00:00.0,0.613228926,0,0.613228926,3276,1.234220421,1,0,0.496855275
0,-0.234220421,1,0.613228926,4,2019-05-17T12:00:00.0,0.613228926,0,0.613228926,3277,1.234220421,1,0,0.496855275
0,-0.234220421,1,0.613228926,4,2019-05-17T13:00:00.0,0.613228926,0,0.613228926,3278,1.234220421,1,0,0.496855275
0,-0.121127698,1,0.656222487,4,2019-05-17T14:00:00.0,0.656222487,0,0.656222487,3279,1.121127699,1,0,0.585323588
0,-0.142817344,1,0.559791011,4,2019-05-17T15:00:00.0,0.559791011,0,0.559791011,3280,1.142817344,1,0,0.489834193
0,-0.142817344,1,0.559791011,4,2019-05-17T16:00:00.0,0.559791011,0,0.559791011,3281,1.142817344,1,0,0.489834193
0,-0.234220421,1,0.613228926,4,2019-05-17T17:00:00.0,0.613228926,0,0.613228926,3282,1.234220421,1,0,0.496855275
0,-0.142817344,1,0.559791011,4,2019-05-17T18:00:00.0,0.559791011,0,0.559791011,3283,1.142817344,1,0,0.489834193
0,-0.239616846,1,0.616383893,3,2019-05-17T19:00:00.0,0.616383893,0,0.616383893,3284,1.239616846,1,0,0.497237429
0,-0.239616846,1,0.616383893,3,2019-05-17T20:00:00.0,0.616383893,0,0.616383893,3285,1.239616846,1,0,0.497237429
0,-0.239616846,1,0.616383893,3,2019-05-17T21:00:00.0,0.616383893,0,0.616383893,3286,1.239616846,1,0,0.497237429
0,-0.239616846,1,0.616383893,3,2019-05-17T22:00:00.0,0.616383893,0,0.616383893,3287,1.239616846,1,0,0.497237429
0,-0.234220421,1,0.613228927,4,2019-05-17T23:00:00.0,0.613228927,0,0.613228927,3288,1.234220422,1,0,0.496855275
0,-0.142817344,1,0.559791011,4,2019-05-18T00:00:00.0,0.559791011,0,0.559791011,3289,1.142817344,1,0,0.489834193
0,-0.234220421,1,0.613228926,4,2019-05-18T01:00:00.0,0.613228926,0,0.613228926,3290,1.234220421,1,0,0.496855275
0,-0.234220421,1,0.613228926,4,2019-05-18T02:00:00.0,0.613228926,0,0.613228926,3291,1.234220421,1,0,0.496855275
0,-0.234220421,1,0.613228926,4,2019-05-18T03:00:00.0,0.613228926,0,0.613228926,3292,1.234220421,1,0,0.496855275
0,-0.234220421,1,0.613228926,4,2019-05-18T04:00:00.0,0.613228926,0,0.613228926,3293,1.234220421,1,0,0.496855275
0,-0.121127698,1,0.656222487,4,2019-05-18T05:00:00.0,0.656222487,0,0.656222487,3294,1.121127698,1,0,0.585323588
0,-0.234220421,1,0.613228926,4,2019-05-18T06:00:00.0,0.613228926,0,0.613228926,3295,1.234220421,1,0,0.496855275
0,-0.234220421,1,0.613228926,4,2019-05-18T07:00:00.0,0.613228926,0,0.613228926,3296,1.234220421,1,0,0.496855275
0,-0.234220421,1,0.613228926,4,2019-05-18T08:00:00.0,0.613228926,0,0.613228926,3297,1.234220421,1,0,0.496855275
0,-0.234220421,1,0.613228926,4,2019-05-18T09:00:00.0,0.613228926,0,0.613228926,3298,1.234220421,1,0,0.496855275
0,-0.234220421,1,0.613228926,4,2019-05-18T10:00:00.0,0.613228926,0,0.613228926,3299,1.234220421,1,0,0.496855275
0,-0.234220421,1,0.613228926,4,2019-05-18T11:00:00.0,0.613228926,0,0.613228926,3300,1.234220421,1,0,0.496855275
0,-0.234220421,1,0.613228926,4,2019-05-18T12:00:00.0,0.613228926,0,0.613228926,3301,1.234220421,1,0,0.496855275
0,-0.234220421,1,0.613228926,4,2019-05-18T13:00:00.0,0.613228926,0,0.613228926,3302,1.234220421,1,0,0.496855275
0,-0.234220421,1,0.613228926,4,2019-05-18T14:00:00.0,0.613228926,0,0.613228926,3303,1.234220421,1,0,0.496855275
0,-0.234220421,1,0.613228926,4,2019-05-18T15:00:00.0,0.613228926,0,0.613228926,3304,1.234220421,1,0,0.496855275
0,-0.234220421,1,0.613228926,4,2019-05-18T16:00:00.0,0.613228926,0,0.613228926,3305,1.234220421,1,0,0.496855275
0,-0.234220421,1,0.613228926,4,2019-05-18T17:00:00.0,0.613228926,0,0.613228926,3306,1.234220421,1,0,0.496855275
0,-0.234220421,1,0.613228926,4,2019-05-18T18:00:00.0,0.613228926,0,0.613228926,3307,1.234220421,1,0,0.496855275
0,-0.121127698,1,0.656222487,4,2019-05-18T19:00:00.0,0.656222487,0,0.656222487,3308,1.121127698,1,0,0.585323588
0,-0.234220421,1,0.613228926,4,2019-05-18T20:00:00.0,0.613228926,0,0.613228926,3309,1.234220421,1,0,0.496855275
0,-0.234220421,1,0.613228926,4,2019-05-18T21:00:00.0,0.613228926,0,0.613228926,3310,1.234220421,1,0,0.496855275
0,-0.234220421,1,0.613228926,4,2019-05-18T22:00:00.0,0.613228926,0,0.613228926,3311,1.234220421,1,0,0.496855275
0,-0.234220421,1,0.613228926,4,2019-05-18T23:00:00.0,0.613228926,0,0.613228926,3312,1.234220421,1,0,0.496855275
0,-0.234220421,1,0.613228926,4,2019-05-19T00:00:00.0,0.613228926,0,0.613228926,3313,1.234220421,1,0,0.496855275
0,-0.234220421,1,0.613228926,4,2019-05-19T01:00:00.0,0.613228926,0,0.613228926,3314,1.234220421,1,0,0.496855275
0,-0.234220421,1,0.613228926,4,2019-05-19T02:00:00.0,0.613228926,0,0.613228926,3315,1.234220421,1,0,0.496855275
0,-0.234220421,1,0.613228926,4,2019-05-19T03:00:00.0,0.613228926,0,0.613228926,3316,1.234220421,1,0,0.496855275
0,-0.234220421,1,0.613228926,4,2019-05-19T04:00:00.0,0.613228926,0,0.613228926,3317,1.234220421,1,0,0.496855275
0,-0.234220421,1,0.613228926,4,2019-05-19T05:00:00.0,0.613228926,0,0.613228926,3318,1.234220421,1,0,0.496855275
0,-0.234220421,1,0.613228926,4,2019-05-19T06:00:00.0,0.613228926,0,0.613228926,3319,1.234220421,1,0,0.496855275
0,-0.234220421,1,0.613228926,4,2019-05-19T07:00:00.0,0.613228926,0,0.613228926,3320,1.234220421,1,0,0.496855275
0,-0.234220421,1,0.613228926,4,2019-05-19T08:00:00.0,0.613228926,0,0.613228926,3321,1.234220421,1,0,0.496855275
0,-0.234220421,1,0.613228926,4,2019-05-19T09:00:00.0,0.613228926,0,0.613228926,3322,1.234220421,1,0,0.496855275
0,-0.234220421,1,0.613228926,4,2019-05-19T10:00:00.0,0.613228926,0,0.613228926,3323,1.234220421,1,0,0.496855275
0,-0.234220421,1,0.613228926,4,2019-05-19T11:00:00.0,0.613228926,0,0.613228926,3324,1.234220421,1,0,0.496855275
0,-0.234220421,1,0.613228926,4,2019-05-19T12:00:00.0,0.613228926,0,0.613228926,3325,1.234220421,1,0,0.496855275
0,-0.234220421,1,0.613228926,4,2019-05-19T13:00:00.0,0.613228926,0,0.613228926,3326,1.234220421,1,0,0.496855275
0,-0.234220421,1,0.613228926,4,2019-05-19T14:00:00.0,0.613228926,0,0.613228926,3327,1.234220421,1,0,0.496855275
0,-0.039677957,1,0.312598129,2,2019-05-19T15:00:00.0,0.312598129,0,0.312598129,3328,1.039677957,1,0,0.300668228
0,-0.039677957,1,0.312598129,2,2019-05-19T16:00:00.0,0.312598129,0,0.312598129,3329,1.039677957,1,0,0.300668228
0,-0.039677957,1,0.312598129,2,2019-05-19T17:00:00.0,0.312598129,0,0.312598129,3330,1.039677957,1,0,0.300668228
0,-0.039677957,1,0.312598129,2,2019-05-19T18:00:00.0,0.312598129,0,0.312598129,3331,1.039677957,1,0,0.300668228
0,-0.039677957,1,0.312598129,2,2019-05-19T19:00:00.0,0.312598129,0,0.312598129,3332,1.039677957,1,0,0.300668228
0,-0.042278842,1,0.313380132,2,2019-05-19T20:00:00.0,0.313380132,0,0.313380132,3333,1.042278842,1,0,0.300668228
0,-0.039677957,1,0.312598129,2,2019-05-19T21:00:00.0,0.312598129,0,0.312598129,3334,1.039677957,1,0,0.300668228
0,-0.039677957,1,0.312598129,2,2019-05-19T22:00:00.0,0.312598129,0,0.312598129,3335,1.039677957,1,0,0.300668228
0,-0.039677957,1,0.312598129,2,2019-05-19T23:00:00.0,0.312598129,0,0.312598129,3336,1.039677957,1,0,0.300668228
0,-0.234220421,1,0.613228926,4,2019-05-20T00:00:00.0,0.613228926,0,0.613228926,3337,1.234220421,1,0,0.496855275
0,-0.234220421,1,0.613228926,4,2019-05-20T01:00:00.0,0.613228926,0,0.613228926,3338,1.234220421,1,0,0.496855275
0,-0.234220421,1,0.613228926,4,2019-05-20T02:00:00.0,0.613228926,0,0.613228926,3339,1.234220421,1,0,0.496855275
0,-0.234220421,1,0.613228926,4,2019-05-20T03:00:00.0,0.613228926,0,0.613228926,3340,1.234220421,1,0,0.496855275
0,-0.234220421,1,0.613228926,4,2019-05-20T04:00:00.0,0.613228926,0,0.613228926,3341,1.234220421,1,0,0.496855275
0,-0.234220421,1,0.613228926,4,2019-05-20T05:00:00.0,0.613228926,0,0.613228926,3342,1.234220421,1,0,0.496855275
0,-0.039677957,1,0.680762412,2,2019-05-20T06:00:00.0,0.680762412,0,0.680762412,3343,1.039677957,1,0,0.654782
0,-0.239616846,1,0.616383893,3,2019-05-20T07:00:00.0,0.616383893,0,0.616383893,3344,1.239616846,1,0,0.497237429
0,-0.239616846,1,0.616383893,3,2019-05-20T08:00:00.0,0.616383893,0,0.616383893,3345,1.239616846,1,0,0.497237429
0,-0.234220421,1,0.613228926,4,2019-05-20T09:00:00.0,0.613228926,0,0.613228926,3346,1.234220421,1,0,0.496855275
0,-0.239616846,1,0.616383893,3,2019-05-20T10:00:00.0,0.616383893,0,0.616383893,3347,1.239616846,1,0,0.497237429
0,-0.234220421,1,0.613228926,4,2019-05-20T11:00:00.0,0.613228926,0,0.613228926,3348,1.234220421,1,0,0.496855275
0,-0.239616846,1,0.616383893,3,2019-05-20T12:00:00.0,0.616383893,0,0.616383893,3349,1.239616846,1,0,0.497237429
0,-0.239616846,1,0.616383893,3,2019-05-20T13:00:00.0,0.616383893,0,0.616383893,3350,1.239616846,1,0,0.497237429
0,-0.239616846,1,0.616383893,3,2019-05-20T14:00:00.0,0.616383893,0,0.616383893,3351,1.239616846,1,0,0.497237429
0,-0.239616846,1,0.616383893,3,2019-05-20T15:00:00.0,0.616383893,0,0.616383893,3352,1.239616846,1,0,0.497237429
0,-0.239616846,1,0.616383893,3,2019-05-20T16:00:00.0,0.616383893,0,0.616383893,3353,1.239616846,1,0,0.497237429
0,-0.239616846,1,0.616383893,3,2019-05-20T17:00:00.0,0.616383893,0,0.616383893,3354,1.239616846,1,0,0.497237429
0,-0.239616846,1,0.616383893,3,2019-05-20T18:00:00.0,0.616383893,0,0.616383893,3355,1.239616846,1,0,0.497237429
0,-0.239616846,1,0.616383893,3,2019-05-20T19:00:00.0,0.616383893,0,0.616383893,3356,1.239616846,1,0,0.497237429
0,-0.239616846,1,0.616383893,3,2019-05-20T20:00:00.0,0.616383893,0,0.616383893,3357,1.239616846,1,0,0.497237429
0,-0.239616846,1,0.616383893,3,2019-05-20T21:00:00.0,0.616383893,0,0.616383893,3358,1.239616846,1,0,0.497237429
0,-0.239616846,1,0.616383893,3,2019-05-20T22:00:00.0,0.616383893,0,0.616383893,3359,1.239616846,1,0,0.497237429
0,-0.234220421,1,0.613228926,4,2019-05-20T23:00:00.0,0.613228926,0,0.613228926,3360,1.234220421,1,0,0.496855275
0,-0.039677957,1,0.338880128,2,2019-05-21T00:00:00.0,0.338880128,0,0.338880128,3361,1.039677956,0.999999999,0,0.325947209
0,-0.039677957,1,0.338880129,2,2019-05-21T01:00:00.0,0.338880129,0,0.338880129,3362,1.039677957,1,0,0.325947209
0,-0.039677957,1,0.338880129,2,2019-05-21T02:00:00.0,0.338880129,0,0.338880129,3363,1.039677957,1,0,0.325947209
0,-0.039677957,1,0.338880129,2,2019-05-21T03:00:00.0,0.338880129,0,0.338880129,3364,1.039677957,1,0,0.325947209
0,-0.039677957,1,0.338880129,2,2019-05-21T04:00:00.0,0.338880129,0,0.338880129,3365,1.039677957,1,0,0.325947209
0,-0.039677957,1,0.338880129,2,2019-05-21T05:00:00.0,0.338880129,0,0.338880129,3366,1.039677957,1,0,0.325947209
0,-0.039717805,1,0.338893117,2,2019-05-21T06:00:00.0,0.338893117,0,0.338893117,3367,1.039717805,1,0,0.325947209
0,-0.039717805,1,0.338893117,2,2019-05-21T07:00:00.0,0.338893117,0,0.338893117,3368,1.039717805,1,0,0.325947209
0,-0.042278842,1,0.33972788,2,2019-05-21T08:00:00.0,0.33972788,0,0.33972788,3369,1.042278842,1,0,0.325947209
0,-0.042278842,1,0.33972788,2,2019-05-21T09:00:00.0,0.33972788,0,0.33972788,3370,1.042278842,1,0,0.325947209
0,-0.042278842,1,0.33972788,2,2019-05-21T10:00:00.0,0.33972788,0,0.33972788,3371,1.042278842,1,0,0.325947209
0,-0.042278842,1,0.33972788,2,2019-05-21T11:00:00.0,0.33972788,0,0.33972788,3372,1.042278842,1,0,0.325947209
0,-0.042278842,1,0.354347209,2,2019-05-21T12:00:00.0,0.354347209,0,0.354347209,3373,1.042278842,1,0,0.339973522
0,-0.042278842,1,0.354347209,2,2019-05-21T13:00:00.0,0.354347209,0,0.354347209,3374,1.042278842,1,0,0.339973522
0,-0.042278842,1,0.354347209,2,2019-05-21T14:00:00.0,0.354347209,0,0.354347209,3375,1.042278842,1,0,0.339973522
0,-0.042278842,1,0.354347209,2,2019-05-21T15:00:00.0,0.354347209,0,0.354347209,3376,1.042278842,1,0,0.339973522
0,-0.234220421,1,0.613228926,4,2019-05-21T16:00:00.0,0.613228926,0,0.613228926,3377,1.234220421,1,0,0.496855275
0,-0.234220421,1,0.613228926,4,2019-05-21T17:00:00.0,0.613228926,0,0.613228926,3378,1.234220421,1,0,0.496855275
0,-0.234220421,1,0.613228926,4,2019-05-21T18:00:00.0,0.613228926,0,0.613228926,3379,1.234220421,1,0,0.496855275
0,-0.121127698,1,0.656222487,4,2019-05-21T19:00:00.0,0.656222487,0,0.656222487,3380,1.121127698,1,0,0.585323588
0,-0.142817344,1,0.559791011,4,2019-05-21T20:00:00.0,0.559791011,0,0.559791011,3381,1.142817344,1,0,0.489834193
0,-0.234220421,1,0.613228926,4,2019-05-21T21:00:00.0,0.613228926,0,0.613228926,3382,1.234220421,1,0,0.496855275
0,-0.042278842,1,0.354347209,2,2019-05-21T22:00:00.0,0.354347209,0,0.354347209,3383,1.042278842,1,0,0.339973522
0,-0.234220421,1,0.613228926,4,2019-05-21T23:00:00.0,0.613228926,0,0.613228926,3384,1.234220421,1,0,0.496855275
0,-0.039677957,1,0.338880129,2,2019-05-22T00:00:00.0,0.338880129,0,0.338880129,3385,1.039677957,1,0,0.325947209
0,-0.039677957,1,0.338880129,2,2019-05-22T01:00:00.0,0.338880129,0,0.338880129,3386,1.039677957,1,0,0.325947209
0,-0.039677957,1,0.338880129,2,2019-05-22T02:00:00.0,0.338880129,0,0.338880129,3387,1.039677957,1,0,0.325947209
0,-0.039677957,1,0.338880129,2,2019-05-22T03:00:00.0,0.338880129,0,0.338880129,3388,1.039677957,1,0,0.325947209
0,-0.039677957,1,0.338880129,2,2019-05-22T04:00:00.0,0.338880129,0,0.338880129,3389,1.039677957,1,0,0.325947209
0,-0.039677957,1,0.338880129,2,2019-05-22T05:00:00.0,0.338880129,0,0.338880129,3390,1.039677957,1,0,0.325947209
0,-0.039677957,1,0.338880129,2,2019-05-22T06:00:00.0,0.338880129,0,0.338880129,3391,1.039677957,1,0,0.325947209
0,-0.036661054,1,0.356551919,3,2019-05-22T07:00:00.0,0.356551919,0,0.356551919,3392,1.036661054,1,0,0.34394262
0,-0.035016975,1,0.363732925,3,2019-05-22T08:00:00.0,0.363732925,0,0.363732925,3393,1.035016975,1,0,0.351427014
0,-0.035016975,1,0.363732925,3,2019-05-22T09:00:00.0,0.363732925,0,0.363732925,3394,1.035016975,1,0,0.351427014
0,-0.035016975,1,0.363732925,3,2019-05-22T10:00:00.0,0.363732925,0,0.363732925,3395,1.035016975,1,0,0.351427014
0,-0.035016975,1,0.365686254,3,2019-05-22T11:00:00.0,0.365686254,0,0.365686254,3396,1.035016975,1,0,0.353314257
0,-0.035016975,1,0.365686254,3,2019-05-22T12:00:00.0,0.365686254,0,0.365686254,3397,1.035016975,1,0,0.353314257
0,-0.035016975,1,0.365686254,3,2019-05-22T13:00:00.0,0.365686254,0,0.365686254,3398,1.035016975,1,0,0.353314257
0,-0.035016975,1,0.365686254,3,2019-05-22T14:00:00.0,0.365686254,0,0.365686254,3399,1.035016975,1,0,0.353314257
0,-0.035016975,1,0.365686254,3,2019-05-22T15:00:00.0,0.365686254,0,0.365686254,3400,1.035016975,1,0,0.353314257
0,-0.035016975,1,0.365686254,3,2019-05-22T16:00:00.0,0.365686254,0,0.365686254,3401,1.035016975,1,0,0.353314257
0,-0.035016975,1,0.365686254,3,2019-05-22T17:00:00.0,0.365686254,0,0.365686254,3402,1.035016975,1,0,0.353314257
0,-0.037777842,1,0.361649619,3,2019-05-22T18:00:00.0,0.361649619,0,0.361649619,3403,1.037777842,1,0,0.348484622
0,-0.039677957,1,0.353462977,2,2019-05-22T19:00:00.0,0.353462977,0,0.353462977,3404,1.039677957,1,0,0.339973522
0,-0.036661054,1,0.362204783,3,2019-05-22T20:00:00.0,0.362204783,0,0.362204783,3405,1.036661054,1,0,0.349395573
0,-0.035016975,1,0.365686254,3,2019-05-22T21:00:00.0,0.365686254,0,0.365686254,3406,1.035016975,1,0,0.353314257
0,-0.03455205,1,0.403796997,3,2019-05-22T22:00:00.0,0.403796997,0,0.403796997,3407,1.03455205,1,0,0.390310954
0,-0.042278842,1,0.31473022,2,2019-05-22T23:00:00.0,0.31473022,0,0.31473022,3408,1.042278842,1,0,0.301963551
0,-0.039677957,1,0.313944848,2,2019-05-23T00:00:00.0,0.313944848,0,0.313944848,3409,1.039677957,1,0,0.301963551
0,-0.039677957,1,0.312598129,2,2019-05-23T01:00:00.0,0.312598129,0,0.312598129,3410,1.039677957,1,0,0.300668228
0,-0.039677957,1,0.313944848,2,2019-05-23T02:00:00.0,0.313944848,0,0.313944848,3411,1.039677957,1,0,0.301963551
0,-0.039677957,1,0.312598129,2,2019-05-23T03:00:00.0,0.312598129,0,0.312598129,3412,1.039677957,1,0,0.300668228
0,-0.039677957,1,0.312598129,2,2019-05-23T04:00:00.0,0.312598129,0,0.312598129,3413,1.039677957,1,0,0.300668228
0,-0.039677957,1,0.312598129,2,2019-05-23T05:00:00.0,0.312598129,0,0.312598129,3414,1.039677957,1,0,0.300668228
0,-0.039677957,1,0.312598129,2,2019-05-23T06:00:00.0,0.312598129,0,0.312598129,3415,1.039677957,1,0,0.300668228
0,-0.039677957,1,0.312598129,2,2019-05-23T07:00:00.0,0.312598129,0,0.312598129,3416,1.039677957,1,0,0.300668228
0,-0.039677957,1,0.312598129,2,2019-05-23T08:00:00.0,0.312598129,0,0.312598129,3417,1.039677957,1,0,0.300668228
0,-0.042278842,1,0.313380132,2,2019-05-23T09:00:00.0,0.313380132,0,0.313380132,3418,1.042278842,1,0,0.300668228
0,-0.042278842,1,0.313380132,2,2019-05-23T10:00:00.0,0.313380132,0,0.313380132,3419,1.042278842,1,0,0.300668228
0,-0.042278842,1,0.313380132,2,2019-05-23T11:00:00.0,0.313380132,0,0.313380132,3420,1.042278842,1,0,0.300668228
0,-0.234220421,1,0.613228926,4,2019-05-23T12:00:00.0,0.613228926,0,0.613228926,3421,1.234220421,1,0,0.496855275
0,-0.234220421,1,0.613228926,4,2019-05-23T13:00:00.0,0.613228926,0,0.613228926,3422,1.234220421,1,0,0.496855275
0,-0.234220421,1,0.613228926,4,2019-05-23T14:00:00.0,0.613228926,0,0.613228926,3423,1.234220421,1,0,0.496855275
0,-0.234220421,1,0.613228926,4,2019-05-23T15:00:00.0,0.613228926,0,0.613228926,3424,1.234220421,1,0,0.496855275
0,-0.234220421,1,0.613228926,4,2019-05-23T16:00:00.0,0.613228926,0,0.613228926,3425,1.234220421,1,0,0.496855275
0,-0.234220421,1,0.613228926,4,2019-05-23T17:00:00.0,0.613228926,0,0.613228926,3426,1.234220421,1,0,0.496855275
0,-0.142817344,1,0.559791011,4,2019-05-23T18:00:00.0,0.559791011,0,0.559791011,3427,1.142817344,1,0,0.489834193
0,-0.234220421,1,0.613228926,4,2019-05-23T19:00:00.0,0.613228926,0,0.613228926,3428,1.234220421,1,0,0.496855275
0,-0.234220421,1,0.613228926,4,2019-05-23T20:00:00.0,0.613228926,0,0.613228926,3429,1.234220421,1,0,0.496855275
0,-0.234220421,1,0.613228926,4,2019-05-23T21:00:00.0,0.613228926,0,0.613228926,3430,1.234220421,1,0,0.496855275
0,-0.234220421,1,0.613228926,4,2019-05-23T22:00:00.0,0.613228926,0,0.613228926,3431,1.234220421,1,0,0.496855275
0,-0.234220421,1,0.613228926,4,2019-05-23T23:00:00.0,0.613228926,0,0.613228926,3432,1.234220421,1,0,0.496855275
0,-0.039677957,1,0.313944848,2,2019-05-24T00:00:00.0,0.313944848,0,0.313944848,3433,1.039677957,1,0,0.301963551
0,-0.039717805,1,0.31395688,2,2019-05-24T01:00:00.0,0.31395688,0,0.31395688,3434,1.039717805,1,0,0.301963551
0,-0.039677957,1,0.313944848,2,2019-05-24T02:00:00.0,0.313944848,0,0.313944848,3435,1.039677957,1,0,0.301963551
0,-0.039677957,1,0.313944848,2,2019-05-24T03:00:00.0,0.313944848,0,0.313944848,3436,1.039677957,1,0,0.301963551
0,-0.039677957,1,0.313944848,2,2019-05-24T04:00:00.0,0.313944848,0,0.313944848,3437,1.039677957,1,0,0.301963551
0,-0.039677957,1,0.313944848,2,2019-05-24T05:00:00.0,0.313944848,0,0.313944848,3438,1.039677957,1,0,0.301963551
0,-0.039677957,1,0.313944848,2,2019-05-24T06:00:00.0,0.313944848,0,0.313944848,3439,1.039677957,1,0,0.301963551
0,-0.039677957,1,0.313944848,2,2019-05-24T07:00:00.0,0.313944848,0,0.313944848,3440,1.039677957,1,0,0.301963551
0,-0.042278842,1,0.31473022,2,2019-05-24T08:00:00.0,0.31473022,0,0.31473022,3441,1.042278842,1,0,0.301963551
0,-0.042278842,1,0.31473022,2,2019-05-24T09:00:00.0,0.31473022,0,0.31473022,3442,1.042278842,1,0,0.301963551
0,-0.042278842,1,0.31473022,2,2019-05-24T10:00:00.0,0.31473022,0,0.31473022,3443,1.042278842,1,0,0.301963551
0,-0.042278842,1,0.31473022,2,2019-05-24T11:00:00.0,0.31473022,0,0.31473022,3444,1.042278842,1,0,0.301963551
0,-0.042278842,1,0.31473022,2,2019-05-24T12:00:00.0,0.31473022,0,0.31473022,3445,1.042278842,1,0,0.301963551
0,-0.042278842,1,0.31473022,2,2019-05-24T13:00:00.0,0.31473022,0,0.31473022,3446,1.042278842,1,0,0.301963551
0,-0.042278842,1,0.31473022,2,2019-05-24T14:00:00.0,0.31473022,0,0.31473022,3447,1.042278842,1,0,0.301963551
0,-0.042278842,1,0.31473022,2,2019-05-24T15:00:00.0,0.31473022,0,0.31473022,3448,1.042278842,1,0,0.301963551
0,-0.042278842,1,0.313380132,2,2019-05-24T16:00:00.0,0.313380132,0,0.313380132,3449,1.042278842,1,0,0.300668228
0,-0.039677957,1,0.312598129,2,2019-05-24T17:00:00.0,0.312598129,0,0.312598129,3450,1.039677957,1,0,0.300668228
0,-0.039677957,1,0.312598129,2,2019-05-24T18:00:00.0,0.312598129,0,0.312598129,3451,1.039677957,1,0,0.300668228
0,-0.039677957,1,0.312598129,2,2019-05-24T19:00:00.0,0.312598129,0,0.312598129,3452,1.039677957,1,0,0.300668228
0,-0.039677957,1,0.312598129,2,2019-05-24T20:00:00.0,0.312598129,0,0.312598129,3453,1.039677957,1,0,0.300668228
0,-0.042430781,1,0.313425816,2,2019-05-24T21:00:00.0,0.313425816,0,0.313425816,3454,1.042430781,1,0,0.300668228
0,-0.039677957,1,0.312598129,2,2019-05-24T22:00:00.0,0.312598129,0,0.312598129,3455,1.039677957,1,0,0.300668228
0,-0.039677957,1,0.312598129,2,2019-05-24T23:00:00.0,0.312598129,0,0.312598129,3456,1.039677957,1,0,0.300668228
0,-0.039677957,1,0.312598129,2,2019-05-25T00:00:00.0,0.312598129,0,0.312598129,3457,1.039677957,1,0,0.300668228
0,-0.039457729,1,0.313878347,2,2019-05-25T01:00:00.0,0.313878347,0,0.313878347,3458,1.039457729,1,0,0.301963551
0,-0.039677957,1,0.313944848,2,2019-05-25T02:00:00.0,0.313944848,0,0.313944848,3459,1.039677957,1,0,0.301963551
0,-0.039677957,1,0.313944848,2,2019-05-25T03:00:00.0,0.313944848,0,0.313944848,3460,1.039677957,1,0,0.301963551
0,-0.033701633,1,0.367365488,2,2019-05-25T04:00:00.0,0.367365488,0,0.367365488,3461,1.033701633,1,0,0.355388322
0,-0.039677957,1,0.313944848,2,2019-05-25T05:00:00.0,0.313944848,0,0.313944848,3462,1.039677957,1,0,0.301963551
0,-0.039677957,1,0.313944848,2,2019-05-25T06:00:00.0,0.313944848,0,0.313944848,3463,1.039677957,1,0,0.301963551
0,-0.039677957,1,0.313944848,2,2019-05-25T07:00:00.0,0.313944848,0,0.313944848,3464,1.039677957,1,0,0.301963551
0,-0.042278842,1,0.31473022,2,2019-05-25T08:00:00.0,0.31473022,0,0.31473022,3465,1.042278842,1,0,0.301963551
0,-0.042278842,1,0.31473022,2,2019-05-25T09:00:00.0,0.31473022,0,0.31473022,3466,1.042278842,1,0,0.301963551
0,-0.042278842,1,0.313380132,2,2019-05-25T10:00:00.0,0.313380132,0,0.313380132,3467,1.042278842,1,0,0.300668228
0,-0.042278842,1,0.313380132,2,2019-05-25T11:00:00.0,0.313380132,0,0.313380132,3468,1.042278842,1,0,0.300668228
0,-0.042278842,1,0.313380132,2,2019-05-25T12:00:00.0,0.313380132,0,0.313380132,3469,1.042278842,1,0,0.300668228
0,-0.042278842,1,0.313380132,2,2019-05-25T13:00:00.0,0.313380132,0,0.313380132,3470,1.042278842,1,0,0.300668228
0,-0.042278842,1,0.313380132,2,2019-05-25T14:00:00.0,0.313380132,0,0.313380132,3471,1.042278842,1,0,0.300668228
0,-0.039677957,1,0.312598129,2,2019-05-25T15:00:00.0,0.312598129,0,0.312598129,3472,1.039677957,1,0,0.300668228
0,-0.039677957,1,0.313944848,2,2019-05-25T16:00:00.0,0.313944848,0,0.313944848,3473,1.039677957,1,0,0.301963551
0,-0.039677957,1,0.312598129,2,2019-05-25T17:00:00.0,0.312598129,0,0.312598129,3474,1.039677957,1,0,0.300668228
0,-0.039677957,1,0.312598129,2,2019-05-25T18:00:00.0,0.312598129,0,0.312598129,3475,1.039677957,1,0,0.300668228
0,-0.039677957,1,0.312598129,2,2019-05-25T19:00:00.0,0.312598129,0,0.312598129,3476,1.039677957,1,0,0.300668228
0,-0.039677957,1,0.312598129,2,2019-05-25T20:00:00.0,0.312598129,0,0.312598129,3477,1.039677957,1,0,0.300668228
0,-0.039677957,1,0.312598129,2,2019-05-25T21:00:00.0,0.312598129,0,0.312598129,3478,1.039677957,1,0,0.300668228
0,-0.039677957,1,0.312598129,2,2019-05-25T22:00:00.0,0.312598129,0,0.312598129,3479,1.039677957,1,0,0.300668228
0,-0.234220421,1,0.613228926,4,2019-05-25T23:00:00.0,0.613228926,0,0.613228926,3480,1.234220421,1,0,0.496855275
0,-0.234220421,1,0.613228926,4,2019-05-26T00:00:00.0,0.613228926,0,0.613228926,3481,1.234220421,1,0,0.496855275
0,-0.234220421,1,0.613228926,4,2019-05-26T01:00:00.0,0.613228926,0,0.613228926,3482,1.234220421,1,0,0.496855275
0,-0.234220421,1,0.613228926,4,2019-05-26T02:00:00.0,0.613228926,0,0.613228926,3483,1.234220421,1,0,0.496855275
0,-0.234220421,1,0.613228926,4,2019-05-26T03:00:00.0,0.613228926,0,0.613228926,3484,1.234220421,1,0,0.496855275
0,-0.234220421,1,0.613228926,4,2019-05-26T04:00:00.0,0.613228926,0,0.613228926,3485,1.234220421,1,0,0.496855275
0,-0.234220421,1,0.613228926,4,2019-05-26T05:00:00.0,0.613228926,0,0.613228926,3486,1.234220421,1,0,0.496855275
0,-0.234220421,1,0.613228926,4,2019-05-26T06:00:00.0,0.613228926,0,0.613228926,3487,1.234220421,1,0,0.496855275
0,-0.234220421,1,0.613228926,4,2019-05-26T07:00:00.0,0.613228926,0,0.613228926,3488,1.234220421,1,0,0.496855275
0,-0.234220421,1,0.613228926,4,2019-05-26T08:00:00.0,0.613228926,0,0.613228926,3489,1.234220421,1,0,0.496855275
0,-0.234220421,1,0.613228926,4,2019-05-26T09:00:00.0,0.613228926,0,0.613228926,3490,1.234220421,1,0,0.496855275
0,-0.234220421,1,0.613228926,4,2019-05-26T10:00:00.0,0.613228926,0,0.613228926,3491,1.234220421,1,0,0.496855275
0,-0.234220421,1,0.613228926,4,2019-05-26T11:00:00.0,0.613228926,0,0.613228926,3492,1.234220421,1,0,0.496855275
0,-0.234220421,1,0.613228926,4,2019-05-26T12:00:00.0,0.613228926,0,0.613228926,3493,1.234220421,1,0,0.496855275
0,-0.234220421,1,0.613228926,4,2019-05-26T13:00:00.0,0.613228926,0,0.613228926,3494,1.234220421,1,0,0.496855275
0,-0.234220421,1,0.613228926,4,2019-05-26T14:00:00.0,0.613228926,0,0.613228926,3495,1.234220421,1,0,0.496855275
0,-0.234220421,1,0.613228926,4,2019-05-26T15:00:00.0,0.613228926,0,0.613228926,3496,1.234220421,1,0,0.496855275
0,-0.121127698,1,0.656222487,4,2019-05-26T16:00:00.0,0.656222487,0,0.656222487,3497,1.121127698,1,0,0.585323588
0,-0.142817344,1,0.559791011,4,2019-05-26T17:00:00.0,0.559791011,0,0.559791011,3498,1.142817344,1,0,0.489834193
0,-0.142817344,1,0.559791011,4,2019-05-26T18:00:00.0,0.559791011,0,0.559791011,3499,1.142817344,1,0,0.489834193
0,-0.239616846,1,0.616383893,3,2019-05-26T19:00:00.0,0.616383893,0,0.616383893,3500,1.239616846,1,0,0.497237429
0,-0.142817344,1,0.559791011,4,2019-05-26T20:00:00.0,0.559791011,0,0.559791011,3501,1.142817344,1,0,0.489834193
0,-0.239616846,1,0.616383893,3,2019-05-26T21:00:00.0,0.616383893,0,0.616383893,3502,1.239616846,1,0,0.497237429
0,-0.042278842,1,0.682465426,2,2019-05-26T22:00:00.0,0.682465426,0,0.682465426,3503,1.042278844,1.000000002,0,0.654782
0,-0.142817344,1,0.559791011,4,2019-05-26T23:00:00.0,0.559791011,0,0.559791011,3504,1.142817344,1,0,0.489834193
0,-0.239616846,1,0.616383893,3,2019-05-27T00:00:00.0,0.616383893,0,0.616383893,3505,1.239616846,1,0,0.497237429
0,-0.239616846,1,0.616383893,3,2019-05-27T01:00:00.0,0.616383893,0,0.616383893,3506,1.239616846,1,0,0.497237429
0,-0.239616846,1,0.616383893,3,2019-05-27T02:00:00.0,0.616383893,0,0.616383893,3507,1.239616846,1,0,0.497237429
0,-0.239616846,1,0.616383893,3,2019-05-27T03:00:00.0,0.616383893,0,0.616383893,3508,1.239616846,1,0,0.497237429
0,-0.239616846,1,0.616383893,3,2019-05-27T04:00:00.0,0.616383893,0,0.616383893,3509,1.239616846,1,0,0.497237429
0,-0.239616846,1,0.616383893,3,2019-05-27T05:00:00.0,0.616383893,0,0.616383893,3510,1.239616846,1,0,0.497237429
0,-0.121127698,1,0.656222487,4,2019-05-27T06:00:00.0,0.656222487,0,0.656222487,3511,1.121127698,1,0,0.585323588
0,-0.239616846,1,0.616383893,3,2019-05-27T07:00:00.0,0.616383893,0,0.616383893,3512,1.239616846,1,0,0.497237429
0,-0.2361133,1,0.54981071,3,2019-05-27T08:00:00.0,0.54981071,0,0.54981071,3513,1.2361133,1,0,0.444789899
0,-0.235947871,1,0.549655603,3,2019-05-27T09:00:00.0,0.549655603,0,0.549655603,3514,1.235947871,1,0,0.444723937
0,-0.235947871,1,0.549655603,4,2019-05-27T10:00:00.0,0.549655603,0,0.549655603,3515,1.235947871,1,0,0.444723937
0,-0.235947871,1,0.549655603,3,2019-05-27T11:00:00.0,0.549655603,0,0.549655603,3516,1.235947871,1,0,0.444723937
0,-0.235947871,1,0.549655603,3,2019-05-27T12:00:00.0,0.549655603,0,0.549655603,3517,1.235947871,1,0,0.444723937
0,-0.235947871,1,0.551194118,3,2019-05-27T13:00:00.0,0.551194118,0,0.551194118,3518,1.235947871,1,0,0.445968742
0,-0.235947871,1,0.551194118,3,2019-05-27T14:00:00.0,0.551194118,0,0.551194118,3519,1.235947871,1,0,0.445968742
0,-0.235947871,1,0.556632073,3,2019-05-27T15:00:00.0,0.556632073,0,0.556632073,3520,1.235947871,1,0,0.450368568
0,-0.235947871,1,0.556632073,3,2019-05-27T16:00:00.0,0.556632073,0,0.556632073,3521,1.235947872,1,0,0.450368568
0,-0.235947871,1,0.556632073,3,2019-05-27T17:00:00.0,0.556632073,0,0.556632073,3522,1.235947871,1,0,0.450368568
0,-0.130199597,1,0.509042103,4,2019-05-27T18:00:00.0,0.509042103,0,0.509042103,3523,1.130199597,1,0,0.450400181
0,-0.130199597,1,0.509042103,4,2019-05-27T19:00:00.0,0.509042103,0,0.509042103,3524,1.130199597,1,0,0.450400181
0,-0.130199597,1,0.509042103,4,2019-05-27T20:00:00.0,0.509042103,0,0.509042103,3525,1.130199597,1,0,0.450400181
0,-0.130199597,1,0.509042103,4,2019-05-27T21:00:00.0,0.509042103,0,0.509042103,3526,1.130199597,1,0,0.450400181
0,-0.235947871,1,0.556632073,3,2019-05-27T22:00:00.0,0.556632073,0,0.556632073,3527,1.235947871,1,0,0.450368568
0,-0.235947871,1,0.556632073,3,2019-05-27T23:00:00.0,0.556632073,0,0.556632073,3528,1.235947871,1,0,0.450368568
0,-0.042430781,1,0.398544357,2,2019-05-28T00:00:00.0,0.398544357,0,0.398544357,3529,1.042430781,1,0,0.382322131
0,-0.042430781,1,0.394226255,2,2019-05-28T01:00:00.0,0.394226255,0,0.394226255,3530,1.042430781,1,0,0.378179791
0,-0.039677957,1,0.393185193,2,2019-05-28T02:00:00.0,0.393185193,0,0.393185193,3531,1.039677957,1,0,0.378179791
0,-0.039677957,1,0.397491892,2,2019-05-28T03:00:00.0,0.397491892,0,0.397491892,3532,1.039677957,1,0,0.382322131
0,-0.039677957,1,0.397491892,2,2019-05-28T04:00:00.0,0.397491892,0,0.397491892,3533,1.039677957,1,0,0.382322131
0,-0.039677957,1,0.393185193,2,2019-05-28T05:00:00.0,0.393185193,0,0.393185193,3534,1.039677957,1,0,0.378179791
0,-0.039677957,1,0.393185193,2,2019-05-28T06:00:00.0,0.393185193,0,0.393185193,3535,1.039677957,1,0,0.378179791
0,-0.039677957,1,0.393185193,2,2019-05-28T07:00:00.0,0.393185193,0,0.393185193,3536,1.039677957,1,0,0.378179791
0,-0.039677957,1,0.397491892,2,2019-05-28T08:00:00.0,0.397491892,0,0.397491892,3537,1.039677957,1,0,0.382322131
0,-0.239616846,1,0.616383893,3,2019-05-28T09:00:00.0,0.616383893,0,0.616383893,3538,1.239616846,1,0,0.497237429
0,-0.239616846,1,0.616383893,3,2019-05-28T10:00:00.0,0.616383893,0,0.616383893,3539,1.239616846,1,0,0.497237429
0,-0.239616846,1,0.616383893,4,2019-05-28T11:00:00.0,0.616383893,0,0.616383893,3540,1.239616846,1,0,0.497237429
0,-0.239616846,1,0.616383893,3,2019-05-28T12:00:00.0,0.616383893,0,0.616383893,3541,1.239616846,1,0,0.497237429
0,-0.239616846,1,0.616383893,3,2019-05-28T13:00:00.0,0.616383893,0,0.616383893,3542,1.239616846,1,0,0.497237429
0,-0.239616846,1,0.616266591,4,2019-05-28T14:00:00.0,0.616266591,0,0.616266591,3543,1.239616846,1,0,0.497142801
0,-0.239616846,1,0.616383893,3,2019-05-28T15:00:00.0,0.616383893,0,0.616383893,3544,1.239616846,1,0,0.497237429
0,-0.239616846,1,0.616383893,3,2019-05-28T16:00:00.0,0.616383893,0,0.616383893,3545,1.239616846,1,0,0.497237429
0,-0.239616846,1,0.616383893,3,2019-05-28T17:00:00.0,0.616383893,0,0.616383893,3546,1.239616846,1,0,0.497237429
0,-0.239616846,1,0.616383893,3,2019-05-28T18:00:00.0,0.616383893,0,0.616383893,3547,1.239616846,1,0,0.497237429
0,-0.239616846,1,0.616383893,3,2019-05-28T19:00:00.0,0.616383893,0,0.616383893,3548,1.239616846,1,0,0.497237429
0,-0.239616846,1,0.616383893,3,2019-05-28T20:00:00.0,0.616383893,0,0.616383893,3549,1.239616846,1,0,0.497237429
0,-0.239616846,1,0.616383893,3,2019-05-28T21:00:00.0,0.616383893,0,0.616383893,3550,1.239616846,1,0,0.497237429
0,-0.239616846,1,0.616383893,3,2019-05-28T22:00:00.0,0.616383893,0,0.616383893,3551,1.239616846,1,0,0.497237429
0,-0.239616846,1,0.616383893,3,2019-05-28T23:00:00.0,0.616383893,0,0.616383893,3552,1.239616846,1,0,0.497237429
0,-0.239776755,1,0.616536078,4,2019-05-29T00:00:00.0,0.616536078,0,0.616536078,3553,1.239776755,1,0,0.497296046
0,-0.239962092,1,0.616712463,3,2019-05-29T01:00:00.0,0.616712463,0,0.616712463,3554,1.239962092,1,0,0.497363965
0,-0.239545876,1,0.616407361,4,2019-05-29T02:00:00.0,0.616407361,0,0.616407361,3555,1.239545876,1,0,0.497284831
0,-0.142817344,1,0.559791011,4,2019-05-29T03:00:00.0,0.559791011,0,0.559791011,3556,1.142817344,1,0,0.489834193
0,-0.142817344,1,0.559791011,4,2019-05-29T04:00:00.0,0.559791011,0,0.559791011,3557,1.142817344,1,0,0.489834193
0,-0.239616846,1,0.616383893,3,2019-05-29T05:00:00.0,0.616383893,0,0.616383893,3558,1.239616846,1,0,0.497237429
0,-0.142817344,1,0.559791011,4,2019-05-29T06:00:00.0,0.559791011,0,0.559791011,3559,1.142817344,1,0,0.489834193
0,-0.121127698,1,0.656222487,4,2019-05-29T07:00:00.0,0.656222487,0,0.656222487,3560,1.121127698,1,0,0.585323588
0,-0.239616846,1,0.616383893,3,2019-05-29T08:00:00.0,0.616383893,0,0.616383893,3561,1.239616846,1,0,0.497237429
0,-0.239616846,1,0.616383893,3,2019-05-29T09:00:00.0,0.616383893,0,0.616383893,3562,1.239616846,1,0,0.497237429
0,-0.239783832,1,0.615768545,3,2019-05-29T10:00:00.0,0.615768545,0,0.615768545,3563,1.239783832,1,0,0.496674121
0,-0.239616846,1,0.616383893,3,2019-05-29T11:00:00.0,0.616383893,0,0.616383893,3564,1.239616846,1,0,0.497237429
0,-0.239783832,1,0.615768544,3,2019-05-29T12:00:00.0,0.615768544,0,0.615768544,3565,1.239783832,1,0,0.496674121
0,-0.239783832,1,0.615768544,3,2019-05-29T13:00:00.0,0.615768544,0,0.615768544,3566,1.239783832,1,0,0.496674121
0,-0.239783832,1,0.615768544,3,2019-05-29T14:00:00.0,0.615768544,0,0.615768544,3567,1.239783832,1,0,0.496674121
0,-0.239616846,1,0.616383893,3,2019-05-29T15:00:00.0,0.616383893,0,0.616383893,3568,1.239616846,1,0,0.497237429
0,-0.121127698,1,0.656222487,4,2019-05-29T16:00:00.0,0.656222487,0,0.656222487,3569,1.121127698,1,0,0.585323588
0,-0.121127698,1,0.656222487,4,2019-05-29T17:00:00.0,0.656222487,0,0.656222487,3570,1.121127699,1,0,0.585323588
0,-0.121127698,1,0.656222487,4,2019-05-29T18:00:00.0,0.656222487,0,0.656222487,3571,1.121127699,1,0,0.585323588
0,-0.121127698,1,0.656222487,4,2019-05-29T19:00:00.0,0.656222487,0,0.656222487,3572,1.121127699,1,0,0.585323588
0,-0.121127698,1,0.656222487,4,2019-05-29T20:00:00.0,0.656222487,0,0.656222487,3573,1.121127699,1,0,0.585323588
0,-0.121127698,1,0.656222487,4,2019-05-29T21:00:00.0,0.656222487,0,0.656222487,3574,1.121127699,1,0,0.585323588
0,-0.142817344,1,0.559791011,4,2019-05-29T22:00:00.0,0.559791011,0,0.559791011,3575,1.142817344,1,0,0.489834193
0,-0.234220421,1,0.613228926,4,2019-05-29T23:00:00.0,0.613228926,0,0.613228926,3576,1.234220421,1,0,0.496855275
0,-0.039677957,1,0.338880129,2,2019-05-30T00:00:00.0,0.338880129,0,0.338880129,3577,1.039677957,1,0,0.325947209
0,-0.039677957,1,0.338880129,2,2019-05-30T01:00:00.0,0.338880129,0,0.338880129,3578,1.039677957,1,0,0.325947209
0,-0.039677957,1,0.338880129,2,2019-05-30T02:00:00.0,0.338880129,0,0.338880129,3579,1.039677957,1,0,0.325947209
0,-0.039677957,1,0.338880129,2,2019-05-30T03:00:00.0,0.338880129,0,0.338880129,3580,1.039677957,1,0,0.325947209
0,-0.039677957,1,0.338880129,2,2019-05-30T04:00:00.0,0.338880129,0,0.338880129,3581,1.039677957,1,0,0.325947209
0,-0.039677957,1,0.338880129,2,2019-05-30T05:00:00.0,0.338880129,0,0.338880129,3582,1.039677957,1,0,0.325947209
0,-0.039677957,1,0.338880129,2,2019-05-30T06:00:00.0,0.338880129,0,0.338880129,3583,1.039677957,1,0,0.325947209
0,-0.039677957,1,0.338880129,2,2019-05-30T07:00:00.0,0.338880129,0,0.338880129,3584,1.039677957,1,0,0.325947209
0,-0.036661054,1,0.356551919,3,2019-05-30T08:00:00.0,0.356551919,0,0.356551919,3585,1.036661054,1,0,0.34394262
0,-0.035016975,1,0.363732925,3,2019-05-30T09:00:00.0,0.363732925,0,0.363732925,3586,1.035016975,1,0,0.351427014
0,-0.035016975,1,0.365686254,3,2019-05-30T10:00:00.0,0.365686254,0,0.365686254,3587,1.035016975,1,0,0.353314257
0,-0.035016975,1,0.365686254,3,2019-05-30T11:00:00.0,0.365686254,0,0.365686254,3588,1.035016975,1,0,0.353314257
0,-0.035016975,1,0.365686254,3,2019-05-30T12:00:00.0,0.365686254,0,0.365686254,3589,1.035016975,1,0,0.353314257
0,-0.035016975,1,0.365686254,3,2019-05-30T13:00:00.0,0.365686254,0,0.365686254,3590,1.035016975,1,0,0.353314257
0,-0.035016975,1,0.365686254,3,2019-05-30T14:00:00.0,0.365686254,0,0.365686254,3591,1.035016975,1,0,0.353314257
0,-0.035016975,1,0.365686254,3,2019-05-30T15:00:00.0,0.365686254,0,0.365686254,3592,1.035016975,1,0,0.353314257
0,-0.035016975,1,0.365686254,3,2019-05-30T16:00:00.0,0.365686254,0,0.365686254,3593,1.035016975,1,0,0.353314257
0,-0.234220421,1,0.613228926,4,2019-05-30T17:00:00.0,0.613228926,0,0.613228926,3594,1.234220421,1,0,0.496855275
0,-0.042430781,1,0.354398864,2,2019-05-30T18:00:00.0,0.354398864,0,0.354398864,3595,1.042430781,1,0,0.339973522
0,-0.039677957,1,0.353462977,2,2019-05-30T19:00:00.0,0.353462977,0,0.353462977,3596,1.039677957,1,0,0.339973522
0,-0.042430781,1,0.354398864,2,2019-05-30T20:00:00.0,0.354398864,0,0.354398864,3597,1.042430781,1,0,0.339973522
0,-0.039677957,1,0.353462977,2,2019-05-30T21:00:00.0,0.353462977,0,0.353462977,3598,1.039677957,1,0,0.339973522
0,-0.142817344,1,0.559791011,4,2019-05-30T22:00:00.0,0.559791011,0,0.559791011,3599,1.142817344,1,0,0.489834193
0,-0.039677957,1,0.353462977,2,2019-05-30T23:00:00.0,0.353462977,0,0.353462977,3600,1.039677957,1,0,0.339973522
0,-0.142817344,1,0.559791011,4,2019-05-31T00:00:00.0,0.559791011,0,0.559791011,3601,1.142817344,1,0,0.489834193
0,-0.234220421,1,0.613228926,4,2019-05-31T01:00:00.0,0.613228926,0,0.613228926,3602,1.234220421,1,0,0.496855275
0,-0.142817344,1,0.559791011,4,2019-05-31T02:00:00.0,0.559791011,0,0.559791011,3603,1.142817344,1,0,0.489834193
0,-0.142817344,1,0.559791011,4,2019-05-31T03:00:00.0,0.559791011,0,0.559791011,3604,1.142817344,1,0,0.489834193
0,-0.142817344,1,0.559791011,4,2019-05-31T04:00:00.0,0.559791011,0,0.559791011,3605,1.142817344,1,0,0.489834193
0,-0.142817344,1,0.559791011,4,2019-05-31T05:00:00.0,0.559791011,0,0.559791011,3606,1.142817344,1,0,0.489834193
0,-0.142817344,1,0.559791011,4,2019-05-31T06:00:00.0,0.559791011,0,0.559791011,3607,1.142817344,1,0,0.489834193
0,-0.142817344,1,0.559791011,4,2019-05-31T07:00:00.0,0.559791011,0,0.559791011,3608,1.142817344,1,0,0.489834193
0,-0.042278842,1,0.394168795,2,2019-05-31T08:00:00.0,0.394168795,0,0.394168795,3609,1.042278842,1,0,0.378179791
0,-0.042278842,1,0.394168795,2,2019-05-31T09:00:00.0,0.394168795,0,0.394168795,3610,1.042278842,1,0,0.378179791
0,-0.234220421,1,0.613228926,4,2019-05-31T10:00:00.0,0.613228926,0,0.613228926,3611,1.234220421,1,0,0.496855275
0,-0.042278842,1,0.394168795,2,2019-05-31T11:00:00.0,0.394168795,0,0.394168795,3612,1.042278842,1,0,0.378179791
0,-0.234220421,1,0.613228926,4,2019-05-31T12:00:00.0,0.613228926,0,0.613228926,3613,1.234220421,1,0,0.496855275
0,-0.042278842,1,0.394168795,2,2019-05-31T13:00:00.0,0.394168795,0,0.394168795,3614,1.042278842,1,0,0.378179791
0,-0.234220421,1,0.613228926,4,2019-05-31T14:00:00.0,0.613228926,0,0.613228926,3615,1.234220421,1,0,0.496855275
0,-0.239616846,1,0.616383893,3,2019-05-31T15:00:00.0,0.616383893,0,0.616383893,3616,1.239616846,1,0,0.497237429
0,-0.239616846,1,0.616383893,3,2019-05-31T16:00:00.0,0.616383893,0,0.616383893,3617,1.239616846,1,0,0.497237429
0,-0.239616846,1,0.616383893,3,2019-05-31T17:00:00.0,0.616383893,0,0.616383893,3618,1.239616846,1,0,0.497237429
0,-0.239616846,1,0.616383893,3,2019-05-31T18:00:00.0,0.616383893,0,0.616383893,3619,1.239616846,1,0,0.497237429
0,-0.239616846,1,0.616383893,3,2019-05-31T19:00:00.0,0.616383893,0,0.616383893,3620,1.239616846,1,0,0.497237429
0,-0.239616846,1,0.616383893,3,2019-05-31T20:00:00.0,0.616383893,0,0.616383893,3621,1.239616846,1,0,0.497237429
0,-0.239616846,1,0.616383893,3,2019-05-31T21:00:00.0,0.616383893,0,0.616383893,3622,1.239616846,1,0,0.497237429
0,-0.239616846,1,0.616383893,3,2019-05-31T22:00:00.0,0.616383893,0,0.616383893,3623,1.239616846,1,0,0.497237429
0,-0.239616846,1,0.616383893,3,2019-05-31T23:00:00.0,0.616383893,0,0.616383893,3624,1.239616846,1,0,0.497237429
0,-0.121127698,1,0.656222487,4,2019-06-01T00:00:00.0,0.656222487,0,0.656222487,3625,1.121127698,1,0,0.585323588
0,-0.142817344,1,0.559791011,4,2019-06-01T01:00:00.0,0.559791011,0,0.559791011,3626,1.142817344,1,0,0.489834193
0,-0.039677957,1,0.353462977,2,2019-06-01T02:00:00.0,0.353462977,0,0.353462977,3627,1.039677957,1,0,0.339973522
0,-0.039677957,1,0.353462977,2,2019-06-01T03:00:00.0,0.353462977,0,0.353462977,3628,1.039677957,1,0,0.339973522
0,-0.142817344,1,0.559791011,4,2019-06-01T04:00:00.0,0.559791011,0,0.559791011,3629,1.142817344,1,0,0.489834193
0,-0.039677957,1,0.680762412,2,2019-06-01T05:00:00.0,0.680762412,0,0.680762412,3630,1.039677957,1,0,0.654782
0,-0.142817344,1,0.559791011,4,2019-06-01T06:00:00.0,0.559791011,0,0.559791011,3631,1.142817344,1,0,0.489834193
0,-0.142817344,1,0.559791011,4,2019-06-01T07:00:00.0,0.559791011,0,0.559791011,3632,1.142817344,1,0,0.489834193
0,-0.042278842,1,0.354347209,2,2019-06-01T08:00:00.0,0.354347209,0,0.354347209,3633,1.042278842,1,0,0.339973522
0,-0.042278842,1,0.354347209,2,2019-06-01T09:00:00.0,0.354347209,0,0.354347209,3634,1.042278842,1,0,0.339973522
0,-0.234220421,1,0.613228926,4,2019-06-01T10:00:00.0,0.613228926,0,0.613228926,3635,1.234220421,1,0,0.496855275
0,-0.042430781,1,0.354398864,2,2019-06-01T11:00:00.0,0.354398864,0,0.354398864,3636,1.042430781,1,0,0.339973522
0,-0.042278842,1,0.354347209,2,2019-06-01T12:00:00.0,0.354347209,0,0.354347209,3637,1.042278842,1,0,0.339973522
0,-0.234220421,1,0.613228926,4,2019-06-01T13:00:00.0,0.613228926,0,0.613228926,3638,1.234220421,1,0,0.496855275
0,-0.234220421,1,0.613228926,4,2019-06-01T14:00:00.0,0.613228926,0,0.613228926,3639,1.234220421,1,0,0.496855275
0,-0.142817344,1,0.559791011,4,2019-06-01T15:00:00.0,0.559791011,0,0.559791011,3640,1.142817344,1,0,0.489834193
0,-0.121127698,1,0.656222487,4,2019-06-01T16:00:00.0,0.656222487,0,0.656222487,3641,1.121127698,1,0,0.585323588
0,-0.121127698,1,0.656222487,4,2019-06-01T17:00:00.0,0.656222487,0,0.656222487,3642,1.121127698,1,0,0.585323588
0,-0.121127698,1,0.656222487,4,2019-06-01T18:00:00.0,0.656222487,0,0.656222487,3643,1.121127698,1,0,0.585323588
0,-0.121127698,1,0.656222487,4,2019-06-01T19:00:00.0,0.656222487,0,0.656222487,3644,1.121127698,1,0,0.585323588
0,-0.121127698,1,0.656222487,4,2019-06-01T20:00:00.0,0.656222487,0,0.656222487,3645,1.121127698,1,0,0.585323588
0,-0.121127698,1,0.656222487,4,2019-06-01T21:00:00.0,0.656222487,0,0.656222487,3646,1.121127698,1,0,0.585323588
0,-0.121127698,1,0.656222487,4,2019-06-01T22:00:00.0,0.656222487,0,0.656222487,3647,1.121127698,1,0,0.585323588
0,-0.121127698,1,0.656222487,4,2019-06-01T23:00:00.0,0.656222487,0,0.656222487,3648,1.121127698,1,0,0.585323588
0,-0.142817344,1,0.559791011,4,2019-06-02T00:00:00.0,0.559791011,0,0.559791011,3649,1.142817344,1,0,0.489834193
0,-0.142817344,1,0.559791011,4,2019-06-02T01:00:00.0,0.559791011,0,0.559791011,3650,1.142817344,1,0,0.489834193
0,-0.142817344,1,0.559791011,4,2019-06-02T02:00:00.0,0.559791011,0,0.559791011,3651,1.142817344,1,0,0.489834193
0,-0.142817344,1,0.559791011,4,2019-06-02T03:00:00.0,0.559791011,0,0.559791011,3652,1.142817344,1,0,0.489834193
0,-0.039677957,1,0.680762412,2,2019-06-02T04:00:00.0,0.680762412,0,0.680762412,3653,1.039677957,1,0,0.654782
0,-0.142817344,1,0.559791011,4,2019-06-02T05:00:00.0,0.559791011,0,0.559791011,3654,1.142817344,1,0,0.489834193
0,-0.142817344,1,0.559791011,4,2019-06-02T06:00:00.0,0.559791011,0,0.559791011,3655,1.142817344,1,0,0.489834193
0,0,1,0.491535461,4,2019-06-02T07:00:00.0,0.491535461,0,0.491535461,3656,1,1,0,0.491535461
0,-0.039677957,1,0.680762412,2,2019-06-02T08:00:00.0,0.680762412,0,0.680762412,3657,1.039677957,1,0,0.654782
0,-0.042278842,1,0.398486268,2,2019-06-02T09:00:00.0,0.398486268,0,0.398486268,3658,1.042278842,1,0,0.382322131
0,-0.264294981,1,0.598261588,4,2019-06-02T10:00:00.0,0.598261588,0,0.598261588,3659,1.264294981,1,0,0.473197788
0,-0.239616846,1,0.616383893,3,2019-06-02T11:00:00.0,0.616383893,0,0.616383893,3660,1.239616846,1,0,0.497237429
0,-0.239616846,1,0.616383893,3,2019-06-02T12:00:00.0,0.616383893,0,0.616383893,3661,1.239616846,1,0,0.497237429
0,-0.239616846,1,0.616383893,3,2019-06-02T13:00:00.0,0.616383893,0,0.616383893,3662,1.239616846,1,0,0.497237429
0,-0.239616846,1,0.616383893,3,2019-06-02T14:00:00.0,0.616383893,0,0.616383893,3663,1.239616846,1,0,0.497237429
0,-0.239616846,1,0.616383893,3,2019-06-02T15:00:00.0,0.616383893,0,0.616383893,3664,1.239616846,1,0,0.497237429
0,-0.239616846,1,0.616383893,3,2019-06-02T16:00:00.0,0.616383893,0,0.616383893,3665,1.239616846,1,0,0.497237429
0,-0.239616846,1,0.616383893,3,2019-06-02T17:00:00.0,0.616383893,0,0.616383893,3666,1.239616846,1,0,0.497237429
0,-0.239616846,1,0.616383893,3,2019-06-02T18:00:00.0,0.616383893,0,0.616383893,3667,1.239616846,1,0,0.497237429
0,-0.239616846,1,0.616383893,3,2019-06-02T19:00:00.0,0.616383893,0,0.616383893,3668,1.239616846,1,0,0.497237429
0,-0.239616846,1,0.616383893,3,2019-06-02T20:00:00.0,0.616383893,0,0.616383893,3669,1.239616846,1,0,0.497237429
0,-0.239616846,1,0.616383893,3,2019-06-02T21:00:00.0,0.616383893,0,0.616383893,3670,1.239616846,1,0,0.497237429
0,-0.239616846,1,0.616383893,3,2019-06-02T22:00:00.0,0.616383893,0,0.616383893,3671,1.239616846,1,0,0.497237429
0,-0.239616846,1,0.616383893,3,2019-06-02T23:00:00.0,0.616383893,0,0.616383893,3672,1.239616846,1,0,0.497237429
0,-0.039677957,1,0.313944848,2,2019-06-03T00:00:00.0,0.313944848,0,0.313944848,3673,1.039677957,1,0,0.301963551
0,-0.039677957,1,0.313944848,2,2019-06-03T01:00:00.0,0.313944848,0,0.313944848,3674,1.039677957,1,0,0.301963551
0,-0.039677957,1,0.338880129,2,2019-06-03T02:00:00.0,0.338880129,0,0.338880129,3675,1.039677957,1,0,0.325947209
0,-0.039677957,1,0.338880129,2,2019-06-03T03:00:00.0,0.338880129,0,0.338880129,3676,1.039677957,1,0,0.325947209
0,-0.039677957,1,0.338880129,2,2019-06-03T04:00:00.0,0.338880129,0,0.338880129,3677,1.039677957,1,0,0.325947209
0,-0.039677957,1,0.338880129,2,2019-06-03T05:00:00.0,0.338880129,0,0.338880129,3678,1.039677957,1,0,0.325947209
0,-0.039677957,1,0.338880129,2,2019-06-03T06:00:00.0,0.338880129,0,0.338880129,3679,1.039677957,1,0,0.325947209
0,-0.234220421,1,0.613228926,4,2019-06-03T07:00:00.0,0.613228926,0,0.613228926,3680,1.234220421,1,0,0.496855275
0,-0.234220421,1,0.613228926,4,2019-06-03T08:00:00.0,0.613228926,0,0.613228926,3681,1.234220421,1,0,0.496855275
0,-0.234220421,1,0.613228926,4,2019-06-03T09:00:00.0,0.613228926,0,0.613228926,3682,1.234220421,1,0,0.496855275
0,-0.234220421,1,0.613228926,4,2019-06-03T10:00:00.0,0.613228926,0,0.613228926,3683,1.234220421,1,0,0.496855275
0,-0.042278842,1,0.33972788,2,2019-06-03T11:00:00.0,0.33972788,0,0.33972788,3684,1.042278842,1,0,0.325947209
0,-0.042278842,1,0.33972788,2,2019-06-03T12:00:00.0,0.33972788,0,0.33972788,3685,1.042278842,1,0,0.325947209
0,-0.042278842,1,0.33972788,2,2019-06-03T13:00:00.0,0.33972788,0,0.33972788,3686,1.042278842,1,0,0.325947209
0,-0.042278842,1,0.33972788,2,2019-06-03T14:00:00.0,0.33972788,0,0.33972788,3687,1.042278842,1,0,0.325947209
0,-0.042278842,1,0.33972788,2,2019-06-03T15:00:00.0,0.33972788,0,0.33972788,3688,1.042278842,1,0,0.325947209
0,-0.234220421,1,0.613228926,4,2019-06-03T16:00:00.0,0.613228926,0,0.613228926,3689,1.234220421,1,0,0.496855275
0,-0.234220421,1,0.613228926,4,2019-06-03T17:00:00.0,0.613228926,0,0.613228926,3690,1.234220421,1,0,0.496855275
0,-0.234220421,1,0.613228926,4,2019-06-03T18:00:00.0,0.613228926,0,0.613228926,3691,1.234220421,1,0,0.496855275
0,-0.142817344,1,0.559791011,4,2019-06-03T19:00:00.0,0.559791011,0,0.559791011,3692,1.142817344,1,0,0.489834193
0,-0.121127698,1,0.656222487,4,2019-06-03T20:00:00.0,0.656222487,0,0.656222487,3693,1.121127699,1,0,0.585323588
0,-0.121127698,1,0.656222487,4,2019-06-03T21:00:00.0,0.656222487,0,0.656222487,3694,1.121127698,1,0,0.585323588
0,-0.234220421,1,0.613228926,4,2019-06-03T22:00:00.0,0.613228926,0,0.613228926,3695,1.234220421,1,0,0.496855275
0,-0.042278842,1,0.33972788,2,2019-06-03T23:00:00.0,0.33972788,0,0.33972788,3696,1.042278842,1,0,0.325947209
0,-0.039677957,1,0.680762412,2,2019-06-04T00:00:00.0,0.680762412,0,0.680762412,3697,1.039677957,1,0,0.654782
0,-0.234220421,1,0.613228926,4,2019-06-04T01:00:00.0,0.613228926,0,0.613228926,3698,1.234220421,1,0,0.496855275
0,-0.234220421,1,0.613228926,4,2019-06-04T02:00:00.0,0.613228926,0,0.613228926,3699,1.234220421,1,0,0.496855275
0,-0.234220421,1,0.613228926,4,2019-06-04T03:00:00.0,0.613228926,0,0.613228926,3700,1.234220421,1,0,0.496855275
0,-0.234220421,1,0.613228926,4,2019-06-04T04:00:00.0,0.613228926,0,0.613228926,3701,1.234220421,1,0,0.496855275
0,-0.142817344,1,0.559791011,4,2019-06-04T05:00:00.0,0.559791011,0,0.559791011,3702,1.142817344,1,0,0.489834193
0,-0.142817344,1,0.559791011,4,2019-06-04T06:00:00.0,0.559791011,0,0.559791011,3703,1.142817344,1,0,0.489834193
0,-0.239616846,1,0.616383893,3,2019-06-04T07:00:00.0,0.616383893,0,0.616383893,3704,1.239616846,1,0,0.497237429
0,-0.034539314,1,0.403766889,3,2019-06-04T08:00:00.0,0.403766889,0,0.403766889,3705,1.034539314,1,0,0.390286656
0,-0.239616846,1,0.616383893,3,2019-06-04T09:00:00.0,0.616383893,0,0.616383893,3706,1.239616846,1,0,0.497237429
0,-0.03455205,1,0.403796997,3,2019-06-04T10:00:00.0,0.403796997,0,0.403796997,3707,1.03455205,1,0,0.390310954
0,-0.03455205,1,0.403796997,3,2019-06-04T11:00:00.0,0.403796997,0,0.403796997,3708,1.03455205,1,0,0.390310954
0,-0.03455205,1,0.403796997,3,2019-06-04T12:00:00.0,0.403796997,0,0.403796997,3709,1.03455205,1,0,0.390310954
0,-0.034539314,1,0.403766889,3,2019-06-04T13:00:00.0,0.403766889,0,0.403766889,3710,1.034539314,1,0,0.390286656
0,-0.034539314,1,0.403766889,3,2019-06-04T14:00:00.0,0.403766889,0,0.403766889,3711,1.034539314,1,0,0.390286656
0,-0.239616846,1,0.616383893,3,2019-06-04T15:00:00.0,0.616383893,0,0.616383893,3712,1.239616846,1,0,0.497237429
0,-0.239616846,1,0.616383893,3,2019-06-04T16:00:00.0,0.616383893,0,0.616383893,3713,1.239616846,1,0,0.497237429
0,-0.121127699,1,0.656222487,4,2019-06-04T17:00:00.0,0.656222487,0,0.656222487,3714,1.1211277,1.000000001,0,0.585323588
0,-0.239616846,1,0.616383893,3,2019-06-04T18:00:00.0,0.616383893,0,0.616383893,3715,1.239616846,1,0,0.497237429
0,-0.239616846,1,0.616383893,3,2019-06-04T19:00:00.0,0.616383893,0,0.616383893,3716,1.239616846,1,0,0.497237429
0,-0.239616846,1,0.616383893,3,2019-06-04T20:00:00.0,0.616383893,0,0.616383893,3717,1.239616846,1,0,0.497237429
0,-0.042278842,1,0.682465425,2,2019-06-04T21:00:00.0,0.682465425,0,0.682465425,3718,1.042278842,1,0,0.654782
0,-0.039677957,1,0.354594634,2,2019-06-04T22:00:00.0,0.354594634,0,0.354594634,3719,1.039677957,1,0,0.341061991
0,-0.042278842,1,0.313380132,2,2019-06-04T23:00:00.0,0.313380132,0,0.313380132,3720,1.042278842,1,0,0.300668228
0,-0.234220421,1,0.613228926,4,2019-06-05T00:00:00.0,0.613228926,0,0.613228926,3721,1.234220421,1,0,0.496855275
0,-0.234220421,1,0.613228926,4,2019-06-05T01:00:00.0,0.613228926,0,0.613228926,3722,1.234220421,1,0,0.496855275
0,-0.234220421,1,0.613228926,4,2019-06-05T02:00:00.0,0.613228926,0,0.613228926,3723,1.234220421,1,0,0.496855275
0,-0.234220421,1,0.613228926,4,2019-06-05T03:00:00.0,0.613228926,0,0.613228926,3724,1.234220421,1,0,0.496855275
0,-0.234220421,1,0.613228926,4,2019-06-05T04:00:00.0,0.613228926,0,0.613228926,3725,1.234220421,1,0,0.496855275
0,-0.234220421,1,0.613228926,4,2019-06-05T05:00:00.0,0.613228926,0,0.613228926,3726,1.234220421,1,0,0.496855275
0,-0.234220421,1,0.613228926,4,2019-06-05T06:00:00.0,0.613228926,0,0.613228926,3727,1.234220421,1,0,0.496855275
0,-0.239616846,1,0.616383893,3,2019-06-05T07:00:00.0,0.616383893,0,0.616383893,3728,1.239616846,1,0,0.497237429
0,-0.234220421,1,0.613228926,4,2019-06-05T08:00:00.0,0.613228926,0,0.613228926,3729,1.234220421,1,0,0.496855275
0,-0.234220421,1,0.613228926,4,2019-06-05T09:00:00.0,0.613228926,0,0.613228926,3730,1.234220421,1,0,0.496855275
0,-0.034539314,1,0.403766889,3,2019-06-05T10:00:00.0,0.403766889,0,0.403766889,3731,1.034539314,1,0,0.390286656
0,-0.03455205,1,0.403796997,3,2019-06-05T11:00:00.0,0.403796997,0,0.403796997,3732,1.03455205,1,0,0.390310954
0,-0.234220421,1,0.613228926,4,2019-06-05T12:00:00.0,0.613228926,0,0.613228926,3733,1.234220421,1,0,0.496855275
0,-0.234220421,1,0.613228926,4,2019-06-05T13:00:00.0,0.613228926,0,0.613228926,3734,1.234220421,1,0,0.496855275
0,-0.234220421,1,0.613228926,4,2019-06-05T14:00:00.0,0.613228926,0,0.613228926,3735,1.234220421,1,0,0.496855275
0,-0.234220421,1,0.613228926,4,2019-06-05T15:00:00.0,0.613228926,0,0.613228926,3736,1.234220421,1,0,0.496855275
0,-0.239616846,1,0.616383893,3,2019-06-05T16:00:00.0,0.616383893,0,0.616383893,3737,1.239616846,1,0,0.497237429
0,-0.142817344,1,0.559791011,4,2019-06-05T17:00:00.0,0.559791011,0,0.559791011,3738,1.142817344,1,0,0.489834193
0,-0.121127698,1,0.656222487,4,2019-06-05T18:00:00.0,0.656222487,0,0.656222487,3739,1.121127698,1,0,0.585323588
0,-0.121127698,1,0.656222487,4,2019-06-05T19:00:00.0,0.656222487,0,0.656222487,3740,1.121127699,1,0,0.585323588
0,-0.142575499,1,0.559753263,5,2019-06-05T20:00:00.0,0.559753263,0,0.559753263,3741,1.142575499,1,0,0.489904837
0,-0.142452068,1,0.559733997,4,2019-06-05T21:00:00.0,0.559733997,0,0.559733997,3742,1.142452068,1,0,0.489940903
0,-0.142452068,1,0.559733997,4,2019-06-05T22:00:00.0,0.559733997,0,0.559733997,3743,1.142452068,1,0,0.489940903
0,-0.234053966,1,0.613281993,5,2019-06-05T23:00:00.0,0.613281993,0,0.613281993,3744,1.234053966,1,0,0.496965295
0,-0.121127698,1,0.656222487,4,2019-06-06T00:00:00.0,0.656222487,0,0.656222487,3745,1.121127698,1,0,0.585323588
0,-0.239616846,1,0.616383893,3,2019-06-06T01:00:00.0,0.616383893,0,0.616383893,3746,1.239616846,1,0,0.497237429
0,-0.239616846,1,0.616383893,3,2019-06-06T02:00:00.0,0.616383893,0,0.616383893,3747,1.239616846,1,0,0.497237429
0,-0.239616846,1,0.616383893,3,2019-06-06T03:00:00.0,0.616383893,0,0.616383893,3748,1.239616846,1,0,0.497237429
0,-0.239616846,1,0.616383893,3,2019-06-06T04:00:00.0,0.616383893,0,0.616383893,3749,1.239616846,1,0,0.497237429
0,-0.239616846,1,0.616383893,3,2019-06-06T05:00:00.0,0.616383893,0,0.616383893,3750,1.239616846,1,0,0.497237429
0,-0.121127698,1,0.656222487,4,2019-06-06T06:00:00.0,0.656222487,0,0.656222487,3751,1.121127698,1,0,0.585323588
0,-0.121127698,1,0.656222487,4,2019-06-06T07:00:00.0,0.656222487,0,0.656222487,3752,1.121127698,1,0,0.585323588
0,-0.235947871,1,0.549655603,3,2019-06-06T08:00:00.0,0.549655603,0,0.549655603,3753,1.235947872,1,0,0.444723937
0,-0.235947871,1,0.549655603,3,2019-06-06T09:00:00.0,0.549655603,0,0.549655603,3754,1.235947871,1,0,0.444723937
0,-0.2361133,1,0.551331381,3,2019-06-06T10:00:00.0,0.551331381,0,0.551331381,3755,1.2361133,1,0,0.446020103
0,-0.2361133,1,0.551331381,3,2019-06-06T11:00:00.0,0.551331381,0,0.551331381,3756,1.2361133,1,0,0.446020103
0,-0.235947871,1,0.556632073,3,2019-06-06T12:00:00.0,0.556632073,0,0.556632073,3757,1.235947872,1,0,0.450368568
0,-0.235947871,1,0.556632073,3,2019-06-06T13:00:00.0,0.556632073,0,0.556632073,3758,1.235947871,1,0,0.450368568
0,-0.239783832,1,0.615768544,3,2019-06-06T14:00:00.0,0.615768544,0,0.615768544,3759,1.239783832,1,0,0.496674121
0,-0.235947871,1,0.556632073,3,2019-06-06T15:00:00.0,0.556632073,0,0.556632073,3760,1.235947871,1,0,0.450368568
0,-0.130199597,1,0.509042103,4,2019-06-06T16:00:00.0,0.509042103,0,0.509042103,3761,1.130199597,1,0,0.450400181
0,-0.130199597,1,0.509042103,4,2019-06-06T17:00:00.0,0.509042103,0,0.509042103,3762,1.130199597,1,0,0.450400181
0,-0.042430781,1,0.682564912,2,2019-06-06T18:00:00.0,0.682564912,0,0.682564912,3763,1.042430781,1,0,0.654782
0,-0.130199597,1,0.509042103,4,2019-06-06T19:00:00.0,0.509042103,0,0.509042103,3764,1.130199597,1,0,0.450400181
0,-0.140592275,1,0.51372226,3,2019-06-06T20:00:00.0,0.51372226,0,0.51372226,3765,1.140592275,1,0,0.450399561
0,-0.130218825,1,0.509050812,5,2019-06-06T21:00:00.0,0.509050812,0,0.509050812,3766,1.130218825,1,0,0.450400224
0,-0.130213803,1,0.509048538,5,2019-06-06T22:00:00.0,0.509048538,0,0.509048538,3767,1.130213803,1,0,0.450400213
0,-0.130199597,1,0.509042103,4,2019-06-06T23:00:00.0,0.509042103,0,0.509042103,3768,1.130199597,1,0,0.450400181
0,-0.140592275,1,0.498032605,3,2019-06-07T00:00:00.0,0.498032605,0,0.498032605,3769,1.140592275,1,0,0.436643852
0,-0.140592275,1,0.498032605,3,2019-06-07T01:00:00.0,0.498032605,0,0.498032605,3770,1.140592275,1,0,0.436643852
0,-0.140592275,1,0.498032605,3,2019-06-07T02:00:00.0,0.498032605,0,0.498032605,3771,1.140592275,1,0,0.436643852
0,-0.238124265,1,0.550734576,4,2019-06-07T03:00:00.0,0.550734576,0,0.550734576,3772,1.238124265,1,0,0.444813652
0,-0.235947871,1,0.549655603,3,2019-06-07T04:00:00.0,0.549655603,0,0.549655603,3773,1.235947871,1,0,0.444723937
0,-0.235947871,1,0.549655603,3,2019-06-07T05:00:00.0,0.549655603,0,0.549655603,3774,1.235947871,1,0,0.444723937
0,-0.235947871,1,0.549655603,3,2019-06-07T06:00:00.0,0.549655603,0,0.549655603,3775,1.235947871,1,0,0.444723937
0,-0.235947871,1,0.549655603,3,2019-06-07T07:00:00.0,0.549655603,0,0.549655603,3776,1.235947871,1,0,0.444723937
0,-0.235947871,1,0.549655603,3,2019-06-07T08:00:00.0,0.549655603,0,0.549655603,3777,1.235947871,1,0,0.444723937
0,-0.235947871,1,0.549655603,3,2019-06-07T09:00:00.0,0.549655603,0,0.549655603,3778,1.235947871,1,0,0.444723937
0,-0.235947871,1,0.549655603,4,2019-06-07T10:00:00.0,0.549655603,0,0.549655603,3779,1.235947871,1,0,0.444723937
0,-0.235947871,1,0.549655603,3,2019-06-07T11:00:00.0,0.549655603,0,0.549655603,3780,1.235947871,1,0,0.444723937
0,-0.235947871,1,0.549655603,3,2019-06-07T12:00:00.0,0.549655603,0,0.549655603,3781,1.235947871,1,0,0.444723937
0,-0.235947871,1,0.549655603,3,2019-06-07T13:00:00.0,0.549655603,0,0.549655603,3782,1.235947871,1,0,0.444723937
0,-0.235947871,1,0.549655603,3,2019-06-07T14:00:00.0,0.549655603,0,0.549655603,3783,1.235947871,1,0,0.444723937
0,-0.235947871,1,0.549655603,3,2019-06-07T15:00:00.0,0.549655603,0,0.549655603,3784,1.235947871,1,0,0.444723937
0,-0.235947871,1,0.551194118,3,2019-06-07T16:00:00.0,0.551194118,0,0.551194118,3785,1.235947871,1,0,0.445968742
0,-0.235947871,1,0.551194118,3,2019-06-07T17:00:00.0,0.551194118,0,0.551194118,3786,1.235947871,1,0,0.445968742
0,-0.235947871,1,0.549655603,3,2019-06-07T18:00:00.0,0.549655603,0,0.549655603,3787,1.235947871,1,0,0.444723937
0,-0.235947871,1,0.549655603,3,2019-06-07T19:00:00.0,0.549655603,0,0.549655603,3788,1.235947871,1,0,0.444723937
0,-0.235947871,1,0.551194118,3,2019-06-07T20:00:00.0,0.551194118,0,0.551194118,3789,1.235947871,1,0,0.445968742
0,-0.235947871,1,0.551194118,3,2019-06-07T21:00:00.0,0.551194118,0,0.551194118,3790,1.235947871,1,0,0.445968742
0,-0.235947871,1,0.551194118,3,2019-06-07T22:00:00.0,0.551194118,0,0.551194118,3791,1.235947871,1,0,0.445968742
0,-0.042278842,1,0.682465425,2,2019-06-07T23:00:00.0,0.682465425,0,0.682465425,3792,1.042278842,1,0,0.654782
0,-0.039677957,1,0.393185193,2,2019-06-08T00:00:00.0,0.393185193,0,0.393185193,3793,1.039677957,1,0,0.378179791
0,-0.039677957,1,0.397491892,2,2019-06-08T01:00:00.0,0.397491892,0,0.397491892,3794,1.039677957,1,0,0.382322131
0,-0.039677957,1,0.393185193,2,2019-06-08T02:00:00.0,0.393185193,0,0.393185193,3795,1.039677957,1,0,0.378179791
0,-0.039677957,1,0.397491892,2,2019-06-08T03:00:00.0,0.397491892,0,0.397491892,3796,1.039677957,1,0,0.382322131
0,-0.039677957,1,0.397491892,2,2019-06-08T04:00:00.0,0.397491892,0,0.397491892,3797,1.039677957,1,0,0.382322131
0,-0.039677957,1,0.393185193,2,2019-06-08T05:00:00.0,0.393185193,0,0.393185193,3798,1.039677957,1,0,0.378179791
0,-0.039677957,1,0.393185193,2,2019-06-08T06:00:00.0,0.393185193,0,0.393185193,3799,1.039677957,1,0,0.378179791
0,-0.039677957,1,0.397491892,2,2019-06-08T07:00:00.0,0.397491892,0,0.397491892,3800,1.039677957,1,0,0.382322131
0,-0.239616846,1,0.616383893,3,2019-06-08T08:00:00.0,0.616383893,0,0.616383893,3801,1.239616846,1,0,0.497237429
0,-0.239616846,1,0.616383893,3,2019-06-08T09:00:00.0,0.616383893,0,0.616383893,3802,1.239616846,1,0,0.497237429
0,-0.239616846,1,0.616383893,3,2019-06-08T10:00:00.0,0.616383893,0,0.616383893,3803,1.239616846,1,0,0.497237429
0,-0.239616846,1,0.616383893,3,2019-06-08T11:00:00.0,0.616383893,0,0.616383893,3804,1.239616846,1,0,0.497237429
0,-0.239616846,1,0.616383893,3,2019-06-08T12:00:00.0,0.616383893,0,0.616383893,3805,1.239616846,1,0,0.497237429
0,-0.239616846,1,0.616383893,3,2019-06-08T13:00:00.0,0.616383893,0,0.616383893,3806,1.239616846,1,0,0.497237429
0,-0.239616846,1,0.616383893,3,2019-06-08T14:00:00.0,0.616383893,0,0.616383893,3807,1.239616846,1,0,0.497237429
0,-0.239616846,1,0.616383893,3,2019-06-08T15:00:00.0,0.616383893,0,0.616383893,3808,1.239616846,1,0,0.497237429
0,-0.239616846,1,0.616383893,3,2019-06-08T16:00:00.0,0.616383893,0,0.616383893,3809,1.239616846,1,0,0.497237429
0,-0.239616846,1,0.616383893,3,2019-06-08T17:00:00.0,0.616383893,0,0.616383893,3810,1.239616846,1,0,0.497237429
0,-0.239616846,1,0.616383893,3,2019-06-08T18:00:00.0,0.616383893,0,0.616383893,3811,1.239616846,1,0,0.497237429
0,-0.239616846,1,0.616383893,3,2019-06-08T19:00:00.0,0.616383893,0,0.616383893,3812,1.239616846,1,0,0.497237429
0,-0.239616846,1,0.616383893,3,2019-06-08T20:00:00.0,0.616383893,0,0.616383893,3813,1.239616846,1,0,0.497237429
0,-0.239616846,1,0.616383893,3,2019-06-08T21:00:00.0,0.616383893,0,0.616383893,3814,1.239616846,1,0,0.497237429
0,-0.239616846,1,0.616383893,3,2019-06-08T22:00:00.0,0.616383893,0,0.616383893,3815,1.239616846,1,0,0.497237429
0,-0.042278842,1,0.394168795,2,2019-06-08T23:00:00.0,0.394168795,0,0.394168795,3816,1.042278842,1,0,0.378179791
0,-0.039677957,1,0.353462977,2,2019-06-09T00:00:00.0,0.353462977,0,0.353462977,3817,1.039677957,1,0,0.339973522
0,-0.039677957,1,0.353462977,2,2019-06-09T01:00:00.0,0.353462977,0,0.353462977,3818,1.039677957,1,0,0.339973522
0,-0.039677957,1,0.353462977,2,2019-06-09T02:00:00.0,0.353462977,0,0.353462977,3819,1.039677957,1,0,0.339973522
0,-0.039677957,1,0.353462977,2,2019-06-09T03:00:00.0,0.353462977,0,0.353462977,3820,1.039677957,1,0,0.339973522
0,-0.039677957,1,0.353462977,2,2019-06-09T04:00:00.0,0.353462977,0,0.353462977,3821,1.039677957,1,0,0.339973522
0,-0.039677957,1,0.353462977,2,2019-06-09T05:00:00.0,0.353462977,0,0.353462977,3822,1.039677957,1,0,0.339973522
0,-0.039677957,1,0.353462977,2,2019-06-09T06:00:00.0,0.353462977,0,0.353462977,3823,1.039677957,1,0,0.339973522
0,-0.039677957,1,0.353462977,2,2019-06-09T07:00:00.0,0.353462977,0,0.353462977,3824,1.039677957,1,0,0.339973522
0,-0.039677957,1,0.353462977,2,2019-06-09T08:00:00.0,0.353462977,0,0.353462977,3825,1.039677957,1,0,0.339973522
0,-0.039677957,1,0.353462977,2,2019-06-09T09:00:00.0,0.353462977,0,0.353462977,3826,1.039677957,1,0,0.339973522
0,-0.042278842,1,0.354347209,2,2019-06-09T10:00:00.0,0.354347209,0,0.354347209,3827,1.042278842,1,0,0.339973522
0,-0.042278842,1,0.354347209,2,2019-06-09T11:00:00.0,0.354347209,0,0.354347209,3828,1.042278842,1,0,0.339973522
0,-0.042278842,1,0.354347209,2,2019-06-09T12:00:00.0,0.354347209,0,0.354347209,3829,1.042278842,1,0,0.339973522
0,-0.042278842,1,0.354347209,2,2019-06-09T13:00:00.0,0.354347209,0,0.354347209,3830,1.042278842,1,0,0.339973522
0,-0.042278842,1,0.355481697,2,2019-06-09T14:00:00.0,0.355481697,0,0.355481697,3831,1.042278842,1,0,0.341061991
0,-0.042278842,1,0.355481697,2,2019-06-09T15:00:00.0,0.355481697,0,0.355481697,3832,1.042278842,1,0,0.341061991
0,-0.234220421,1,0.613228926,4,2019-06-09T16:00:00.0,0.613228926,0,0.613228926,3833,1.234220421,1,0,0.496855275
0,-0.234220421,1,0.613228926,4,2019-06-09T17:00:00.0,0.613228926,0,0.613228926,3834,1.234220421,1,0,0.496855275
0,-0.142817344,1,0.559791011,4,2019-06-09T18:00:00.0,0.559791011,0,0.559791011,3835,1.142817344,1,0,0.489834193
0,-0.142817344,1,0.559791011,4,2019-06-09T19:00:00.0,0.559791011,0,0.559791011,3836,1.142817344,1,0,0.489834193
0,-0.142817344,1,0.559791011,4,2019-06-09T20:00:00.0,0.559791011,0,0.559791011,3837,1.142817344,1,0,0.489834193
0,-0.142817344,1,0.559791011,4,2019-06-09T21:00:00.0,0.559791011,0,0.559791011,3838,1.142817344,1,0,0.489834193
0,-0.234220421,1,0.613228926,4,2019-06-09T22:00:00.0,0.613228926,0,0.613228926,3839,1.234220421,1,0,0.496855275
0,-0.234220421,1,0.613228926,4,2019-06-09T23:00:00.0,0.613228926,0,0.613228926,3840,1.234220421,1,0,0.496855275
0,-0.234220421,1,0.613228926,4,2019-06-10T00:00:00.0,0.613228926,0,0.613228926,3841,1.234220421,1,0,0.496855275
0,-0.234220421,1,0.613228926,4,2019-06-10T01:00:00.0,0.613228926,0,0.613228926,3842,1.234220421,1,0,0.496855275
0,-0.234220421,1,0.613228926,4,2019-06-10T02:00:00.0,0.613228926,0,0.613228926,3843,1.234220421,1,0,0.496855275
0,-0.234220421,1,0.613228926,4,2019-06-10T03:00:00.0,0.613228926,0,0.613228926,3844,1.234220421,1,0,0.496855275
0,-0.034539314,1,0.403766889,3,2019-06-10T04:00:00.0,0.403766889,0,0.403766889,3845,1.034539314,1,0,0.390286656
0,-0.039677957,1,0.680762397,2,2019-06-10T05:00:00.0,0.680762397,0,0.680762397,3846,1.039677934,0.999999977,0,0.654782
0,-0.234220421,1,0.613228926,4,2019-06-10T06:00:00.0,0.613228926,0,0.613228926,3847,1.234220421,1,0,0.496855275
0,-0.239783832,1,0.615768545,3,2019-06-10T07:00:00.0,0.615768545,0,0.615768545,3848,1.239783832,1,0,0.496674121
0,-0.239616846,1,0.616383893,3,2019-06-10T08:00:00.0,0.616383893,0,0.616383893,3849,1.239616846,1,0,0.497237429
0,-0.239616846,1,0.616383893,3,2019-06-10T09:00:00.0,0.616383893,0,0.616383893,3850,1.239616846,1,0,0.497237429
0,-0.03455205,1,0.403796997,3,2019-06-10T10:00:00.0,0.403796997,0,0.403796997,3851,1.034552049,1,0,0.390310954
0,-0.034539314,1,0.403766889,3,2019-06-10T11:00:00.0,0.403766889,0,0.403766889,3852,1.034539314,1,0,0.390286656
0,-0.034539314,1,0.403766889,3,2019-06-10T12:00:00.0,0.403766889,0,0.403766889,3853,1.034539314,1,0,0.390286656
0,-0.034539314,1,0.403766889,3,2019-06-10T13:00:00.0,0.403766889,0,0.403766889,3854,1.034539314,1,0,0.390286656
0,-0.034539314,1,0.403766889,3,2019-06-10T14:00:00.0,0.403766889,0,0.403766889,3855,1.034539314,1,0,0.390286656
0,-0.034539314,1,0.403766889,3,2019-06-10T15:00:00.0,0.403766889,0,0.403766889,3856,1.034539314,1,0,0.390286656
0,-0.034539314,1,0.403766889,3,2019-06-10T16:00:00.0,0.403766889,0,0.403766889,3857,1.034539314,1,0,0.390286656
0,-0.034539314,1,0.403766889,3,2019-06-10T17:00:00.0,0.403766889,0,0.403766889,3858,1.034539314,1,0,0.390286656
0,-0.03455205,1,0.403796997,3,2019-06-10T18:00:00.0,0.403796997,0,0.403796997,3859,1.03455205,1,0,0.390310954
0,-0.03455205,1,0.403796997,3,2019-06-10T19:00:00.0,0.403796997,0,0.403796997,3860,1.03455205,1,0,0.390310954
0,-0.03455205,1,0.403796997,3,2019-06-10T20:00:00.0,0.403796997,0,0.403796997,3861,1.03455205,1,0,0.390310954
0,-0.03455205,1,0.403796997,3,2019-06-10T21:00:00.0,0.403796997,0,0.403796997,3862,1.03455205,1,0,0.390310954
0,-0.034539314,1,0.403766889,3,2019-06-10T22:00:00.0,0.403766889,0,0.403766889,3863,1.034539314,1,0,0.390286656
0,-0.239616846,1,0.616383893,3,2019-06-10T23:00:00.0,0.616383893,0,0.616383893,3864,1.239616846,1,0,0.497237429
0,-0.239616846,1,0.616383893,3,2019-06-11T00:00:00.0,0.616383893,0,0.616383893,3865,1.239616846,1,0,0.497237429
0,-0.039677957,1,0.313944848,2,2019-06-11T01:00:00.0,0.313944848,0,0.313944848,3866,1.039677957,1,0,0.301963551
0,-0.039677957,1,0.313944848,2,2019-06-11T02:00:00.0,0.313944848,0,0.313944848,3867,1.039677957,1,0,0.301963551
0,-0.039677957,1,0.313944848,2,2019-06-11T03:00:00.0,0.313944848,0,0.313944848,3868,1.039677957,1,0,0.301963551
0,-0.039677957,1,0.313944848,2,2019-06-11T04:00:00.0,0.313944848,0,0.313944848,3869,1.039677957,1,0,0.301963551
0,-0.039677957,1,0.313944848,2,2019-06-11T05:00:00.0,0.313944848,0,0.313944848,3870,1.039677957,1,0,0.301963551
0,-0.039677957,1,0.313944848,2,2019-06-11T06:00:00.0,0.313944848,0,0.313944848,3871,1.039677957,1,0,0.301963551
0,-0.234220421,1,0.613228926,4,2019-06-11T07:00:00.0,0.613228926,0,0.613228926,3872,1.234220421,1,0,0.496855275
0,-0.142817344,1,0.559791011,4,2019-06-11T08:00:00.0,0.559791011,0,0.559791011,3873,1.142817344,1,0,0.489834193
0,-0.234220421,1,0.613228926,4,2019-06-11T09:00:00.0,0.613228926,0,0.613228926,3874,1.234220421,1,0,0.496855275
0,-0.039677957,1,0.313944848,2,2019-06-11T10:00:00.0,0.313944848,0,0.313944848,3875,1.039677957,1,0,0.301963551
0,-0.042278842,1,0.31473022,2,2019-06-11T11:00:00.0,0.31473022,0,0.31473022,3876,1.042278842,1,0,0.301963551
0,-0.042278842,1,0.313380132,2,2019-06-11T12:00:00.0,0.313380132,0,0.313380132,3877,1.042278842,1,0,0.300668228
0,-0.042278842,1,0.31473022,2,2019-06-11T13:00:00.0,0.31473022,0,0.31473022,3878,1.042278842,1,0,0.301963551
0,-0.042278842,1,0.31473022,2,2019-06-11T14:00:00.0,0.31473022,0,0.31473022,3879,1.042278842,1,0,0.301963551
0,-0.042278842,1,0.31473022,2,2019-06-11T15:00:00.0,0.31473022,0,0.31473022,3880,1.042278842,1,0,0.301963551
0,-0.042278842,1,0.31473022,2,2019-06-11T16:00:00.0,0.31473022,0,0.31473022,3881,1.042278842,1,0,0.301963551
0,-0.042278842,1,0.33972788,2,2019-06-11T17:00:00.0,0.33972788,0,0.33972788,3882,1.042278842,1,0,0.325947209
0,-0.234220421,1,0.613228926,4,2019-06-11T18:00:00.0,0.613228926,0,0.613228926,3883,1.234220421,1,0,0.496855275
0,-0.234220421,1,0.613228926,4,2019-06-11T19:00:00.0,0.613228926,0,0.613228926,3884,1.234220421,1,0,0.496855275
0,-0.234220421,1,0.613228926,4,2019-06-11T20:00:00.0,0.613228926,0,0.613228926,3885,1.234220421,1,0,0.496855275
0,-0.234220421,1,0.613228926,4,2019-06-11T21:00:00.0,0.613228926,0,0.613228926,3886,1.234220421,1,0,0.496855275
0,-0.042278842,1,0.33972788,2,2019-06-11T22:00:00.0,0.33972788,0,0.33972788,3887,1.042278842,1,0,0.325947209
0,-0.042278842,1,0.31473022,2,2019-06-11T23:00:00.0,0.31473022,0,0.31473022,3888,1.042278842,1,0,0.301963551
0,-0.142817344,1,0.559791011,4,2019-06-12T00:00:00.0,0.559791011,0,0.559791011,3889,1.142817344,1,0,0.489834193
0,-0.142817344,1,0.559791011,4,2019-06-12T01:00:00.0,0.559791011,0,0.559791011,3890,1.142817344,1,0,0.489834193
0,-0.039677978,1,0.680762409,2,2019-06-12T02:00:00.0,0.680762409,0,0.680762409,3891,1.039677953,0.999999975,0,0.654782
0,-0.142817344,1,0.559791011,4,2019-06-12T03:00:00.0,0.559791011,0,0.559791011,3892,1.142817344,1,0,0.489834193
0,-0.142817344,1,0.559791011,4,2019-06-12T04:00:00.0,0.559791011,0,0.559791011,3893,1.142817344,1,0,0.489834193
0,-0.142817344,1,0.559791011,4,2019-06-12T05:00:00.0,0.559791011,0,0.559791011,3894,1.142817344,1,0,0.489834193
0,-0.042430781,1,0.682564912,2,2019-06-12T06:00:00.0,0.682564912,0,0.682564912,3895,1.042430781,1,0,0.654782
0,-0.239616846,1,0.616383893,3,2019-06-12T07:00:00.0,0.616383893,0,0.616383893,3896,1.239616846,1,0,0.497237429
0,-0.239616846,1,0.616383893,3,2019-06-12T08:00:00.0,0.616383893,0,0.616383893,3897,1.239616846,1,0,0.497237429
0,-0.239616846,1,0.616383893,3,2019-06-12T09:00:00.0,0.616383893,0,0.616383893,3898,1.239616846,1,0,0.497237429
0,-0.239616846,1,0.616383893,3,2019-06-12T10:00:00.0,0.616383893,0,0.616383893,3899,1.239616846,1,0,0.497237429
0,-0.042278842,1,0.682465425,2,2019-06-12T11:00:00.0,0.682465425,0,0.682465425,3900,1.042278842,1,0,0.654782
0,-0.239616846,1,0.616383893,3,2019-06-12T12:00:00.0,0.616383893,0,0.616383893,3901,1.239616846,1,0,0.497237429
0,-0.239616846,1,0.616383893,3,2019-06-12T13:00:00.0,0.616383893,0,0.616383893,3902,1.239616846,1,0,0.497237429
0,-0.239616846,1,0.616383893,3,2019-06-12T14:00:00.0,0.616383893,0,0.616383893,3903,1.239616846,1,0,0.497237429
0,-0.239616846,1,0.616383893,3,2019-06-12T15:00:00.0,0.616383893,0,0.616383893,3904,1.239616846,1,0,0.497237429
0,-0.239616846,1,0.616383893,3,2019-06-12T16:00:00.0,0.616383893,0,0.616383893,3905,1.239616846,1,0,0.497237429
0,-0.239616846,1,0.616383893,3,2019-06-12T17:00:00.0,0.616383893,0,0.616383893,3906,1.239616846,1,0,0.497237429
0,-0.239616846,1,0.616383893,3,2019-06-12T18:00:00.0,0.616383893,0,0.616383893,3907,1.239616846,1,0,0.497237429
0,-0.239616846,1,0.616383893,3,2019-06-12T19:00:00.0,0.616383893,0,0.616383893,3908,1.239616846,1,0,0.497237429
0,-0.239616846,1,0.616383893,3,2019-06-12T20:00:00.0,0.616383893,0,0.616383893,3909,1.239616846,1,0,0.497237429
0,-0.239616846,1,0.616383893,3,2019-06-12T21:00:00.0,0.616383893,0,0.616383893,3910,1.239616846,1,0,0.497237429
0,-0.239616846,1,0.616266591,4,2019-06-12T22:00:00.0,0.616266591,0,0.616266591,3911,1.239616846,1,0,0.497142801
0,-0.042278842,1,0.355481697,2,2019-06-12T23:00:00.0,0.355481697,0,0.355481697,3912,1.042278842,1,0,0.341061991
0,-0.039677957,1,0.353462977,2,2019-06-13T00:00:00.0,0.353462977,0,0.353462977,3913,1.039677957,1,0,0.339973522
0,-0.039677957,1,0.353462977,2,2019-06-13T01:00:00.0,0.353462977,0,0.353462977,3914,1.039677957,1,0,0.339973522
0,-0.039677957,1,0.353462977,2,2019-06-13T02:00:00.0,0.353462977,0,0.353462977,3915,1.039677957,1,0,0.339973522
0,-0.039677957,1,0.353462977,2,2019-06-13T03:00:00.0,0.353462977,0,0.353462977,3916,1.039677957,1,0,0.339973522
0,-0.039677957,1,0.353462977,2,2019-06-13T04:00:00.0,0.353462977,0,0.353462977,3917,1.039677957,1,0,0.339973522
0,-0.039677957,1,0.353462977,2,2019-06-13T05:00:00.0,0.353462977,0,0.353462977,3918,1.039677957,1,0,0.339973522
0,-0.039677957,1,0.353462977,2,2019-06-13T06:00:00.0,0.353462977,0,0.353462977,3919,1.039677957,1,0,0.339973522
0,-0.039677957,1,0.353462977,2,2019-06-13T07:00:00.0,0.353462977,0,0.353462977,3920,1.039677957,1,0,0.339973522
0,-0.039677957,1,0.353462977,2,2019-06-13T08:00:00.0,0.353462977,0,0.353462977,3921,1.039677957,1,0,0.339973522
0,-0.039677957,1,0.338880129,2,2019-06-13T09:00:00.0,0.338880129,0,0.338880129,3922,1.039677957,1,0,0.325947209
0,-0.039677957,1,0.353462977,2,2019-06-13T10:00:00.0,0.353462977,0,0.353462977,3923,1.039677957,1,0,0.339973522
0,-0.039677957,1,0.353462977,2,2019-06-13T11:00:00.0,0.353462977,0,0.353462977,3924,1.039677957,1,0,0.339973522
0,-0.042278842,1,0.354347209,2,2019-06-13T12:00:00.0,0.354347209,0,0.354347209,3925,1.042278842,1,0,0.339973522
0,-0.039677957,1,0.354594634,2,2019-06-13T13:00:00.0,0.354594634,0,0.354594634,3926,1.039677957,1,0,0.341061991
0,-0.039677957,1,0.354594634,2,2019-06-13T14:00:00.0,0.354594634,0,0.354594634,3927,1.039677957,1,0,0.341061991
0,-0.039677957,1,0.354594634,2,2019-06-13T15:00:00.0,0.354594634,0,0.354594634,3928,1.039677957,1,0,0.341061991
0,-0.039677957,1,0.354594634,2,2019-06-13T16:00:00.0,0.354594634,0,0.354594634,3929,1.039677957,1,0,0.341061991
0,-0.039677957,1,0.354594634,2,2019-06-13T17:00:00.0,0.354594634,0,0.354594634,3930,1.039677957,1,0,0.341061991
0,-0.039677957,1,0.354594634,2,2019-06-13T18:00:00.0,0.354594634,0,0.354594634,3931,1.039677957,1,0,0.341061991
0,-0.039677957,1,0.354594634,2,2019-06-13T19:00:00.0,0.354594634,0,0.354594634,3932,1.039677957,1,0,0.341061991
0,-0.039677957,1,0.354594634,2,2019-06-13T20:00:00.0,0.354594634,0,0.354594634,3933,1.039677957,1,0,0.341061991
0,-0.039677957,1,0.354594634,2,2019-06-13T21:00:00.0,0.354594634,0,0.354594634,3934,1.039677957,1,0,0.341061991
0,-0.039677957,1,0.354594634,2,2019-06-13T22:00:00.0,0.354594634,0,0.354594634,3935,1.039677957,1,0,0.341061991
0,-0.039677957,1,0.353462977,2,2019-06-13T23:00:00.0,0.353462977,0,0.353462977,3936,1.039677957,1,0,0.339973522
0,-0.239616846,1,0.616383893,3,2019-06-14T00:00:00.0,0.616383893,0,0.616383893,3937,1.239616846,1,0,0.497237429
0,-0.039677957,1,0.313944848,2,2019-06-14T01:00:00.0,0.313944848,0,0.313944848,3938,1.039677957,1,0,0.301963551
0,-0.039677957,1,0.313944848,2,2019-06-14T02:00:00.0,0.313944848,0,0.313944848,3939,1.039677957,1,0,0.301963551
0,-0.039677957,1,0.313944848,2,2019-06-14T03:00:00.0,0.313944848,0,0.313944848,3940,1.039677957,1,0,0.301963551
0,-0.039677957,1,0.313944848,2,2019-06-14T04:00:00.0,0.313944848,0,0.313944848,3941,1.039677957,1,0,0.301963551
0,-0.039677957,1,0.313944848,2,2019-06-14T05:00:00.0,0.313944848,0,0.313944848,3942,1.039677957,1,0,0.301963551
0,-0.039677957,1,0.313944848,2,2019-06-14T06:00:00.0,0.313944848,0,0.313944848,3943,1.039677957,1,0,0.301963551
0,-0.042278842,1,0.31473022,2,2019-06-14T07:00:00.0,0.31473022,0,0.31473022,3944,1.042278842,1,0,0.301963551
0,-0.042278842,1,0.31473022,2,2019-06-14T08:00:00.0,0.31473022,0,0.31473022,3945,1.042278842,1,0,0.301963551
0,-0.042278842,1,0.31473022,2,2019-06-14T09:00:00.0,0.31473022,0,0.31473022,3946,1.042278842,1,0,0.301963551
0,-0.042278842,1,0.31473022,2,2019-06-14T10:00:00.0,0.31473022,0,0.31473022,3947,1.042278842,1,0,0.301963551
0,-0.032766481,1,0.311857834,2,2019-06-14T11:00:00.0,0.311857834,0,0.311857834,3948,1.032766481,1,0,0.301963551
0,-0.042278842,1,0.31473022,2,2019-06-14T12:00:00.0,0.31473022,0,0.31473022,3949,1.042278842,1,0,0.301963551
0,-0.042278842,1,0.313380132,2,2019-06-14T13:00:00.0,0.313380132,0,0.313380132,3950,1.042278842,1,0,0.300668228
0,-0.042278842,1,0.31473022,2,2019-06-14T14:00:00.0,0.31473022,0,0.31473022,3951,1.042278842,1,0,0.301963551
0,-0.042278842,1,0.313380132,2,2019-06-14T15:00:00.0,0.313380132,0,0.313380132,3952,1.042278842,1,0,0.300668228
0,-0.042278842,1,0.313380132,2,2019-06-14T16:00:00.0,0.313380132,0,0.313380132,3953,1.042278842,1,0,0.300668228
0,-0.042278842,1,0.313380132,2,2019-06-14T17:00:00.0,0.313380132,0,0.313380132,3954,1.042278842,1,0,0.300668228
0,-0.039677957,1,0.312598129,2,2019-06-14T18:00:00.0,0.312598129,0,0.312598129,3955,1.039677957,1,0,0.300668228
0,-0.039677957,1,0.312598129,2,2019-06-14T19:00:00.0,0.312598129,0,0.312598129,3956,1.039677957,1,0,0.300668228
0,-0.039677957,1,0.312598129,2,2019-06-14T20:00:00.0,0.312598129,0,0.312598129,3957,1.039677957,1,0,0.300668228
0,-0.042430781,1,0.313425816,2,2019-06-14T21:00:00.0,0.313425816,0,0.313425816,3958,1.042430781,1,0,0.300668228
0,-0.039677957,1,0.312598129,2,2019-06-14T22:00:00.0,0.312598129,0,0.312598129,3959,1.039677957,1,0,0.300668228
0,-0.039677957,1,0.312598129,2,2019-06-14T23:00:00.0,0.312598129,0,0.312598129,3960,1.039677957,1,0,0.300668228
0,-0.039677957,1,0.312598129,2,2019-06-15T00:00:00.0,0.312598129,0,0.312598129,3961,1.039677957,1,0,0.300668228
0,-0.234220421,1,0.613228926,4,2019-06-15T01:00:00.0,0.613228926,0,0.613228926,3962,1.234220421,1,0,0.496855275
0,-0.234220421,1,0.613228926,4,2019-06-15T02:00:00.0,0.613228926,0,0.613228926,3963,1.234220421,1,0,0.496855275
0,-0.234220421,1,0.613228926,4,2019-06-15T03:00:00.0,0.613228926,0,0.613228926,3964,1.234220421,1,0,0.496855275
0,-0.234220421,1,0.613228926,4,2019-06-15T04:00:00.0,0.613228926,0,0.613228926,3965,1.234220421,1,0,0.496855275
0,-0.234220421,1,0.613228926,5,2019-06-15T05:00:00.0,0.613228926,0,0.613228926,3966,1.234220421,1,0,0.496855275
0,-0.234220421,1,0.613228926,4,2019-06-15T06:00:00.0,0.613228926,0,0.613228926,3967,1.234220421,1,0,0.496855275
0,-0.234220421,1,0.613228926,4,2019-06-15T07:00:00.0,0.613228926,0,0.613228926,3968,1.234220421,1,0,0.496855275
0,-0.234220421,1,0.613228926,4,2019-06-15T08:00:00.0,0.613228926,0,0.613228926,3969,1.234220421,1,0,0.496855275
0,-0.234220421,1,0.613228926,4,2019-06-15T09:00:00.0,0.613228926,0,0.613228926,3970,1.234220421,1,0,0.496855275
0,-0.234220421,1,0.613228926,4,2019-06-15T10:00:00.0,0.613228926,0,0.613228926,3971,1.234220421,1,0,0.496855275
0,-0.264294981,1,0.598261588,4,2019-06-15T11:00:00.0,0.598261588,0,0.598261588,3972,1.264294981,1,0,0.473197788
0,-0.234220421,1,0.613228926,4,2019-06-15T12:00:00.0,0.613228926,0,0.613228926,3973,1.234220421,1,0,0.496855275
0,-0.234220421,1,0.613228926,4,2019-06-15T13:00:00.0,0.613228926,0,0.613228926,3974,1.234220421,1,0,0.496855275
0,-0.234220421,1,0.613228926,4,2019-06-15T14:00:00.0,0.613228926,0,0.613228926,3975,1.234220421,1,0,0.496855275
0,-0.234220421,1,0.613228926,4,2019-06-15T15:00:00.0,0.613228926,0,0.613228926,3976,1.234220421,1,0,0.496855275
0,-0.234220421,1,0.613228926,4,2019-06-15T16:00:00.0,0.613228926,0,0.613228926,3977,1.234220421,1,0,0.496855275
0,-0.234220421,1,0.613228926,4,2019-06-15T17:00:00.0,0.613228926,0,0.613228926,3978,1.234220421,1,0,0.496855275
0,-0.234220421,1,0.613228926,4,2019-06-15T18:00:00.0,0.613228926,0,0.613228926,3979,1.234220421,1,0,0.496855275
0,-0.234220421,1,0.613228926,4,2019-06-15T19:00:00.0,0.613228926,0,0.613228926,3980,1.234220421,1,0,0.496855275
0,-0.234220421,1,0.613228926,4,2019-06-15T20:00:00.0,0.613228926,0,0.613228926,3981,1.234220421,1,0,0.496855275
0,-0.234220421,1,0.613228926,4,2019-06-15T21:00:00.0,0.613228926,0,0.613228926,3982,1.234220421,1,0,0.496855275
0,-0.234220421,1,0.613228926,4,2019-06-15T22:00:00.0,0.613228926,0,0.613228926,3983,1.234220421,1,0,0.496855275
0,-0.234220421,1,0.613228926,4,2019-06-15T23:00:00.0,0.613228926,0,0.613228926,3984,1.234220421,1,0,0.496855275
0,-0.142817344,1,0.559791011,4,2019-06-16T00:00:00.0,0.559791011,0,0.559791011,3985,1.142817344,1,0,0.489834193
0,-0.239616846,1,0.616383893,3,2019-06-16T01:00:00.0,0.616383893,0,0.616383893,3986,1.239616846,1,0,0.497237429
0,-0.239616846,1,0.616383893,3,2019-06-16T02:00:00.0,0.616383893,0,0.616383893,3987,1.239616846,1,0,0.497237429
0,-0.239616846,1,0.616383893,3,2019-06-16T03:00:00.0,0.616383893,0,0.616383893,3988,1.239616846,1,0,0.497237429
0,-0.142817344,1,0.559791011,4,2019-06-16T04:00:00.0,0.559791011,0,0.559791011,3989,1.142817344,1,0,0.489834193
0,-0.142817344,1,0.559791011,4,2019-06-16T05:00:00.0,0.559791011,0,0.559791011,3990,1.142817344,1,0,0.489834193
0,-0.142817344,1,0.559791011,4,2019-06-16T06:00:00.0,0.559791011,0,0.559791011,3991,1.142817344,1,0,0.489834193
0,-0.121127698,1,0.656222487,4,2019-06-16T07:00:00.0,0.656222487,0,0.656222487,3992,1.121127698,1,0,0.585323588
0,-0.142817344,1,0.559791011,4,2019-06-16T08:00:00.0,0.559791011,0,0.559791011,3993,1.142817344,1,0,0.489834193
0,-0.121127698,1,0.656222487,4,2019-06-16T09:00:00.0,0.656222487,0,0.656222487,3994,1.121127698,1,0,0.585323588
0,-0.239616846,1,0.616383893,3,2019-06-16T10:00:00.0,0.616383893,0,0.616383893,3995,1.239616846,1,0,0.497237429
0,-0.239616846,1,0.616383893,3,2019-06-16T11:00:00.0,0.616383893,0,0.616383893,3996,1.239616846,1,0,0.497237429
0,-0.239616846,1,0.616383893,3,2019-06-16T12:00:00.0,0.616383893,0,0.616383893,3997,1.239616846,1,0,0.497237429
0,-0.239616846,1,0.616383893,3,2019-06-16T13:00:00.0,0.616383893,0,0.616383893,3998,1.239616846,1,0,0.497237429
0,-0.239616846,1,0.616383893,3,2019-06-16T14:00:00.0,0.616383893,0,0.616383893,3999,1.239616846,1,0,0.497237429
0,-0.239616846,1,0.616383909,3,2019-06-16T15:00:00.0,0.616383909,0,0.616383909,4000,1.239616881,1.000000035,0,0.497237428
0,-0.239616846,1,0.616383893,3,2019-06-16T16:00:00.0,0.616383893,0,0.616383893,4001,1.239616846,1,0,0.497237429
0,-0.239616846,1,0.616383893,3,2019-06-16T17:00:00.0,0.616383893,0,0.616383893,4002,1.239616846,1,0,0.497237429
0,-0.121127698,1,0.656222487,4,2019-06-16T18:00:00.0,0.656222487,0,0.656222487,4003,1.121127698,1,0,0.585323588
0,-0.121127698,1,0.656222487,4,2019-06-16T19:00:00.0,0.656222487,0,0.656222487,4004,1.121127699,1,0,0.585323588
0,-0.121127698,1,0.656222487,4,2019-06-16T20:00:00.0,0.656222487,0,0.656222487,4005,1.121127698,1,0,0.585323588
0,-0.121127698,1,0.656222487,4,2019-06-16T21:00:00.0,0.656222487,0,0.656222487,4006,1.121127698,1,0,0.585323588
0,-0.121127698,1,0.656222487,4,2019-06-16T22:00:00.0,0.656222487,0,0.656222487,4007,1.121127698,1,0,0.585323588
0,-0.142817344,1,0.559791011,4,2019-06-16T23:00:00.0,0.559791011,0,0.559791011,4008,1.142817344,1,0,0.489834193
0,-0.121127698,1,0.656222487,4,2019-06-17T00:00:00.0,0.656222487,0,0.656222487,4009,1.121127698,1,0,0.585323588
0,-0.239616846,1,0.616383893,3,2019-06-17T01:00:00.0,0.616383893,0,0.616383893,4010,1.239616846,1,0,0.497237429
0,-0.583910538,1,0.656396499,4,2019-06-17T02:00:00.0,0.656396499,0,0.656396499,4011,1.583910539,1,0,0.414415135
0,-0.239616846,1,0.616383893,3,2019-06-17T03:00:00.0,0.616383893,0,0.616383893,4012,1.239616846,1,0,0.497237429
0,-0.239616846,1,0.616383893,3,2019-06-17T04:00:00.0,0.616383893,0,0.616383893,4013,1.239616846,1,0,0.497237429
0,-0.121127698,1,0.656222487,4,2019-06-17T05:00:00.0,0.656222487,0,0.656222487,4014,1.121127699,1,0,0.585323588
0,-0.042430781,1,0.682564912,2,2019-06-17T06:00:00.0,0.682564912,0,0.682564912,4015,1.042430781,1,0,0.654782
0,-0.119355807,1,0.510886216,3,2019-06-17T07:00:00.0,0.510886216,0,0.510886216,4016,1.119355807,1,0,0.456410922
0,-0.239783832,1,0.57014959,3,2019-06-17T08:00:00.0,0.57014959,0,0.57014959,4017,1.239783832,1,0,0.459878227
0,0,1,0.426276334,1,2019-06-17T09:00:00.0,0.426276334,0,0.426276334,4018,1,1,0,0.426276334
0,0,1,0.426276334,1,2019-06-17T10:00:00.0,0.426276334,0,0.426276334,4019,1,1,0,0.426276334
0,0,1,0.426276334,1,2019-06-17T11:00:00.0,0.426276334,0,0.426276334,4020,1,1,0,0.426276334
0,0,1,0.426276334,1,2019-06-17T12:00:00.0,0.426276334,0,0.426276334,4021,1,1,0,0.426276334
0,0,1,0.426276334,1,2019-06-17T13:00:00.0,0.426276334,0,0.426276334,4022,1,1,0,0.426276334
0,0,1,0.426276334,1,2019-06-17T14:00:00.0,0.426276334,0,0.426276334,4023,1,1,0,0.426276334
0,0,1,0.426276334,1,2019-06-17T15:00:00.0,0.426276334,0,0.426276334,4024,1,1,0,0.426276334
0,-0.140592275,1,0.541330732,3,2019-06-17T16:00:00.0,0.541330732,0,0.541330732,4025,1.140592275,1,0,0.474604943
0,-0.140592275,1,0.541330732,3,2019-06-17T17:00:00.0,0.541330732,0,0.541330732,4026,1.140592275,1,0,0.474604943
0,-0.140592275,1,0.541330732,3,2019-06-17T18:00:00.0,0.541330732,0,0.541330732,4027,1.140592275,1,0,0.474604943
0,-0.140592275,1,0.541330732,3,2019-06-17T19:00:00.0,0.541330732,0,0.541330732,4028,1.140592275,1,0,0.474604943
0,-0.140592275,1,0.541330732,3,2019-06-17T20:00:00.0,0.541330732,0,0.541330732,4029,1.140592275,1,0,0.474604943
0,-0.239783832,1,0.57014959,3,2019-06-17T21:00:00.0,0.57014959,0,0.57014959,4030,1.239783832,1,0,0.459878227
0,-0.239783832,1,0.57014959,3,2019-06-17T22:00:00.0,0.57014959,0,0.57014959,4031,1.239783832,1,0,0.459878227
0,-0.235947871,1,0.551194118,3,2019-06-17T23:00:00.0,0.551194118,0,0.551194118,4032,1.235947872,1,0,0.445968742
0,-0.121132402,1,0.656298926,5,2019-06-18T00:00:00.0,0.656298926,0,0.656298926,4033,1.121132403,1,0,0.585389312
0,-0.121141274,1,0.656443092,4,2019-06-18T01:00:00.0,0.656443092,0,0.656443092,4034,1.121141275,1,0,0.585513268
0,-0.121141274,1,0.656443092,4,2019-06-18T02:00:00.0,0.656443092,0,0.656443092,4035,1.121141275,1,0,0.585513268
0,-0.121127698,1,0.656222487,4,2019-06-18T03:00:00.0,0.656222487,0,0.656222487,4036,1.121127699,1,0,0.585323588
0,-0.121127698,1,0.656222487,4,2019-06-18T04:00:00.0,0.656222487,0,0.656222487,4037,1.121127699,1,0,0.585323588
0,-0.121127698,1,0.656222487,4,2019-06-18T05:00:00.0,0.656222487,0,0.656222487,4038,1.121127699,1,0,0.585323588
0,-0.121127698,1,0.656222487,4,2019-06-18T06:00:00.0,0.656222487,0,0.656222487,4039,1.121127699,1,0,0.585323588
0,-0.121127698,1,0.656222487,4,2019-06-18T07:00:00.0,0.656222487,0,0.656222487,4040,1.121127699,1,0,0.585323588
0,-0.119355807,1,0.510886216,3,2019-06-18T08:00:00.0,0.510886216,0,0.510886216,4041,1.119355807,1,0,0.456410922
0,-0.239783832,1,0.57014959,3,2019-06-18T09:00:00.0,0.57014959,0,0.57014959,4042,1.239783832,1,0,0.459878227
0,-0.239783832,1,0.57014959,3,2019-06-18T10:00:00.0,0.57014959,0,0.57014959,4043,1.239783832,1,0,0.459878227
0,-0.239783832,1,0.57014959,3,2019-06-18T11:00:00.0,0.57014959,0,0.57014959,4044,1.239783832,1,0,0.459878227
0,-0.239783832,1,0.57014959,3,2019-06-18T12:00:00.0,0.57014959,0,0.57014959,4045,1.239783832,1,0,0.459878227
0,-0.239783832,1,0.57014959,3,2019-06-18T13:00:00.0,0.57014959,0,0.57014959,4046,1.239783832,1,0,0.459878227
0,-0.239783832,1,0.57014959,3,2019-06-18T14:00:00.0,0.57014959,0,0.57014959,4047,1.239783832,1,0,0.459878227
0,-0.239783832,1,0.57014959,3,2019-06-18T15:00:00.0,0.57014959,0,0.57014959,4048,1.239783832,1,0,0.459878227
0,-0.239783832,1,0.615768545,3,2019-06-18T16:00:00.0,0.615768545,0,0.615768545,4049,1.239783832,1,0,0.496674121
0,-0.140592275,1,0.541330732,3,2019-06-18T17:00:00.0,0.541330732,0,0.541330732,4050,1.140592275,1,0,0.474604943
0,-0.140592275,1,0.541330732,3,2019-06-18T18:00:00.0,0.541330732,0,0.541330732,4051,1.140592275,1,0,0.474604943
0,-0.140592275,1,0.541330732,4,2019-06-18T19:00:00.0,0.541330732,0,0.541330732,4052,1.140592275,1,0,0.474604943
0,-0.140592275,1,0.541330732,3,2019-06-18T20:00:00.0,0.541330732,0,0.541330732,4053,1.140592275,1,0,0.474604943
0,-0.136938413,1,0.54012818,3,2019-06-18T21:00:00.0,0.54012818,0,0.54012818,4054,1.136938413,1,0,0.475072505
0,-0.119355807,1,0.510886216,3,2019-06-18T22:00:00.0,0.510886216,0,0.510886216,4055,1.119355807,1,0,0.456410922
0,-0.121127698,1,0.656222487,4,2019-06-18T23:00:00.0,0.656222487,0,0.656222487,4056,1.121127699,1,0,0.585323588
0,-0.121127698,1,0.656222487,4,2019-06-19T00:00:00.0,0.656222487,0,0.656222487,4057,1.121127698,1,0,0.585323588
0,-0.042430781,1,0.682564912,2,2019-06-19T01:00:00.0,0.682564912,0,0.682564912,4058,1.042430781,1,0,0.654782
0,-0.121127698,1,0.656222487,4,2019-06-19T02:00:00.0,0.656222487,0,0.656222487,4059,1.121127699,1,0,0.585323588
0,-0.121127698,1,0.656222487,4,2019-06-19T03:00:00.0,0.656222487,0,0.656222487,4060,1.121127699,1,0,0.585323588
0,-0.239783832,1,0.615768545,3,2019-06-19T04:00:00.0,0.615768545,0,0.615768545,4061,1.239783832,1,0,0.496674121
0,-0.121127698,1,0.656222487,4,2019-06-19T05:00:00.0,0.656222487,0,0.656222487,4062,1.121127699,1,0,0.585323588
0,-0.121127698,1,0.656222487,4,2019-06-19T06:00:00.0,0.656222487,0,0.656222487,4063,1.121127699,1,0,0.585323588
0,-0.121127698,1,0.656222487,4,2019-06-19T07:00:00.0,0.656222487,0,0.656222487,4064,1.121127699,1,0,0.585323588
0,-0.239783832,1,0.615768545,3,2019-06-19T08:00:00.0,0.615768545,0,0.615768545,4065,1.239783832,1,0,0.496674121
0,-0.239783832,1,0.615768545,3,2019-06-19T09:00:00.0,0.615768545,0,0.615768545,4066,1.239783832,1,0,0.496674121
0,-0.239783832,1,0.615768545,3,2019-06-19T10:00:00.0,0.615768545,0,0.615768545,4067,1.239783832,1,0,0.496674121
0,-0.239783832,1,0.615768545,3,2019-06-19T11:00:00.0,0.615768545,0,0.615768545,4068,1.239783832,1,0,0.496674121
0,-0.239783832,1,0.615768545,4,2019-06-19T12:00:00.0,0.615768545,0,0.615768545,4069,1.239783832,1,0,0.496674121
0,-0.239783832,1,0.615768545,3,2019-06-19T13:00:00.0,0.615768545,0,0.615768545,4070,1.239783832,1,0,0.496674121
0,-0.239783832,1,0.615768544,3,2019-06-19T14:00:00.0,0.615768544,0,0.615768544,4071,1.239783832,1,0,0.496674121
0,-0.239783832,1,0.615768545,3,2019-06-19T15:00:00.0,0.615768545,0,0.615768545,4072,1.239783833,1.000000001,0,0.496674121
0,-0.239783832,1,0.615768545,3,2019-06-19T16:00:00.0,0.615768545,0,0.615768545,4073,1.239783832,1,0,0.496674121
0,-0.121127698,1,0.656222487,4,2019-06-19T17:00:00.0,0.656222487,0,0.656222487,4074,1.121127699,1,0,0.585323588
0,-0.121127698,1,0.656222487,4,2019-06-19T18:00:00.0,0.656222487,0,0.656222487,4075,1.121127699,1,0,0.585323588
0,-0.121127698,1,0.656222487,4,2019-06-19T19:00:00.0,0.656222487,0,0.656222487,4076,1.121127699,1,0,0.585323588
0,-0.121127698,1,0.656222487,4,2019-06-19T20:00:00.0,0.656222487,0,0.656222487,4077,1.121127699,1,0,0.585323588
0,-0.042601778,1,0.682676877,2,2019-06-19T21:00:00.0,0.682676877,0,0.682676877,4078,1.042601778,1,0,0.654782
0,-0.239783832,1,0.615768545,3,2019-06-19T22:00:00.0,0.615768545,0,0.615768545,4079,1.239783832,1,0,0.496674121
0,-0.239783832,1,0.615768545,3,2019-06-19T23:00:00.0,0.615768545,0,0.615768545,4080,1.239783832,1,0,0.496674121
0,-0.140592275,1,0.498032605,3,2019-06-20T00:00:00.0,0.498032605,0,0.498032605,4081,1.140592275,1,0,0.436643852
0,-0.235947871,1,0.549655603,3,2019-06-20T01:00:00.0,0.549655603,0,0.549655603,4082,1.235947871,1,0,0.444723937
0,-0.235947871,1,0.549655603,3,2019-06-20T02:00:00.0,0.549655603,0,0.549655603,4083,1.235947871,1,0,0.444723937
0,-0.235947871,1,0.549655603,3,2019-06-20T03:00:00.0,0.549655603,0,0.549655603,4084,1.235947872,1,0,0.444723937
0,-0.03455205,1,0.37625968,3,2019-06-20T04:00:00.0,0.37625968,0,0.37625968,4085,1.03455205,1,0,0.36369333
0,-0.03455205,1,0.37625968,3,2019-06-20T05:00:00.0,0.37625968,0,0.37625968,4086,1.03455205,1,0,0.36369333
0,-0.140592275,1,0.498032605,3,2019-06-20T06:00:00.0,0.498032605,0,0.498032605,4087,1.140592275,1,0,0.436643852
0,-0.140592275,1,0.498032605,3,2019-06-20T07:00:00.0,0.498032605,0,0.498032605,4088,1.140592275,1,0,0.436643852
0,-0.140592275,1,0.498032605,3,2019-06-20T08:00:00.0,0.498032605,0,0.498032605,4089,1.140592275,1,0,0.436643852
0,-0.474005979,1,0.523844511,3,2019-06-20T09:00:00.0,0.523844511,0,0.523844511,4090,1.474005979,1,0,0.355388322
0,-0.140592275,1,0.498032605,3,2019-06-20T10:00:00.0,0.498032605,0,0.498032605,4091,1.140592275,1,0,0.436643852
0,-0.140592275,1,0.498032605,3,2019-06-20T11:00:00.0,0.498032605,0,0.498032605,4092,1.140592275,1,0,0.436643852
0,-0.042430781,1,0.682564912,2,2019-06-20T12:00:00.0,0.682564912,0,0.682564912,4093,1.042430781,1,0,0.654782
0,0,1,0.426276334,1,2019-06-20T13:00:00.0,0.426276334,0,0.426276334,4094,1,1,0,0.426276334
0,0,1,0.426276334,1,2019-06-20T14:00:00.0,0.426276334,0,0.426276334,4095,1,1,0,0.426276334
0,0,1,0.426276334,1,2019-06-20T15:00:00.0,0.426276334,0,0.426276334,4096,1,1,0,0.426276334
0,0,1,0.426276334,1,2019-06-20T16:00:00.0,0.426276334,0,0.426276334,4097,1,1,0,0.426276334
0,-0.128815272,1,0.49154457,3,2019-06-20T17:00:00.0,0.49154457,0,0.49154457,4098,1.128815272,1,0,0.435451736
0,-0.128815272,1,0.49154457,3,2019-06-20T18:00:00.0,0.49154457,0,0.49154457,4099,1.128815272,1,0,0.435451736
0,-0.140592275,1,0.498032605,3,2019-06-20T19:00:00.0,0.498032605,0,0.498032605,4100,1.140592275,1,0,0.436643852
0,-0.140592275,1,0.498032605,3,2019-06-20T20:00:00.0,0.498032605,0,0.498032605,4101,1.140592275,1,0,0.436643852
0,-0.140592275,1,0.498032605,3,2019-06-20T21:00:00.0,0.498032605,0,0.498032605,4102,1.140592275,1,0,0.436643852
0,-0.128815272,1,0.49154457,3,2019-06-20T22:00:00.0,0.49154457,0,0.49154457,4103,1.128815272,1,0,0.435451736
0,-0.039677957,1,0.397491892,2,2019-06-20T23:00:00.0,0.397491892,0,0.397491892,4104,1.039677957,1,0,0.382322131
0,-0.042278842,1,0.398486268,2,2019-06-21T00:00:00.0,0.398486268,0,0.398486268,4105,1.042278842,1,0,0.382322131
0,-0.042278842,1,0.398486268,2,2019-06-21T01:00:00.0,0.398486268,0,0.398486268,4106,1.042278842,1,0,0.382322131
0,-0.234220421,1,0.613228926,4,2019-06-21T02:00:00.0,0.613228926,0,0.613228926,4107,1.234220421,1,0,0.496855275
0,-0.234220421,1,0.613228926,4,2019-06-21T03:00:00.0,0.613228926,0,0.613228926,4108,1.234220421,1,0,0.496855275
0,-0.039677957,1,0.397491892,2,2019-06-21T04:00:00.0,0.397491892,0,0.397491892,4109,1.039677957,1,0,0.382322131
0,-0.234220421,1,0.613228926,4,2019-06-21T05:00:00.0,0.613228926,0,0.613228926,4110,1.234220421,1,0,0.496855275
0,-0.234220421,1,0.613228927,4,2019-06-21T06:00:00.0,0.613228927,0,0.613228927,4111,1.234220422,1,0,0.496855275
0,-0.039677957,1,0.397491892,2,2019-06-21T07:00:00.0,0.397491892,0,0.397491892,4112,1.039677957,1,0,0.382322131
0,-0.239616846,1,0.616383893,3,2019-06-21T08:00:00.0,0.616383893,0,0.616383893,4113,1.239616846,1,0,0.497237429
0,-0.239616846,1,0.616383893,3,2019-06-21T09:00:00.0,0.616383893,0,0.616383893,4114,1.239616846,1,0,0.497237429
0,-0.239616846,1,0.616383893,3,2019-06-21T10:00:00.0,0.616383893,0,0.616383893,4115,1.239616846,1,0,0.497237429
0,-0.239616846,1,0.616383893,3,2019-06-21T11:00:00.0,0.616383893,0,0.616383893,4116,1.239616846,1,0,0.497237429
0,-0.239616846,1,0.616383893,3,2019-06-21T12:00:00.0,0.616383893,0,0.616383893,4117,1.239616846,1,0,0.497237429
0,-0.239616846,1,0.616383893,3,2019-06-21T13:00:00.0,0.616383893,0,0.616383893,4118,1.239616846,1,0,0.497237429
0,-0.239616846,1,0.616383893,3,2019-06-21T14:00:00.0,0.616383893,0,0.616383893,4119,1.239616846,1,0,0.497237429
0,-0.239616846,1,0.616383893,3,2019-06-21T15:00:00.0,0.616383893,0,0.616383893,4120,1.239616846,1,0,0.497237429
0,-0.239616846,1,0.616383893,3,2019-06-21T16:00:00.0,0.616383893,0,0.616383893,4121,1.239616846,1,0,0.497237429
0,-0.042278842,1,0.682465425,2,2019-06-21T17:00:00.0,0.682465425,0,0.682465425,4122,1.042278842,1,0,0.654782
0,-0.239616846,1,0.616383893,3,2019-06-21T18:00:00.0,0.616383893,0,0.616383893,4123,1.239616846,1,0,0.497237429
0,-0.239616846,1,0.616383893,3,2019-06-21T19:00:00.0,0.616383893,0,0.616383893,4124,1.239616846,1,0,0.497237429
0,-0.239616846,1,0.616383893,3,2019-06-21T20:00:00.0,0.616383893,0,0.616383893,4125,1.239616846,1,0,0.497237429
0,-0.239616846,1,0.616383893,3,2019-06-21T21:00:00.0,0.616383893,0,0.616383893,4126,1.239616846,1,0,0.497237429
0,-0.239616846,1,0.616383893,3,2019-06-21T22:00:00.0,0.616383893,0,0.616383893,4127,1.239616846,1,0,0.497237429
0,-0.239616846,1,0.61631918,4,2019-06-21T23:00:00.0,0.61631918,0,0.61631918,4128,1.239616847,1,0,0.497185225
0,-0.039677957,1,0.393185193,2,2019-06-22T00:00:00.0,0.393185193,0,0.393185193,4129,1.039677957,1,0,0.378179791
0,-0.039677957,1,0.393185193,2,2019-06-22T01:00:00.0,0.393185193,0,0.393185193,4130,1.039677957,1,0,0.378179791
0,-0.039677957,1,0.393185193,2,2019-06-22T02:00:00.0,0.393185193,0,0.393185193,4131,1.039677957,1,0,0.378179791
0,-0.039677957,1,0.393185193,2,2019-06-22T03:00:00.0,0.393185193,0,0.393185193,4132,1.039677957,1,0,0.378179791
0,-0.039677957,1,0.393185193,2,2019-06-22T04:00:00.0,0.393185193,0,0.393185193,4133,1.039677957,1,0,0.378179791
0,-0.039677957,1,0.393185193,2,2019-06-22T05:00:00.0,0.393185193,0,0.393185193,4134,1.039677957,1,0,0.378179791
0,-0.039677957,1,0.393185193,2,2019-06-22T06:00:00.0,0.393185193,0,0.393185193,4135,1.039677957,1,0,0.378179791
0,-0.039677957,1,0.393185193,2,2019-06-22T07:00:00.0,0.393185193,0,0.393185193,4136,1.039677957,1,0,0.378179791
0,-0.039677957,1,0.393185193,2,2019-06-22T08:00:00.0,0.393185193,0,0.393185193,4137,1.039677957,1,0,0.378179791
0,-0.042278842,1,0.398486268,2,2019-06-22T09:00:00.0,0.398486268,0,0.398486268,4138,1.042278842,1,0,0.382322131
0,-0.042278842,1,0.398486268,2,2019-06-22T10:00:00.0,0.398486268,0,0.398486268,4139,1.042278842,1,0,0.382322131
0,-0.042278842,1,0.398486268,2,2019-06-22T11:00:00.0,0.398486268,0,0.398486268,4140,1.042278842,1,0,0.382322131
0,-0.042278842,1,0.398486268,2,2019-06-22T12:00:00.0,0.398486268,0,0.398486268,4141,1.042278842,1,0,0.382322131
0,-0.042278842,1,0.398486268,2,2019-06-22T13:00:00.0,0.398486268,0,0.398486268,4142,1.042278842,1,0,0.382322131
0,-0.042278842,1,0.398486268,2,2019-06-22T14:00:00.0,0.398486268,0,0.398486268,4143,1.042278842,1,0,0.382322131
0,-0.234220421,1,0.613228926,4,2019-06-22T15:00:00.0,0.613228926,0,0.613228926,4144,1.234220421,1,0,0.496855275
0,-0.042430781,1,0.398544357,2,2019-06-22T16:00:00.0,0.398544357,0,0.398544357,4145,1.042430781,1,0,0.382322131
0,-0.121127698,1,0.656222487,4,2019-06-22T17:00:00.0,0.656222487,0,0.656222487,4146,1.121127698,1,0,0.585323588
0,-0.042430781,1,0.398544357,2,2019-06-22T18:00:00.0,0.398544357,0,0.398544357,4147,1.042430781,1,0,0.382322131
0,-0.039677957,1,0.397491892,2,2019-06-22T19:00:00.0,0.397491892,0,0.397491892,4148,1.039677957,1,0,0.382322131
0,-0.039677957,1,0.397491892,2,2019-06-22T20:00:00.0,0.397491892,0,0.397491892,4149,1.039677957,1,0,0.382322131
0,-0.039677957,1,0.397491892,2,2019-06-22T21:00:00.0,0.397491892,0,0.397491892,4150,1.039677957,1,0,0.382322131
0,-0.039677957,1,0.397491892,2,2019-06-22T22:00:00.0,0.397491892,0,0.397491892,4151,1.039677957,1,0,0.382322131
0,-0.142817344,1,0.559791011,4,2019-06-22T23:00:00.0,0.559791011,0,0.559791011,4152,1.142817344,1,0,0.489834193
0,-0.039677957,1,0.397491892,2,2019-06-23T00:00:00.0,0.397491892,0,0.397491892,4153,1.039677957,1,0,0.382322131
0,-0.039677957,1,0.393185193,2,2019-06-23T01:00:00.0,0.393185193,0,0.393185193,4154,1.039677957,1,0,0.378179791
0,-0.039677957,1,0.397491892,2,2019-06-23T02:00:00.0,0.397491892,0,0.397491892,4155,1.039677957,1,0,0.382322131
0,-0.039677957,1,0.397491892,2,2019-06-23T03:00:00.0,0.397491892,0,0.397491892,4156,1.039677957,1,0,0.382322131
0,-0.039677957,1,0.397491892,2,2019-06-23T04:00:00.0,0.397491892,0,0.397491892,4157,1.039677957,1,0,0.382322131
0,-0.039677957,1,0.393185193,2,2019-06-23T05:00:00.0,0.393185193,0,0.393185193,4158,1.039677957,1,0,0.378179791
0,-0.039677957,1,0.393185193,2,2019-06-23T06:00:00.0,0.393185193,0,0.393185193,4159,1.039677957,1,0,0.378179791
0,-0.039677957,1,0.397491892,2,2019-06-23T07:00:00.0,0.397491892,0,0.397491892,4160,1.039677957,1,0,0.382322131
0,-0.039677957,1,0.397491892,2,2019-06-23T08:00:00.0,0.397491892,0,0.397491892,4161,1.039677957,1,0,0.382322131
0,-0.042430781,1,0.398544357,2,2019-06-23T09:00:00.0,0.398544357,0,0.398544357,4162,1.042430781,1,0,0.382322131
0,-0.239616846,1,0.616383893,3,2019-06-23T10:00:00.0,0.616383893,0,0.616383893,4163,1.239616846,1,0,0.497237429
0,-0.239616846,1,0.616383893,4,2019-06-23T11:00:00.0,0.616383893,0,0.616383893,4164,1.239616846,1,0,0.497237429
0,-0.239616846,1,0.616383893,3,2019-06-23T12:00:00.0,0.616383893,0,0.616383893,4165,1.239616846,1,0,0.497237429
0,-0.239616846,1,0.616383893,3,2019-06-23T13:00:00.0,0.616383893,0,0.616383893,4166,1.239616846,1,0,0.497237429
0,-0.239616846,1,0.616383893,3,2019-06-23T14:00:00.0,0.616383893,0,0.616383893,4167,1.239616846,1,0,0.497237429
0,-0.239616846,1,0.616383893,3,2019-06-23T15:00:00.0,0.616383893,0,0.616383893,4168,1.239616846,1,0,0.497237429
0,-0.239616846,1,0.616383893,3,2019-06-23T16:00:00.0,0.616383893,0,0.616383893,4169,1.239616846,1,0,0.497237429
0,-0.239616846,1,0.616383893,3,2019-06-23T17:00:00.0,0.616383893,0,0.616383893,4170,1.239616846,1,0,0.497237429
0,-0.121127698,1,0.656222487,4,2019-06-23T18:00:00.0,0.656222487,0,0.656222487,4171,1.121127699,1,0,0.585323588
0,-0.121127698,1,0.656222487,4,2019-06-23T19:00:00.0,0.656222487,0,0.656222487,4172,1.121127698,1,0,0.585323588
0,-0.121127698,1,0.656222487,4,2019-06-23T20:00:00.0,0.656222487,0,0.656222487,4173,1.121127698,1,0,0.585323588
0,-0.239616846,1,0.616383893,3,2019-06-23T21:00:00.0,0.616383893,0,0.616383893,4174,1.239616846,1,0,0.497237429
0,-0.239329512,1,0.616478907,3,2019-06-23T22:00:00.0,0.616478907,0,0.616478907,4175,1.239329512,1,0,0.497429377
0,-0.239329512,1,0.616478907,3,2019-06-23T23:00:00.0,0.616478907,0,0.616478907,4176,1.239329512,1,0,0.497429377
0,-0.119201441,1,0.504955841,4,2019-06-24T00:00:00.0,0.504955841,0,0.504955841,4177,1.119201441,1,0,0.451175117
0,-0.239616846,1,0.616383893,3,2019-06-24T01:00:00.0,0.616383893,0,0.616383893,4178,1.239616846,1,0,0.497237429
0,-0.239616846,1,0.616383893,3,2019-06-24T02:00:00.0,0.616383893,0,0.616383893,4179,1.239616846,1,0,0.497237429
0,-0.239616846,1,0.616383893,3,2019-06-24T03:00:00.0,0.616383893,0,0.616383893,4180,1.239616846,1,0,0.497237429
0,-0.227835526,1,0.553354285,3,2019-06-24T04:00:00.0,0.553354285,0,0.553354285,4181,1.227835526,1,0,0.4506746
0,-0.239616846,1,0.616383893,3,2019-06-24T05:00:00.0,0.616383893,0,0.616383893,4182,1.239616846,1,0,0.497237429
0,-0.121127698,1,0.656222487,4,2019-06-24T06:00:00.0,0.656222487,0,0.656222487,4183,1.121127698,1,0,0.585323588
0,-0.239783832,1,0.57014959,3,2019-06-24T07:00:00.0,0.57014959,0,0.57014959,4184,1.239783832,1,0,0.459878227
0,-0.239783832,1,0.615768545,3,2019-06-24T08:00:00.0,0.615768545,0,0.615768545,4185,1.239783832,1,0,0.496674121
0,-0.239783832,1,0.615768545,3,2019-06-24T09:00:00.0,0.615768545,0,0.615768545,4186,1.239783832,1,0,0.496674121
0,-0.239783832,1,0.615768545,3,2019-06-24T10:00:00.0,0.615768545,0,0.615768545,4187,1.239783832,1,0,0.496674121
0,-0.239783832,1,0.615768545,3,2019-06-24T11:00:00.0,0.615768545,0,0.615768545,4188,1.239783832,1,0,0.496674121
0,-0.239616846,1,0.616383893,3,2019-06-24T12:00:00.0,0.616383893,0,0.616383893,4189,1.239616846,1,0,0.497237429
0,-0.239616846,1,0.616383893,3,2019-06-24T13:00:00.0,0.616383893,0,0.616383893,4190,1.239616846,1,0,0.497237429
0,-0.239783832,1,0.615768544,3,2019-06-24T14:00:00.0,0.615768544,0,0.615768544,4191,1.239783832,1,0,0.496674121
0,-0.239783832,1,0.615768544,3,2019-06-24T15:00:00.0,0.615768544,0,0.615768544,4192,1.239783832,1,0,0.496674121
0,-0.239783832,1,0.615768545,3,2019-06-24T16:00:00.0,0.615768545,0,0.615768545,4193,1.239783832,1,0,0.496674121
0,-0.121127698,1,0.656222487,4,2019-06-24T17:00:00.0,0.656222487,0,0.656222487,4194,1.121127698,1,0,0.585323588
0,-0.042430781,1,0.682564912,2,2019-06-24T18:00:00.0,0.682564912,0,0.682564912,4195,1.042430781,1,0,0.654782
0,-0.121127698,1,0.656222487,4,2019-06-24T19:00:00.0,0.656222487,0,0.656222487,4196,1.121127699,1,0,0.585323588
0,-0.042430781,1,0.682564912,3,2019-06-24T20:00:00.0,0.682564912,0,0.682564912,4197,1.042430781,1,0,0.654782
0,-0.121127698,1,0.656222487,4,2019-06-24T21:00:00.0,0.656222487,0,0.656222487,4198,1.121127698,1,0,0.585323588
0,-0.239783832,1,0.57014959,3,2019-06-24T22:00:00.0,0.57014959,0,0.57014959,4199,1.239783832,1,0,0.459878227
0,-0.239616846,1,0.616383893,3,2019-06-24T23:00:00.0,0.616383893,0,0.616383893,4200,1.239616846,1,0,0.497237429
0,-0.239616846,1,0.616383893,3,2019-06-25T00:00:00.0,0.616383893,0,0.616383893,4201,1.239616846,1,0,0.497237429
0,-0.239616846,1,0.616383893,3,2019-06-25T01:00:00.0,0.616383893,0,0.616383893,4202,1.239616846,1,0,0.497237429
0,-0.03455205,1,0.403796997,3,2019-06-25T02:00:00.0,0.403796997,0,0.403796997,4203,1.03455205,1,0,0.390310954
0,-0.239616846,1,0.616383893,3,2019-06-25T03:00:00.0,0.616383893,0,0.616383893,4204,1.239616846,1,0,0.497237429
0,-0.239616846,1,0.616383893,3,2019-06-25T04:00:00.0,0.616383893,0,0.616383893,4205,1.239616846,1,0,0.497237429
0,-0.239616846,1,0.616383893,3,2019-06-25T05:00:00.0,0.616383893,0,0.616383893,4206,1.239616846,1,0,0.497237429
0,-0.239616846,1,0.616383893,3,2019-06-25T06:00:00.0,0.616383893,0,0.616383893,4207,1.239616846,1,0,0.497237429
0,-0.239616846,1,0.616383894,3,2019-06-25T07:00:00.0,0.616383894,0,0.616383894,4208,1.239616846,1,0,0.497237429
0.358209107,-0.146236122,1,0.355279407,6,2019-06-25T08:00:00.0,0.355279407,0,0.355279407,4209,0.788027016,1,0,0.450846735
0,-0.239616846,1,0.571401099,3,2019-06-25T09:00:00.0,0.571401099,0,0.571401099,4210,1.239616847,1.000000001,0,0.460949769
0,-0.239616846,1,0.571401099,3,2019-06-25T10:00:00.0,0.571401099,0,0.571401099,4211,1.239616847,1.000000001,0,0.460949769
0,-0.239616846,1,0.571401099,3,2019-06-25T11:00:00.0,0.571401099,0,0.571401099,4212,1.239616847,1.000000001,0,0.460949769
0,-0.239616846,1,0.571401099,3,2019-06-25T12:00:00.0,0.571401099,0,0.571401099,4213,1.239616847,1.000000001,0,0.460949769
0,-0.239616846,1,0.571401098,3,2019-06-25T13:00:00.0,0.571401098,0,0.571401098,4214,1.239616846,1,0,0.460949769
0,-0.239616846,1,0.571401098,3,2019-06-25T14:00:00.0,0.571401098,0,0.571401098,4215,1.239616846,1,0,0.460949769
0,-0.239616846,1,0.570216461,3,2019-06-25T15:00:00.0,0.570216461,0,0.570216461,4216,1.239616846,1,0,0.45999412
0,-0.239616846,1,0.570216461,3,2019-06-25T16:00:00.0,0.570216461,0,0.570216461,4217,1.239616847,1,0,0.45999412
0,-0.239616846,1,0.570216461,3,2019-06-25T17:00:00.0,0.570216461,0,0.570216461,4218,1.239616846,1,0,0.45999412
0,-0.130199597,1,0.536722082,4,2019-06-25T18:00:00.0,0.536722082,0,0.536722082,4219,1.130199597,1,0,0.474891411
0,-0.130199597,1,0.536722082,4,2019-06-25T19:00:00.0,0.536722082,0,0.536722082,4220,1.130199597,1,0,0.474891411
0,-0.239616846,1,0.570216461,3,2019-06-25T20:00:00.0,0.570216461,0,0.570216461,4221,1.239616846,1,0,0.45999412
0,-0.042278842,1,0.682465425,2,2019-06-25T21:00:00.0,0.682465425,0,0.682465425,4222,1.042278842,1,0,0.654782
0,-0.239616846,1,0.616383894,3,2019-06-25T22:00:00.0,0.616383894,0,0.616383894,4223,1.239616847,1.000000001,0,0.497237429
0,-0.239616846,1,0.57021646,3,2019-06-25T23:00:00.0,0.57021646,0,0.57021646,4224,1.239616846,1,0,0.45999412
0,-0.239783832,1,0.615768544,3,2019-06-26T00:00:00.0,0.615768544,0,0.615768544,4225,1.239783832,1,0,0.496674121
0,-0.239783832,1,0.615768545,3,2019-06-26T01:00:00.0,0.615768545,0,0.615768545,4226,1.239783832,1,0,0.496674121
0,-0.239783832,1,0.57014959,3,2019-06-26T02:00:00.0,0.57014959,0,0.57014959,4227,1.239783832,1,0,0.459878227
0,-0.140592275,1,0.541330732,3,2019-06-26T03:00:00.0,0.541330732,0,0.541330732,4228,1.140592275,1,0,0.474604943
0,-0.239783832,1,0.57014959,3,2019-06-26T04:00:00.0,0.57014959,0,0.57014959,4229,1.239783832,1,0,0.459878227
0,-0.239783832,1,0.57014959,3,2019-06-26T05:00:00.0,0.57014959,0,0.57014959,4230,1.239783832,1.000000001,0,0.459878227
0,-0.239783832,1,0.615768545,3,2019-06-26T06:00:00.0,0.615768545,0,0.615768545,4231,1.239783832,1,0,0.496674121
0,-0.239783832,1,0.615768544,3,2019-06-26T07:00:00.0,0.615768544,0,0.615768544,4232,1.239783832,1,0,0.496674121
0,-0.239783832,1,0.571320154,3,2019-06-26T08:00:00.0,0.571320154,0,0.571320154,4233,1.239783832,1,0,0.460822394
0,0,1,0.426276334,1,2019-06-26T09:00:00.0,0.426276334,0,0.426276334,4234,1,1,0,0.426276334
0,0,1,0.426276334,1,2019-06-26T10:00:00.0,0.426276334,0,0.426276334,4235,1,1,0,0.426276334
0,0,1,0.426276334,1,2019-06-26T11:00:00.0,0.426276334,0,0.426276334,4236,1,1,0,0.426276334
0,0,1,0.426276334,1,2019-06-26T12:00:00.0,0.426276334,0,0.426276334,4237,1,1,0,0.426276334
0,0,1,0.426276334,1,2019-06-26T13:00:00.0,0.426276334,0,0.426276334,4238,1,1,0,0.426276334
0,-0.239783832,1,0.615768545,3,2019-06-26T14:00:00.0,0.615768545,0,0.615768545,4239,1.239783832,1,0,0.496674121
0,-0.121127698,1,0.656222487,4,2019-06-26T15:00:00.0,0.656222487,0,0.656222487,4240,1.121127698,1,0,0.585323588
0,-0.121127698,1,0.656222487,4,2019-06-26T16:00:00.0,0.656222487,0,0.656222487,4241,1.121127699,1,0,0.585323588
0,-0.121127698,1,0.656222487,4,2019-06-26T17:00:00.0,0.656222487,0,0.656222487,4242,1.121127699,1,0,0.585323588
0,-0.121127698,1,0.656222487,4,2019-06-26T18:00:00.0,0.656222487,0,0.656222487,4243,1.121127699,1,0,0.585323588
0,-0.121127698,1,0.656222487,4,2019-06-26T19:00:00.0,0.656222487,0,0.656222487,4244,1.121127699,1,0,0.585323588
0,-0.121127698,1,0.656222487,4,2019-06-26T20:00:00.0,0.656222487,0,0.656222487,4245,1.121127698,1,0,0.585323588
0,-0.042430781,1,0.546733403,2,2019-06-26T21:00:00.0,0.546733403,0,0.546733403,4246,1.042430781,1,0,0.524479335
0,-0.239783832,1,0.615768545,3,2019-06-26T22:00:00.0,0.615768545,0,0.615768545,4247,1.239783832,1,0,0.496674121
0,-0.239783832,1,0.615768545,3,2019-06-26T23:00:00.0,0.615768545,0,0.615768545,4248,1.239783832,1,0,0.496674121
0,-0.239783832,1,0.615768544,3,2019-06-27T00:00:00.0,0.615768544,0,0.615768544,4249,1.239783832,1,0,0.496674121
0,-0.121127698,1,0.656222487,4,2019-06-27T01:00:00.0,0.656222487,0,0.656222487,4250,1.121127699,1,0,0.585323588
0,-0.121127698,1,0.656222487,4,2019-06-27T02:00:00.0,0.656222487,0,0.656222487,4251,1.121127699,1,0,0.585323588
0,-0.121127698,1,0.656222487,4,2019-06-27T03:00:00.0,0.656222487,0,0.656222487,4252,1.121127699,1,0,0.585323588
0,-0.121127698,1,0.656222487,4,2019-06-27T04:00:00.0,0.656222487,0,0.656222487,4253,1.121127699,1,0,0.585323588
0,-0.121127698,1,0.656222487,4,2019-06-27T05:00:00.0,0.656222487,0,0.656222487,4254,1.121127699,1,0,0.585323588
0,-0.121127698,1,0.656222487,4,2019-06-27T06:00:00.0,0.656222487,0,0.656222487,4255,1.121127699,1,0,0.585323588
0,-0.121127698,1,0.656222487,4,2019-06-27T07:00:00.0,0.656222487,0,0.656222487,4256,1.121127698,1,0,0.585323588
0,-0.121127698,1,0.656222487,4,2019-06-27T08:00:00.0,0.656222487,0,0.656222487,4257,1.121127699,1,0,0.585323588
0,-0.231606758,1,0.578068903,3,2019-06-27T09:00:00.0,0.578068903,0,0.578068903,4258,1.231606758,1,0,0.469361587
0,-0.231606758,1,0.578068903,4,2019-06-27T10:00:00.0,0.578068903,0,0.578068903,4259,1.231606758,1,0,0.469361587
0,-0.239783832,1,0.615768545,3,2019-06-27T11:00:00.0,0.615768545,0,0.615768545,4260,1.239783832,1,0,0.496674121
0,-0.239616846,1,0.616383893,3,2019-06-27T12:00:00.0,0.616383893,0,0.616383893,4261,1.239616846,1,0,0.497237429
0,-0.121127698,1,0.656222487,4,2019-06-27T13:00:00.0,0.656222487,0,0.656222487,4262,1.121127699,1,0,0.585323588
0,-0.121127698,1,0.656222487,4,2019-06-27T14:00:00.0,0.656222487,0,0.656222487,4263,1.121127699,1,0,0.585323588
0,-0.121127698,1,0.656222487,4,2019-06-27T15:00:00.0,0.656222487,0,0.656222487,4264,1.121127699,1,0,0.585323588
0,-0.121127698,1,0.656222487,4,2019-06-27T16:00:00.0,0.656222487,0,0.656222487,4265,1.121127699,1,0,0.585323588
0,-0.121127698,1,0.656222487,4,2019-06-27T17:00:00.0,0.656222487,0,0.656222487,4266,1.121127699,1,0,0.585323588
0,-0.121127698,1,0.656222487,4,2019-06-27T18:00:00.0,0.656222487,0,0.656222487,4267,1.121127699,1,0,0.585323588
0,-0.042430781,1,0.682564912,2,2019-06-27T19:00:00.0,0.682564912,0,0.682564912,4268,1.042430781,1,0,0.654782
0,-0.121127698,1,0.656222487,4,2019-06-27T20:00:00.0,0.656222487,0,0.656222487,4269,1.121127699,1,0,0.585323588
0,-0.121127698,1,0.656222487,4,2019-06-27T21:00:00.0,0.656222487,0,0.656222487,4270,1.121127699,1,0,0.585323588
0,-0.121127698,1,0.656222487,4,2019-06-27T22:00:00.0,0.656222487,0,0.656222487,4271,1.121127699,1,0,0.585323588
0,-0.121127698,1,0.656222487,4,2019-06-27T23:00:00.0,0.656222487,0,0.656222487,4272,1.121127699,1,0,0.585323588
0,-0.119355807,1,0.516829474,3,2019-06-28T00:00:00.0,0.516829474,0,0.516829474,4273,1.119355807,1,0,0.461720456
0,-0.119355807,1,0.549692264,3,2019-06-28T01:00:00.0,0.549692264,0,0.549692264,4274,1.119355807,1,0,0.49107912
0,-0.119355807,1,0.549692264,3,2019-06-28T02:00:00.0,0.549692264,0,0.549692264,4275,1.119355807,1,0,0.49107912
0,-0.119355807,1,0.549692264,3,2019-06-28T03:00:00.0,0.549692264,0,0.549692264,4276,1.119355807,1,0,0.49107912
0,-0.119355807,1,0.549692264,3,2019-06-28T04:00:00.0,0.549692264,0,0.549692264,4277,1.119355807,1,0,0.49107912
0,-0.119355807,1,0.549692264,3,2019-06-28T05:00:00.0,0.549692264,0,0.549692264,4278,1.119355807,1,0,0.49107912
0,-0.119355807,1,0.549692264,3,2019-06-28T06:00:00.0,0.549692264,0,0.549692264,4279,1.119355807,1,0,0.49107912
0,-0.119355807,1,0.549692264,3,2019-06-28T07:00:00.0,0.549692264,0,0.549692264,4280,1.119355807,1,0,0.49107912
0,-0.119355807,1,0.549692264,3,2019-06-28T08:00:00.0,0.549692264,0,0.549692264,4281,1.119355807,1,0,0.49107912
0,-0.119355807,1,0.559528396,3,2019-06-28T09:00:00.0,0.559528396,0,0.559528396,4282,1.119355807,1,0,0.499866434
0,-0.119355807,1,0.559528396,3,2019-06-28T10:00:00.0,0.559528396,0,0.559528396,4283,1.119355807,1,0,0.499866434
0,-0.119355807,1,0.559528396,3,2019-06-28T11:00:00.0,0.559528396,0,0.559528396,4284,1.119355807,1,0,0.499866434
0,-0.119355807,1,0.559528396,3,2019-06-28T12:00:00.0,0.559528396,0,0.559528396,4285,1.119355807,1,0,0.499866434
0,-0.119355807,1,0.559528396,3,2019-06-28T13:00:00.0,0.559528396,0,0.559528396,4286,1.119355807,1,0,0.499866434
0,-0.119355807,1,0.559528396,3,2019-06-28T14:00:00.0,0.559528396,0,0.559528396,4287,1.119355807,1,0,0.499866434
0,-0.119355807,1,0.559528396,3,2019-06-28T15:00:00.0,0.559528396,0,0.559528396,4288,1.119355807,1,0,0.499866434
0,-0.119355807,1,0.559528396,3,2019-06-28T16:00:00.0,0.559528396,0,0.559528396,4289,1.119355807,1,0,0.499866434
0,-0.119355807,1,0.559528396,3,2019-06-28T17:00:00.0,0.559528396,0,0.559528396,4290,1.119355807,1,0,0.499866434
0,-0.119355807,1,0.559528396,3,2019-06-28T18:00:00.0,0.559528396,0,0.559528396,4291,1.119355807,1,0,0.499866434
0,-0.119355807,1,0.559528396,3,2019-06-28T19:00:00.0,0.559528396,0,0.559528396,4292,1.119355807,1,0,0.499866434
0,-0.119355807,1,0.559528396,3,2019-06-28T20:00:00.0,0.559528396,0,0.559528396,4293,1.119355807,1,0,0.499866434
0,-0.119355807,1,0.559528396,3,2019-06-28T21:00:00.0,0.559528396,0,0.559528396,4294,1.119355807,1,0,0.499866434
0,-0.231606758,1,0.578068903,3,2019-06-28T22:00:00.0,0.578068903,0,0.578068903,4295,1.231606758,1,0,0.469361587
0,-0.239783832,1,0.615768545,3,2019-06-28T23:00:00.0,0.615768545,0,0.615768545,4296,1.239783832,1,0,0.496674121
0,-0.121127698,1,0.656222487,4,2019-06-29T00:00:00.0,0.656222487,0,0.656222487,4297,1.121127698,1,0,0.585323588
0,-0.121127698,1,0.656222487,4,2019-06-29T01:00:00.0,0.656222487,0,0.656222487,4298,1.121127699,1,0,0.585323588
0,-0.239783832,1,0.615768545,3,2019-06-29T02:00:00.0,0.615768545,0,0.615768545,4299,1.239783832,1,0,0.496674121
0,-0.239783832,1,0.615768545,3,2019-06-29T03:00:00.0,0.615768545,0,0.615768545,4300,1.239783832,1,0,0.496674121
0,-0.239783832,1,0.615768545,3,2019-06-29T04:00:00.0,0.615768545,0,0.615768545,4301,1.239783832,1,0,0.496674121
0,-0.239783832,1,0.615768545,3,2019-06-29T05:00:00.0,0.615768545,0,0.615768545,4302,1.239783832,1,0,0.496674121
0,-0.239783832,1,0.615768545,3,2019-06-29T06:00:00.0,0.615768545,0,0.615768545,4303,1.239783832,1,0,0.496674121
0,-0.239783832,1,0.615768545,3,2019-06-29T07:00:00.0,0.615768545,0,0.615768545,4304,1.239783832,1,0,0.496674121
0,-0.239783832,1,0.615768545,3,2019-06-29T08:00:00.0,0.615768545,0,0.615768545,4305,1.239783832,1,0,0.496674121
0,-0.231606758,1,0.573913248,3,2019-06-29T09:00:00.0,0.573913248,0,0.573913248,4306,1.231606758,1,0,0.465987414
0,-0.119355807,1,0.549692264,3,2019-06-29T10:00:00.0,0.549692264,0,0.549692264,4307,1.119355807,1,0,0.49107912
0,-0.119355807,1,0.549692264,3,2019-06-29T11:00:00.0,0.549692264,0,0.549692264,4308,1.119355807,1,0,0.49107912
0,-0.119355807,1,0.549692264,3,2019-06-29T12:00:00.0,0.549692264,0,0.549692264,4309,1.119355807,1,0,0.49107912
0,-0.119355807,1,0.549692264,3,2019-06-29T13:00:00.0,0.549692264,0,0.549692264,4310,1.119355807,1,0,0.49107912
0,-0.042430781,1,0.533020311,2,2019-06-29T14:00:00.0,0.533020311,0,0.533020311,4311,1.042430781,1,0,0.511324416
0,-0.231606758,1,0.573913248,3,2019-06-29T15:00:00.0,0.573913248,0,0.573913248,4312,1.231606758,1,0,0.465987414
0,-0.231606758,1,0.573913248,3,2019-06-29T16:00:00.0,0.573913248,0,0.573913248,4313,1.231606758,1,0,0.465987414
0,-0.119355807,1,0.549692264,3,2019-06-29T17:00:00.0,0.549692264,0,0.549692264,4314,1.119355807,1,0,0.49107912
0,-0.119355807,1,0.549692264,3,2019-06-29T18:00:00.0,0.549692264,0,0.549692264,4315,1.119355807,1,0,0.49107912
0,-0.119355807,1,0.549692264,3,2019-06-29T19:00:00.0,0.549692264,0,0.549692264,4316,1.119355807,1,0,0.49107912
0,-0.119355807,1,0.549692264,3,2019-06-29T20:00:00.0,0.549692264,0,0.549692264,4317,1.119355807,1,0,0.49107912
0,-0.231606758,1,0.573913248,3,2019-06-29T21:00:00.0,0.573913248,0,0.573913248,4318,1.231606758,1,0,0.465987414
0,-0.231606758,1,0.573913248,3,2019-06-29T22:00:00.0,0.573913248,0,0.573913248,4319,1.231606758,1,0,0.465987414
0,0,1,0.426276334,1,2019-06-29T23:00:00.0,0.426276334,0,0.426276334,4320,1,1,0,0.426276334
0,-0.037777842,1,0.413524782,3,2019-06-30T00:00:00.0,0.413524782,0,0.413524782,4321,1.037777842,1,0,0.398471393
0,-0.037777842,1,0.413524782,3,2019-06-30T01:00:00.0,0.413524782,0,0.413524782,4322,1.037777842,1,0,0.398471393
0,0,1,0.426276334,1,2019-06-30T02:00:00.0,0.426276334,0,0.426276334,4323,1,1,0,0.426276334
0,0,1,0.426276334,1,2019-06-30T03:00:00.0,0.426276334,0,0.426276334,4324,1,1,0,0.426276334
0,0,1,0.426276334,1,2019-06-30T04:00:00.0,0.426276334,0,0.426276334,4325,1,1,0,0.426276334
0,0,1,0.426276334,1,2019-06-30T05:00:00.0,0.426276334,0,0.426276334,4326,1,1,0,0.426276334
0,-0.035016975,1,0.381229541,3,2019-06-30T06:00:00.0,0.381229541,0,0.381229541,4327,1.035016975,1,0,0.36833168
0,-0.227835526,1,0.553354285,3,2019-06-30T07:00:00.0,0.553354285,0,0.553354285,4328,1.227835526,1,0,0.4506746
0,-0.227835526,1,0.553354285,3,2019-06-30T08:00:00.0,0.553354285,0,0.553354285,4329,1.227835526,1,0,0.4506746
0,-0.239616846,1,0.57021646,3,2019-06-30T09:00:00.0,0.57021646,0,0.57021646,4330,1.239616846,1,0,0.45999412
0,-0.239616846,1,0.57021646,3,2019-06-30T10:00:00.0,0.57021646,0,0.57021646,4331,1.239616846,1,0,0.45999412
0,-0.239616846,1,0.57021646,3,2019-06-30T11:00:00.0,0.57021646,0,0.57021646,4332,1.239616846,1,0,0.45999412
0,-0.239616846,1,0.57021646,3,2019-06-30T12:00:00.0,0.57021646,0,0.57021646,4333,1.239616846,1,0,0.45999412
0,-0.239616846,1,0.57021646,3,2019-06-30T13:00:00.0,0.57021646,0,0.57021646,4334,1.239616846,1,0,0.45999412
0,-0.239616846,1,0.57021646,3,2019-06-30T14:00:00.0,0.57021646,0,0.57021646,4335,1.239616846,1,0,0.45999412
0,-0.239616846,1,0.57021646,3,2019-06-30T15:00:00.0,0.57021646,0,0.57021646,4336,1.239616846,1,0,0.45999412
0,-0.239616846,1,0.57021646,3,2019-06-30T16:00:00.0,0.57021646,0,0.57021646,4337,1.239616846,1,0,0.45999412
0,-0.239616846,1,0.57021646,3,2019-06-30T17:00:00.0,0.57021646,0,0.57021646,4338,1.239616846,1,0,0.45999412
0,-0.121127698,1,0.656222487,4,2019-06-30T18:00:00.0,0.656222487,0,0.656222487,4339,1.121127698,1,0,0.585323588
0,-0.121127698,1,0.656222487,4,2019-06-30T19:00:00.0,0.656222487,0,0.656222487,4340,1.121127698,1,0,0.585323588
0,-0.121127698,1,0.656222487,4,2019-06-30T20:00:00.0,0.656222487,0,0.656222487,4341,1.121127698,1,0,0.585323588
0,-0.239616846,1,0.616383893,3,2019-06-30T21:00:00.0,0.616383893,0,0.616383893,4342,1.239616846,1,0,0.497237429
0,-0.239616846,1,0.616383893,3,2019-06-30T22:00:00.0,0.616383893,0,0.616383893,4343,1.239616846,1,0,0.497237429
0,-0.239616846,1,0.57021646,3,2019-06-30T23:00:00.0,0.57021646,0,0.57021646,4344,1.239616846,1,0,0.45999412
0,-0.140592275,1,0.541330732,3,2019-07-01T00:00:00.0,0.541330732,0,0.541330732,4345,1.140592275,1,0,0.474604943
0,-0.140592275,1,0.541330732,3,2019-07-01T01:00:00.0,0.541330732,0,0.541330732,4346,1.140592275,1,0,0.474604943
0,-0.239783832,1,0.57014959,3,2019-07-01T02:00:00.0,0.57014959,0,0.57014959,4347,1.239783832,1,0,0.459878227
0,-0.130199597,1,0.536722082,4,2019-07-01T03:00:00.0,0.536722082,0,0.536722082,4348,1.130199597,1,0,0.474891411
0,-0.239616846,1,0.57021646,3,2019-07-01T04:00:00.0,0.57021646,0,0.57021646,4349,1.239616846,1,0,0.45999412
0,-0.130199597,1,0.536722082,4,2019-07-01T05:00:00.0,0.536722082,0,0.536722082,4350,1.130199597,1,0,0.474891411
0,-0.239783832,1,0.57014959,3,2019-07-01T06:00:00.0,0.57014959,0,0.57014959,4351,1.239783832,1,0,0.459878227
0,-0.130199597,1,0.536722082,4,2019-07-01T07:00:00.0,0.536722082,0,0.536722082,4352,1.130199597,1,0,0.474891411
0,-0.239616846,1,0.57021646,3,2019-07-01T08:00:00.0,0.57021646,0,0.57021646,4353,1.239616846,1,0,0.45999412
0,-0.239783832,1,0.57014959,3,2019-07-01T09:00:00.0,0.57014959,0,0.57014959,4354,1.239783832,1,0,0.459878227
0,-0.239783832,1,0.615768544,3,2019-07-01T10:00:00.0,0.615768544,0,0.615768544,4355,1.239783832,1,0,0.496674121
0,-0.239783832,1,0.615768544,3,2019-07-01T11:00:00.0,0.615768544,0,0.615768544,4356,1.239783832,1,0,0.496674121
0,-0.239616846,1,0.616383893,3,2019-07-01T12:00:00.0,0.616383893,0,0.616383893,4357,1.239616846,1,0,0.497237429
0,-0.239616846,1,0.616383893,3,2019-07-01T13:00:00.0,0.616383893,0,0.616383893,4358,1.239616846,1,0,0.497237429
0,-0.239616846,1,0.616383893,3,2019-07-01T14:00:00.0,0.616383893,0,0.616383893,4359,1.239616846,1,0,0.497237429
0,-0.042430781,1,0.682564912,2,2019-07-01T15:00:00.0,0.682564912,0,0.682564912,4360,1.042430781,1,0,0.654782
0,-0.042430781,1,0.682564912,2,2019-07-01T16:00:00.0,0.682564912,0,0.682564912,4361,1.042430781,1,0,0.654782
0,-0.121127698,1,0.656222487,4,2019-07-01T17:00:00.0,0.656222487,0,0.656222487,4362,1.121127698,1,0,0.585323588
0,-0.121127698,1,0.656222487,4,2019-07-01T18:00:00.0,0.656222487,0,0.656222487,4363,1.121127698,1,0,0.585323588
0,-0.121127698,1,0.656222487,4,2019-07-01T19:00:00.0,0.656222487,0,0.656222487,4364,1.121127698,1,0,0.585323588
0,-0.121127698,1,0.656222487,4,2019-07-01T20:00:00.0,0.656222487,0,0.656222487,4365,1.121127698,1,0,0.585323588
0,-0.121127698,1,0.656222487,4,2019-07-01T21:00:00.0,0.656222487,0,0.656222487,4366,1.121127698,1,0,0.585323588
0,-0.042601778,1,0.682676877,2,2019-07-01T22:00:00.0,0.682676877,0,0.682676877,4367,1.042601778,1,0,0.654782
0,-0.239783832,1,0.615768544,3,2019-07-01T23:00:00.0,0.615768544,0,0.615768544,4368,1.239783832,1,0,0.496674121
0,-0.153414129,1,0.54505596,3,2019-07-02T00:00:00.0,0.54505596,0,0.54505596,4369,1.153414129,1,0,0.472558768
0,-0.037777842,1,0.417168359,3,2019-07-02T01:00:00.0,0.417168359,0,0.417168359,4370,1.037777842,1,0,0.401982334
0,-0.037777842,1,0.417168359,3,2019-07-02T02:00:00.0,0.417168359,0,0.417168359,4371,1.037777842,1,0,0.401982334
0,-0.037777842,1,0.413524782,3,2019-07-02T03:00:00.0,0.413524782,0,0.413524782,4372,1.037777842,1,0,0.398471393
0,-0.037777842,1,0.417168359,3,2019-07-02T04:00:00.0,0.417168359,0,0.417168359,4373,1.037777842,1,0,0.401982334
0,-0.037777842,1,0.417168359,3,2019-07-02T05:00:00.0,0.417168359,0,0.417168359,4374,1.037777842,1,0,0.401982334
0,-0.037777842,1,0.417168359,3,2019-07-02T06:00:00.0,0.417168359,0,0.417168359,4375,1.037777842,1,0,0.401982334
0,-0.037777842,1,0.413524782,3,2019-07-02T07:00:00.0,0.413524782,0,0.413524782,4376,1.037777842,1,0,0.398471393
0,-0.037777842,1,0.417168359,3,2019-07-02T08:00:00.0,0.417168359,0,0.417168359,4377,1.037777842,1,0,0.401982334
0,-0.239783832,1,0.57014959,3,2019-07-02T09:00:00.0,0.57014959,0,0.57014959,4378,1.239783832,1,0,0.459878227
0,-0.239783832,1,0.57014959,3,2019-07-02T10:00:00.0,0.57014959,0,0.57014959,4379,1.239783832,1,0,0.459878227
0,-0.239616846,1,0.57021646,3,2019-07-02T11:00:00.0,0.57021646,0,0.57021646,4380,1.239616846,1,0,0.45999412
0,-0.239783832,1,0.615768544,3,2019-07-02T12:00:00.0,0.615768544,0,0.615768544,4381,1.239783832,1,0,0.496674121
0,-0.042430781,1,0.682564912,2,2019-07-02T13:00:00.0,0.682564912,0,0.682564912,4382,1.042430781,1,0,0.654782
0,-0.121127698,1,0.656222487,4,2019-07-02T14:00:00.0,0.656222487,0,0.656222487,4383,1.121127698,1,0,0.585323588
0,-0.121127698,1,0.656222487,4,2019-07-02T15:00:00.0,0.656222487,0,0.656222487,4384,1.121127698,1,0,0.585323588
0,-0.121127698,1,0.656222487,4,2019-07-02T16:00:00.0,0.656222487,0,0.656222487,4385,1.121127698,1,0,0.585323588
0,-0.121127698,1,0.656222487,4,2019-07-02T17:00:00.0,0.656222487,0,0.656222487,4386,1.121127698,1,0,0.585323588
0,-0.042430781,1,0.682564911,2,2019-07-02T18:00:00.0,0.682564911,0,0.682564911,4387,1.04243078,0.999999999,0,0.654782
0,-0.121127698,1,0.656222487,4,2019-07-02T19:00:00.0,0.656222487,0,0.656222487,4388,1.121127698,1,0,0.585323588
0,-0.121127698,1,0.656222487,4,2019-07-02T20:00:00.0,0.656222487,0,0.656222487,4389,1.121127698,1,0,0.585323588
0,-0.121127698,1,0.656222487,4,2019-07-02T21:00:00.0,0.656222487,0,0.656222487,4390,1.121127698,1,0,0.585323588
0,-0.121127698,1,0.656222487,4,2019-07-02T22:00:00.0,0.656222487,0,0.656222487,4391,1.121127698,1,0,0.585323588
0,-0.140592275,1,0.541330732,3,2019-07-02T23:00:00.0,0.541330732,0,0.541330732,4392,1.140592275,1,0,0.474604943
0,-0.042444677,1,0.419567773,2,2019-07-03T00:00:00.0,0.419567773,0,0.419567773,4393,1.042444677,1,0,0.402484451
0,-0.042444677,1,0.419567773,2,2019-07-03T01:00:00.0,0.419567773,0,0.419567773,4394,1.042444677,1,0,0.402484451
0,-0.042462151,1,0.419574806,2,2019-07-03T02:00:00.0,0.419574806,0,0.419574806,4395,1.042462151,1,0,0.402484451
0,-0.042462151,1,0.419574806,2,2019-07-03T03:00:00.0,0.419574806,0,0.419574806,4396,1.042462151,1,0,0.402484451
0,-0.042462151,1,0.419574806,2,2019-07-03T04:00:00.0,0.419574806,0,0.419574806,4397,1.042462151,1,0,0.402484451
0,-0.042462151,1,0.419574806,2,2019-07-03T05:00:00.0,0.419574806,0,0.419574806,4398,1.042462151,1,0,0.402484451
0,-0.042444677,1,0.419567773,2,2019-07-03T06:00:00.0,0.419567773,0,0.419567773,4399,1.042444677,1,0,0.402484451
0,-0.042444677,1,0.419567773,2,2019-07-03T07:00:00.0,0.419567773,0,0.419567773,4400,1.042444677,1,0,0.402484451
0,-0.042444677,1,0.419567773,2,2019-07-03T08:00:00.0,0.419567773,0,0.419567773,4401,1.042444677,1,0,0.402484451
0,-0.042444677,1,0.419567773,2,2019-07-03T09:00:00.0,0.419567773,0,0.419567773,4402,1.042444677,1,0,0.402484451
0,-0.239783832,1,0.615768545,4,2019-07-03T10:00:00.0,0.615768545,0,0.615768545,4403,1.239783832,1,0,0.496674121
0,-0.121127698,1,0.656222487,4,2019-07-03T11:00:00.0,0.656222487,0,0.656222487,4404,1.121127699,1,0,0.585323588
0,-0.121127698,1,0.656222487,4,2019-07-03T12:00:00.0,0.656222487,0,0.656222487,4405,1.121127699,1,0,0.585323588
0,-0.121127698,1,0.656222487,4,2019-07-03T13:00:00.0,0.656222487,0,0.656222487,4406,1.121127699,1,0,0.585323588
0,-0.121127698,1,0.656222487,4,2019-07-03T14:00:00.0,0.656222487,0,0.656222487,4407,1.121127699,1,0,0.585323588
0,-0.121127698,1,0.656222487,4,2019-07-03T15:00:00.0,0.656222487,0,0.656222487,4408,1.121127699,1,0,0.585323588
0,-0.121127698,1,0.656222487,4,2019-07-03T16:00:00.0,0.656222487,0,0.656222487,4409,1.121127699,1,0,0.585323588
0,-0.140592275,1,0.60523897,3,2019-07-03T17:00:00.0,0.60523897,0,0.60523897,4410,1.140592275,1,0,0.530635691
0,-0.121127698,1,0.656222487,4,2019-07-03T18:00:00.0,0.656222487,0,0.656222487,4411,1.121127699,1,0,0.585323588
0,-0.121127698,1,0.656222487,4,2019-07-03T19:00:00.0,0.656222487,0,0.656222487,4412,1.121127699,1,0,0.585323588
0,-0.121127698,1,0.656222487,4,2019-07-03T20:00:00.0,0.656222487,0,0.656222487,4413,1.121127699,1,0,0.585323588
0,-0.121127698,1,0.656222487,4,2019-07-03T21:00:00.0,0.656222487,0,0.656222487,4414,1.121127699,1,0,0.585323588
0,-0.121127698,1,0.656222487,4,2019-07-03T22:00:00.0,0.656222487,0,0.656222487,4415,1.121127699,1,0,0.585323588
0,-0.042444677,1,0.419567773,2,2019-07-03T23:00:00.0,0.419567773,0,0.419567773,4416,1.042444677,1,0,0.402484451
0,-0.032002202,1,0.43885742,3,2019-07-04T00:00:00.0,0.43885742,0,0.43885742,4417,1.032002202,1,0,0.42524853
0,-0.231606758,1,0.573913248,3,2019-07-04T01:00:00.0,0.573913248,0,0.573913248,4418,1.231606758,1,0,0.465987414
0,-0.119355807,1,0.549692264,3,2019-07-04T02:00:00.0,0.549692264,0,0.549692264,4419,1.119355807,1,0,0.49107912
0,-0.029981369,1,0.428245553,3,2019-07-04T03:00:00.0,0.428245553,0,0.428245553,4420,1.029981369,1,0,0.415779902
0,-0.029981369,1,0.428245553,3,2019-07-04T04:00:00.0,0.428245553,0,0.428245553,4421,1.029981369,1,0,0.415779902
0,-0.029981369,1,0.428245553,3,2019-07-04T05:00:00.0,0.428245553,0,0.428245553,4422,1.029981369,1,0,0.415779902
0,-0.029981369,1,0.428245553,3,2019-07-04T06:00:00.0,0.428245553,0,0.428245553,4423,1.029981369,1,0,0.415779902
0,-0.119355807,1,0.549692264,3,2019-07-04T07:00:00.0,0.549692264,0,0.549692264,4424,1.119355807,1,0,0.49107912
0,-0.119355807,1,0.549692264,3,2019-07-04T08:00:00.0,0.549692264,0,0.549692264,4425,1.119355807,1,0,0.49107912
0,-0.119355807,1,0.549692264,3,2019-07-04T09:00:00.0,0.549692264,0,0.549692264,4426,1.119355807,1,0,0.49107912
0,-0.231606758,1,0.573913248,3,2019-07-04T10:00:00.0,0.573913248,0,0.573913248,4427,1.231606758,1,0,0.465987414
0,-0.231606758,1,0.573913248,3,2019-07-04T11:00:00.0,0.573913248,0,0.573913248,4428,1.231606758,1,0,0.465987414
0,-0.231606758,1,0.573913248,3,2019-07-04T12:00:00.0,0.573913248,0,0.573913248,4429,1.231606758,1,0,0.465987414
0,-0.119355807,1,0.549692264,3,2019-07-04T13:00:00.0,0.549692264,0,0.549692264,4430,1.119355807,1,0,0.49107912
0,-0.121127698,1,0.656222487,4,2019-07-04T14:00:00.0,0.656222487,0,0.656222487,4431,1.121127699,1,0,0.585323588
0,-0.121127698,1,0.656222487,4,2019-07-04T15:00:00.0,0.656222487,0,0.656222487,4432,1.121127699,1,0,0.585323588
0,-0.121127698,1,0.656222487,4,2019-07-04T16:00:00.0,0.656222487,0,0.656222487,4433,1.121127699,1,0,0.585323588
0,-0.121127698,1,0.656222487,4,2019-07-04T17:00:00.0,0.656222487,0,0.656222487,4434,1.121127699,1,0,0.585323588
0,-0.121127698,1,0.656222487,4,2019-07-04T18:00:00.0,0.656222487,0,0.656222487,4435,1.121127699,1,0,0.585323588
0,-0.121127698,1,0.656222487,4,2019-07-04T19:00:00.0,0.656222487,0,0.656222487,4436,1.121127699,1,0,0.585323588
0,-0.121127698,1,0.656222487,4,2019-07-04T20:00:00.0,0.656222487,0,0.656222487,4437,1.121127699,1,0,0.585323588
0,-0.042601778,1,0.682676877,2,2019-07-04T21:00:00.0,0.682676877,0,0.682676877,4438,1.042601778,1,0,0.654782
0,-0.121127698,1,0.656222487,4,2019-07-04T22:00:00.0,0.656222487,0,0.656222487,4439,1.121127699,1,0,0.585323588
0,-0.119355807,1,0.549692264,3,2019-07-04T23:00:00.0,0.549692264,0,0.549692264,4440,1.119355807,1,0,0.49107912
0,-0.119355807,1,0.516829474,3,2019-07-05T00:00:00.0,0.516829474,0,0.516829474,4441,1.119355807,1,0,0.461720456
0,-0.119355807,1,0.549692264,3,2019-07-05T01:00:00.0,0.549692264,0,0.549692264,4442,1.119355807,1,0,0.49107912
0,-0.119355807,1,0.549692264,3,2019-07-05T02:00:00.0,0.549692264,0,0.549692264,4443,1.119355807,1,0,0.49107912
0,-0.119355807,1,0.549692264,3,2019-07-05T03:00:00.0,0.549692264,0,0.549692264,4444,1.119355807,1,0,0.49107912
0,-0.042430781,1,0.53302031,2,2019-07-05T04:00:00.0,0.53302031,0,0.53302031,4445,1.042430781,1,0,0.511324416
0,-0.119355807,1,0.549692264,3,2019-07-05T05:00:00.0,0.549692264,0,0.549692264,4446,1.119355807,1,0,0.49107912
0,-0.119355807,1,0.549692264,3,2019-07-05T06:00:00.0,0.549692264,0,0.549692264,4447,1.119355807,1,0,0.49107912
0,-0.231606758,1,0.573913248,3,2019-07-05T07:00:00.0,0.573913248,0,0.573913248,4448,1.231606758,1,0,0.465987414
0,-0.231606758,1,0.573913248,3,2019-07-05T08:00:00.0,0.573913248,0,0.573913248,4449,1.231606758,1,0,0.465987414
0,-0.231606758,1,0.573913248,3,2019-07-05T09:00:00.0,0.573913248,0,0.573913248,4450,1.231606758,1,0,0.465987414
0,-0.239783832,1,0.615768545,3,2019-07-05T10:00:00.0,0.615768545,0,0.615768545,4451,1.239783832,1,0,0.496674121
0,-0.239783832,1,0.615768545,3,2019-07-05T11:00:00.0,0.615768545,0,0.615768545,4452,1.239783832,1,0,0.496674121
0,-0.239783832,1,0.615768545,3,2019-07-05T12:00:00.0,0.615768545,0,0.615768545,4453,1.239783832,1,0,0.496674121
0,-0.231606758,1,0.578068903,3,2019-07-05T13:00:00.0,0.578068903,0,0.578068903,4454,1.231606758,1,0,0.469361587
0,-0.231606758,1,0.578068903,3,2019-07-05T14:00:00.0,0.578068903,0,0.578068903,4455,1.231606758,1,0,0.469361587
0,-0.042430781,1,0.546733403,2,2019-07-05T15:00:00.0,0.546733403,0,0.546733403,4456,1.042430781,1,0,0.524479335
0,-0.119355807,1,0.559528396,3,2019-07-05T16:00:00.0,0.559528396,0,0.559528396,4457,1.119355807,1,0,0.499866434
0,-0.119355807,1,0.526665606,3,2019-07-05T17:00:00.0,0.526665606,0,0.526665606,4458,1.119355807,1,0,0.470507771
0,-0.121127698,1,0.656222487,4,2019-07-05T18:00:00.0,0.656222487,0,0.656222487,4459,1.121127699,1,0,0.585323588
0,-0.121127698,1,0.656222487,4,2019-07-05T19:00:00.0,0.656222487,0,0.656222487,4460,1.121127699,1,0,0.585323588
0,-0.119355807,1,0.559528396,3,2019-07-05T20:00:00.0,0.559528396,0,0.559528396,4461,1.119355807,1,0,0.499866434
0,-0.119355807,1,0.559528396,3,2019-07-05T21:00:00.0,0.559528396,0,0.559528396,4462,1.119355807,1,0,0.499866434
0,-0.119355807,1,0.559528396,3,2019-07-05T22:00:00.0,0.559528396,0,0.559528396,4463,1.119355807,1,0,0.499866434
0,-0.239783832,1,0.615768545,3,2019-07-05T23:00:00.0,0.615768545,0,0.615768545,4464,1.239783832,1,0,0.496674121
0,-0.064501124,1,0.510394827,4,2019-07-06T00:00:00.0,0.510394827,0,0.510394827,4465,1.064501124,1,0,0.479468565
0,-0.037232593,1,0.570633152,4,2019-07-06T01:00:00.0,0.570633152,0,0.570633152,4466,1.037232593,1,0,0.550149654
0,-0.037232593,1,0.570633152,4,2019-07-06T02:00:00.0,0.570633152,0,0.570633152,4467,1.037232593,1,0,0.550149654
0,-0.037232593,1,0.570633152,4,2019-07-06T03:00:00.0,0.570633152,0,0.570633152,4468,1.037232593,1,0,0.550149654
0,-0.037232593,1,0.570633152,4,2019-07-06T04:00:00.0,0.570633152,0,0.570633152,4469,1.037232593,1,0,0.550149654
0,-0.042430781,1,0.546733403,2,2019-07-06T05:00:00.0,0.546733403,0,0.546733403,4470,1.042430781,1,0,0.524479335
0,-0.037232593,1,0.570633152,4,2019-07-06T06:00:00.0,0.570633152,0,0.570633152,4471,1.037232593,1,0,0.550149654
0,-0.037232593,1,0.570633152,4,2019-07-06T07:00:00.0,0.570633152,0,0.570633152,4472,1.037232593,1,0,0.550149654
0,-0.121127698,1,0.656222487,4,2019-07-06T08:00:00.0,0.656222487,0,0.656222487,4473,1.121127699,1,0,0.585323588
0,-0.121127698,1,0.656222487,4,2019-07-06T09:00:00.0,0.656222487,0,0.656222487,4474,1.121127699,1,0,0.585323588
0,-0.119355807,1,0.549692264,3,2019-07-06T10:00:00.0,0.549692264,0,0.549692264,4475,1.119355807,1,0,0.49107912
0,-0.121127698,1,0.656222487,4,2019-07-06T11:00:00.0,0.656222487,0,0.656222487,4476,1.121127699,1,0,0.585323588
0,-0.042430782,1,0.546733389,2,2019-07-06T12:00:00.0,0.546733389,0,0.546733389,4477,1.042430755,0.999999973,0,0.524479335
0,-0.119355807,1,0.559528396,3,2019-07-06T13:00:00.0,0.559528396,0,0.559528396,4478,1.119355807,1,0,0.499866434
0,-0.119355807,1,0.559528396,3,2019-07-06T14:00:00.0,0.559528396,0,0.559528396,4479,1.119355807,1,0,0.499866434
0,-0.119355807,1,0.559528396,3,2019-07-06T15:00:00.0,0.559528396,0,0.559528396,4480,1.119355807,1,0,0.499866434
0,-0.119355807,1,0.559528396,3,2019-07-06T16:00:00.0,0.559528396,0,0.559528396,4481,1.119355807,1,0,0.499866434
0,-0.119355807,1,0.559528396,3,2019-07-06T17:00:00.0,0.559528396,0,0.559528396,4482,1.119355807,1,0,0.499866434
0,-0.119355807,1,0.559528396,3,2019-07-06T18:00:00.0,0.559528396,0,0.559528396,4483,1.119355807,1,0,0.499866434
0,-0.119355807,1,0.559528396,3,2019-07-06T19:00:00.0,0.559528396,0,0.559528396,4484,1.119355807,1,0,0.499866434
0,-0.121127698,1,0.656222487,4,2019-07-06T20:00:00.0,0.656222487,0,0.656222487,4485,1.121127699,1,0,0.585323588
0,-0.119355807,1,0.559528396,3,2019-07-06T21:00:00.0,0.559528396,0,0.559528396,4486,1.119355807,1,0,0.499866434
0,-0.121127698,1,0.656222487,4,2019-07-06T22:00:00.0,0.656222487,0,0.656222487,4487,1.121127699,1,0,0.585323588
0,-0.042444677,1,0.451822209,2,2019-07-06T23:00:00.0,0.451822209,0,0.451822209,4488,1.042444677,1,0,0.433425599
0,-0.239783832,1,0.57014959,3,2019-07-07T00:00:00.0,0.57014959,0,0.57014959,4489,1.239783832,1,0,0.459878227
0,-0.037777842,1,0.417168359,3,2019-07-07T01:00:00.0,0.417168359,0,0.417168359,4490,1.037777842,1,0,0.401982334
0,-0.037777842,1,0.413524782,3,2019-07-07T02:00:00.0,0.413524782,0,0.413524782,4491,1.037777842,1,0,0.398471393
0,-0.037777842,1,0.413524782,3,2019-07-07T03:00:00.0,0.413524782,0,0.413524782,4492,1.037777842,1,0,0.398471393
0,-0.037777842,1,0.413524782,3,2019-07-07T04:00:00.0,0.413524782,0,0.413524782,4493,1.037777842,1,0,0.398471393
0,-0.037777842,1,0.417168359,3,2019-07-07T05:00:00.0,0.417168359,0,0.417168359,4494,1.037777842,1,0,0.401982334
0,-0.119355807,1,0.505024622,3,2019-07-07T06:00:00.0,0.505024622,0,0.505024622,4495,1.119355807,1,0,0.451174344
0,-0.037777842,1,0.417168359,3,2019-07-07T07:00:00.0,0.417168359,0,0.417168359,4496,1.037777842,1,0,0.401982334
0,-0.037777842,1,0.417168359,3,2019-07-07T08:00:00.0,0.417168359,0,0.417168359,4497,1.037777842,1,0,0.401982334
0,-0.239783832,1,0.57014959,3,2019-07-07T09:00:00.0,0.57014959,0,0.57014959,4498,1.239783832,1,0,0.459878227
0,0,1,0.426276334,1,2019-07-07T10:00:00.0,0.426276334,0,0.426276334,4499,1,1,0,0.426276334
0,0,1,0.426276334,1,2019-07-07T11:00:00.0,0.426276334,0,0.426276334,4500,1,1,0,0.426276334
0,0,1,0.426276334,1,2019-07-07T12:00:00.0,0.426276334,0,0.426276334,4501,1,1,0,0.426276334
0,0,1,0.426276334,1,2019-07-07T13:00:00.0,0.426276334,0,0.426276334,4502,1,1,0,0.426276334
0,0,1,0.426276334,1,2019-07-07T14:00:00.0,0.426276334,0,0.426276334,4503,1,1,0,0.426276334
0,0,1,0.426276334,1,2019-07-07T15:00:00.0,0.426276334,0,0.426276334,4504,1,1,0,0.426276334
0,0,1,0.426276334,1,2019-07-07T16:00:00.0,0.426276334,0,0.426276334,4505,1,1,0,0.426276334
0,-0.121127698,1,0.656222487,4,2019-07-07T17:00:00.0,0.656222487,0,0.656222487,4506,1.121127698,1,0,0.585323588
0,-0.121127698,1,0.656222487,4,2019-07-07T18:00:00.0,0.656222487,0,0.656222487,4507,1.121127698,1,0,0.585323588
0,-0.121127698,1,0.656222487,4,2019-07-07T19:00:00.0,0.656222487,0,0.656222487,4508,1.121127698,1,0,0.585323588
0,-0.121127698,1,0.656222487,4,2019-07-07T20:00:00.0,0.656222487,0,0.656222487,4509,1.121127698,1,0,0.585323588
0,-0.121127698,1,0.656222487,4,2019-07-07T21:00:00.0,0.656222487,0,0.656222487,4510,1.121127698,1,0,0.585323588
0,-0.580538376,1,0.654188468,4,2019-07-07T22:00:00.0,0.654188468,0,0.654188468,4511,1.580538376,1,0,0.413902299
0,-0.239783832,1,0.615768545,3,2019-07-07T23:00:00.0,0.615768545,0,0.615768545,4512,1.239783832,1,0,0.496674121
0,-0.140592275,1,0.541330732,3,2019-07-08T00:00:00.0,0.541330732,0,0.541330732,4513,1.140592275,1,0,0.474604943
0,-0.140592275,1,0.544071579,3,2019-07-08T01:00:00.0,0.544071579,0,0.544071579,4514,1.140592275,1,0,0.477007947
0,-0.140592275,1,0.541330732,3,2019-07-08T02:00:00.0,0.541330732,0,0.541330732,4515,1.140592275,1,0,0.474604943
0,-0.239783832,1,0.571320154,3,2019-07-08T03:00:00.0,0.571320154,0,0.571320154,4516,1.239783832,1,0,0.460822394
0,-0.140592275,1,0.544071579,3,2019-07-08T04:00:00.0,0.544071579,0,0.544071579,4517,1.140592275,1,0,0.477007947
0,-0.239783832,1,0.57014959,3,2019-07-08T05:00:00.0,0.57014959,0,0.57014959,4518,1.239783832,1,0,0.459878227
0,-0.239783832,1,0.571320154,3,2019-07-08T06:00:00.0,0.571320154,0,0.571320154,4519,1.239783832,1,0,0.460822394
0,-0.239783832,1,0.571320154,3,2019-07-08T07:00:00.0,0.571320154,0,0.571320154,4520,1.239783832,1,0,0.460822394
0,-0.239783832,1,0.571320154,3,2019-07-08T08:00:00.0,0.571320154,0,0.571320154,4521,1.239783832,1,0,0.460822394
0,-0.239616846,1,0.616383893,3,2019-07-08T09:00:00.0,0.616383893,0,0.616383893,4522,1.239616846,1,0,0.497237429
0,-0.239616846,1,0.616383893,3,2019-07-08T10:00:00.0,0.616383893,0,0.616383893,4523,1.239616846,1,0,0.497237429
0,-0.239783832,1,0.615768545,3,2019-07-08T11:00:00.0,0.615768545,0,0.615768545,4524,1.239783832,1,0,0.496674121
0,-0.239783832,1,0.615768544,3,2019-07-08T12:00:00.0,0.615768544,0,0.615768544,4525,1.239783832,1,0,0.496674121
0,-0.239783832,1,0.615768544,3,2019-07-08T13:00:00.0,0.615768544,0,0.615768544,4526,1.239783832,1,0,0.496674121
0,-0.239783832,1,0.615768544,3,2019-07-08T14:00:00.0,0.615768544,0,0.615768544,4527,1.239783832,1,0,0.496674121
0,-0.121127698,1,0.656222487,4,2019-07-08T15:00:00.0,0.656222487,0,0.656222487,4528,1.121127698,1,0,0.585323588
0,-0.121127698,1,0.656222487,4,2019-07-08T16:00:00.0,0.656222487,0,0.656222487,4529,1.121127698,1,0,0.585323588
0,-0.121127698,1,0.656222487,4,2019-07-08T17:00:00.0,0.656222487,0,0.656222487,4530,1.121127698,1,0,0.585323588
0,-0.121127698,1,0.656222487,5,2019-07-08T18:00:00.0,0.656222487,0,0.656222487,4531,1.121127698,1,0,0.585323588
0,-0.042430781,1,0.682564912,3,2019-07-08T19:00:00.0,0.682564912,0,0.682564912,4532,1.042430781,1,0,0.654782
0,-0.121127698,1,0.656222487,4,2019-07-08T20:00:00.0,0.656222487,0,0.656222487,4533,1.121127698,1,0,0.585323588
0,-0.120770938,1,0.656342434,4,2019-07-08T21:00:00.0,0.656342434,0,0.656342434,4534,1.120770938,1,0,0.585616928
0,-0.120770938,1,0.656342434,4,2019-07-08T22:00:00.0,0.656342434,0,0.656342434,4535,1.120770938,1,0,0.585616928
0,-0.239496414,1,0.570066255,3,2019-07-08T23:00:00.0,0.570066255,0,0.570066255,4536,1.239496414,1,0,0.459917632
0,0,1,0.426276334,1,2019-07-09T00:00:00.0,0.426276334,0,0.426276334,4537,1,1,0,0.426276334
0,-0.239496414,1,0.615863194,3,2019-07-09T01:00:00.0,0.615863194,0,0.615863194,4538,1.239496414,1,0,0.496865652
0,-0.042462151,1,0.682585453,2,2019-07-09T02:00:00.0,0.682585453,0,0.682585453,4539,1.042462152,1,0,0.654782
0,-0.239496414,1,0.615863194,3,2019-07-09T03:00:00.0,0.615863194,0,0.615863194,4540,1.239496414,1,0,0.496865652
0,-0.239496414,1,0.615863194,3,2019-07-09T04:00:00.0,0.615863194,0,0.615863194,4541,1.239496415,1,0,0.496865652
0,-0.121127698,1,0.656222487,4,2019-07-09T05:00:00.0,0.656222487,0,0.656222487,4542,1.121127699,1,0,0.585323588
0,-0.239783832,1,0.615768545,3,2019-07-09T06:00:00.0,0.615768545,0,0.615768545,4543,1.239783832,1,0,0.496674121
0,-0.239783832,1,0.615768545,3,2019-07-09T07:00:00.0,0.615768545,0,0.615768545,4544,1.239783832,1,0,0.496674121
0,-0.239783832,1,0.615768545,3,2019-07-09T08:00:00.0,0.615768545,0,0.615768545,4545,1.239783832,1,0,0.496674121
0,-0.239783832,1,0.615768545,3,2019-07-09T09:00:00.0,0.615768545,0,0.615768545,4546,1.239783832,1,0,0.496674121
0,-0.239783832,1,0.615768545,3,2019-07-09T10:00:00.0,0.615768545,0,0.615768545,4547,1.239783832,1,0,0.496674121
0,-0.239783832,1,0.615768545,3,2019-07-09T11:00:00.0,0.615768545,0,0.615768545,4548,1.239783832,1,0,0.496674121
0,-0.239783832,1,0.615768545,3,2019-07-09T12:00:00.0,0.615768545,0,0.615768545,4549,1.239783832,1,0,0.496674121
0,-0.042430781,1,0.682564912,2,2019-07-09T13:00:00.0,0.682564912,0,0.682564912,4550,1.042430781,1,0,0.654782
0,-0.239783832,1,0.615768544,3,2019-07-09T14:00:00.0,0.615768544,0,0.615768544,4551,1.239783832,1,0,0.496674121
0,-0.121127698,1,0.656222487,4,2019-07-09T15:00:00.0,0.656222487,0,0.656222487,4552,1.121127698,1,0,0.585323588
0,-0.121127698,1,0.656222487,4,2019-07-09T16:00:00.0,0.656222487,0,0.656222487,4553,1.121127699,1,0,0.585323588
0,-0.121127698,1,0.656222487,4,2019-07-09T17:00:00.0,0.656222487,0,0.656222487,4554,1.121127699,1,0,0.585323588
0,-0.121127698,1,0.656222487,4,2019-07-09T18:00:00.0,0.656222487,0,0.656222487,4555,1.121127699,1,0,0.585323588
0,-0.239783832,1,0.615768545,3,2019-07-09T19:00:00.0,0.615768545,0,0.615768545,4556,1.239783832,1,0,0.496674121
0,-0.042601778,1,0.682676877,2,2019-07-09T20:00:00.0,0.682676877,0,0.682676877,4557,1.042601778,1,0,0.654782
0,-0.121127698,1,0.656222487,4,2019-07-09T21:00:00.0,0.656222487,0,0.656222487,4558,1.121127699,1,0,0.585323588
0,-0.239783832,1,0.615768545,3,2019-07-09T22:00:00.0,0.615768545,0,0.615768545,4559,1.239783832,1,0,0.496674121
0,-0.239783832,1,0.615768545,3,2019-07-09T23:00:00.0,0.615768545,0,0.615768545,4560,1.239783832,1,0,0.496674121
0,-0.121127698,1,0.656222487,4,2019-07-10T00:00:00.0,0.656222487,0,0.656222487,4561,1.121127698,1,0,0.585323588
0,-0.121127698,1,0.656222487,4,2019-07-10T01:00:00.0,0.656222487,0,0.656222487,4562,1.121127699,1,0,0.585323588
0,-0.121127698,1,0.656222487,4,2019-07-10T02:00:00.0,0.656222487,0,0.656222487,4563,1.121127699,1,0,0.585323588
0,-0.121127698,1,0.656222487,4,2019-07-10T03:00:00.0,0.656222487,0,0.656222487,4564,1.121127699,1,0,0.585323588
0,-0.121127698,1,0.656222487,4,2019-07-10T04:00:00.0,0.656222487,0,0.656222487,4565,1.121127699,1,0,0.585323588
0,-0.239783832,1,0.615768545,3,2019-07-10T05:00:00.0,0.615768545,0,0.615768545,4566,1.239783832,1,0,0.496674121
0,-0.121127698,1,0.656222487,4,2019-07-10T06:00:00.0,0.656222487,0,0.656222487,4567,1.121127699,1,0,0.585323588
0,-0.042278842,1,0.682465425,2,2019-07-10T07:00:00.0,0.682465425,0,0.682465425,4568,1.042278842,1,0,0.654782
0,-0.239783832,1,0.615768545,3,2019-07-10T08:00:00.0,0.615768545,0,0.615768545,4569,1.239783832,1,0,0.496674121
0,-0.231606758,1,0.578068903,3,2019-07-10T09:00:00.0,0.578068903,0,0.578068903,4570,1.231606758,1,0,0.469361587
0,-0.231606758,1,0.578068903,3,2019-07-10T10:00:00.0,0.578068903,0,0.578068903,4571,1.231606758,1,0,0.469361587
0,-0.119355807,1,0.559528396,3,2019-07-10T11:00:00.0,0.559528396,0,0.559528396,4572,1.119355807,1,0,0.499866434
0,-0.119355807,1,0.559528396,3,2019-07-10T12:00:00.0,0.559528396,0,0.559528396,4573,1.119355807,1,0,0.499866434
0,-0.119355807,1,0.559528396,3,2019-07-10T13:00:00.0,0.559528396,0,0.559528396,4574,1.119355807,1,0,0.499866434
0,-0.042430781,1,0.546733403,2,2019-07-10T14:00:00.0,0.546733403,0,0.546733403,4575,1.042430781,1,0,0.524479335
0,-0.119355807,1,0.559528396,3,2019-07-10T15:00:00.0,0.559528396,0,0.559528396,4576,1.119355807,1,0,0.499866434
0,-0.119355807,1,0.559528396,3,2019-07-10T16:00:00.0,0.559528396,0,0.559528396,4577,1.119355807,1,0,0.499866434
0,-0.119355807,1,0.559528396,3,2019-07-10T17:00:00.0,0.559528396,0,0.559528396,4578,1.119355807,1,0,0.499866434
0,-0.119355807,1,0.559528396,3,2019-07-10T18:00:00.0,0.559528396,0,0.559528396,4579,1.119355807,1,0,0.499866434
0,-0.053683939,1,0.605039917,3,2019-07-10T19:00:00.0,0.605039917,0,0.605039917,4580,1.053683939,1,0,0.574213855
0,-0.121127698,1,0.656222487,4,2019-07-10T20:00:00.0,0.656222487,0,0.656222487,4581,1.121127699,1,0,0.585323588
0,-0.119355807,1,0.559528396,3,2019-07-10T21:00:00.0,0.559528396,0,0.559528396,4582,1.119355807,1,0,0.499866434
0,-0.231606758,1,0.578068903,3,2019-07-10T22:00:00.0,0.578068903,0,0.578068903,4583,1.231606758,1,0,0.469361587
0,-0.239783832,1,0.615768545,3,2019-07-10T23:00:00.0,0.615768545,0,0.615768545,4584,1.239783832,1,0,0.496674121
0,-0.121127698,1,0.656222487,4,2019-07-11T00:00:00.0,0.656222487,0,0.656222487,4585,1.121127698,1,0,0.585323588
0,-0.121127698,1,0.656222487,4,2019-07-11T01:00:00.0,0.656222487,0,0.656222487,4586,1.121127699,1,0,0.585323588
0,-0.037232593,1,0.570633152,4,2019-07-11T02:00:00.0,0.570633152,0,0.570633152,4587,1.037232593,1,0,0.550149654
0,-0.037232593,1,0.570633152,4,2019-07-11T03:00:00.0,0.570633152,0,0.570633152,4588,1.037232593,1,0,0.550149654
0,-0.037232593,1,0.570633152,4,2019-07-11T04:00:00.0,0.570633152,0,0.570633152,4589,1.037232593,1,0,0.550149654
0,-0.037232593,1,0.570633152,4,2019-07-11T05:00:00.0,0.570633152,0,0.570633152,4590,1.037232593,1,0,0.550149654
0,-0.037232593,1,0.570633152,4,2019-07-11T06:00:00.0,0.570633152,0,0.570633152,4591,1.037232593,1,0,0.550149654
0,-0.121127698,1,0.656222487,4,2019-07-11T07:00:00.0,0.656222487,0,0.656222487,4592,1.121127699,1,0,0.585323588
0,-0.121127698,1,0.656222487,4,2019-07-11T08:00:00.0,0.656222487,0,0.656222487,4593,1.121127699,1,0,0.585323588
0,-0.121127698,1,0.656222487,4,2019-07-11T09:00:00.0,0.656222487,0,0.656222487,4594,1.121127699,1,0,0.585323588
0,-0.037232593,1,0.570633152,4,2019-07-11T10:00:00.0,0.570633152,0,0.570633152,4595,1.037232593,1,0,0.550149654
0,-0.042430781,1,0.682564912,2,2019-07-11T11:00:00.0,0.682564912,0,0.682564912,4596,1.042430781,1,0,0.654782
0,-0.119355807,1,0.549692264,3,2019-07-11T12:00:00.0,0.549692264,0,0.549692264,4597,1.119355807,1,0,0.49107912
0,-0.119355807,1,0.549692264,3,2019-07-11T13:00:00.0,0.549692264,0,0.549692264,4598,1.119355807,1,0,0.49107912
0,-0.119355807,1,0.549692264,3,2019-07-11T14:00:00.0,0.549692264,0,0.549692264,4599,1.119355807,1,0,0.49107912
0,-0.119355807,1,0.549692264,3,2019-07-11T15:00:00.0,0.549692264,0,0.549692264,4600,1.119355807,1,0,0.49107912
0,-0.119355807,1,0.549692264,3,2019-07-11T16:00:00.0,0.549692264,0,0.549692264,4601,1.119355807,1,0,0.49107912
0,-0.119355807,1,0.549692264,3,2019-07-11T17:00:00.0,0.549692264,0,0.549692264,4602,1.119355807,1,0,0.49107912
0,-0.119355807,1,0.549692264,3,2019-07-11T18:00:00.0,0.549692264,0,0.549692264,4603,1.119355807,1,0,0.49107912
0,-0.119355807,1,0.549692264,3,2019-07-11T19:00:00.0,0.549692264,0,0.549692264,4604,1.119355807,1,0,0.49107912
0,-0.119355807,1,0.549692264,3,2019-07-11T20:00:00.0,0.549692264,0,0.549692264,4605,1.119355807,1,0,0.49107912
0,-0.119355807,1,0.549692264,3,2019-07-11T21:00:00.0,0.549692264,0,0.549692264,4606,1.119355807,1,0,0.49107912
0,-0.119355807,1,0.549692264,3,2019-07-11T22:00:00.0,0.549692264,0,0.549692264,4607,1.119355807,1,0,0.49107912
0,-0.119355807,1,0.516829474,3,2019-07-11T23:00:00.0,0.516829474,0,0.516829474,4608,1.119355807,1,0,0.461720456
0,-0.119355807,1,0.559528396,3,2019-07-12T00:00:00.0,0.559528396,0,0.559528396,4609,1.119355807,1,0,0.499866434
0,-0.119355807,1,0.559528396,3,2019-07-12T01:00:00.0,0.559528396,0,0.559528396,4610,1.119355807,1,0,0.499866434
0,-0.119355807,1,0.559528396,3,2019-07-12T02:00:00.0,0.559528396,0,0.559528396,4611,1.119355807,1,0,0.499866434
0,-0.121127698,1,0.656222487,4,2019-07-12T03:00:00.0,0.656222487,0,0.656222487,4612,1.121127698,1,0,0.585323588
0,-0.119355807,1,0.559528396,3,2019-07-12T04:00:00.0,0.559528396,0,0.559528396,4613,1.119355807,1,0,0.499866434
0,-0.239783832,1,0.615768544,3,2019-07-12T05:00:00.0,0.615768544,0,0.615768544,4614,1.239783832,1,0,0.496674121
0,-0.121127698,1,0.656222487,4,2019-07-12T06:00:00.0,0.656222487,0,0.656222487,4615,1.121127698,1,0,0.585323588
0,-0.121127698,1,0.656222487,4,2019-07-12T07:00:00.0,0.656222487,0,0.656222487,4616,1.121127698,1,0,0.585323588
0,-0.239616846,1,0.616383893,3,2019-07-12T08:00:00.0,0.616383893,0,0.616383893,4617,1.239616846,1,0,0.497237429
0,-0.239616846,1,0.616383893,3,2019-07-12T09:00:00.0,0.616383893,0,0.616383893,4618,1.239616846,1,0,0.497237429
0,-0.239616846,1,0.616383893,3,2019-07-12T10:00:00.0,0.616383893,0,0.616383893,4619,1.239616846,1,0,0.497237429
0,-0.239616846,1,0.616383893,3,2019-07-12T11:00:00.0,0.616383893,0,0.616383893,4620,1.239616846,1,0,0.497237429
0,-0.239616846,1,0.616383893,3,2019-07-12T12:00:00.0,0.616383893,0,0.616383893,4621,1.239616846,1,0,0.497237429
0,-0.121127698,1,0.656222487,4,2019-07-12T13:00:00.0,0.656222487,0,0.656222487,4622,1.121127698,1,0,0.585323588
0,-0.121127698,1,0.656222487,4,2019-07-12T14:00:00.0,0.656222487,0,0.656222487,4623,1.121127698,1,0,0.585323588
0,-0.121127698,1,0.656222487,4,2019-07-12T15:00:00.0,0.656222487,0,0.656222487,4624,1.121127698,1,0,0.585323588
0,-0.121127698,1,0.656222487,4,2019-07-12T16:00:00.0,0.656222487,0,0.656222487,4625,1.121127698,1,0,0.585323588
0,-0.121127698,1,0.656222487,4,2019-07-12T17:00:00.0,0.656222487,0,0.656222487,4626,1.121127698,1,0,0.585323588
0,-0.121127698,1,0.656222487,4,2019-07-12T18:00:00.0,0.656222487,0,0.656222487,4627,1.121127698,1,0,0.585323588
0,-0.121127698,1,0.656222487,4,2019-07-12T19:00:00.0,0.656222487,0,0.656222487,4628,1.121127698,1,0,0.585323588
0,-0.121127698,1,0.656222487,4,2019-07-12T20:00:00.0,0.656222487,0,0.656222487,4629,1.121127698,1,0,0.585323588
0,-0.121127698,1,0.656222487,4,2019-07-12T21:00:00.0,0.656222487,0,0.656222487,4630,1.121127698,1,0,0.585323588
0,-0.121127698,1,0.656222487,4,2019-07-12T22:00:00.0,0.656222487,0,0.656222487,4631,1.121127699,1,0,0.585323588
0,-0.231606758,1,0.578068903,3,2019-07-12T23:00:00.0,0.578068903,0,0.578068903,4632,1.231606758,1,0,0.469361587
0,-0.239783832,1,0.57014959,3,2019-07-13T00:00:00.0,0.57014959,0,0.57014959,4633,1.239783832,1,0,0.459878227
0,-0.140592275,1,0.541330732,3,2019-07-13T01:00:00.0,0.541330732,0,0.541330732,4634,1.140592275,1,0,0.474604943
0,-0.239783832,1,0.57014959,3,2019-07-13T02:00:00.0,0.57014959,0,0.57014959,4635,1.239783832,1,0,0.459878227
0,-0.239783832,1,0.57014959,3,2019-07-13T03:00:00.0,0.57014959,0,0.57014959,4636,1.239783832,1,0,0.459878227
0,-0.239783832,1,0.57014959,3,2019-07-13T04:00:00.0,0.57014959,0,0.57014959,4637,1.239783832,1,0,0.459878227
0,-0.140592275,1,0.541330732,3,2019-07-13T05:00:00.0,0.541330732,0,0.541330732,4638,1.140592275,1,0,0.474604943
0,-0.140592275,1,0.541330732,3,2019-07-13T06:00:00.0,0.541330732,0,0.541330732,4639,1.140592275,1,0,0.474604943
0,-0.140592275,1,0.541330732,3,2019-07-13T07:00:00.0,0.541330732,0,0.541330732,4640,1.140592275,1,0,0.474604943
0,-0.140592275,1,0.541330732,3,2019-07-13T08:00:00.0,0.541330732,0,0.541330732,4641,1.140592275,1,0,0.474604943
0,0,1,0.426276334,1,2019-07-13T09:00:00.0,0.426276334,0,0.426276334,4642,1,1,0,0.426276334
0,0,1,0.426276334,1,2019-07-13T10:00:00.0,0.426276334,0,0.426276334,4643,1,1,0,0.426276334
0,0,1,0.426276334,1,2019-07-13T11:00:00.0,0.426276334,0,0.426276334,4644,1,1,0,0.426276334
0,0,1,0.426276334,1,2019-07-13T12:00:00.0,0.426276334,0,0.426276334,4645,1,1,0,0.426276334
0,0,1,0.426276334,1,2019-07-13T13:00:00.0,0.426276334,0,0.426276334,4646,1,1,0,0.426276334
0,0,1,0.426276334,1,2019-07-13T14:00:00.0,0.426276334,0,0.426276334,4647,1,1,0,0.426276334
0,0,1,0.426276334,1,2019-07-13T15:00:00.0,0.426276334,0,0.426276334,4648,1,1,0,0.426276334
0,-0.121127698,1,0.656222487,4,2019-07-13T16:00:00.0,0.656222487,0,0.656222487,4649,1.121127698,1,0,0.585323588
0,-0.121127698,1,0.656222487,4,2019-07-13T17:00:00.0,0.656222487,0,0.656222487,4650,1.121127698,1,0,0.585323588
0,-0.042430781,1,0.682564912,2,2019-07-13T18:00:00.0,0.682564912,0,0.682564912,4651,1.042430782,1.000000001,0,0.654782
0,-0.121127698,1,0.656222487,4,2019-07-13T19:00:00.0,0.656222487,0,0.656222487,4652,1.121127698,1,0,0.585323588
0,-0.121127698,1,0.656222487,4,2019-07-13T20:00:00.0,0.656222487,0,0.656222487,4653,1.121127698,1,0,0.585323588
0,-0.121127698,1,0.656222487,4,2019-07-13T21:00:00.0,0.656222487,0,0.656222487,4654,1.121127699,1,0,0.585323588
0,-0.042278842,1,0.682465425,2,2019-07-13T22:00:00.0,0.682465425,0,0.682465425,4655,1.042278842,1,0,0.654782
0,-0.239616846,1,0.57021646,3,2019-07-13T23:00:00.0,0.57021646,0,0.57021646,4656,1.239616846,1,0,0.45999412
0,-0.239783832,1,0.571320154,3,2019-07-14T00:00:00.0,0.571320154,0,0.571320154,4657,1.239783832,1,0,0.460822394
0,-0.239783832,1,0.571320154,3,2019-07-14T01:00:00.0,0.571320154,0,0.571320154,4658,1.239783832,1,0,0.460822394
0,-0.239783832,1,0.571320154,3,2019-07-14T02:00:00.0,0.571320154,0,0.571320154,4659,1.239783832,1,0,0.460822394
0,-0.042462151,1,0.682585453,2,2019-07-14T03:00:00.0,0.682585453,0,0.682585453,4660,1.042462152,1,0,0.654782
0,-0.140592275,1,0.544071579,3,2019-07-14T04:00:00.0,0.544071579,0,0.544071579,4661,1.140592275,1,0,0.477007947
0,-0.140592275,1,0.544071579,3,2019-07-14T05:00:00.0,0.544071579,0,0.544071579,4662,1.140592275,1,0,0.477007947
0,-0.140592275,1,0.544071579,3,2019-07-14T06:00:00.0,0.544071579,0,0.544071579,4663,1.140592275,1,0,0.477007947
0,-0.036780521,1,0.424106089,4,2019-07-14T07:00:00.0,0.424106089,0,0.424106089,4664,1.036780522,1,0,0.409060626
0,-0.130199597,1,0.539470028,4,2019-07-14T08:00:00.0,0.539470028,0,0.539470028,4665,1.130199597,1,0,0.477322793
0,-0.130199597,1,0.539470028,4,2019-07-14T09:00:00.0,0.539470028,0,0.539470028,4666,1.130199597,1.000000001,0,0.477322793
0,-0.239616846,1,0.616383894,3,2019-07-14T10:00:00.0,0.616383894,0,0.616383894,4667,1.239616847,1.000000001,0,0.497237429
0,-0.121127698,1,0.656222487,4,2019-07-14T11:00:00.0,0.656222487,0,0.656222487,4668,1.121127699,1,0,0.585323588
0,-0.042444677,1,0.419567773,2,2019-07-14T12:00:00.0,0.419567773,0,0.419567773,4669,1.042444677,1,0,0.402484451
0,-0.042444677,1,0.419567773,2,2019-07-14T13:00:00.0,0.419567773,0,0.419567773,4670,1.042444678,1.000000001,0,0.402484451
0,-0.042444677,1,0.419567773,2,2019-07-14T14:00:00.0,0.419567773,0,0.419567773,4671,1.042444677,1,0,0.402484451
0,-0.042444677,1,0.419567773,2,2019-07-14T15:00:00.0,0.419567773,0,0.419567773,4672,1.042444677,1,0,0.402484451
0,-0.042444677,1,0.419567773,2,2019-07-14T16:00:00.0,0.419567773,0,0.419567773,4673,1.042444677,1,0,0.402484451
0,-0.042444677,1,0.419567773,2,2019-07-14T17:00:00.0,0.419567773,0,0.419567773,4674,1.042444677,1,0,0.402484451
0,-0.042444677,1,0.419567773,2,2019-07-14T18:00:00.0,0.419567773,0,0.419567773,4675,1.042444677,1,0,0.402484451
0,-0.042444677,1,0.419567773,2,2019-07-14T19:00:00.0,0.419567773,0,0.419567773,4676,1.042444677,1,0,0.402484451
0,-0.042444677,1,0.419567773,2,2019-07-14T20:00:00.0,0.419567773,0,0.419567773,4677,1.042444677,1,0,0.402484451
0,-0.042444677,1,0.419567773,2,2019-07-14T21:00:00.0,0.419567773,0,0.419567773,4678,1.042444677,1,0,0.402484451
0,-0.239616846,1,0.616383894,3,2019-07-14T22:00:00.0,0.616383894,0,0.616383894,4679,1.239616846,1,0,0.497237429
0,-0.239616846,1,0.616383893,3,2019-07-14T23:00:00.0,0.616383893,0,0.616383893,4680,1.239616846,1,0,0.497237429
0,-0.121127698,1,0.656222487,4,2019-07-15T00:00:00.0,0.656222487,0,0.656222487,4681,1.121127698,1,0,0.585323588
0,-0.121127698,1,0.656222487,4,2019-07-15T01:00:00.0,0.656222487,0,0.656222487,4682,1.121127698,1,0,0.585323588
0,-0.120770938,1,0.656342434,4,2019-07-15T02:00:00.0,0.656342434,0,0.656342434,4683,1.120770938,1,0,0.585616928
0,-0.120770938,1,0.656342434,4,2019-07-15T03:00:00.0,0.656342434,0,0.656342434,4684,1.120770938,1,0,0.585616928
0,-0.117729103,1,0.656765546,4,2019-07-15T04:00:00.0,0.656765546,0,0.656765546,4685,1.117729103,1,0,0.587589197
0,-0.042430781,1,0.682564912,2,2019-07-15T05:00:00.0,0.682564912,0,0.682564912,4686,1.042430781,1,0,0.654782
0,-0.121127698,1,0.656222487,4,2019-07-15T06:00:00.0,0.656222487,0,0.656222487,4687,1.121127699,1,0,0.585323588
0,-0.121127698,1,0.656222487,4,2019-07-15T07:00:00.0,0.656222487,0,0.656222487,4688,1.121127699,1,0,0.585323588
0,-0.239783832,1,0.615768545,3,2019-07-15T08:00:00.0,0.615768545,0,0.615768545,4689,1.239783832,1,0,0.496674121
0,-0.239783832,1,0.615768545,3,2019-07-15T09:00:00.0,0.615768545,0,0.615768545,4690,1.239783832,1,0,0.496674121
0,-0.042444677,1,0.451822209,2,2019-07-15T10:00:00.0,0.451822209,0,0.451822209,4691,1.042444677,1,0,0.433425599
0,-0.121127698,1,0.656222487,4,2019-07-15T11:00:00.0,0.656222487,0,0.656222487,4692,1.121127699,1,0,0.585323588
0,-0.042444677,1,0.419567773,2,2019-07-15T12:00:00.0,0.419567773,0,0.419567773,4693,1.042444677,1,0,0.402484451
0,-0.042444677,1,0.419567773,2,2019-07-15T13:00:00.0,0.419567773,0,0.419567773,4694,1.042444677,1,0,0.402484451
0,-0.042444677,1,0.419567773,2,2019-07-15T14:00:00.0,0.419567773,0,0.419567773,4695,1.042444678,1,0,0.402484451
0,-0.042444677,1,0.419567773,2,2019-07-15T15:00:00.0,0.419567773,0,0.419567773,4696,1.042444677,1,0,0.402484451
0,-0.042444677,1,0.419567773,2,2019-07-15T16:00:00.0,0.419567773,0,0.419567773,4697,1.042444677,1,0,0.402484451
0,-0.042444677,1,0.419567773,2,2019-07-15T17:00:00.0,0.419567773,0,0.419567773,4698,1.042444677,1,0,0.402484451
0,-0.042444677,1,0.419567773,2,2019-07-15T18:00:00.0,0.419567773,0,0.419567773,4699,1.042444677,1,0,0.402484451
0,-0.121127698,1,0.656222487,4,2019-07-15T19:00:00.0,0.656222487,0,0.656222487,4700,1.121127698,1,0,0.585323588
0,-0.042661239,1,0.419654936,2,2019-07-15T20:00:00.0,0.419654936,0,0.419654936,4701,1.042661239,1,0,0.402484451
0,-0.042615723,1,0.419636616,2,2019-07-15T21:00:00.0,0.419636616,0,0.419636616,4702,1.042615723,1,0,0.402484451
0,-0.121127698,1,0.656222487,4,2019-07-15T22:00:00.0,0.656222487,0,0.656222487,4703,1.121127699,1,0,0.585323588
0,-0.052713279,1,0.678521267,4,2019-07-15T23:00:00.0,0.678521267,0,0.678521267,4704,1.052713279,1,0,0.644545177
0,-0.042444677,1,0.451822209,2,2019-07-16T00:00:00.0,0.451822209,0,0.451822209,4705,1.042444677,1,0,0.433425599
0,-0.121127698,1,0.656222487,4,2019-07-16T01:00:00.0,0.656222487,0,0.656222487,4706,1.121127699,1,0,0.585323588
0,-0.121127698,1,0.656222487,4,2019-07-16T02:00:00.0,0.656222487,0,0.656222487,4707,1.121127699,1,0,0.585323588
0,-0.239783832,1,0.615768545,3,2019-07-16T03:00:00.0,0.615768545,0,0.615768545,4708,1.239783832,1,0,0.496674121
0,-0.121127698,1,0.656222487,4,2019-07-16T04:00:00.0,0.656222487,0,0.656222487,4709,1.121127699,1,0,0.585323588
0,-0.121127698,1,0.656222487,4,2019-07-16T05:00:00.0,0.656222487,0,0.656222487,4710,1.121127699,1,0,0.585323588
0,-0.121127698,1,0.656222487,4,2019-07-16T06:00:00.0,0.656222487,0,0.656222487,4711,1.121127699,1,0,0.585323588
0,-0.239783832,1,0.615768545,3,2019-07-16T07:00:00.0,0.615768545,0,0.615768545,4712,1.239783832,1,0,0.496674121
0,-0.239783832,1,0.615768545,3,2019-07-16T08:00:00.0,0.615768545,0,0.615768545,4713,1.239783832,1,0,0.496674121
0,-0.239783832,1,0.615768545,3,2019-07-16T09:00:00.0,0.615768545,0,0.615768545,4714,1.239783832,1,0,0.496674121
0,-0.239783832,1,0.615768545,3,2019-07-16T10:00:00.0,0.615768545,0,0.615768545,4715,1.239783832,1,0,0.496674121
0,-0.121127698,1,0.656222487,4,2019-07-16T11:00:00.0,0.656222487,0,0.656222487,4716,1.121127699,1,0,0.585323588
0,-0.042444677,1,0.419567773,2,2019-07-16T12:00:00.0,0.419567773,0,0.419567773,4717,1.042444677,1,0,0.402484451
0,-0.042444677,1,0.419567773,2,2019-07-16T13:00:00.0,0.419567773,0,0.419567773,4718,1.042444677,1,0,0.402484451
0,-0.042444677,1,0.419567773,2,2019-07-16T14:00:00.0,0.419567773,0,0.419567773,4719,1.042444677,1,0,0.402484451
0,-0.042444677,1,0.419567773,2,2019-07-16T15:00:00.0,0.419567773,0,0.419567773,4720,1.042444677,1,0,0.402484451
0,-0.042444677,1,0.419567773,2,2019-07-16T16:00:00.0,0.419567773,0,0.419567773,4721,1.042444677,1,0,0.402484451
0,-0.042615723,1,0.419636616,2,2019-07-16T17:00:00.0,0.419636616,0,0.419636616,4722,1.042615723,1,0,0.402484451
0,-0.042615723,1,0.419636616,2,2019-07-16T18:00:00.0,0.419636616,0,0.419636616,4723,1.042615723,1,0,0.402484451
0,-0.042615723,1,0.419636616,2,2019-07-16T19:00:00.0,0.419636616,0,0.419636616,4724,1.042615723,1,0,0.402484451
0,-0.042615723,1,0.419636616,2,2019-07-16T20:00:00.0,0.419636616,0,0.419636616,4725,1.042615723,1,0,0.402484451
0,-0.042615723,1,0.419636616,2,2019-07-16T21:00:00.0,0.419636616,0,0.419636616,4726,1.042615723,1,0,0.402484451
0,-0.239783832,1,0.615768545,3,2019-07-16T22:00:00.0,0.615768545,0,0.615768545,4727,1.239783832,1,0,0.496674121
0,0,1,0.426276334,1,2019-07-16T23:00:00.0,0.426276334,0,0.426276334,4728,1,1,0,0.426276334
0,-0.121127698,1,0.656222487,4,2019-07-17T00:00:00.0,0.656222487,0,0.656222487,4729,1.121127698,1,0,0.585323588
0,-0.121127698,1,0.656222487,4,2019-07-17T01:00:00.0,0.656222487,0,0.656222487,4730,1.121127698,1,0,0.585323588
0,-0.121127698,1,0.656222487,4,2019-07-17T02:00:00.0,0.656222487,0,0.656222487,4731,1.121127698,1,0,0.585323588
0,-0.042430781,1,0.682564912,3,2019-07-17T03:00:00.0,0.682564912,0,0.682564912,4732,1.042430781,1,0,0.654782
0,-0.121127698,1,0.656222487,4,2019-07-17T04:00:00.0,0.656222487,0,0.656222487,4733,1.121127698,1,0,0.585323588
0,-0.121127698,1,0.656222487,4,2019-07-17T05:00:00.0,0.656222487,0,0.656222487,4734,1.121127698,1,0,0.585323588
0,-0.121127698,1,0.656222487,4,2019-07-17T06:00:00.0,0.656222487,0,0.656222487,4735,1.121127698,1,0,0.585323588
0,-0.9332478,1,0.88513625,4,2019-07-17T07:00:00.0,0.88513625,0,0.88513625,4736,1.9332478,1,0,0.457849351
0,-0.121127698,1,0.656222487,4,2019-07-17T08:00:00.0,0.656222487,0,0.656222487,4737,1.121127698,1,0,0.585323588
0,-0.121127698,1,0.656222487,4,2019-07-17T09:00:00.0,0.656222487,0,0.656222487,4738,1.121127698,1,0,0.585323588
0,-0.121127698,1,0.656222487,4,2019-07-17T10:00:00.0,0.656222487,0,0.656222487,4739,1.121127698,1,0,0.585323588
0,-0.121127698,1,0.656222487,4,2019-07-17T11:00:00.0,0.656222487,0,0.656222487,4740,1.121127698,1,0,0.585323588
0,-0.140592275,1,0.60523897,3,2019-07-17T12:00:00.0,0.60523897,0,0.60523897,4741,1.140592275,1,0,0.530635691
0,-0.121127698,1,0.656222487,4,2019-07-17T13:00:00.0,0.656222487,0,0.656222487,4742,1.121127698,1,0,0.585323588
0,-0.121127698,1,0.656222487,4,2019-07-17T14:00:00.0,0.656222487,0,0.656222487,4743,1.121127698,1,0,0.585323588
0,-0.053412789,1,0.631650462,3,2019-07-17T15:00:00.0,0.631650462,0,0.631650462,4744,1.053412789,1,0,0.599622929
0,-0.121127698,1,0.656222487,4,2019-07-17T16:00:00.0,0.656222487,0,0.656222487,4745,1.121127699,1,0,0.585323588
0,-0.053412789,1,0.631650462,3,2019-07-17T17:00:00.0,0.631650462,0,0.631650462,4746,1.053412789,1,0,0.599622929
0,-0.053412789,1,0.933309388,3,2019-07-17T18:00:00.0,0.933309388,0,0.933309388,4747,1.053412789,1,0,0.885986384
0,-0.053412789,1,0.954676787,3,2019-07-17T19:00:00.0,0.954676787,0,0.954676787,4748,1.053412789,1,0,0.906270359
0,-0.053412789,1,0.954676787,3,2019-07-17T20:00:00.0,0.954676787,0,0.954676787,4749,1.053412789,1,0,0.906270359
0,-0.053412789,1,0.954676787,3,2019-07-17T21:00:00.0,0.954676787,0,0.954676787,4750,1.053412789,1,0,0.906270359
0,-0.140592275,1,0.60523897,3,2019-07-17T22:00:00.0,0.60523897,0,0.60523897,4751,1.140592275,1,0,0.530635691
0,-0.032002202,1,0.467417533,3,2019-07-17T23:00:00.0,0.467417533,0,0.467417533,4752,1.032002202,1,0,0.452923
0,-0.042444677,1,0.419567773,2,2019-07-18T00:00:00.0,0.419567773,0,0.419567773,4753,1.042444677,1,0,0.402484451
0,-0.042444677,1,0.419567773,2,2019-07-18T01:00:00.0,0.419567773,0,0.419567773,4754,1.042444677,1,0,0.402484451
0,-0.042278842,1,0.546653714,2,2019-07-18T02:00:00.0,0.546653714,0,0.546653714,4755,1.042278842,1,0,0.524479335
0,-0.042444677,1,0.419567773,2,2019-07-18T03:00:00.0,0.419567773,0,0.419567773,4756,1.042444677,1,0,0.402484451
0,-0.042444677,1,0.419567773,2,2019-07-18T04:00:00.0,0.419567773,0,0.419567773,4757,1.042444677,1,0,0.402484451
0,-0.042444677,1,0.419567773,2,2019-07-18T05:00:00.0,0.419567773,0,0.419567773,4758,1.042444677,1,0,0.402484451
0,-0.042444677,1,0.419567773,2,2019-07-18T06:00:00.0,0.419567773,0,0.419567773,4759,1.042444677,1,0,0.402484451
0,-0.042444677,1,0.419567773,2,2019-07-18T07:00:00.0,0.419567773,0,0.419567773,4760,1.042444677,1,0,0.402484451
0,-0.042444677,1,0.419567773,2,2019-07-18T08:00:00.0,0.419567773,0,0.419567773,4761,1.042444677,1,0,0.402484451
0,-0.042444677,1,0.419567773,2,2019-07-18T09:00:00.0,0.419567773,0,0.419567773,4762,1.042444677,1,0,0.402484451
0,-0.042444677,1,0.419567773,2,2019-07-18T10:00:00.0,0.419567773,0,0.419567773,4763,1.042444677,1,0,0.402484451
0,-0.042444677,1,0.419567773,2,2019-07-18T11:00:00.0,0.419567773,0,0.419567773,4764,1.042444677,1,0,0.402484451
0,-0.140592275,1,0.60523897,3,2019-07-18T12:00:00.0,0.60523897,0,0.60523897,4765,1.140592275,1,0,0.530635691
0,-0.140592275,1,0.60523897,3,2019-07-18T13:00:00.0,0.60523897,0,0.60523897,4766,1.140592275,1,0,0.530635691
0,-0.121127698,1,0.656222487,4,2019-07-18T14:00:00.0,0.656222487,0,0.656222487,4767,1.121127699,1,0,0.585323588
0,-0.121127698,1,0.656222487,4,2019-07-18T15:00:00.0,0.656222487,0,0.656222487,4768,1.121127699,1,0,0.585323588
0,-0.121127698,1,0.656222487,4,2019-07-18T16:00:00.0,0.656222487,0,0.656222487,4769,1.121127699,1,0,0.585323588
0,-0.121127698,1,0.656222487,4,2019-07-18T17:00:00.0,0.656222487,0,0.656222487,4770,1.121127699,1,0,0.585323588
0,-0.053412789,1,0.954676787,3,2019-07-18T18:00:00.0,0.954676787,0,0.954676787,4771,1.05341279,1,0,0.906270359
0,-0.121127698,1,0.656222487,4,2019-07-18T19:00:00.0,0.656222487,0,0.656222487,4772,1.121127699,1,0,0.585323588
0,-0.140592275,1,0.60523897,3,2019-07-18T20:00:00.0,0.60523897,0,0.60523897,4773,1.140592275,1,0,0.530635691
0,-0.042615723,1,0.419636616,2,2019-07-18T21:00:00.0,0.419636616,0,0.419636616,4774,1.042615723,1,0,0.402484451
0,-0.042615723,1,0.419636616,2,2019-07-18T22:00:00.0,0.419636616,0,0.419636616,4775,1.042615723,1,0,0.402484451
0,-0.239783832,1,0.615768545,3,2019-07-18T23:00:00.0,0.615768545,0,0.615768545,4776,1.239783832,1,0,0.496674121
0,-0.239783832,1,0.615768545,3,2019-07-19T00:00:00.0,0.615768545,0,0.615768545,4777,1.239783832,1,0,0.496674121
0,-0.042462151,1,0.419574806,2,2019-07-19T01:00:00.0,0.419574806,0,0.419574806,4778,1.042462151,1,0,0.402484451
0,-0.042462151,1,0.419574806,2,2019-07-19T02:00:00.0,0.419574806,0,0.419574806,4779,1.042462152,1,0,0.402484451
0,-0.042462151,1,0.419574806,2,2019-07-19T03:00:00.0,0.419574806,0,0.419574806,4780,1.042462151,1,0,0.402484451
0,-0.042462151,1,0.419574806,2,2019-07-19T04:00:00.0,0.419574806,0,0.419574806,4781,1.042462151,1,0,0.402484451
0,-0.042462151,1,0.419574806,2,2019-07-19T05:00:00.0,0.419574806,0,0.419574806,4782,1.042462151,1,0,0.402484451
0,-0.042462151,1,0.419574806,2,2019-07-19T06:00:00.0,0.419574806,0,0.419574806,4783,1.042462151,1,0,0.402484451
0,-0.239783832,1,0.615768545,3,2019-07-19T07:00:00.0,0.615768545,0,0.615768545,4784,1.239783832,1,0,0.496674121
0,-0.239783832,1,0.615768545,3,2019-07-19T08:00:00.0,0.615768545,0,0.615768545,4785,1.239783832,1,0,0.496674121
0,-0.239783832,1,0.615768545,3,2019-07-19T09:00:00.0,0.615768545,0,0.615768545,4786,1.239783832,1,0,0.496674121
0,-0.239783832,1,0.615768545,3,2019-07-19T10:00:00.0,0.615768545,0,0.615768545,4787,1.239783832,1,0,0.496674121
0,-0.231606758,1,0.619231672,3,2019-07-19T11:00:00.0,0.619231672,0,0.619231672,4788,1.231606758,1,0,0.502783594
0,-0.231606758,1,0.619231672,3,2019-07-19T12:00:00.0,0.619231672,0,0.619231672,4789,1.231606758,1,0,0.502783594
0,-0.231606758,1,0.619231672,3,2019-07-19T13:00:00.0,0.619231672,0,0.619231672,4790,1.231606758,1,0,0.502783594
0,-0.231606758,1,0.619231672,3,2019-07-19T14:00:00.0,0.619231672,0,0.619231672,4791,1.231606758,1,0,0.502783594
0,-0.231606758,1,0.619231672,3,2019-07-19T15:00:00.0,0.619231672,0,0.619231672,4792,1.231606758,1,0,0.502783594
0,-0.042449192,1,0.659338028,2,2019-07-19T16:00:00.0,0.659338028,0,0.659338028,4793,1.042449192,1,0,0.632489365
0,-0.119355807,1,0.656957666,4,2019-07-19T17:00:00.0,0.656957666,0,0.656957666,4794,1.119355807,1,0,0.586906917
0,-0.108493162,1,0.660608451,4,2019-07-19T18:00:00.0,0.660608451,0,0.660608451,4795,1.108493162,1,0,0.59595176
0,-0.042449192,1,0.682576967,2,2019-07-19T19:00:00.0,0.682576967,0,0.682576967,4796,1.042449192,1,0,0.654782
0,-0.108493162,1,0.660608451,4,2019-07-19T20:00:00.0,0.660608451,0,0.660608451,4797,1.108493162,1,0,0.59595176
0,-0.119355807,1,0.656957666,4,2019-07-19T21:00:00.0,0.656957666,0,0.656957666,4798,1.119355807,1,0,0.586906917
0,-0.231606758,1,0.619231672,3,2019-07-19T22:00:00.0,0.619231672,0,0.619231672,4799,1.231606758,1,0,0.502783594
0,-0.239783832,1,0.615768545,3,2019-07-19T23:00:00.0,0.615768545,0,0.615768545,4800,1.239783832,1,0,0.496674121
0,-0.140592275,1,0.60523897,3,2019-07-20T00:00:00.0,0.60523897,0,0.60523897,4801,1.140592275,1,0,0.530635691
0,-0.140592275,1,0.562550383,3,2019-07-20T01:00:00.0,0.562550383,0,0.562550383,4802,1.140592275,1,0,0.493209007
0,-0.140592275,1,0.562550383,3,2019-07-20T02:00:00.0,0.562550383,0,0.562550383,4803,1.140592275,1,0,0.493209007
0,-0.140592275,1,0.562550383,3,2019-07-20T03:00:00.0,0.562550383,0,0.562550383,4804,1.140592275,1,0,0.493209007
0,-0.140592275,1,0.562550383,3,2019-07-20T04:00:00.0,0.562550383,0,0.562550383,4805,1.140592275,1,0,0.493209007
0,-0.140592275,1,0.562550383,3,2019-07-20T05:00:00.0,0.562550383,0,0.562550383,4806,1.140592275,1,0,0.493209007
0,-0.140592275,1,0.562550383,3,2019-07-20T06:00:00.0,0.562550383,0,0.562550383,4807,1.140592275,1,0,0.493209007
0,-0.140592275,1,0.562550383,3,2019-07-20T07:00:00.0,0.562550383,0,0.562550383,4808,1.140592275,1,0,0.493209007
0,-0.140592275,1,0.562550383,3,2019-07-20T08:00:00.0,0.562550383,0,0.562550383,4809,1.140592275,1,0,0.493209007
0,-0.092318233,1,0.456235098,3,2019-07-20T09:00:00.0,0.456235098,0,0.456235098,4810,1.092318233,1,0,0.417675988
0,-0.053412789,1,0.600194713,3,2019-07-20T10:00:00.0,0.600194713,0,0.600194713,4811,1.053412789,1,0,0.569762129
0,-0.089308348,1,0.493051426,3,2019-07-20T11:00:00.0,0.493051426,0,0.493051426,4812,1.089308348,1,0,0.45262797
0,-0.089308348,1,0.493051426,3,2019-07-20T12:00:00.0,0.493051426,0,0.493051426,4813,1.089308348,1,0,0.45262797
0,-0.092318233,1,0.473105132,3,2019-07-20T13:00:00.0,0.473105132,0,0.473105132,4814,1.092318233,1,0,0.433120237
0,-0.092318233,1,0.473105132,3,2019-07-20T14:00:00.0,0.473105132,0,0.473105132,4815,1.092318233,1,0,0.433120237
0,-0.092318233,1,0.473105132,3,2019-07-20T15:00:00.0,0.473105132,0,0.473105132,4816,1.092318233,1,0,0.433120237
0,-0.092318233,1,0.473105132,3,2019-07-20T16:00:00.0,0.473105132,0,0.473105132,4817,1.092318233,1,0,0.433120237
0,-0.089308348,1,0.493051426,3,2019-07-20T17:00:00.0,0.493051426,0,0.493051426,4818,1.089308349,1,0,0.45262797
0,-0.089308348,1,0.493051426,3,2019-07-20T18:00:00.0,0.493051426,0,0.493051426,4819,1.089308348,1,0,0.45262797
0,-0.091117629,1,0.493851166,3,2019-07-20T19:00:00.0,0.493851166,0,0.493851166,4820,1.091117629,1,0,0.452610381
0,-0.091117629,1,0.493851166,3,2019-07-20T20:00:00.0,0.493851166,0,0.493851166,4821,1.091117629,1,0,0.452610381
0,-0.091117629,1,0.493851166,3,2019-07-20T21:00:00.0,0.493851166,0,0.493851166,4822,1.091117629,1,0,0.452610381
0,-0.089308348,1,0.493051426,3,2019-07-20T22:00:00.0,0.493051426,0,0.493051426,4823,1.089308349,1,0,0.45262797
0,-0.092318233,1,0.429881751,3,2019-07-20T23:00:00.0,0.429881751,0,0.429881751,4824,1.092318233,1,0,0.393549918
0,-0.042444677,1,0.419567773,2,2019-07-21T00:00:00.0,0.419567773,0,0.419567773,4825,1.042444677,1,0,0.402484451
0,-0.042444677,1,0.419567773,2,2019-07-21T01:00:00.0,0.419567773,0,0.419567773,4826,1.042444677,1,0,0.402484451
0,-0.042444677,1,0.419567773,2,2019-07-21T02:00:00.0,0.419567773,0,0.419567773,4827,1.042444677,1,0,0.402484451
0,-0.042444677,1,0.419567773,2,2019-07-21T03:00:00.0,0.419567773,0,0.419567773,4828,1.042444677,1,0,0.402484451
0,-0.042444677,1,0.419567773,2,2019-07-21T04:00:00.0,0.419567773,0,0.419567773,4829,1.042444677,1,0,0.402484451
0,-0.042444677,1,0.419567773,2,2019-07-21T05:00:00.0,0.419567773,0,0.419567773,4830,1.042444677,1,0,0.402484451
0,-0.042444677,1,0.419567773,2,2019-07-21T06:00:00.0,0.419567773,0,0.419567773,4831,1.042444677,1,0,0.402484451
0,0,1,0.426276334,1,2019-07-21T07:00:00.0,0.426276334,0,0.426276334,4832,1,1,0,0.426276334
0,0,1,0.426276334,1,2019-07-21T08:00:00.0,0.426276334,0,0.426276334,4833,1,1,0,0.426276334
0,0,1,0.426276334,1,2019-07-21T09:00:00.0,0.426276334,0,0.426276334,4834,1,1,0,0.426276334
0,0,1,0.426276334,1,2019-07-21T10:00:00.0,0.426276334,0,0.426276334,4835,1,1,0,0.426276334
0,0,1,0.426276334,1,2019-07-21T11:00:00.0,0.426276334,0,0.426276334,4836,1,1,0,0.426276334
0,0,1,0.426276334,1,2019-07-21T12:00:00.0,0.426276334,0,0.426276334,4837,1,1,0,0.426276334
0,-0.121127698,1,0.656222487,4,2019-07-21T13:00:00.0,0.656222487,0,0.656222487,4838,1.121127698,1,0,0.585323588
0,-0.121127698,1,0.656222487,4,2019-07-21T14:00:00.0,0.656222487,0,0.656222487,4839,1.121127699,1,0,0.585323588
0,-0.121127698,1,0.656222487,4,2019-07-21T15:00:00.0,0.656222487,0,0.656222487,4840,1.121127698,1,0,0.585323588
0,-0.121127698,1,0.656222487,4,2019-07-21T16:00:00.0,0.656222487,0,0.656222487,4841,1.121127698,1,0,0.585323588
0,-0.121127698,1,0.656222487,4,2019-07-21T17:00:00.0,0.656222487,0,0.656222487,4842,1.121127698,1,0,0.585323588
0,-0.121127698,1,0.656222487,4,2019-07-21T18:00:00.0,0.656222487,0,0.656222487,4843,1.121127698,1,0,0.585323588
0,-0.121127698,1,0.656222487,4,2019-07-21T19:00:00.0,0.656222487,0,0.656222487,4844,1.121127698,1,0,0.585323588
0,-0.121127698,1,0.656222487,4,2019-07-21T20:00:00.0,0.656222487,0,0.656222487,4845,1.121127698,1,0,0.585323588
0,-0.121127698,1,0.656222487,4,2019-07-21T21:00:00.0,0.656222487,0,0.656222487,4846,1.121127698,1,0,0.585323588
0,-0.121127698,1,0.656222487,4,2019-07-21T22:00:00.0,0.656222487,0,0.656222487,4847,1.121127698,1,0,0.585323588
0,-0.239783832,1,0.615768545,3,2019-07-21T23:00:00.0,0.615768545,0,0.615768545,4848,1.239783832,1,0,0.496674121
0,-0.092318233,1,0.666044621,3,2019-07-22T00:00:00.0,0.666044621,0,0.666044621,4849,1.092318233,1,0,0.609753276
0,-0.053429631,1,0.60492539,3,2019-07-22T01:00:00.0,0.60492539,0,0.60492539,4850,1.053429631,1,0,0.574243758
0,-0.053429631,1,0.60492539,3,2019-07-22T02:00:00.0,0.60492539,0,0.60492539,4851,1.053429631,1,0,0.574243758
0,-0.092318233,1,0.666044621,3,2019-07-22T03:00:00.0,0.666044621,0,0.666044621,4852,1.092318233,1,0,0.609753276
0,-0.092318233,1,0.666044621,3,2019-07-22T04:00:00.0,0.666044621,0,0.666044621,4853,1.092318233,1,0,0.609753276
0,-0.092318233,1,0.666044621,3,2019-07-22T05:00:00.0,0.666044621,0,0.666044621,4854,1.092318233,1,0,0.609753276
0,-0.092032301,1,0.56717085,4,2019-07-22T06:00:00.0,0.56717085,0,0.56717085,4855,1.092032301,1,0,0.519371863
0,-0.092318233,1,0.577989918,3,2019-07-22T07:00:00.0,0.577989918,0,0.577989918,4856,1.092318233,1,0,0.529140594
0,-0.091986861,1,0.57796966,3,2019-07-22T08:00:00.0,0.57796966,0,0.57796966,4857,1.091986861,1,0,0.529282614
0,-0.092318233,1,0.577989918,3,2019-07-22T09:00:00.0,0.577989918,0,0.577989918,4858,1.092318233,1,0,0.529140594
0,-0.092318233,1,0.577989918,3,2019-07-22T10:00:00.0,0.577989918,0,0.577989918,4859,1.092318233,1,0,0.529140594
0,-0.092318233,1,0.577989918,3,2019-07-22T11:00:00.0,0.577989918,0,0.577989918,4860,1.092318233,1,0,0.529140594
0,-0.119355807,1,0.637247327,4,2019-07-22T12:00:00.0,0.637247327,0,0.637247327,4861,1.119355807,1,0,0.569298273
0,-0.092318233,1,0.577685018,4,2019-07-22T13:00:00.0,0.577685018,0,0.577685018,4862,1.092318233,1,0,0.528861462
0,-0.092318233,1,0.577971551,3,2019-07-22T14:00:00.0,0.577971551,0,0.577971551,4863,1.092318233,1,0,0.529123779
0,-0.092318233,1,0.577971551,3,2019-07-22T15:00:00.0,0.577971551,0,0.577971551,4864,1.092318233,1,0,0.529123779
0,-0.092318233,1,0.577971551,3,2019-07-22T16:00:00.0,0.577971551,0,0.577971551,4865,1.092318233,1,0,0.529123779
0,-0.053412789,1,0.604917805,3,2019-07-22T17:00:00.0,0.604917805,0,0.604917805,4866,1.053412789,1,0,0.574245739
0,-0.119355807,1,0.637247327,4,2019-07-22T18:00:00.0,0.637247327,0,0.637247327,4867,1.119355807,1,0,0.569298273
0,-0.119355807,1,0.637247327,4,2019-07-22T19:00:00.0,0.637247327,0,0.637247327,4868,1.119355807,1,0,0.569298273
0,-0.053683939,1,0.605039917,3,2019-07-22T20:00:00.0,0.605039917,0,0.605039917,4869,1.053683939,1,0,0.574213855
0,-0.119355807,1,0.637247327,4,2019-07-22T21:00:00.0,0.637247327,0,0.637247327,4870,1.119355807,1,0,0.569298273
0,-0.092318233,1,0.577971551,3,2019-07-22T22:00:00.0,0.577971551,0,0.577971551,4871,1.092318233,1,0,0.529123779
0,-0.119355807,1,0.661145571,4,2019-07-22T23:00:00.0,0.661145571,0,0.661145571,4872,1.119355807,1,0,0.59064827
0,-0.239783832,1,0.571320154,3,2019-07-23T00:00:00.0,0.571320154,0,0.571320154,4873,1.239783832,1,0,0.460822394
0,-0.239783832,1,0.571320154,3,2019-07-23T01:00:00.0,0.571320154,0,0.571320154,4874,1.239783832,1,0,0.460822394
0,-0.239783832,1,0.571320154,3,2019-07-23T02:00:00.0,0.571320154,0,0.571320154,4875,1.239783832,1,0,0.460822394
0,-0.239783832,1,0.57014959,3,2019-07-23T03:00:00.0,0.57014959,0,0.57014959,4876,1.239783832,1,0,0.459878227
0,-0.239783832,1,0.571320154,3,2019-07-23T04:00:00.0,0.571320154,0,0.571320154,4877,1.239783832,1,0,0.460822394
0,-0.239783832,1,0.571320154,3,2019-07-23T05:00:00.0,0.571320154,0,0.571320154,4878,1.239783832,1,0,0.460822394
0,-0.239783832,1,0.571320154,3,2019-07-23T06:00:00.0,0.571320154,0,0.571320154,4879,1.239783832,1,0,0.460822394
0,-0.121127698,1,0.656222487,4,2019-07-23T07:00:00.0,0.656222487,0,0.656222487,4880,1.121127698,1,0,0.585323588
0,-0.121127698,1,0.656222487,5,2019-07-23T08:00:00.0,0.656222487,0,0.656222487,4881,1.121127698,1,0,0.585323588
0,-0.239783832,1,0.615768544,3,2019-07-23T09:00:00.0,0.615768544,0,0.615768544,4882,1.239783832,1,0,0.496674121
0,-0.239783832,1,0.615768544,3,2019-07-23T10:00:00.0,0.615768544,0,0.615768544,4883,1.239783832,1,0,0.496674121
0,-0.239783832,1,0.615768544,3,2019-07-23T11:00:00.0,0.615768544,0,0.615768544,4884,1.239783832,1,0,0.496674121
0,-0.239783832,1,0.615768544,3,2019-07-23T12:00:00.0,0.615768544,0,0.615768544,4885,1.239783832,1,0,0.496674121
0,-0.239783832,1,0.615768545,3,2019-07-23T13:00:00.0,0.615768545,0,0.615768545,4886,1.239783832,1,0,0.496674121
0,-0.239616846,1,0.616383893,3,2019-07-23T14:00:00.0,0.616383893,0,0.616383893,4887,1.239616846,1,0,0.497237429
0,-0.239783832,1,0.615768544,3,2019-07-23T15:00:00.0,0.615768544,0,0.615768544,4888,1.239783832,1,0,0.496674121
0,-0.239783832,1,0.615768544,3,2019-07-23T16:00:00.0,0.615768544,0,0.615768544,4889,1.239783832,1,0,0.496674121
0,-0.121127698,1,0.656222487,4,2019-07-23T17:00:00.0,0.656222487,0,0.656222487,4890,1.121127699,1,0,0.585323588
0,-0.121127698,1,0.656222487,4,2019-07-23T18:00:00.0,0.656222487,0,0.656222487,4891,1.121127698,1,0,0.585323588
0,-0.121127698,1,0.656222487,4,2019-07-23T19:00:00.0,0.656222487,0,0.656222487,4892,1.121127698,1,0,0.585323588
0,-0.121127698,1,0.656222487,4,2019-07-23T20:00:00.0,0.656222487,0,0.656222487,4893,1.121127698,1,0,0.585323588
0,-0.121127698,1,0.656222487,4,2019-07-23T21:00:00.0,0.656222487,0,0.656222487,4894,1.121127698,1,0,0.585323588
0,-0.042278842,1,0.682465425,2,2019-07-23T22:00:00.0,0.682465425,0,0.682465425,4895,1.042278842,1,0,0.654782
0,-0.239783832,1,0.57014959,3,2019-07-23T23:00:00.0,0.57014959,0,0.57014959,4896,1.239783832,1,0,0.459878227
0,-0.037777842,1,0.413524782,3,2019-07-24T00:00:00.0,0.413524782,0,0.413524782,4897,1.037777842,1,0,0.398471393
0,-0.037777842,1,0.417168359,3,2019-07-24T01:00:00.0,0.417168359,0,0.417168359,4898,1.037777842,1,0,0.401982334
0,-0.037777842,1,0.417168359,3,2019-07-24T02:00:00.0,0.417168359,0,0.417168359,4899,1.037777842,1,0,0.401982334
0,-0.037777842,1,0.417168359,3,2019-07-24T03:00:00.0,0.417168359,0,0.417168359,4900,1.037777842,1,0,0.401982334
0,-0.037777842,1,0.417168359,3,2019-07-24T04:00:00.0,0.417168359,0,0.417168359,4901,1.037777842,1,0,0.401982334
0,-0.037777842,1,0.413524782,3,2019-07-24T05:00:00.0,0.413524782,0,0.413524782,4902,1.037777842,1,0,0.398471393
0,-0.037777842,1,0.413524782,3,2019-07-24T06:00:00.0,0.413524782,0,0.413524782,4903,1.037777842,1,0,0.398471393
0,-0.239783832,1,0.57014959,3,2019-07-24T07:00:00.0,0.57014959,0,0.57014959,4904,1.239783832,1,0,0.459878227
0,-0.239783832,1,0.57014959,4,2019-07-24T08:00:00.0,0.57014959,0,0.57014959,4905,1.239783832,1,0,0.459878227
0,-0.239783832,1,0.57014959,3,2019-07-24T09:00:00.0,0.57014959,0,0.57014959,4906,1.239783832,1,0,0.459878227
0,0,1,0.426276334,1,2019-07-24T10:00:00.0,0.426276334,0,0.426276334,4907,1,1,0,0.426276334
0,0,1,0.426276334,1,2019-07-24T11:00:00.0,0.426276334,0,0.426276334,4908,1,1,0,0.426276334
0,0,1,0.426276334,1,2019-07-24T12:00:00.0,0.426276334,0,0.426276334,4909,1,1,0,0.426276334
0,0,1,0.426276334,1,2019-07-24T13:00:00.0,0.426276334,0,0.426276334,4910,1,1,0,0.426276334
0,0,1,0.426276334,1,2019-07-24T14:00:00.0,0.426276334,0,0.426276334,4911,1,1,0,0.426276334
0,-0.239616846,1,0.616383893,3,2019-07-24T15:00:00.0,0.616383893,0,0.616383893,4912,1.239616846,1,0,0.497237429
0,-0.121127698,1,0.656222487,4,2019-07-24T16:00:00.0,0.656222487,0,0.656222487,4913,1.121127698,1,0,0.585323588
0,-0.042430781,1,0.682564912,2,2019-07-24T17:00:00.0,0.682564912,0,0.682564912,4914,1.042430781,1,0,0.654782
0,-0.121127698,1,0.656222487,4,2019-07-24T18:00:00.0,0.656222487,0,0.656222487,4915,1.121127698,1,0,0.585323588
0,-0.042430781,1,0.682564912,2,2019-07-24T19:00:00.0,0.682564912,0,0.682564912,4916,1.042430781,1,0,0.654782
0,-0.042430781,1,0.682564912,2,2019-07-24T20:00:00.0,0.682564912,0,0.682564912,4917,1.042430781,1,0,0.654782
0,-0.121127698,1,0.656222487,4,2019-07-24T21:00:00.0,0.656222487,0,0.656222487,4918,1.121127698,1,0,0.585323588
0,-0.121127698,1,0.656222487,4,2019-07-24T22:00:00.0,0.656222487,0,0.656222487,4919,1.121127698,1,0,0.585323588
0,-0.239783832,1,0.57014959,3,2019-07-24T23:00:00.0,0.57014959,0,0.57014959,4920,1.239783832,1,0,0.459878227
0,-0.140592275,1,0.541330732,3,2019-07-25T00:00:00.0,0.541330732,0,0.541330732,4921,1.140592275,1,0,0.474604943
0,-0.140592275,1,0.541330732,3,2019-07-25T01:00:00.0,0.541330732,0,0.541330732,4922,1.140592275,1,0,0.474604943
0,-0.140592275,1,0.541330732,3,2019-07-25T02:00:00.0,0.541330732,0,0.541330732,4923,1.140592275,1,0,0.474604943
0,-0.130056166,1,0.536679777,5,2019-07-25T03:00:00.0,0.536679777,0,0.536679777,4924,1.130056166,1,0,0.474914251
0,-0.140592275,1,0.541330732,3,2019-07-25T04:00:00.0,0.541330732,0,0.541330732,4925,1.140592275,1,0,0.474604943
0,-0.239783832,1,0.57014959,3,2019-07-25T05:00:00.0,0.57014959,0,0.57014959,4926,1.239783832,1,0,0.459878227
0,-0.140592275,1,0.541330732,3,2019-07-25T06:00:00.0,0.541330732,0,0.541330732,4927,1.140592275,1,0,0.474604943
0,-0.239616846,1,0.57021646,3,2019-07-25T07:00:00.0,0.57021646,0,0.57021646,4928,1.239616846,1,0,0.45999412
0,-0.239616846,1,0.57021646,3,2019-07-25T08:00:00.0,0.57021646,0,0.57021646,4929,1.239616846,1,0,0.45999412
0,0,1,0.426276334,1,2019-07-25T09:00:00.0,0.426276334,0,0.426276334,4930,1,1,0,0.426276334
0,0,1,0.426276334,1,2019-07-25T10:00:00.0,0.426276334,0,0.426276334,4931,1,1,0,0.426276334
0,0,1,0.426276334,1,2019-07-25T11:00:00.0,0.426276334,0,0.426276334,4932,1,1,0,0.426276334
0,0,1,0.426276334,1,2019-07-25T12:00:00.0,0.426276334,0,0.426276334,4933,1,1,0,0.426276334
0,0,1,0.426276334,1,2019-07-25T13:00:00.0,0.426276334,0,0.426276334,4934,1,1,0,0.426276334
0,0,1,0.426276334,1,2019-07-25T14:00:00.0,0.426276334,0,0.426276334,4935,1,1,0,0.426276334
0,0,1,0.426276334,1,2019-07-25T15:00:00.0,0.426276334,0,0.426276334,4936,1,1,0,0.426276334
0,0,1,0.426276334,1,2019-07-25T16:00:00.0,0.426276334,0,0.426276334,4937,1,1,0,0.426276334
0,-0.121127698,1,0.656222487,4,2019-07-25T17:00:00.0,0.656222487,0,0.656222487,4938,1.121127698,1,0,0.585323588
0,-0.121127698,1,0.656222487,4,2019-07-25T18:00:00.0,0.656222487,0,0.656222487,4939,1.121127698,1,0,0.585323588
0,-0.121127698,1,0.656222487,4,2019-07-25T19:00:00.0,0.656222487,0,0.656222487,4940,1.121127698,1,0,0.585323588
0,-0.042430781,1,0.682564912,2,2019-07-25T20:00:00.0,0.682564912,0,0.682564912,4941,1.042430781,1,0,0.654782
0,-0.091717964,1,0.682560651,4,2019-07-25T21:00:00.0,0.682560651,0,0.682560651,4942,1.091717964,1,0,0.625217019
0,-0.239783832,1,0.615768544,3,2019-07-25T22:00:00.0,0.615768544,0,0.615768544,4943,1.239783832,1,0,0.496674121
0,-0.239783832,1,0.615768544,3,2019-07-25T23:00:00.0,0.615768544,0,0.615768544,4944,1.239783832,1,0,0.496674121
0,-0.037777842,1,0.413524782,3,2019-07-26T00:00:00.0,0.413524782,0,0.413524782,4945,1.037777842,1,0,0.398471393
0,-0.037777842,1,0.413524782,3,2019-07-26T01:00:00.0,0.413524782,0,0.413524782,4946,1.037777842,1,0,0.398471393
0,-0.037777842,1,0.413524782,3,2019-07-26T02:00:00.0,0.413524782,0,0.413524782,4947,1.037777842,1,0,0.398471393
0,-0.037777842,1,0.413524782,3,2019-07-26T03:00:00.0,0.413524782,0,0.413524782,4948,1.037777842,1,0,0.398471393
0,-0.037777842,1,0.413524782,3,2019-07-26T04:00:00.0,0.413524782,0,0.413524782,4949,1.037777842,1,0,0.398471393
0,-0.037777842,1,0.413524782,3,2019-07-26T05:00:00.0,0.413524782,0,0.413524782,4950,1.037777842,1,0,0.398471393
0,-0.037777842,1,0.413524782,3,2019-07-26T06:00:00.0,0.413524782,0,0.413524782,4951,1.037777842,1,0,0.398471393
0,-0.037777842,1,0.413524782,3,2019-07-26T07:00:00.0,0.413524782,0,0.413524782,4952,1.037777842,1,0,0.398471393
0,-0.037777842,1,0.413524782,3,2019-07-26T08:00:00.0,0.413524782,0,0.413524782,4953,1.037777842,1,0,0.398471393
0,-0.14458722,1,0.542491413,3,2019-07-26T09:00:00.0,0.542491413,0,0.542491413,4954,1.14458722,1,0,0.473962493
0,-0.239783832,1,0.57014959,3,2019-07-26T10:00:00.0,0.57014959,0,0.57014959,4955,1.239783832,1,0,0.459878227
0,-0.239783832,1,0.57014959,3,2019-07-26T11:00:00.0,0.57014959,0,0.57014959,4956,1.239783832,1,0,0.459878227
0,-0.140592275,1,0.541330732,3,2019-07-26T12:00:00.0,0.541330732,0,0.541330732,4957,1.140592275,1,0,0.474604943
0,-0.042430781,1,0.682564912,2,2019-07-26T13:00:00.0,0.682564912,0,0.682564912,4958,1.042430781,1,0,0.654782
0,-0.121127698,1,0.656222487,4,2019-07-26T14:00:00.0,0.656222487,0,0.656222487,4959,1.121127699,1,0,0.585323588
0,-0.121127698,1,0.656222487,4,2019-07-26T15:00:00.0,0.656222487,0,0.656222487,4960,1.121127699,1,0,0.585323588
0,-0.121127698,1,0.656222487,4,2019-07-26T16:00:00.0,0.656222487,0,0.656222487,4961,1.121127699,1,0,0.585323588
0,-0.121127698,1,0.656222487,4,2019-07-26T17:00:00.0,0.656222487,0,0.656222487,4962,1.121127699,1,0,0.585323588
0,-0.042601778,1,0.682676877,3,2019-07-26T18:00:00.0,0.682676877,0,0.682676877,4963,1.042601778,1,0,0.654782
0,-0.121127698,1,0.656222487,4,2019-07-26T19:00:00.0,0.656222487,0,0.656222487,4964,1.121127699,1,0,0.585323588
0,-0.140592275,1,0.541330732,3,2019-07-26T20:00:00.0,0.541330732,0,0.541330732,4965,1.140592275,1,0,0.474604943
0,-0.140592275,1,0.541330732,3,2019-07-26T21:00:00.0,0.541330732,0,0.541330732,4966,1.140592275,1,0,0.474604943
0,-0.121127698,1,0.656222487,4,2019-07-26T22:00:00.0,0.656222487,0,0.656222487,4967,1.121127699,1,0,0.585323588
0,-0.239783832,1,0.57014959,3,2019-07-26T23:00:00.0,0.57014959,0,0.57014959,4968,1.239783832,1,0,0.459878227
0,-0.037777842,1,0.413524782,3,2019-07-27T00:00:00.0,0.413524782,0,0.413524782,4969,1.037777842,1,0,0.398471393
0,-0.037777842,1,0.413524782,3,2019-07-27T01:00:00.0,0.413524782,0,0.413524782,4970,1.037777842,1,0,0.398471393
0,-0.037777842,1,0.413524782,3,2019-07-27T02:00:00.0,0.413524782,0,0.413524782,4971,1.037777842,1,0,0.398471393
0,-0.037777842,1,0.413524782,3,2019-07-27T03:00:00.0,0.413524782,0,0.413524782,4972,1.037777842,1,0,0.398471393
0,-0.037777842,1,0.413524782,3,2019-07-27T04:00:00.0,0.413524782,0,0.413524782,4973,1.037777842,1,0,0.398471393
0,-0.037777842,1,0.413524782,3,2019-07-27T05:00:00.0,0.413524782,0,0.413524782,4974,1.037777842,1,0,0.398471393
0,-0.037777842,1,0.413524782,3,2019-07-27T06:00:00.0,0.413524782,0,0.413524782,4975,1.037777842,1,0,0.398471393
0,-0.037777842,1,0.413524782,3,2019-07-27T07:00:00.0,0.413524782,0,0.413524782,4976,1.037777842,1,0,0.398471393
0,-0.037777842,1,0.413524782,3,2019-07-27T08:00:00.0,0.413524782,0,0.413524782,4977,1.037777842,1,0,0.398471393
0,0,1,0.426276334,1,2019-07-27T09:00:00.0,0.426276334,0,0.426276334,4978,1,1,0,0.426276334
0,0,1,0.426276334,1,2019-07-27T10:00:00.0,0.426276334,0,0.426276334,4979,1,1,0,0.426276334
0,0,1,0.426276334,1,2019-07-27T11:00:00.0,0.426276334,0,0.426276334,4980,1,1,0,0.426276334
0,0,1,0.426276334,1,2019-07-27T12:00:00.0,0.426276334,0,0.426276334,4981,1,1,0,0.426276334
0,0,1,0.426276334,1,2019-07-27T13:00:00.0,0.426276334,0,0.426276334,4982,1,1,0,0.426276334
0,0,1,0.426276334,1,2019-07-27T14:00:00.0,0.426276334,0,0.426276334,4983,1,1,0,0.426276334
0,0,1,0.426276334,1,2019-07-27T15:00:00.0,0.426276334,0,0.426276334,4984,1,1,0,0.426276334
0,0,1,0.426276334,1,2019-07-27T16:00:00.0,0.426276334,0,0.426276334,4985,1,1,0,0.426276334
0,-0.121127698,1,0.656222487,4,2019-07-27T17:00:00.0,0.656222487,0,0.656222487,4986,1.121127699,1,0,0.585323588
0,-0.140592275,1,0.541330732,3,2019-07-27T18:00:00.0,0.541330732,0,0.541330732,4987,1.140592275,1,0,0.474604943
0,-0.121127698,1,0.656222487,4,2019-07-27T19:00:00.0,0.656222487,0,0.656222487,4988,1.121127699,1,0,0.585323588
0,-0.121127698,1,0.656222487,4,2019-07-27T20:00:00.0,0.656222487,0,0.656222487,4989,1.121127699,1,0,0.585323588
0,-0.121127698,1,0.656222487,4,2019-07-27T21:00:00.0,0.656222487,0,0.656222487,4990,1.121127699,1,0,0.585323588
0,-0.239616846,1,0.616383893,3,2019-07-27T22:00:00.0,0.616383893,0,0.616383893,4991,1.239616846,1,0,0.497237429
0,-0.239616846,1,0.570216461,3,2019-07-27T23:00:00.0,0.570216461,0,0.570216461,4992,1.239616846,1,0,0.45999412
0,-0.119355807,1,0.505024622,3,2019-07-28T00:00:00.0,0.505024622,0,0.505024622,4993,1.119355807,1,0,0.451174344
0,-0.037777842,1,0.413524782,3,2019-07-28T01:00:00.0,0.413524782,0,0.413524782,4994,1.037777842,1,0,0.398471393
0,0,1,0.426276334,1,2019-07-28T02:00:00.0,0.426276334,0,0.426276334,4995,1,1,0,0.426276334
0,0,1,0.426276334,1,2019-07-28T03:00:00.0,0.426276334,0,0.426276334,4996,1,1,0,0.426276334
0,0,1,0.426276334,1,2019-07-28T04:00:00.0,0.426276334,0,0.426276334,4997,1,1,0,0.426276334
0,0,1,0.426276334,1,2019-07-28T05:00:00.0,0.426276334,0,0.426276334,4998,1,1,0,0.426276334
0,0,1,0.426276334,1,2019-07-28T06:00:00.0,0.426276334,0,0.426276334,4999,1,1,0,0.426276334
0,0,1,0.426276334,1,2019-07-28T07:00:00.0,0.426276334,0,0.426276334,5000,1,1,0,0.426276334
0,0,1,0.426276334,1,2019-07-28T08:00:00.0,0.426276334,0,0.426276334,5001,1,1,0,0.426276334
0,0,1,0.426276334,1,2019-07-28T09:00:00.0,0.426276334,0,0.426276334,5002,1,1,0,0.426276334
0,-0.239783832,1,0.57014959,3,2019-07-28T10:00:00.0,0.57014959,0,0.57014959,5003,1.239783832,1,0,0.459878227
0,-0.239783832,1,0.57014959,3,2019-07-28T11:00:00.0,0.57014959,0,0.57014959,5004,1.239783832,1,0,0.459878227
0,-0.239783832,1,0.57014959,3,2019-07-28T12:00:00.0,0.57014959,0,0.57014959,5005,1.239783832,1,0,0.459878227
0,-0.239783832,1,0.615768545,3,2019-07-28T13:00:00.0,0.615768545,0,0.615768545,5006,1.239783832,1,0,0.496674121
0,-0.239783832,1,0.615768545,3,2019-07-28T14:00:00.0,0.615768545,0,0.615768545,5007,1.239783832,1,0,0.496674121
0,-0.239783832,1,0.615768545,3,2019-07-28T15:00:00.0,0.615768545,0,0.615768545,5008,1.239783832,1,0,0.496674121
0,-0.239783832,1,0.615768545,3,2019-07-28T16:00:00.0,0.615768545,0,0.615768545,5009,1.239783832,1,0,0.496674121
0,-0.042278842,1,0.682465423,2,2019-07-28T17:00:00.0,0.682465423,0,0.682465423,5010,1.042278839,0.999999997,0,0.654782
0,-0.140592275,1,0.541330732,3,2019-07-28T18:00:00.0,0.541330732,0,0.541330732,5011,1.140592275,1,0,0.474604943
0,-0.121127698,1,0.656222487,4,2019-07-28T19:00:00.0,0.656222487,0,0.656222487,5012,1.121127699,1,0,0.585323588
0,-0.140592275,1,0.541330732,3,2019-07-28T20:00:00.0,0.541330732,0,0.541330732,5013,1.140592275,1,0,0.474604943
0,-0.140592275,1,0.541330732,3,2019-07-28T21:00:00.0,0.541330732,0,0.541330732,5014,1.140592275,1,0,0.474604943
0,-0.239783832,1,0.615768545,3,2019-07-28T22:00:00.0,0.615768545,0,0.615768545,5015,1.239783832,1,0,0.496674121
0,-0.119355807,1,0.510886216,3,2019-07-28T23:00:00.0,0.510886216,0,0.510886216,5016,1.119355807,1,0,0.456410922
0,-0.121127698,1,0.656222487,4,2019-07-29T00:00:00.0,0.656222487,0,0.656222487,5017,1.121127698,1,0,0.585323588
0,-0.121127698,1,0.656222487,4,2019-07-29T01:00:00.0,0.656222487,0,0.656222487,5018,1.121127698,1,0,0.585323588
0,-0.239783832,1,0.615768544,3,2019-07-29T02:00:00.0,0.615768544,0,0.615768544,5019,1.239783832,1,0,0.496674121
0,-0.239783832,1,0.615768544,3,2019-07-29T03:00:00.0,0.615768544,0,0.615768544,5020,1.239783832,1,0,0.496674121
0,-0.239783832,1,0.615768544,3,2019-07-29T04:00:00.0,0.615768544,0,0.615768544,5021,1.239783832,1,0,0.496674121
0,-0.239783832,1,0.615768544,3,2019-07-29T05:00:00.0,0.615768544,0,0.615768544,5022,1.239783832,1,0,0.496674121
0,-0.121127698,1,0.656222487,4,2019-07-29T06:00:00.0,0.656222487,0,0.656222487,5023,1.121127698,1,0,0.585323588
0,-0.231606758,1,0.573913248,3,2019-07-29T07:00:00.0,0.573913248,0,0.573913248,5024,1.231606758,1,0,0.465987414
0,-0.231606758,1,0.578068903,3,2019-07-29T08:00:00.0,0.578068903,0,0.578068903,5025,1.231606758,1,0,0.469361587
0,-0.239783832,1,0.615768544,3,2019-07-29T09:00:00.0,0.615768544,0,0.615768544,5026,1.239783832,1,0,0.496674121
0,-0.239783832,1,0.615768544,3,2019-07-29T10:00:00.0,0.615768544,0,0.615768544,5027,1.239783832,1,0,0.496674121
0,-0.239783832,1,0.615768544,3,2019-07-29T11:00:00.0,0.615768544,0,0.615768544,5028,1.239783832,1,0,0.496674121
0,-0.231606758,1,0.578068903,3,2019-07-29T12:00:00.0,0.578068903,0,0.578068903,5029,1.231606758,1,0,0.469361587
0,-0.231606758,1,0.578068903,3,2019-07-29T13:00:00.0,0.578068903,0,0.578068903,5030,1.231606758,1,0,0.469361587
0,-0.239783832,1,0.615768544,3,2019-07-29T14:00:00.0,0.615768544,0,0.615768544,5031,1.239783832,1,0,0.496674121
0,-0.239783832,1,0.615768544,3,2019-07-29T15:00:00.0,0.615768544,0,0.615768544,5032,1.239783832,1,0,0.496674121
0,-0.121127698,1,0.656222487,4,2019-07-29T16:00:00.0,0.656222487,0,0.656222487,5033,1.121127698,1,0,0.585323588
0,-0.121127698,1,0.656222487,4,2019-07-29T17:00:00.0,0.656222487,0,0.656222487,5034,1.121127698,1,0,0.585323588
0,-0.121127698,1,0.656222487,4,2019-07-29T18:00:00.0,0.656222487,0,0.656222487,5035,1.121127698,1,0,0.585323588
0,-0.109560093,1,0.66016628,4,2019-07-29T19:00:00.0,0.66016628,0,0.66016628,5036,1.109560093,1,0,0.594980195
0,-0.121127698,1,0.656222487,4,2019-07-29T20:00:00.0,0.656222487,0,0.656222487,5037,1.121127698,1,0,0.585323588
0,-0.121127698,1,0.656222487,4,2019-07-29T21:00:00.0,0.656222487,0,0.656222487,5038,1.121127698,1,0,0.585323588
0,-0.121127698,1,0.656222487,4,2019-07-29T22:00:00.0,0.656222487,0,0.656222487,5039,1.121127698,1,0,0.585323588
0,-0.239783832,1,0.615768545,3,2019-07-29T23:00:00.0,0.615768545,0,0.615768545,5040,1.239783832,1,0,0.496674121
0,-0.121127698,1,0.656222487,4,2019-07-30T00:00:00.0,0.656222487,0,0.656222487,5041,1.121127698,1,0,0.585323588
0,-0.121127698,1,0.656222487,4,2019-07-30T01:00:00.0,0.656222487,0,0.656222487,5042,1.121127699,1,0,0.585323588
0,-0.121127698,1,0.656222487,4,2019-07-30T02:00:00.0,0.656222487,0,0.656222487,5043,1.121127699,1,0,0.585323588
0,-0.239783832,1,0.615768545,3,2019-07-30T03:00:00.0,0.615768545,0,0.615768545,5044,1.239783832,1,0,0.496674121
0,-0.121127698,1,0.656222487,4,2019-07-30T04:00:00.0,0.656222487,0,0.656222487,5045,1.121127699,1,0,0.585323588
0,-0.239783832,1,0.597443591,3,2019-07-30T05:00:00.0,0.597443591,0,0.597443591,5046,1.239783832,1,0,0.481893356
0,-0.239783832,1,0.597443591,3,2019-07-30T06:00:00.0,0.597443591,0,0.597443591,5047,1.239783832,1,0,0.481893356
0,-0.239783832,1,0.597443591,3,2019-07-30T07:00:00.0,0.597443591,0,0.597443591,5048,1.239783832,1,0,0.481893356
0,-0.239783832,1,0.615768545,3,2019-07-30T08:00:00.0,0.615768545,0,0.615768545,5049,1.239783832,1,0,0.496674121
0,-0.239783832,1,0.615768545,3,2019-07-30T09:00:00.0,0.615768545,0,0.615768545,5050,1.239783832,1,0,0.496674121
0,-0.239783832,1,0.615768545,3,2019-07-30T10:00:00.0,0.615768545,0,0.615768545,5051,1.239783832,1,0,0.496674121
0,-0.239783832,1,0.615768545,3,2019-07-30T11:00:00.0,0.615768545,0,0.615768545,5052,1.239783832,1,0,0.496674121
0,-0.239616846,1,0.616383893,3,2019-07-30T12:00:00.0,0.616383893,0,0.616383893,5053,1.239616846,1,0,0.497237429
0,-0.239616846,1,0.616383893,3,2019-07-30T13:00:00.0,0.616383893,0,0.616383893,5054,1.239616846,1,0,0.497237429
0,-0.239783832,1,0.615768545,3,2019-07-30T14:00:00.0,0.615768545,0,0.615768545,5055,1.239783832,1,0,0.496674121
0,-0.121127698,1,0.656222487,4,2019-07-30T15:00:00.0,0.656222487,0,0.656222487,5056,1.121127698,1,0,0.585323588
0,-0.121127698,1,0.656222487,4,2019-07-30T16:00:00.0,0.656222487,0,0.656222487,5057,1.121127698,1,0,0.585323588
0,-0.109560093,1,0.66016628,4,2019-07-30T17:00:00.0,0.66016628,0,0.66016628,5058,1.109560093,1,0,0.594980195
0,-0.042601778,1,0.682676877,2,2019-07-30T18:00:00.0,0.682676877,0,0.682676877,5059,1.042601778,1,0,0.654782
0,-0.109560093,1,0.66016628,4,2019-07-30T19:00:00.0,0.66016628,0,0.66016628,5060,1.109560093,1,0,0.594980195
0,-0.109560093,1,0.66016628,4,2019-07-30T20:00:00.0,0.66016628,0,0.66016628,5061,1.109560093,1,0,0.594980195
0,-0.109560093,1,0.66016628,4,2019-07-30T21:00:00.0,0.66016628,0,0.66016628,5062,1.109560093,1,0,0.594980195
0,-0.239783832,1,0.615768545,3,2019-07-30T22:00:00.0,0.615768545,0,0.615768545,5063,1.239783832,1,0,0.496674121
0,-0.239783832,1,0.597443591,3,2019-07-30T23:00:00.0,0.597443591,0,0.597443591,5064,1.239783832,1,0,0.481893356
0,-0.053412789,1,0.954676787,3,2019-07-31T00:00:00.0,0.954676787,0,0.954676787,5065,1.053412789,1,0,0.906270359
0,-0.053412789,1,0.954676787,3,2019-07-31T01:00:00.0,0.954676787,0,0.954676787,5066,1.053412789,1,0,0.906270359
0,-0.121127698,1,0.656222487,4,2019-07-31T02:00:00.0,0.656222487,0,0.656222487,5067,1.121127699,1,0,0.585323588
0,-0.053412789,1,0.954676787,3,2019-07-31T03:00:00.0,0.954676787,0,0.954676787,5068,1.053412789,1,0,0.906270359
0,-0.121127698,1,0.656222487,4,2019-07-31T04:00:00.0,0.656222487,0,0.656222487,5069,1.121127699,1,0,0.585323588
0,-0.053412789,1,0.954676787,3,2019-07-31T05:00:00.0,0.954676787,0,0.954676787,5070,1.053412789,1,0,0.906270359
0,-0.140592275,1,0.60523897,3,2019-07-31T06:00:00.0,0.60523897,0,0.60523897,5071,1.140592275,1,0,0.530635691
0,-0.140592275,1,0.60523897,3,2019-07-31T07:00:00.0,0.60523897,0,0.60523897,5072,1.140592275,1,0,0.530635691
0,-0.053412789,1,0.631650462,3,2019-07-31T08:00:00.0,0.631650462,0,0.631650462,5073,1.053412789,1,0,0.599622929
0,-0.140592275,1,0.60523897,3,2019-07-31T09:00:00.0,0.60523897,0,0.60523897,5074,1.140592275,1,0,0.530635691
0,-0.140592275,1,0.60523897,3,2019-07-31T10:00:00.0,0.60523897,0,0.60523897,5075,1.140592275,1,0,0.530635691
0,-0.140592275,1,0.60523897,3,2019-07-31T11:00:00.0,0.60523897,0,0.60523897,5076,1.140592275,1,0,0.530635691
0,-0.089308348,1,0.493051426,3,2019-07-31T12:00:00.0,0.493051426,0,0.493051426,5077,1.089308349,1,0,0.45262797
0,-0.089308348,1,0.493051426,3,2019-07-31T13:00:00.0,0.493051426,0,0.493051426,5078,1.089308349,1,0,0.45262797
0,-0.089308348,1,0.493051426,3,2019-07-31T14:00:00.0,0.493051426,0,0.493051426,5079,1.089308348,1,0,0.45262797
0,-0.089308348,1,0.493051426,3,2019-07-31T15:00:00.0,0.493051426,0,0.493051426,5080,1.089308348,1,0,0.45262797
0,-0.089308348,1,0.493051426,3,2019-07-31T16:00:00.0,0.493051426,0,0.493051426,5081,1.089308349,1,0,0.45262797
0,-0.089308348,1,0.493051426,3,2019-07-31T17:00:00.0,0.493051426,0,0.493051426,5082,1.089308349,1,0,0.45262797
0,-0.089308348,1,0.493051426,3,2019-07-31T18:00:00.0,0.493051426,0,0.493051426,5083,1.089308349,1,0,0.45262797
0,-0.091117629,1,0.493851166,3,2019-07-31T19:00:00.0,0.493851166,0,0.493851166,5084,1.091117629,1,0,0.452610381
0,-0.092318233,1,0.494379894,3,2019-07-31T20:00:00.0,0.494379894,0,0.494379894,5085,1.092318233,1,0,0.452596944
0,-0.092318233,1,0.494379894,3,2019-07-31T21:00:00.0,0.494379894,0,0.494379894,5086,1.092318233,1,0,0.452596944
0,-0.091117629,1,0.493851166,3,2019-07-31T22:00:00.0,0.493851166,0,0.493851166,5087,1.091117629,1,0,0.452610381
0,-0.119355807,1,0.559528396,3,2019-07-31T23:00:00.0,0.559528396,0,0.559528396,5088,1.119355807,1,0,0.499866434
0,-0.042444677,1,0.419567773,2,2019-08-01T00:00:00.0,0.419567773,0,0.419567773,5089,1.042444677,1,0,0.402484451
0,-0.042444677,1,0.419567773,2,2019-08-01T01:00:00.0,0.419567773,0,0.419567773,5090,1.042444677,1,0,0.402484451
0,-0.042444677,1,0.419567773,2,2019-08-01T02:00:00.0,0.419567773,0,0.419567773,5091,1.042444677,1,0,0.402484451
0,-0.042444677,1,0.419567773,2,2019-08-01T03:00:00.0,0.419567773,0,0.419567773,5092,1.042444677,1,0,0.402484451
0,-0.042444677,1,0.419567773,2,2019-08-01T04:00:00.0,0.419567773,0,0.419567773,5093,1.042444677,1,0,0.402484451
0,-0.042444677,1,0.419567773,3,2019-08-01T05:00:00.0,0.419567773,0,0.419567773,5094,1.042444677,1,0,0.402484451
0,-0.042444677,1,0.419567773,2,2019-08-01T06:00:00.0,0.419567773,0,0.419567773,5095,1.042444677,1,0,0.402484451
0,-0.042444677,1,0.419567773,2,2019-08-01T07:00:00.0,0.419567773,0,0.419567773,5096,1.042444677,1,0,0.402484451
0,-0.042444677,1,0.419567773,2,2019-08-01T08:00:00.0,0.419567773,0,0.419567773,5097,1.042444677,1,0,0.402484451
0,-0.042444677,1,0.419567773,2,2019-08-01T09:00:00.0,0.419567773,0,0.419567773,5098,1.042444677,1,0,0.402484451
0,-0.042444677,1,0.419567773,2,2019-08-01T10:00:00.0,0.419567773,0,0.419567773,5099,1.042444677,1,0,0.402484451
0,-0.042444677,1,0.419567773,2,2019-08-01T11:00:00.0,0.419567773,0,0.419567773,5100,1.042444677,1,0,0.402484451
0,-0.042444677,1,0.419567773,2,2019-08-01T12:00:00.0,0.419567773,0,0.419567773,5101,1.042444677,1,0,0.402484451
0,-0.042444677,1,0.419567773,2,2019-08-01T13:00:00.0,0.419567773,0,0.419567773,5102,1.042444677,1,0,0.402484451
0,-0.042444677,1,0.419567773,2,2019-08-01T14:00:00.0,0.419567773,0,0.419567773,5103,1.042444677,1,0,0.402484451
0,-0.042444677,1,0.419567773,2,2019-08-01T15:00:00.0,0.419567773,0,0.419567773,5104,1.042444677,1,0,0.402484451
0,-0.042444677,1,0.419567773,2,2019-08-01T16:00:00.0,0.419567773,0,0.419567773,5105,1.042444677,1,0,0.402484451
0,-0.121127698,1,0.656222487,4,2019-08-01T17:00:00.0,0.656222487,0,0.656222487,5106,1.121127699,1,0,0.585323588
0,-0.121127698,1,0.656222487,4,2019-08-01T18:00:00.0,0.656222487,0,0.656222487,5107,1.121127699,1,0,0.585323588
0,-0.121127698,1,0.656222487,4,2019-08-01T19:00:00.0,0.656222487,0,0.656222487,5108,1.121127699,1,0,0.585323588
0,-0.121127698,1,0.656222487,4,2019-08-01T20:00:00.0,0.656222487,0,0.656222487,5109,1.121127699,1,0,0.585323588
0,-0.121127698,1,0.656222487,4,2019-08-01T21:00:00.0,0.656222487,0,0.656222487,5110,1.121127699,1,0,0.585323588
0,-0.042444677,1,0.419567773,2,2019-08-01T22:00:00.0,0.419567773,0,0.419567773,5111,1.042444677,1,0,0.402484451
0,-0.239783832,1,0.57014959,3,2019-08-01T23:00:00.0,0.57014959,0,0.57014959,5112,1.239783832,1,0,0.459878227
0,-0.121127698,1,0.656222487,4,2019-08-02T00:00:00.0,0.656222487,0,0.656222487,5113,1.121127698,1,0,0.585323588
0,-0.121127698,1,0.656222487,4,2019-08-02T01:00:00.0,0.656222487,0,0.656222487,5114,1.121127699,1.000000001,0,0.585323588
0,-0.053396043,1,0.548526083,3,2019-08-02T02:00:00.0,0.548526083,0,0.548526083,5115,1.053396043,1,0,0.520721609
0,-0.239783832,1,0.571320154,3,2019-08-02T03:00:00.0,0.571320154,0,0.571320154,5116,1.239783832,1,0,0.460822394
0,-0.239783832,1,0.571320154,3,2019-08-02T04:00:00.0,0.571320154,0,0.571320154,5117,1.239783832,1,0,0.460822394
0,-0.121127698,1,0.656222487,4,2019-08-02T05:00:00.0,0.656222487,0,0.656222487,5118,1.121127699,1,0,0.585323588
0,-0.121127698,1,0.656222487,4,2019-08-02T06:00:00.0,0.656222487,0,0.656222487,5119,1.121127699,1,0,0.585323588
0,-0.042430781,1,0.682564912,2,2019-08-02T07:00:00.0,0.682564912,0,0.682564912,5120,1.042430781,1,0,0.654782
0,-0.121127698,1,0.656222487,4,2019-08-02T08:00:00.0,0.656222487,0,0.656222487,5121,1.121127699,1,0,0.585323588
0,-0.239783832,1,0.615768545,3,2019-08-02T09:00:00.0,0.615768545,0,0.615768545,5122,1.239783832,1,0,0.496674121
0,-0.231606758,1,0.573913248,4,2019-08-02T10:00:00.0,0.573913248,0,0.573913248,5123,1.231606758,1,0,0.465987414
0,-0.042444677,1,0.451822209,2,2019-08-02T11:00:00.0,0.451822209,0,0.451822209,5124,1.042444677,1,0,0.433425599
0,-0.042444677,1,0.419567773,2,2019-08-02T12:00:00.0,0.419567773,0,0.419567773,5125,1.042444677,1,0,0.402484451
0,-0.042430781,1,0.546733403,2,2019-08-02T13:00:00.0,0.546733403,0,0.546733403,5126,1.042430781,1,0,0.524479335
0,-0.042430781,1,0.546733403,2,2019-08-02T14:00:00.0,0.546733403,0,0.546733403,5127,1.042430781,1,0,0.524479335
0,-0.042444677,1,0.419567773,2,2019-08-02T15:00:00.0,0.419567773,0,0.419567773,5128,1.042444677,1,0,0.402484451
0,-0.042444677,1,0.419567773,2,2019-08-02T16:00:00.0,0.419567773,0,0.419567773,5129,1.042444677,1,0,0.402484451
0,-0.042444677,1,0.419567773,2,2019-08-02T17:00:00.0,0.419567773,0,0.419567773,5130,1.042444677,1,0,0.402484451
0,-0.042444677,1,0.419567773,2,2019-08-02T18:00:00.0,0.419567773,0,0.419567773,5131,1.042444677,1,0,0.402484451
0,-0.042615723,1,0.419636616,2,2019-08-02T19:00:00.0,0.419636616,0,0.419636616,5132,1.042615723,1,0,0.402484451
0,-0.042615723,1,0.419636616,2,2019-08-02T20:00:00.0,0.419636616,0,0.419636616,5133,1.042615723,1,0,0.402484451
0,-0.042615723,1,0.419636616,2,2019-08-02T21:00:00.0,0.419636616,0,0.419636616,5134,1.042615723,1,0,0.402484451
0,-0.042444677,1,0.419567773,2,2019-08-02T22:00:00.0,0.419567773,0,0.419567773,5135,1.042444677,1,0,0.402484451
0,-0.239783832,1,0.615768545,3,2019-08-02T23:00:00.0,0.615768545,0,0.615768545,5136,1.239783832,1,0,0.496674121
0,0,1,0.426276334,1,2019-08-03T00:00:00.0,0.426276334,0,0.426276334,5137,1,1,0,0.426276334
0,-0.121127698,1,0.656222487,4,2019-08-03T01:00:00.0,0.656222487,0,0.656222487,5138,1.121127699,1,0,0.585323588
0,-0.121127698,1,0.656222487,4,2019-08-03T02:00:00.0,0.656222487,0,0.656222487,5139,1.121127699,1,0,0.585323588
0,-0.117729103,1,0.656765546,4,2019-08-03T03:00:00.0,0.656765546,0,0.656765546,5140,1.117729103,1,0,0.587589197
0,-0.118777006,1,0.656666518,5,2019-08-03T04:00:00.0,0.656666518,0,0.656666518,5141,1.118777007,1,0,0.586950316
0,-0.240129355,1,0.616097208,3,2019-08-03T05:00:00.0,0.616097208,0,0.616097208,5142,1.240129355,1,0,0.496800761
0,-0.121127698,1,0.656222487,4,2019-08-03T06:00:00.0,0.656222487,0,0.656222487,5143,1.121127699,1,0,0.585323588
0,-0.121127698,1,0.656222487,4,2019-08-03T07:00:00.0,0.656222487,0,0.656222487,5144,1.121127699,1,0,0.585323588
0,-0.121127698,1,0.656222487,4,2019-08-03T08:00:00.0,0.656222487,0,0.656222487,5145,1.121127699,1,0,0.585323588
0,-0.239783832,1,0.615768545,3,2019-08-03T09:00:00.0,0.615768545,0,0.615768545,5146,1.239783832,1,0,0.496674121
0,-0.239783832,1,0.615768545,4,2019-08-03T10:00:00.0,0.615768545,0,0.615768545,5147,1.239783832,1,0,0.496674121
0,-0.239783832,1,0.615768545,3,2019-08-03T11:00:00.0,0.615768545,0,0.615768545,5148,1.239783832,1,0,0.496674121
0,-0.239783832,1,0.615768545,3,2019-08-03T12:00:00.0,0.615768545,0,0.615768545,5149,1.239783832,1,0,0.496674121
0,-0.239783832,1,0.615768545,3,2019-08-03T13:00:00.0,0.615768545,0,0.615768545,5150,1.239783832,1,0,0.496674121
0,-0.239783832,1,0.615768545,3,2019-08-03T14:00:00.0,0.615768545,0,0.615768545,5151,1.239783832,1,0,0.496674121
0,-0.121127698,1,0.656222487,4,2019-08-03T15:00:00.0,0.656222487,0,0.656222487,5152,1.121127699,1,0,0.585323588
0,-0.121127698,1,0.656222487,4,2019-08-03T16:00:00.0,0.656222487,0,0.656222487,5153,1.121127698,1,0,0.585323588
0,-0.121127698,1,0.656222487,4,2019-08-03T17:00:00.0,0.656222487,0,0.656222487,5154,1.121127699,1,0,0.585323588
0,-0.121127698,1,0.656222487,4,2019-08-03T18:00:00.0,0.656222487,0,0.656222487,5155,1.121127699,1,0,0.585323588
0,-0.121127698,1,0.656222487,4,2019-08-03T19:00:00.0,0.656222487,0,0.656222487,5156,1.121127699,1,0,0.585323588
0,-0.042430781,1,0.682564912,2,2019-08-03T20:00:00.0,0.682564912,0,0.682564912,5157,1.042430781,1,0,0.654782
0,-0.042430781,1,0.682564912,2,2019-08-03T21:00:00.0,0.682564912,0,0.682564912,5158,1.042430781,1,0,0.654782
0,-0.121127698,1,0.656222487,4,2019-08-03T22:00:00.0,0.656222487,0,0.656222487,5159,1.121127699,1,0,0.585323588
0,-0.121127698,1,0.656222487,4,2019-08-03T23:00:00.0,0.656222487,0,0.656222487,5160,1.121127699,1,0,0.585323588
0,-0.239783832,1,0.571320154,3,2019-08-04T00:00:00.0,0.571320154,0,0.571320154,5161,1.239783832,1,0,0.460822394
0,-0.121127698,1,0.656222487,4,2019-08-04T01:00:00.0,0.656222487,0,0.656222487,5162,1.121127699,1,0,0.585323588
0,-0.121127698,1,0.656222487,4,2019-08-04T02:00:00.0,0.656222487,0,0.656222487,5163,1.121127699,1,0,0.585323588
0,-0.239783832,1,0.571320154,3,2019-08-04T03:00:00.0,0.571320154,0,0.571320154,5164,1.239783832,1,0,0.460822394
0,-0.120770938,1,0.656342434,4,2019-08-04T04:00:00.0,0.656342434,0,0.656342434,5165,1.120770938,1,0,0.585616928
0,-0.12110922,1,0.6562287,5,2019-08-04T05:00:00.0,0.6562287,0,0.6562287,5166,1.12110922,1,0,0.585338777
0,-0.121127698,1,0.656222487,4,2019-08-04T06:00:00.0,0.656222487,0,0.656222487,5167,1.121127699,1,0,0.585323588
0,-0.042987963,1,0.682691674,3,2019-08-04T07:00:00.0,0.682691674,0,0.682691674,5168,1.042987963,1,0,0.654553742
0,-0.121127698,1,0.656222487,4,2019-08-04T08:00:00.0,0.656222487,0,0.656222487,5169,1.121127699,1,0,0.585323588
0,0,1,0.426276334,1,2019-08-04T09:00:00.0,0.426276334,0,0.426276334,5170,1,1,0,0.426276334
0,0,1,0.426276334,1,2019-08-04T10:00:00.0,0.426276334,0,0.426276334,5171,1,1,0,0.426276334
0,0,1,0.426276334,1,2019-08-04T11:00:00.0,0.426276334,0,0.426276334,5172,1,1,0,0.426276334
0,-0.042444677,1,0.419567773,2,2019-08-04T12:00:00.0,0.419567773,0,0.419567773,5173,1.042444677,1,0,0.402484451
0,-0.042444677,1,0.419567773,2,2019-08-04T13:00:00.0,0.419567773,0,0.419567773,5174,1.042444677,1,0,0.402484451
0,-0.042444677,1,0.419567773,2,2019-08-04T14:00:00.0,0.419567773,0,0.419567773,5175,1.042444677,1,0,0.402484451
0,-0.042444677,1,0.419567773,2,2019-08-04T15:00:00.0,0.419567773,0,0.419567773,5176,1.042444677,1,0,0.402484451
0,-0.042444677,1,0.419567773,2,2019-08-04T16:00:00.0,0.419567773,0,0.419567773,5177,1.042444677,1,0,0.402484451
0,-0.042444677,1,0.419567773,2,2019-08-04T17:00:00.0,0.419567773,0,0.419567773,5178,1.042444677,1,0,0.402484451
0,-0.042444677,1,0.419567773,2,2019-08-04T18:00:00.0,0.419567773,0,0.419567773,5179,1.042444677,1,0,0.402484451
0,-0.042444677,1,0.419567773,2,2019-08-04T19:00:00.0,0.419567773,0,0.419567773,5180,1.042444677,1,0,0.402484451
0,-0.042444677,1,0.419567773,2,2019-08-04T20:00:00.0,0.419567773,0,0.419567773,5181,1.042444677,1,0,0.402484451
0,-0.042444677,1,0.419567773,2,2019-08-04T21:00:00.0,0.419567773,0,0.419567773,5182,1.042444677,1,0,0.402484451
0,-0.042444677,1,0.419567773,2,2019-08-04T22:00:00.0,0.419567773,0,0.419567773,5183,1.042444677,1,0,0.402484451
0,-0.042444677,1,0.419567773,2,2019-08-04T23:00:00.0,0.419567773,0,0.419567773,5184,1.042444677,1,0,0.402484451
0,-0.042444677,1,0.419567773,2,2019-08-05T00:00:00.0,0.419567773,0,0.419567773,5185,1.042444677,1,0,0.402484451
0,-0.042444677,1,0.419567773,2,2019-08-05T01:00:00.0,0.419567773,0,0.419567773,5186,1.042444677,1,0,0.402484451
0,-0.042444677,1,0.419567773,2,2019-08-05T02:00:00.0,0.419567773,0,0.419567773,5187,1.042444677,1,0,0.402484451
0,-0.042444677,1,0.419567773,2,2019-08-05T03:00:00.0,0.419567773,0,0.419567773,5188,1.042444677,1,0,0.402484451
0,-0.042444677,1,0.419567773,2,2019-08-05T04:00:00.0,0.419567773,0,0.419567773,5189,1.042444677,1,0,0.402484451
0,-0.042462151,1,0.419574806,2,2019-08-05T05:00:00.0,0.419574806,0,0.419574806,5190,1.042462151,1,0,0.402484451
0,-0.042444677,1,0.419567773,2,2019-08-05T06:00:00.0,0.419567773,0,0.419567773,5191,1.042444677,1,0,0.402484451
0,-0.042444677,1,0.419567773,2,2019-08-05T07:00:00.0,0.419567773,0,0.419567773,5192,1.042444677,1,0,0.402484451
0,-0.042444677,1,0.419567773,2,2019-08-05T08:00:00.0,0.419567773,0,0.419567773,5193,1.042444677,1,0,0.402484451
0,-0.239783832,1,0.615768544,3,2019-08-05T09:00:00.0,0.615768544,0,0.615768544,5194,1.239783832,1,0,0.496674121
0,-0.239783832,1,0.615768544,3,2019-08-05T10:00:00.0,0.615768544,0,0.615768544,5195,1.239783832,1,0,0.496674121
0,-0.239783832,1,0.615768544,3,2019-08-05T11:00:00.0,0.615768544,0,0.615768544,5196,1.239783832,1,0,0.496674121
0,-0.239783832,1,0.615768545,3,2019-08-05T12:00:00.0,0.615768545,0,0.615768545,5197,1.239783832,1,0,0.496674121
0,-0.121127698,1,0.656222487,4,2019-08-05T13:00:00.0,0.656222487,0,0.656222487,5198,1.121127698,1,0,0.585323588
0,-0.121127698,1,0.656222487,4,2019-08-05T14:00:00.0,0.656222487,0,0.656222487,5199,1.121127698,1,0,0.585323588
0,-0.121127698,1,0.656222487,4,2019-08-05T15:00:00.0,0.656222487,0,0.656222487,5200,1.121127698,1,0,0.585323588
0,-0.121127698,1,0.656222487,4,2019-08-05T16:00:00.0,0.656222487,0,0.656222487,5201,1.121127698,1,0,0.585323588
0,-0.121127698,1,0.656222487,4,2019-08-05T17:00:00.0,0.656222487,0,0.656222487,5202,1.121127698,1,0,0.585323588
0,-0.053412789,1,0.631650462,3,2019-08-05T18:00:00.0,0.631650462,0,0.631650462,5203,1.053412789,1,0,0.599622929
0,-0.121127698,1,0.656222487,4,2019-08-05T19:00:00.0,0.656222487,0,0.656222487,5204,1.121127698,1,0,0.585323588
0,-0.121127698,1,0.656222487,4,2019-08-05T20:00:00.0,0.656222487,0,0.656222487,5205,1.121127698,1,0,0.585323588
0,-0.121127698,1,0.656222487,4,2019-08-05T21:00:00.0,0.656222487,0,0.656222487,5206,1.121127698,1,0,0.585323588
0,-0.053482699,1,0.656575138,3,2019-08-05T22:00:00.0,0.656575138,0,0.656575138,5207,1.053482699,1,0,0.62324245
0,-0.239783832,1,0.615768544,3,2019-08-05T23:00:00.0,0.615768544,0,0.615768544,5208,1.239783832,1,0,0.496674121
0,-0.231606758,1,0.573913248,3,2019-08-06T00:00:00.0,0.573913248,0,0.573913248,5209,1.231606758,1,0,0.465987414
0,-0.231606758,1,0.573913248,3,2019-08-06T01:00:00.0,0.573913248,0,0.573913248,5210,1.231606758,1,0,0.465987414
0,-0.119355807,1,0.549692264,3,2019-08-06T02:00:00.0,0.549692264,0,0.549692264,5211,1.119355807,1,0,0.49107912
0,-0.119355807,1,0.549692264,3,2019-08-06T03:00:00.0,0.549692264,0,0.549692264,5212,1.119355807,1,0,0.49107912
0,-0.119355807,1,0.549692264,3,2019-08-06T04:00:00.0,0.549692264,0,0.549692264,5213,1.119355807,1,0,0.49107912
0,-0.119355807,1,0.549692264,3,2019-08-06T05:00:00.0,0.549692264,0,0.549692264,5214,1.119355807,1,0,0.49107912
0,-0.231606758,1,0.573913248,3,2019-08-06T06:00:00.0,0.573913248,0,0.573913248,5215,1.231606758,1,0,0.465987414
0,-0.119355807,1,0.549692264,3,2019-08-06T07:00:00.0,0.549692264,0,0.549692264,5216,1.119355807,1,0,0.49107912
0,-0.231606758,1,0.578068903,3,2019-08-06T08:00:00.0,0.578068903,0,0.578068903,5217,1.231606758,1,0,0.469361587
0,-0.042444677,1,0.451822209,2,2019-08-06T09:00:00.0,0.451822209,0,0.451822209,5218,1.042444677,1,0,0.433425599
0,-0.042444677,1,0.419567773,2,2019-08-06T10:00:00.0,0.419567773,0,0.419567773,5219,1.042444677,1,0,0.402484451
0,-0.042444677,1,0.419567773,2,2019-08-06T11:00:00.0,0.419567773,0,0.419567773,5220,1.042444677,1,0,0.402484451
0,-0.042430781,1,0.546733403,2,2019-08-06T12:00:00.0,0.546733403,0,0.546733403,5221,1.042430781,1,0,0.524479335
0,-0.042444677,1,0.419567773,2,2019-08-06T13:00:00.0,0.419567773,0,0.419567773,5222,1.042444677,1,0,0.402484451
0,-0.042444677,1,0.419567773,2,2019-08-06T14:00:00.0,0.419567773,0,0.419567773,5223,1.042444677,1,0,0.402484451
0,-0.042444677,1,0.419567773,2,2019-08-06T15:00:00.0,0.419567773,0,0.419567773,5224,1.042444677,1,0,0.402484451
0,-0.042444677,1,0.419567773,2,2019-08-06T16:00:00.0,0.419567773,0,0.419567773,5225,1.042444677,1,0,0.402484451
0,-0.042615723,1,0.419636616,2,2019-08-06T17:00:00.0,0.419636616,0,0.419636616,5226,1.042615723,1,0,0.402484451
0,-0.042615723,1,0.419636616,2,2019-08-06T18:00:00.0,0.419636616,0,0.419636616,5227,1.042615723,1,0,0.402484451
0,-0.042615723,1,0.419636616,2,2019-08-06T19:00:00.0,0.419636616,0,0.419636616,5228,1.042615723,1,0,0.402484451
0,-0.042615723,1,0.419636616,2,2019-08-06T20:00:00.0,0.419636616,0,0.419636616,5229,1.042615723,1,0,0.402484451
0,-0.042615723,1,0.419636616,2,2019-08-06T21:00:00.0,0.419636616,0,0.419636616,5230,1.042615723,1,0,0.402484451
0,-0.091117629,1,0.493851166,3,2019-08-06T22:00:00.0,0.493851166,0,0.493851166,5231,1.091117629,1,0,0.452610381
0,-0.239783832,1,0.615768545,3,2019-08-06T23:00:00.0,0.615768545,0,0.615768545,5232,1.239783832,1,0,0.496674121
0,-0.124183666,1,0.62018182,4,2019-08-07T00:00:00.0,0.62018182,0,0.62018182,5233,1.124183666,1,0,0.551673039
0,-0.028300625,1,0.465817038,3,2019-08-07T01:00:00.0,0.465817038,0,0.465817038,5234,1.028300625,1,0,0.452996942
0,-0.038703458,1,0.680124328,2,2019-08-07T02:00:00.0,0.680124328,0,0.680124328,5235,1.038703458,1,0,0.654782
0,-0.032002202,1,0.467417533,3,2019-08-07T03:00:00.0,0.467417533,0,0.467417533,5236,1.032002202,1,0,0.452923
0,-0.032002202,1,0.467417533,3,2019-08-07T04:00:00.0,0.467417533,0,0.467417533,5237,1.032002202,1,0,0.452923
0,-0.032002202,1,0.467417533,3,2019-08-07T05:00:00.0,0.467417533,0,0.467417533,5238,1.032002202,1,0,0.452923
0,-0.028300625,1,0.465817038,3,2019-08-07T06:00:00.0,0.465817038,0,0.465817038,5239,1.028300625,1,0,0.452996942
0,-0.123817905,1,0.655303576,4,2019-08-07T07:00:00.0,0.655303576,0,0.655303576,5240,1.123817905,1,0,0.583104765
0,-0.119355807,1,0.549692264,3,2019-08-07T08:00:00.0,0.549692264,0,0.549692264,5241,1.119355807,1,0,0.49107912
0,0,1,0.426276334,1,2019-08-07T09:00:00.0,0.426276334,0,0.426276334,5242,1,1,0,0.426276334
0,-0.010574067,1,0.436914827,3,2019-08-07T10:00:00.0,0.436914827,0,0.436914827,5243,1.010574067,1,0,0.432343201
0,-0.028300625,1,0.46214838,3,2019-08-07T11:00:00.0,0.46214838,0,0.46214838,5244,1.028300625,1,0,0.449429251
0,-0.028300625,1,0.46214838,3,2019-08-07T12:00:00.0,0.46214838,0,0.46214838,5245,1.028300625,1,0,0.449429251
0,-0.03276583,1,0.444441951,3,2019-08-07T13:00:00.0,0.444441951,0,0.444441951,5246,1.03276583,1,0,0.430341456
0,-0.03276583,1,0.447155784,3,2019-08-07T14:00:00.0,0.447155784,0,0.447155784,5247,1.03276583,1,0,0.432969189
0,-0.119355807,1,0.559528396,3,2019-08-07T15:00:00.0,0.559528396,0,0.559528396,5248,1.119355807,1,0,0.499866434
0,-0.119355807,1,0.559528396,3,2019-08-07T16:00:00.0,0.559528396,0,0.559528396,5249,1.119355807,1,0,0.499866434
0,-0.119355807,1,0.559528396,3,2019-08-07T17:00:00.0,0.559528396,0,0.559528396,5250,1.119355807,1,0,0.499866434
0,-0.119355807,1,0.559528396,3,2019-08-07T18:00:00.0,0.559528396,0,0.559528396,5251,1.119355807,1,0,0.499866434
0,-0.119355807,1,0.559528396,3,2019-08-07T19:00:00.0,0.559528396,0,0.559528396,5252,1.119355807,1,0,0.499866434
0,-0.119355807,1,0.559528396,3,2019-08-07T20:00:00.0,0.559528396,0,0.559528396,5253,1.119355807,1,0,0.499866434
0,-0.119355807,1,0.559528396,3,2019-08-07T21:00:00.0,0.559528396,0,0.559528396,5254,1.119355807,1,0,0.499866434
0,-0.119355807,1,0.559528396,3,2019-08-07T22:00:00.0,0.559528396,0,0.559528396,5255,1.119355807,1,0,0.499866434
0,-0.239783832,1,0.615768545,3,2019-08-07T23:00:00.0,0.615768545,0,0.615768545,5256,1.239783832,1,0,0.496674121
0,-0.037777842,1,0.413524782,3,2019-08-08T00:00:00.0,0.413524782,0,0.413524782,5257,1.037777842,1,0,0.398471393
0,0,1,0.418538639,2,2019-08-08T01:00:00.0,0.418538639,0,0.418538639,5258,1,1,0,0.418538639
0,-0.037777842,1,0.413524782,3,2019-08-08T02:00:00.0,0.413524782,0,0.413524782,5259,1.037777842,1,0,0.398471393
0,-0.037777842,1,0.413524782,3,2019-08-08T03:00:00.0,0.413524782,0,0.413524782,5260,1.037777842,1,0,0.398471393
0,-0.037777842,1,0.413524782,3,2019-08-08T04:00:00.0,0.413524782,0,0.413524782,5261,1.037777842,1,0,0.398471393
0,-0.037777842,1,0.413524782,3,2019-08-08T05:00:00.0,0.413524782,0,0.413524782,5262,1.037777842,1,0,0.398471393
0,-0.037777842,1,0.413524782,3,2019-08-08T06:00:00.0,0.413524782,0,0.413524782,5263,1.037777842,1,0,0.398471393
0,-0.037777842,1,0.413524782,3,2019-08-08T07:00:00.0,0.413524782,0,0.413524782,5264,1.037777842,1,0,0.398471393
0,-0.037777842,1,0.413524782,3,2019-08-08T08:00:00.0,0.413524782,0,0.413524782,5265,1.037777842,1,0,0.398471393
0,-0.03455205,1,0.384705205,3,2019-08-08T09:00:00.0,0.384705205,0,0.384705205,5266,1.03455205,1,0,0.37185679
0,-0.035016975,1,0.382321261,3,2019-08-08T10:00:00.0,0.382321261,0,0.382321261,5267,1.035016974,0.999999999,0,0.369386465
0,-0.035016975,1,0.382321261,3,2019-08-08T11:00:00.0,0.382321261,0,0.382321261,5268,1.035016974,0.999999999,0,0.369386465
0,-0.035016975,1,0.382321261,3,2019-08-08T12:00:00.0,0.382321261,0,0.382321261,5269,1.035016974,1,0,0.369386465
0,-0.035016975,1,0.382321261,3,2019-08-08T13:00:00.0,0.382321261,0,0.382321261,5270,1.035016975,1,0,0.369386465
0,-0.035016975,1,0.382321261,3,2019-08-08T14:00:00.0,0.382321261,0,0.382321261,5271,1.035016973,0.999999998,0,0.369386465
0,-0.035016975,1,0.382321261,3,2019-08-08T15:00:00.0,0.382321261,0,0.382321261,5272,1.035016975,1,0,0.369386465
0,-0.239616846,1,0.570216461,3,2019-08-08T16:00:00.0,0.570216461,0,0.570216461,5273,1.239616846,1,0,0.45999412
0,-0.239616846,1,0.570216461,3,2019-08-08T17:00:00.0,0.570216461,0,0.570216461,5274,1.239616846,1,0,0.45999412
0,-0.130199597,1,0.536722082,4,2019-08-08T18:00:00.0,0.536722082,0,0.536722082,5275,1.130199597,1,0,0.474891411
0,-0.130199597,1,0.536722082,4,2019-08-08T19:00:00.0,0.536722082,0,0.536722082,5276,1.130199597,1,0,0.474891411
0,-0.239616846,1,0.570216461,3,2019-08-08T20:00:00.0,0.570216461,0,0.570216461,5277,1.239616846,1,0,0.45999412
0,-0.239616846,1,0.570216461,3,2019-08-08T21:00:00.0,0.570216461,0,0.570216461,5278,1.239616846,1,0,0.45999412
0,-0.239616846,1,0.570216461,3,2019-08-08T22:00:00.0,0.570216461,0,0.570216461,5279,1.239616846,1,0,0.45999412
0,-0.239616846,1,0.570216461,3,2019-08-08T23:00:00.0,0.570216461,0,0.570216461,5280,1.239616846,1,0,0.45999412
0,-0.037777842,1,0.413524782,3,2019-08-09T00:00:00.0,0.413524782,0,0.413524782,5281,1.037777842,1,0,0.398471393
0,-0.037777842,1,0.413524782,3,2019-08-09T01:00:00.0,0.413524782,0,0.413524782,5282,1.037777842,1,0,0.398471393
0,-0.037777842,1,0.413524782,3,2019-08-09T02:00:00.0,0.413524782,0,0.413524782,5283,1.037777842,1,0,0.398471393
0,-0.037777842,1,0.413524782,3,2019-08-09T03:00:00.0,0.413524782,0,0.413524782,5284,1.037777842,1,0,0.398471393
0,-0.037777842,1,0.413524782,3,2019-08-09T04:00:00.0,0.413524782,0,0.413524782,5285,1.037777842,1,0,0.398471393
0,-0.037777842,1,0.413524782,3,2019-08-09T05:00:00.0,0.413524782,0,0.413524782,5286,1.037777842,1,0,0.398471393
0,-0.037777842,1,0.413524782,3,2019-08-09T06:00:00.0,0.413524782,0,0.413524782,5287,1.037777842,1,0,0.398471393
0,-0.037777842,1,0.413524782,3,2019-08-09T07:00:00.0,0.413524782,0,0.413524782,5288,1.037777842,1,0,0.398471393
0,0,1,0.426276334,1,2019-08-09T08:00:00.0,0.426276334,0,0.426276334,5289,1,1,0,0.426276334
0,-0.119355807,1,0.505024622,3,2019-08-09T09:00:00.0,0.505024622,0,0.505024622,5290,1.119355807,1,0,0.451174344
0,-0.227835526,1,0.555900212,3,2019-08-09T10:00:00.0,0.555900212,0,0.555900212,5291,1.227835526,1,0,0.452748108
0,-0.227835526,1,0.555900212,3,2019-08-09T11:00:00.0,0.555900212,0,0.555900212,5292,1.227835526,1,0,0.452748108
0,-0.227835526,1,0.555900212,3,2019-08-09T12:00:00.0,0.555900212,0,0.555900212,5293,1.227835526,1,0,0.452748108
0,-0.227835526,1,0.555900212,3,2019-08-09T13:00:00.0,0.555900212,0,0.555900212,5294,1.227835526,1,0,0.452748108
0,-0.227835526,1,0.555900212,3,2019-08-09T14:00:00.0,0.555900212,0,0.555900212,5295,1.227835526,1,0,0.452748108
0,-0.130199597,1,0.536722082,4,2019-08-09T15:00:00.0,0.536722082,0,0.536722082,5296,1.130199597,1,0,0.474891411
0,-0.130199597,1,0.536722082,4,2019-08-09T16:00:00.0,0.536722082,0,0.536722082,5297,1.130199597,1,0,0.474891411
0,-0.121127698,1,0.656222487,4,2019-08-09T17:00:00.0,0.656222487,0,0.656222487,5298,1.121127698,1,0,0.585323588
0,-0.130199597,1,0.536722082,4,2019-08-09T18:00:00.0,0.536722082,0,0.536722082,5299,1.130199597,1,0,0.474891411
0,-0.130199597,1,0.536722082,4,2019-08-09T19:00:00.0,0.536722082,0,0.536722082,5300,1.130199597,1,0,0.474891411
0,-0.130199597,1,0.536722082,5,2019-08-09T20:00:00.0,0.536722082,0,0.536722082,5301,1.130199597,1,0,0.474891411
0,-0.130199597,1,0.536722082,4,2019-08-09T21:00:00.0,0.536722082,0,0.536722082,5302,1.130199597,1,0,0.474891411
0,-0.121127698,1,0.656222487,4,2019-08-09T22:00:00.0,0.656222487,0,0.656222487,5303,1.121127699,1,0,0.585323588
0,-0.239616846,1,0.570216461,3,2019-08-09T23:00:00.0,0.570216461,0,0.570216461,5304,1.239616846,1,0,0.45999412
0,-0.140592275,1,0.501492631,3,2019-08-10T00:00:00.0,0.501492631,0,0.501492631,5305,1.140592275,1,0,0.439677387
0,-0.140592275,1,0.501492631,3,2019-08-10T01:00:00.0,0.501492631,0,0.501492631,5306,1.140592275,1,0,0.439677387
0,-0.140592275,1,0.51372226,3,2019-08-10T02:00:00.0,0.51372226,0,0.51372226,5307,1.140592275,1,0,0.450399561
0,-0.140592275,1,0.501492631,3,2019-08-10T03:00:00.0,0.501492631,0,0.501492631,5308,1.140592275,1,0,0.439677387
0,-0.140592275,1,0.501492631,3,2019-08-10T04:00:00.0,0.501492631,0,0.501492631,5309,1.140592275,1,0,0.439677387
0,-0.140592275,1,0.501492631,3,2019-08-10T05:00:00.0,0.501492631,0,0.501492631,5310,1.140592275,1,0,0.439677387
0,-0.130199597,1,0.509042103,4,2019-08-10T06:00:00.0,0.509042103,0,0.509042103,5311,1.130199597,1,0,0.450400181
0,-0.235947871,1,0.551194118,3,2019-08-10T07:00:00.0,0.551194118,0,0.551194118,5312,1.235947871,1,0,0.445968742
0,-0.130199597,1,0.509042103,4,2019-08-10T08:00:00.0,0.509042103,0,0.509042103,5313,1.130199597,1,0,0.450400181
0,-0.235947871,1,0.556632073,3,2019-08-10T09:00:00.0,0.556632073,0,0.556632073,5314,1.235947871,1,0,0.450368568
0,-0.235947871,1,0.556632073,3,2019-08-10T10:00:00.0,0.556632073,0,0.556632073,5315,1.235947871,1,0,0.450368568
0,-0.235947871,1,0.556632073,3,2019-08-10T11:00:00.0,0.556632073,0,0.556632073,5316,1.235947871,1,0,0.450368568
0,-0.235947871,1,0.556632073,3,2019-08-10T12:00:00.0,0.556632073,0,0.556632073,5317,1.235947871,1,0,0.450368568
0,-0.235947871,1,0.556632073,3,2019-08-10T13:00:00.0,0.556632073,0,0.556632073,5318,1.235947871,1,0,0.450368568
0,-0.235947871,1,0.556632073,3,2019-08-10T14:00:00.0,0.556632073,0,0.556632073,5319,1.235947871,1,0,0.450368568
0,-0.239616846,1,0.616383893,3,2019-08-10T15:00:00.0,0.616383893,0,0.616383893,5320,1.239616846,1,0,0.497237429
0,-0.042278842,1,0.682465425,2,2019-08-10T16:00:00.0,0.682465425,0,0.682465425,5321,1.042278842,1,0,0.654782
0,-0.121127698,1,0.656222487,4,2019-08-10T17:00:00.0,0.656222487,0,0.656222487,5322,1.121127698,1,0,0.585323588
0,-0.121127698,1,0.656222487,4,2019-08-10T18:00:00.0,0.656222487,0,0.656222487,5323,1.121127698,1,0,0.585323588
0,-0.121127698,1,0.656222487,4,2019-08-10T19:00:00.0,0.656222487,0,0.656222487,5324,1.121127698,1,0,0.585323588
0,-0.121127698,1,0.656222487,4,2019-08-10T20:00:00.0,0.656222487,0,0.656222487,5325,1.121127698,1,0,0.585323588
0,-0.042430781,1,0.682564912,2,2019-08-10T21:00:00.0,0.682564912,0,0.682564912,5326,1.042430781,1,0,0.654782
0,-0.239616846,1,0.616383893,3,2019-08-10T22:00:00.0,0.616383893,0,0.616383893,5327,1.239616846,1,0,0.497237429
0,-0.042278842,1,0.682465425,2,2019-08-10T23:00:00.0,0.682465425,0,0.682465425,5328,1.042278842,1,0,0.654782
0,0,1,0.426276334,1,2019-08-11T00:00:00.0,0.426276334,0,0.426276334,5329,1,1,0,0.426276334
0,0,1,0.426276334,1,2019-08-11T01:00:00.0,0.426276334,0,0.426276334,5330,1,1,0,0.426276334
0.296724085,-0.051203063,1,0.327774726,4,2019-08-11T02:00:00.0,0.327774726,0,0.327774726,5331,0.754478978,1,0,0.434438514
0,-0.034539314,1,0.37624907,3,2019-08-11T03:00:00.0,0.37624907,0,0.37624907,5332,1.034539314,1,0,0.363687551
0,-0.034539314,1,0.37624907,3,2019-08-11T04:00:00.0,0.37624907,0,0.37624907,5333,1.034539314,1,0,0.363687551
0,-0.034539314,1,0.37624907,3,2019-08-11T05:00:00.0,0.37624907,0,0.37624907,5334,1.034539314,1,0,0.363687551
0,-0.034539314,1,0.37624907,3,2019-08-11T06:00:00.0,0.37624907,0,0.37624907,5335,1.034539314,1,0,0.363687551
0,-0.034539314,1,0.37624907,3,2019-08-11T07:00:00.0,0.37624907,0,0.37624907,5336,1.034539314,1,0,0.363687551
0.745841391,0,1,0.108420916,3,2019-08-11T08:00:00.0,0.108420916,0,0.108420916,5337,0.254158609,1,0,0.42658762
0.379650181,-0.052006132,1,0.286818725,3,2019-08-11T09:00:00.0,0.286818725,0,0.286818725,5338,0.672355951,1,0,0.42658762
0,-0.03455205,1,0.37625968,3,2019-08-11T10:00:00.0,0.37625968,0,0.37625968,5339,1.03455205,1,0,0.36369333
0,-0.03455205,1,0.37625968,3,2019-08-11T11:00:00.0,0.37625968,0,0.37625968,5340,1.03455205,1,0,0.36369333
0,-0.03455205,1,0.37625968,3,2019-08-11T12:00:00.0,0.37625968,0,0.37625968,5341,1.03455205,1,0,0.36369333
0,-0.03455205,1,0.37625968,3,2019-08-11T13:00:00.0,0.37625968,0,0.37625968,5342,1.03455205,1,0,0.36369333
0,-0.03455205,1,0.37625968,3,2019-08-11T14:00:00.0,0.37625968,0,0.37625968,5343,1.03455205,1,0,0.36369333
0,-0.235947871,1,0.549655603,3,2019-08-11T15:00:00.0,0.549655603,0,0.549655603,5344,1.235947871,1,0,0.444723937
0,-0.128815272,1,0.49154457,3,2019-08-11T16:00:00.0,0.49154457,0,0.49154457,5345,1.128815272,1,0,0.435451736
0,-0.128815272,1,0.49154457,3,2019-08-11T17:00:00.0,0.49154457,0,0.49154457,5346,1.128815272,1,0,0.435451736
0,-0.128815272,1,0.491544571,3,2019-08-11T18:00:00.0,0.491544571,0,0.491544571,5347,1.128815275,1.000000003,0,0.435451736
0,-0.042430781,1,0.682564912,2,2019-08-11T19:00:00.0,0.682564912,0,0.682564912,5348,1.042430781,1,0,0.654782
0,-0.128815272,1,0.49154457,3,2019-08-11T20:00:00.0,0.49154457,0,0.49154457,5349,1.128815272,1,0,0.435451736
0,-0.235947871,1,0.549655603,3,2019-08-11T21:00:00.0,0.549655603,0,0.549655603,5350,1.235947871,1,0,0.444723937
0,-0.042278842,1,0.682465424,2,2019-08-11T22:00:00.0,0.682465424,0,0.682465424,5351,1.042278841,0.999999999,0,0.654782
0,-0.235947871,1,0.549655603,3,2019-08-11T23:00:00.0,0.549655603,0,0.549655603,5352,1.235947871,1,0,0.444723937
0,-0.239616846,1,0.616383893,3,2019-08-12T00:00:00.0,0.616383893,0,0.616383893,5353,1.239616846,1,0,0.497237429
0,-0.121127698,1,0.656222487,4,2019-08-12T01:00:00.0,0.656222487,0,0.656222487,5354,1.121127698,1,0,0.585323588
0,-0.239616846,1,0.616383893,3,2019-08-12T02:00:00.0,0.616383893,0,0.616383893,5355,1.239616846,1,0,0.497237429
0,-0.239616846,1,0.616383893,3,2019-08-12T03:00:00.0,0.616383893,0,0.616383893,5356,1.239616846,1,0,0.497237429
0,-0.239616846,1,0.616383893,3,2019-08-12T04:00:00.0,0.616383893,0,0.616383893,5357,1.239616846,1,0,0.497237429
0,-0.239616846,1,0.616383893,3,2019-08-12T05:00:00.0,0.616383893,0,0.616383893,5358,1.239616846,1,0,0.497237429
0,-0.121127698,1,0.656222487,4,2019-08-12T06:00:00.0,0.656222487,0,0.656222487,5359,1.121127698,1,0,0.585323588
0,-0.121127698,1,0.656222487,4,2019-08-12T07:00:00.0,0.656222487,0,0.656222487,5360,1.121127698,1,0,0.585323588
0,-0.119355807,1,0.505024622,3,2019-08-12T08:00:00.0,0.505024622,0,0.505024622,5361,1.119355807,1,0,0.451174344
0,-0.239783832,1,0.57014959,3,2019-08-12T09:00:00.0,0.57014959,0,0.57014959,5362,1.239783832,1,0,0.459878227
0,-0.239783832,1,0.57014959,3,2019-08-12T10:00:00.0,0.57014959,0,0.57014959,5363,1.239783832,1,0,0.459878227
0,-0.239783832,1,0.57014959,3,2019-08-12T11:00:00.0,0.57014959,0,0.57014959,5364,1.239783832,1,0,0.459878227
0,-0.239783832,1,0.615768545,3,2019-08-12T12:00:00.0,0.615768545,0,0.615768545,5365,1.239783832,1,0,0.496674121
0,-0.239783832,1,0.615768545,3,2019-08-12T13:00:00.0,0.615768545,0,0.615768545,5366,1.239783832,1,0,0.496674121
0,-0.239783832,1,0.615768544,3,2019-08-12T14:00:00.0,0.615768544,0,0.615768544,5367,1.239783832,1,0,0.496674121
0,-0.239783832,1,0.615768544,3,2019-08-12T15:00:00.0,0.615768544,0,0.615768544,5368,1.239783832,1,0,0.496674121
0,-0.239783832,1,0.615768545,3,2019-08-12T16:00:00.0,0.615768545,0,0.615768545,5369,1.239783832,1,0,0.496674121
0,-0.121127698,1,0.656222487,4,2019-08-12T17:00:00.0,0.656222487,0,0.656222487,5370,1.121127698,1,0,0.585323588
0,-0.140592275,1,0.541330732,3,2019-08-12T18:00:00.0,0.541330732,0,0.541330732,5371,1.140592275,1,0,0.474604943
0,-0.140592275,1,0.541330732,3,2019-08-12T19:00:00.0,0.541330732,0,0.541330732,5372,1.140592275,1,0,0.474604943
0,-0.140592275,1,0.541330732,3,2019-08-12T20:00:00.0,0.541330732,0,0.541330732,5373,1.140592275,1,0,0.474604943
0,-0.140592275,1,0.541330732,3,2019-08-12T21:00:00.0,0.541330732,0,0.541330732,5374,1.140592275,1,0,0.474604943
0,-0.239783832,1,0.57014959,3,2019-08-12T22:00:00.0,0.57014959,0,0.57014959,5375,1.239783832,1,0,0.459878227
0,-0.119355807,1,0.505024622,3,2019-08-12T23:00:00.0,0.505024622,0,0.505024622,5376,1.119355807,1,0,0.451174344
0,-0.119355807,1,0.505024622,3,2019-08-13T00:00:00.0,0.505024622,0,0.505024622,5377,1.119355807,1,0,0.451174344
0,-0.119355807,1,0.505024622,3,2019-08-13T01:00:00.0,0.505024622,0,0.505024622,5378,1.119355807,1,0,0.451174344
0,-0.119355807,1,0.505024622,3,2019-08-13T02:00:00.0,0.505024622,0,0.505024622,5379,1.119355807,1,0,0.451174344
0,-0.119355807,1,0.505024622,3,2019-08-13T03:00:00.0,0.505024622,0,0.505024622,5380,1.119355807,1,0,0.451174344
0,-0.119355807,1,0.505024622,3,2019-08-13T04:00:00.0,0.505024622,0,0.505024622,5381,1.119355807,1,0,0.451174344
0,-0.119355807,1,0.505024622,3,2019-08-13T05:00:00.0,0.505024622,0,0.505024622,5382,1.119355807,1,0,0.451174344
0,-0.119355807,1,0.505024622,3,2019-08-13T06:00:00.0,0.505024622,0,0.505024622,5383,1.119355807,1,0,0.451174344
0,-0.119355807,1,0.505024622,3,2019-08-13T07:00:00.0,0.505024622,0,0.505024622,5384,1.119355807,1,0,0.451174344
0,-0.121127698,1,0.656222487,4,2019-08-13T08:00:00.0,0.656222487,0,0.656222487,5385,1.121127698,1,0,0.585323588
0,-0.121127698,1,0.656222487,4,2019-08-13T09:00:00.0,0.656222487,0,0.656222487,5386,1.121127698,1,0,0.585323588
0,-0.121127698,1,0.656222487,4,2019-08-13T10:00:00.0,0.656222487,0,0.656222487,5387,1.121127698,1,0,0.585323588
0,-0.239783832,1,0.615768544,4,2019-08-13T11:00:00.0,0.615768544,0,0.615768544,5388,1.239783832,1,0,0.496674121
0,-0.140592275,1,0.541330732,3,2019-08-13T12:00:00.0,0.541330732,0,0.541330732,5389,1.140592275,1,0,0.474604943
0,-0.121127698,1,0.656222487,4,2019-08-13T13:00:00.0,0.656222487,0,0.656222487,5390,1.121127698,1,0,0.585323588
0,-0.121127698,1,0.656222487,4,2019-08-13T14:00:00.0,0.656222487,0,0.656222487,5391,1.121127698,1,0,0.585323588
0,-0.121127698,1,0.656222487,4,2019-08-13T15:00:00.0,0.656222487,0,0.656222487,5392,1.121127698,1,0,0.585323588
0,-0.121127698,1,0.656222487,4,2019-08-13T16:00:00.0,0.656222487,0,0.656222487,5393,1.121127698,1,0,0.585323588
0,-0.121127698,1,0.656222487,4,2019-08-13T17:00:00.0,0.656222487,0,0.656222487,5394,1.121127698,1,0,0.585323588
0,-0.121127698,1,0.656222487,4,2019-08-13T18:00:00.0,0.656222487,0,0.656222487,5395,1.121127698,1,0,0.585323588
0,-0.121127698,1,0.656222487,4,2019-08-13T19:00:00.0,0.656222487,0,0.656222487,5396,1.121127698,1,0,0.585323588
0,-0.121127698,1,0.656222487,4,2019-08-13T20:00:00.0,0.656222487,0,0.656222487,5397,1.121127698,1,0,0.585323588
0,-0.121127698,1,0.656222487,4,2019-08-13T21:00:00.0,0.656222487,0,0.656222487,5398,1.121127699,1,0,0.585323588
0,-0.140592275,1,0.544071579,3,2019-08-13T22:00:00.0,0.544071579,0,0.544071579,5399,1.140592275,1,0,0.477007947
0,-0.121127698,1,0.656222487,4,2019-08-13T23:00:00.0,0.656222487,0,0.656222487,5400,1.121127698,1,0,0.585323588
0,-0.121127698,1,0.656222487,4,2019-08-14T00:00:00.0,0.656222487,0,0.656222487,5401,1.121127698,1,0,0.585323588
0,-0.121127698,1,0.656222487,4,2019-08-14T01:00:00.0,0.656222487,0,0.656222487,5402,1.121127698,1,0,0.585323588
0,-0.121127698,1,0.656222487,4,2019-08-14T02:00:00.0,0.656222487,0,0.656222487,5403,1.121127698,1,0,0.585323588
0,-0.042462151,1,0.419574806,2,2019-08-14T03:00:00.0,0.419574806,0,0.419574806,5404,1.042462151,1,0,0.402484451
0,-0.121127698,1,0.656222487,4,2019-08-14T04:00:00.0,0.656222487,0,0.656222487,5405,1.121127698,1,0,0.585323588
0,-0.042444677,1,0.419567773,2,2019-08-14T05:00:00.0,0.419567773,0,0.419567773,5406,1.042444677,1,0,0.402484451
0,-0.042444677,1,0.419567773,2,2019-08-14T06:00:00.0,0.419567773,0,0.419567773,5407,1.042444677,1,0,0.402484451
0,-0.042444677,1,0.419567773,2,2019-08-14T07:00:00.0,0.419567773,0,0.419567773,5408,1.042444677,1,0,0.402484451
0,-0.042444677,1,0.419567773,2,2019-08-14T08:00:00.0,0.419567773,0,0.419567773,5409,1.042444677,1,0,0.402484451
0,-0.042444677,1,0.419567773,2,2019-08-14T09:00:00.0,0.419567773,0,0.419567773,5410,1.042444677,1,0,0.402484451
0,-0.042444677,1,0.419567773,2,2019-08-14T10:00:00.0,0.419567773,0,0.419567773,5411,1.042444677,1,0,0.402484451
0,-0.239783832,1,0.615768545,3,2019-08-14T11:00:00.0,0.615768545,0,0.615768545,5412,1.239783832,1,0,0.496674121
0,-0.239783832,1,0.615768544,3,2019-08-14T12:00:00.0,0.615768544,0,0.615768544,5413,1.239783832,1,0,0.496674121
0,-0.121127698,1,0.656222487,4,2019-08-14T13:00:00.0,0.656222487,0,0.656222487,5414,1.121127698,1,0,0.585323588
0,-0.121127698,1,0.656222487,4,2019-08-14T14:00:00.0,0.656222487,0,0.656222487,5415,1.121127698,1,0,0.585323588
0,-0.121127698,1,0.656222487,4,2019-08-14T15:00:00.0,0.656222487,0,0.656222487,5416,1.121127698,1,0,0.585323588
0,-0.042430781,1,0.682564912,2,2019-08-14T16:00:00.0,0.682564912,0,0.682564912,5417,1.042430781,1,0,0.654782
0,-0.121127698,1,0.656222487,4,2019-08-14T17:00:00.0,0.656222487,0,0.656222487,5418,1.121127698,1,0,0.585323588
0,-0.121127698,1,0.656222487,4,2019-08-14T18:00:00.0,0.656222487,0,0.656222487,5419,1.121127698,1,0,0.585323588
0,-0.121127698,1,0.656222487,4,2019-08-14T19:00:00.0,0.656222487,0,0.656222487,5420,1.121127698,1,0,0.585323588
0,-0.121127698,1,0.656222487,4,2019-08-14T20:00:00.0,0.656222487,0,0.656222487,5421,1.121127698,1,0,0.585323588
0,-0.121127698,1,0.656222487,4,2019-08-14T21:00:00.0,0.656222487,0,0.656222487,5422,1.121127698,1,0,0.585323588
0,-0.121127698,1,0.656222487,4,2019-08-14T22:00:00.0,0.656222487,0,0.656222487,5423,1.121127698,1,0,0.585323588
0,-0.042444677,1,0.419567773,2,2019-08-14T23:00:00.0,0.419567773,0,0.419567773,5424,1.042444677,1,0,0.402484451
0,-0.032002202,1,0.430528988,3,2019-08-15T00:00:00.0,0.430528988,0,0.430528988,5425,1.032002202,1,0,0.417178362
0,-0.032002202,1,0.430528988,3,2019-08-15T01:00:00.0,0.430528988,0,0.430528988,5426,1.032002202,1,0,0.417178362
0,-0.032002202,1,0.430528988,3,2019-08-15T02:00:00.0,0.430528988,0,0.430528988,5427,1.032002202,1,0,0.417178362
0,-0.032002202,1,0.430528988,3,2019-08-15T03:00:00.0,0.430528988,0,0.430528988,5428,1.032002202,1,0,0.417178362
0,-0.032002202,1,0.430528988,3,2019-08-15T04:00:00.0,0.430528988,0,0.430528988,5429,1.032002202,1,0,0.417178362
0,-0.032002202,1,0.430528988,3,2019-08-15T05:00:00.0,0.430528988,0,0.430528988,5430,1.032002202,1,0,0.417178362
0,-0.032002202,1,0.430528988,3,2019-08-15T06:00:00.0,0.430528988,0,0.430528988,5431,1.032002202,1,0,0.417178362
0,-0.032002202,1,0.430528988,3,2019-08-15T07:00:00.0,0.430528988,0,0.430528988,5432,1.032002202,1,0,0.417178362
0,-0.041080957,1,0.451231137,2,2019-08-15T08:00:00.0,0.451231137,0,0.451231137,5433,1.041080956,1,0,0.433425599
0,-0.041080957,1,0.451231137,2,2019-08-15T09:00:00.0,0.451231137,0,0.451231137,5434,1.041080957,1,0,0.433425599
0,-0.119355807,1,0.505024622,3,2019-08-15T10:00:00.0,0.505024622,0,0.505024622,5435,1.119355807,1,0,0.451174344
0,-0.121127698,1,0.656222487,4,2019-08-15T11:00:00.0,0.656222487,0,0.656222487,5436,1.121127699,1,0,0.585323588
0,-0.121127698,1,0.656222487,4,2019-08-15T12:00:00.0,0.656222487,0,0.656222487,5437,1.121127699,1,0,0.585323588
0,-0.121127698,1,0.656222487,4,2019-08-15T13:00:00.0,0.656222487,0,0.656222487,5438,1.121127699,1,0,0.585323588
0,-0.042430781,1,0.682564912,2,2019-08-15T14:00:00.0,0.682564912,0,0.682564912,5439,1.042430781,1,0,0.654782
0,-0.121127698,1,0.656222487,4,2019-08-15T15:00:00.0,0.656222487,0,0.656222487,5440,1.121127698,1,0,0.585323588
0,-0.042430781,1,0.682564912,2,2019-08-15T16:00:00.0,0.682564912,0,0.682564912,5441,1.042430781,1,0,0.654782
0,-0.121127698,1,0.656222487,4,2019-08-15T17:00:00.0,0.656222487,0,0.656222487,5442,1.121127699,1,0,0.585323588
0,-0.121127698,1,0.656222487,4,2019-08-15T18:00:00.0,0.656222487,0,0.656222487,5443,1.121127699,1,0,0.585323588
0,-0.121127698,1,0.656222487,4,2019-08-15T19:00:00.0,0.656222487,0,0.656222487,5444,1.121127699,1,0,0.585323588
0,-0.121127698,1,0.656222487,4,2019-08-15T20:00:00.0,0.656222487,0,0.656222487,5445,1.121127699,1,0,0.585323588
0,-0.121127698,1,0.656222487,4,2019-08-15T21:00:00.0,0.656222487,0,0.656222487,5446,1.121127699,1,0,0.585323588
0,-0.121127698,1,0.656222487,4,2019-08-15T22:00:00.0,0.656222487,0,0.656222487,5447,1.121127699,1,0,0.585323588
0,-0.119355807,1,0.505024622,3,2019-08-15T23:00:00.0,0.505024622,0,0.505024622,5448,1.119355807,1,0,0.451174344
0,-0.119355807,1,0.505024622,3,2019-08-16T00:00:00.0,0.505024622,0,0.505024622,5449,1.119355807,1,0,0.451174344
0,-0.119355807,1,0.505024622,3,2019-08-16T01:00:00.0,0.505024622,0,0.505024622,5450,1.119355807,1,0,0.451174344
0,-0.119355807,1,0.505024622,3,2019-08-16T02:00:00.0,0.505024622,0,0.505024622,5451,1.119355807,1,0,0.451174344
0,-0.119355807,1,0.505024622,3,2019-08-16T03:00:00.0,0.505024622,0,0.505024622,5452,1.119355807,1,0,0.451174344
0,-0.119355807,1,0.505024622,3,2019-08-16T04:00:00.0,0.505024622,0,0.505024622,5453,1.119355807,1,0,0.451174344
0,-0.119355807,1,0.505024622,3,2019-08-16T05:00:00.0,0.505024622,0,0.505024622,5454,1.119355807,1,0,0.451174344
0,-0.119355807,1,0.505024622,3,2019-08-16T06:00:00.0,0.505024622,0,0.505024622,5455,1.119355807,1,0,0.451174344
0,-0.119355807,1,0.505024622,3,2019-08-16T07:00:00.0,0.505024622,0,0.505024622,5456,1.119355807,1,0,0.451174344
0,-0.239783832,1,0.615768544,3,2019-08-16T08:00:00.0,0.615768544,0,0.615768544,5457,1.239783832,1,0,0.496674121
0,-0.239783832,1,0.615768544,3,2019-08-16T09:00:00.0,0.615768544,0,0.615768544,5458,1.239783832,1,0,0.496674121
0,-0.239783832,1,0.57014959,3,2019-08-16T10:00:00.0,0.57014959,0,0.57014959,5459,1.239783832,1,0,0.459878227
0,-0.239783832,1,0.57014959,3,2019-08-16T11:00:00.0,0.57014959,0,0.57014959,5460,1.239783832,1,0,0.459878227
0,-0.140592275,1,0.544071579,3,2019-08-16T12:00:00.0,0.544071579,0,0.544071579,5461,1.140592275,1,0,0.477007947
0,-0.121127698,1,0.656222487,4,2019-08-16T13:00:00.0,0.656222487,0,0.656222487,5462,1.121127698,1,0,0.585323588
0,-0.121127698,1,0.656222487,4,2019-08-16T14:00:00.0,0.656222487,0,0.656222487,5463,1.121127698,1,0,0.585323588
0,-0.121127698,1,0.656222487,4,2019-08-16T15:00:00.0,0.656222487,0,0.656222487,5464,1.121127698,1,0,0.585323588
0,-0.121127698,1,0.656222487,5,2019-08-16T16:00:00.0,0.656222487,0,0.656222487,5465,1.121127698,1,0,0.585323588
0,-0.121127698,1,0.656222487,4,2019-08-16T17:00:00.0,0.656222487,0,0.656222487,5466,1.121127698,1,0,0.585323588
0,-0.042430781,1,0.682564912,3,2019-08-16T18:00:00.0,0.682564912,0,0.682564912,5467,1.042430781,1,0,0.654782
0,-0.121127698,1,0.656222487,4,2019-08-16T19:00:00.0,0.656222487,0,0.656222487,5468,1.121127698,1,0,0.585323588
0,-0.121127698,1,0.656222487,4,2019-08-16T20:00:00.0,0.656222487,0,0.656222487,5469,1.121127698,1,0,0.585323588
0,-0.121127698,1,0.656222487,4,2019-08-16T21:00:00.0,0.656222487,0,0.656222487,5470,1.121127698,1,0,0.585323588
0,-0.140592275,1,0.544071579,3,2019-08-16T22:00:00.0,0.544071579,0,0.544071579,5471,1.140592275,1,0,0.477007947
0,-0.119355807,1,0.505024622,3,2019-08-16T23:00:00.0,0.505024622,0,0.505024622,5472,1.119355807,1,0,0.451174344
0,-0.119355807,1,0.505024622,3,2019-08-17T00:00:00.0,0.505024622,0,0.505024622,5473,1.119355807,1,0,0.451174344
0,-0.119355807,1,0.505024622,3,2019-08-17T01:00:00.0,0.505024622,0,0.505024622,5474,1.119355807,1,0,0.451174344
0,-0.121127698,1,0.656222487,4,2019-08-17T02:00:00.0,0.656222487,0,0.656222487,5475,1.121127699,1,0,0.585323588
0,-0.121127698,1,0.656222487,4,2019-08-17T03:00:00.0,0.656222487,0,0.656222487,5476,1.121127699,1,0,0.585323588
0,-0.119355807,1,0.505024622,3,2019-08-17T04:00:00.0,0.505024622,0,0.505024622,5477,1.119355807,1,0,0.451174344
0,-0.119355807,1,0.505024622,3,2019-08-17T05:00:00.0,0.505024622,0,0.505024622,5478,1.119355807,1,0,0.451174344
0,-0.119355807,1,0.505024622,3,2019-08-17T06:00:00.0,0.505024622,0,0.505024622,5479,1.119355807,1,0,0.451174344
0,-0.119355807,1,0.505024622,3,2019-08-17T07:00:00.0,0.505024622,0,0.505024622,5480,1.119355807,1,0,0.451174344
0,-0.053412789,1,0.631650462,3,2019-08-17T08:00:00.0,0.631650462,0,0.631650462,5481,1.053412789,1,0,0.599622929
0,-0.239783832,1,0.615768545,3,2019-08-17T09:00:00.0,0.615768545,0,0.615768545,5482,1.239783832,1,0,0.496674121
0,-0.239783832,1,0.615768545,3,2019-08-17T10:00:00.0,0.615768545,0,0.615768545,5483,1.239783832,1,0,0.496674121
0,-0.239783832,1,0.615768545,3,2019-08-17T11:00:00.0,0.615768545,0,0.615768545,5484,1.239783832,1,0,0.496674121
0,-0.239783832,1,0.57014959,3,2019-08-17T12:00:00.0,0.57014959,0,0.57014959,5485,1.239783832,1,0,0.459878227
0,-0.239783832,1,0.57014959,3,2019-08-17T13:00:00.0,0.57014959,0,0.57014959,5486,1.239783832,1,0,0.459878227
0,-0.121127698,1,0.656222487,4,2019-08-17T14:00:00.0,0.656222487,0,0.656222487,5487,1.121127699,1,0,0.585323588
0,-0.037232593,1,0.570633152,4,2019-08-17T15:00:00.0,0.570633152,0,0.570633152,5488,1.037232592,1,0,0.550149654
0,-0.042430781,1,0.546733403,2,2019-08-17T16:00:00.0,0.546733403,0,0.546733403,5489,1.042430781,1,0,0.524479335
0,-0.04194666,1,0.598066973,3,2019-08-17T17:00:00.0,0.598066973,0,0.598066973,5490,1.04194666,1,0,0.573990009
0,-0.037232593,1,0.570633152,4,2019-08-17T18:00:00.0,0.570633152,0,0.570633152,5491,1.037232593,1,0,0.550149654
0,-0.037232593,1,0.570633152,4,2019-08-17T19:00:00.0,0.570633152,0,0.570633152,5492,1.037232593,1,0,0.550149654
0,-0.037232593,1,0.570633152,4,2019-08-17T20:00:00.0,0.570633152,0,0.570633152,5493,1.037232593,1,0,0.550149654
0,-0.042430781,1,0.682564912,3,2019-08-17T21:00:00.0,0.682564912,0,0.682564912,5494,1.042430781,1,0,0.654782
0,-0.037232593,1,0.570633152,4,2019-08-17T22:00:00.0,0.570633152,0,0.570633152,5495,1.037232593,1,0,0.550149654
0,-0.140592275,1,0.541330732,3,2019-08-17T23:00:00.0,0.541330732,0,0.541330732,5496,1.140592275,1,0,0.474604943
0,-0.140592275,1,0.544071579,3,2019-08-18T00:00:00.0,0.544071579,0,0.544071579,5497,1.140592275,1,0,0.477007947
0,-0.140592275,1,0.544071579,3,2019-08-18T01:00:00.0,0.544071579,0,0.544071579,5498,1.140592275,1,0,0.477007947
0,-0.140592275,1,0.544071579,3,2019-08-18T02:00:00.0,0.544071579,0,0.544071579,5499,1.140592275,1,0,0.477007947
0,-0.140592275,1,0.544071579,3,2019-08-18T03:00:00.0,0.544071579,0,0.544071579,5500,1.140592275,1,0,0.477007947
0,-0.140592275,1,0.544071579,3,2019-08-18T04:00:00.0,0.544071579,0,0.544071579,5501,1.140592275,1,0,0.477007947
0,-0.140592275,1,0.544071579,3,2019-08-18T05:00:00.0,0.544071579,0,0.544071579,5502,1.140592275,1,0,0.477007947
0,-0.140592275,1,0.544071579,3,2019-08-18T06:00:00.0,0.544071579,0,0.544071579,5503,1.140592275,1,0,0.477007947
0,-0.14021841,1,0.543968986,3,2019-08-18T07:00:00.0,0.543968986,0,0.543968986,5504,1.14021841,1,0,0.477074375
0,-0.140592275,1,0.544071579,3,2019-08-18T08:00:00.0,0.544071579,0,0.544071579,5505,1.140592275,1,0,0.477007947
0,-0.042444677,1,0.419567773,2,2019-08-18T09:00:00.0,0.419567773,0,0.419567773,5506,1.042444677,1,0,0.402484451
0,-0.042444677,1,0.419567773,2,2019-08-18T10:00:00.0,0.419567773,0,0.419567773,5507,1.042444677,1,0,0.402484451
0,-0.042444677,1,0.419567773,2,2019-08-18T11:00:00.0,0.419567773,0,0.419567773,5508,1.042444677,1,0,0.402484451
0,-0.042444677,1,0.419567773,2,2019-08-18T12:00:00.0,0.419567773,0,0.419567773,5509,1.042444677,1,0,0.402484451
0,-0.042444677,1,0.419567773,2,2019-08-18T13:00:00.0,0.419567773,0,0.419567773,5510,1.042444677,1,0,0.402484451
0,-0.042444677,1,0.419567773,2,2019-08-18T14:00:00.0,0.419567773,0,0.419567773,5511,1.042444677,1,0,0.402484451
0,-0.042444677,1,0.419567773,2,2019-08-18T15:00:00.0,0.419567773,0,0.419567773,5512,1.042444677,1,0,0.402484451
0,-0.119355807,1,0.549692264,3,2019-08-18T16:00:00.0,0.549692264,0,0.549692264,5513,1.119355807,1,0,0.49107912
0,-0.042444677,1,0.419567773,2,2019-08-18T17:00:00.0,0.419567773,0,0.419567773,5514,1.042444677,1,0,0.402484451
0,-0.042444677,1,0.419567773,2,2019-08-18T18:00:00.0,0.419567773,0,0.419567773,5515,1.042444677,1,0,0.402484451
0,-0.121127698,1,0.656222487,4,2019-08-18T19:00:00.0,0.656222487,0,0.656222487,5516,1.121127699,1,0,0.585323588
0,-0.042444677,1,0.419567773,2,2019-08-18T20:00:00.0,0.419567773,0,0.419567773,5517,1.042444677,1,0,0.402484451
0,-0.119355807,1,0.549692264,3,2019-08-18T21:00:00.0,0.549692264,0,0.549692264,5518,1.119355807,1,0,0.49107912
0,-0.042444677,1,0.419567773,2,2019-08-18T22:00:00.0,0.419567773,0,0.419567773,5519,1.042444677,1,0,0.402484451
0,-0.239783832,1,0.615768545,3,2019-08-18T23:00:00.0,0.615768545,0,0.615768545,5520,1.239783832,1,0,0.496674121
0,-0.231606758,1,0.578068903,3,2019-08-19T00:00:00.0,0.578068903,0,0.578068903,5521,1.231606758,1,0,0.469361587
0,-0.231606758,1,0.578068903,3,2019-08-19T01:00:00.0,0.578068903,0,0.578068903,5522,1.231606758,1,0,0.469361587
0,-0.042430781,1,0.546733403,2,2019-08-19T02:00:00.0,0.546733403,0,0.546733403,5523,1.042430781,1,0,0.524479335
0,-0.231606758,1,0.578068903,3,2019-08-19T03:00:00.0,0.578068903,0,0.578068903,5524,1.231606758,1,0,0.469361587
0,-0.119355807,1,0.559528396,3,2019-08-19T04:00:00.0,0.559528396,0,0.559528396,5525,1.119355807,1,0,0.499866434
0,-0.119355807,1,0.559528396,3,2019-08-19T05:00:00.0,0.559528396,0,0.559528396,5526,1.119355807,1,0,0.499866434
0,-0.119355807,1,0.559528396,3,2019-08-19T06:00:00.0,0.559528396,0,0.559528396,5527,1.119355807,1,0,0.499866434
0,-0.119355807,1,0.559528396,3,2019-08-19T07:00:00.0,0.559528396,0,0.559528396,5528,1.119355807,1,0,0.499866434
0,-0.239783832,1,0.615768545,3,2019-08-19T08:00:00.0,0.615768545,0,0.615768545,5529,1.239783832,1,0,0.496674121
0,-0.042444677,1,0.419567773,2,2019-08-19T09:00:00.0,0.419567773,0,0.419567773,5530,1.042444677,1,0,0.402484451
0,-0.042444677,1,0.419567773,2,2019-08-19T10:00:00.0,0.419567773,0,0.419567773,5531,1.042444677,1,0,0.402484451
0,-0.239783832,1,0.615768545,3,2019-08-19T11:00:00.0,0.615768545,0,0.615768545,5532,1.239783832,1,0,0.496674121
0,-0.239783832,1,0.615768545,3,2019-08-19T12:00:00.0,0.615768545,0,0.615768545,5533,1.239783832,1,0,0.496674121
0,-0.239783832,1,0.615768545,3,2019-08-19T13:00:00.0,0.615768545,0,0.615768545,5534,1.239783832,1,0,0.496674121
0,-0.042278842,1,0.682465425,2,2019-08-19T14:00:00.0,0.682465425,0,0.682465425,5535,1.042278842,1,0,0.654782
0,-0.121127698,1,0.656222487,4,2019-08-19T15:00:00.0,0.656222487,0,0.656222487,5536,1.121127699,1,0,0.585323588
0,-0.121127698,1,0.656222487,4,2019-08-19T16:00:00.0,0.656222487,0,0.656222487,5537,1.121127699,1,0,0.585323588
0,-0.121127698,1,0.656222487,4,2019-08-19T17:00:00.0,0.656222487,0,0.656222487,5538,1.121127699,1,0,0.585323588
0,-0.140592275,1,0.60523897,3,2019-08-19T18:00:00.0,0.60523897,0,0.60523897,5539,1.140592275,1,0,0.530635691
0,-0.140592275,1,0.60523897,3,2019-08-19T19:00:00.0,0.60523897,0,0.60523897,5540,1.140592275,1,0,0.530635691
0,-0.131038628,1,0.605989782,3,2019-08-19T20:00:00.0,0.605989782,0,0.605989782,5541,1.131038628,1,0,0.535781685
0,-0.121127698,1,0.656222487,4,2019-08-19T21:00:00.0,0.656222487,0,0.656222487,5542,1.121127699,1,0,0.585323588
0,-0.042444677,1,0.419567773,2,2019-08-19T22:00:00.0,0.419567773,0,0.419567773,5543,1.042444677,1,0,0.402484451
0,-0.239783832,1,0.615768545,3,2019-08-19T23:00:00.0,0.615768545,0,0.615768545,5544,1.239783832,1,0,0.496674121
0,-0.119355807,1,0.559528396,3,2019-08-20T00:00:00.0,0.559528396,0,0.559528396,5545,1.119355807,1,0,0.499866434
0,-0.118999534,1,0.559469702,3,2019-08-20T01:00:00.0,0.559469702,0,0.559469702,5546,1.118999534,1,0,0.499973132
0,-0.118999534,1,0.559469702,3,2019-08-20T02:00:00.0,0.559469702,0,0.559469702,5547,1.118999534,1,0,0.499973132
0,-0.119355807,1,0.559528396,3,2019-08-20T03:00:00.0,0.559528396,0,0.559528396,5548,1.119355807,1,0,0.499866434
0,-0.119355807,1,0.559528396,3,2019-08-20T04:00:00.0,0.559528396,0,0.559528396,5549,1.119355807,1,0,0.499866434
0,-0.119355807,1,0.559528396,3,2019-08-20T05:00:00.0,0.559528396,0,0.559528396,5550,1.119355807,1,0,0.499866434
0,-0.119355807,1,0.559528396,3,2019-08-20T06:00:00.0,0.559528396,0,0.559528396,5551,1.119355807,1,0,0.499866434
0,-0.119355807,1,0.559528396,3,2019-08-20T07:00:00.0,0.559528396,0,0.559528396,5552,1.119355807,1,0,0.499866434
0,-0.119355807,1,0.559528396,3,2019-08-20T08:00:00.0,0.559528396,0,0.559528396,5553,1.119355807,1,0,0.499866434
0,-0.239783832,1,0.597443591,3,2019-08-20T09:00:00.0,0.597443591,0,0.597443591,5554,1.239783832,1,0,0.481893356
0,-0.239783832,1,0.597443591,3,2019-08-20T10:00:00.0,0.597443591,0,0.597443591,5555,1.239783832,1,0,0.481893356
0,-0.239783832,1,0.597443591,3,2019-08-20T11:00:00.0,0.597443591,0,0.597443591,5556,1.239783832,1,0,0.481893356
0,-0.239783832,1,0.597443591,3,2019-08-20T12:00:00.0,0.597443591,0,0.597443591,5557,1.239783832,1,0,0.481893356
0,-0.140592275,1,0.60523897,3,2019-08-20T13:00:00.0,0.60523897,0,0.60523897,5558,1.140592275,1,0,0.530635691
0,-0.121127698,1,0.656222487,4,2019-08-20T14:00:00.0,0.656222487,0,0.656222487,5559,1.121127699,1,0,0.585323588
0,-0.121127698,1,0.656222487,4,2019-08-20T15:00:00.0,0.656222487,0,0.656222487,5560,1.121127699,1,0,0.585323588
0,-0.121127698,1,0.656222487,4,2019-08-20T16:00:00.0,0.656222487,0,0.656222487,5561,1.121127699,1,0,0.585323588
0,-0.121127698,1,0.656222487,4,2019-08-20T17:00:00.0,0.656222487,0,0.656222487,5562,1.121127699,1,0,0.585323588
0,-0.109560093,1,0.66016628,4,2019-08-20T18:00:00.0,0.66016628,0,0.66016628,5563,1.109560093,1,0,0.594980195
0,-0.109560093,1,0.66016628,4,2019-08-20T19:00:00.0,0.66016628,0,0.66016628,5564,1.109560093,1,0,0.594980195
0,-0.121127698,1,0.656222487,4,2019-08-20T20:00:00.0,0.656222487,0,0.656222487,5565,1.121127699,1,0,0.585323588
0,-0.121127698,1,0.656222487,4,2019-08-20T21:00:00.0,0.656222487,0,0.656222487,5566,1.121127699,1,0,0.585323588
0,-0.140592275,1,0.60523897,3,2019-08-20T22:00:00.0,0.60523897,0,0.60523897,5567,1.140592275,1,0,0.530635691
0,-0.239783832,1,0.615768545,3,2019-08-20T23:00:00.0,0.615768545,0,0.615768545,5568,1.239783832,1,0,0.496674121
0,-0.121127698,1,0.656222487,4,2019-08-21T00:00:00.0,0.656222487,0,0.656222487,5569,1.121127698,1,0,0.585323588
0,-0.042444677,1,0.419567773,2,2019-08-21T01:00:00.0,0.419567773,0,0.419567773,5570,1.042444677,1,0,0.402484451
0,-0.042444677,1,0.419567773,2,2019-08-21T02:00:00.0,0.419567773,0,0.419567773,5571,1.042444677,1,0,0.402484451
0,-0.119355807,1,0.559528396,3,2019-08-21T03:00:00.0,0.559528396,0,0.559528396,5572,1.119355807,1,0,0.499866434
0,-0.119355807,1,0.559528396,3,2019-08-21T04:00:00.0,0.559528396,0,0.559528396,5573,1.119355807,1,0,0.499866434
0,-0.042430781,1,0.682564912,2,2019-08-21T05:00:00.0,0.682564912,0,0.682564912,5574,1.042430781,1,0,0.654782
0,-0.119355807,1,0.559528396,3,2019-08-21T06:00:00.0,0.559528396,0,0.559528396,5575,1.119355807,1,0,0.499866434
0,-0.119355807,1,0.559528396,3,2019-08-21T07:00:00.0,0.559528396,0,0.559528396,5576,1.119355807,1,0,0.499866434
0,-0.121127698,1,0.656222487,4,2019-08-21T08:00:00.0,0.656222487,0,0.656222487,5577,1.121127698,1,0,0.585323588
0,-0.121127698,1,0.656222487,4,2019-08-21T09:00:00.0,0.656222487,0,0.656222487,5578,1.121127698,1,0,0.585323588
0,-0.121127698,1,0.656222487,4,2019-08-21T10:00:00.0,0.656222487,0,0.656222487,5579,1.121127698,1,0,0.585323588
0,-0.121127698,1,0.656222487,4,2019-08-21T11:00:00.0,0.656222487,0,0.656222487,5580,1.121127698,1,0,0.585323588
0,-0.121127698,1,0.656222487,4,2019-08-21T12:00:00.0,0.656222487,0,0.656222487,5581,1.121127698,1,0,0.585323588
0,-0.121127698,1,0.656222487,4,2019-08-21T13:00:00.0,0.656222487,0,0.656222487,5582,1.121127698,1,0,0.585323588
0,-0.121127698,1,0.656222487,4,2019-08-21T14:00:00.0,0.656222487,0,0.656222487,5583,1.121127698,1,0,0.585323588
0,-0.121127698,1,0.656222487,4,2019-08-21T15:00:00.0,0.656222487,0,0.656222487,5584,1.121127698,1,0,0.585323588
0,-0.121127698,1,0.656222487,4,2019-08-21T16:00:00.0,0.656222487,0,0.656222487,5585,1.121127698,1,0,0.585323588
0,-0.121127698,1,0.656222487,4,2019-08-21T17:00:00.0,0.656222487,0,0.656222487,5586,1.121127698,1,0,0.585323588
0,-0.121127698,1,0.656222487,4,2019-08-21T18:00:00.0,0.656222487,0,0.656222487,5587,1.121127698,1,0,0.585323588
0,-0.121127698,1,0.656222487,4,2019-08-21T19:00:00.0,0.656222487,0,0.656222487,5588,1.121127698,1,0,0.585323588
0,-0.121127698,1,0.656222487,4,2019-08-21T20:00:00.0,0.656222487,0,0.656222487,5589,1.121127698,1,0,0.585323588
0,-0.121127698,1,0.656222487,4,2019-08-21T21:00:00.0,0.656222487,0,0.656222487,5590,1.121127698,1,0,0.585323588
0,-0.119355807,1,0.549692264,3,2019-08-21T22:00:00.0,0.549692264,0,0.549692264,5591,1.119355807,1,0,0.49107912
0,-0.580538376,1,0.608636035,4,2019-08-21T23:00:00.0,0.608636035,0,0.608636035,5592,1.580538376,1,0,0.385081466
0,-0.037777842,1,0.413524782,3,2019-08-22T00:00:00.0,0.413524782,0,0.413524782,5593,1.037777842,1,0,0.398471393
0,-0.037777842,1,0.413524782,3,2019-08-22T01:00:00.0,0.413524782,0,0.413524782,5594,1.037777842,1,0,0.398471393
0,-0.037777842,1,0.413524782,3,2019-08-22T02:00:00.0,0.413524782,0,0.413524782,5595,1.037777842,1,0,0.398471393
0,-0.037777842,1,0.413524782,3,2019-08-22T03:00:00.0,0.413524782,0,0.413524782,5596,1.037777842,1,0,0.398471393
0,-0.037777842,1,0.413524782,3,2019-08-22T04:00:00.0,0.413524782,0,0.413524782,5597,1.037777842,1,0,0.398471393
0,-0.037777842,1,0.413524782,3,2019-08-22T05:00:00.0,0.413524782,0,0.413524782,5598,1.037777842,1,0,0.398471393
0,-0.037777842,1,0.413524782,3,2019-08-22T06:00:00.0,0.413524782,0,0.413524782,5599,1.037777842,1,0,0.398471393
0,-0.037777842,1,0.413524782,3,2019-08-22T07:00:00.0,0.413524782,0,0.413524782,5600,1.037777843,1,0,0.398471393
0,-0.037777842,1,0.413524782,3,2019-08-22T08:00:00.0,0.413524782,0,0.413524782,5601,1.037777842,1,0,0.398471393
0,-0.474005979,1,0.523844511,3,2019-08-22T09:00:00.0,0.523844511,0,0.523844511,5602,1.474005979,1,0,0.355388322
0,-0.239783832,1,0.57014959,3,2019-08-22T10:00:00.0,0.57014959,0,0.57014959,5603,1.239783832,1,0,0.459878227
0,-0.239783832,1,0.571320154,3,2019-08-22T11:00:00.0,0.571320154,0,0.571320154,5604,1.239783832,1,0,0.460822394
0,-0.042430781,1,0.682564912,2,2019-08-22T12:00:00.0,0.682564912,0,0.682564912,5605,1.042430781,1,0,0.654782
0,-0.130199597,1,0.539470028,4,2019-08-22T13:00:00.0,0.539470028,0,0.539470028,5606,1.130199597,1,0,0.477322793
0,-0.140592275,1,0.544071579,3,2019-08-22T14:00:00.0,0.544071579,0,0.544071579,5607,1.140592275,1,0,0.477007947
0,-0.130199597,1,0.539470028,4,2019-08-22T15:00:00.0,0.539470028,0,0.539470028,5608,1.130199597,1,0,0.477322793
0,-0.130199597,1,0.539470028,4,2019-08-22T16:00:00.0,0.539470028,0,0.539470028,5609,1.130199597,1,0,0.477322793
0,-0.121127698,1,0.656222487,4,2019-08-22T17:00:00.0,0.656222487,0,0.656222487,5610,1.121127699,1,0,0.585323588
0,-0.140592275,1,0.544071579,3,2019-08-22T18:00:00.0,0.544071579,0,0.544071579,5611,1.140592275,1,0,0.477007947
0,-0.140592275,1,0.544071579,3,2019-08-22T19:00:00.0,0.544071579,0,0.544071579,5612,1.140592275,1,0,0.477007947
0,-0.140592275,1,0.544071579,3,2019-08-22T20:00:00.0,0.544071579,0,0.544071579,5613,1.140592275,1,0,0.477007947
0,-0.140592275,1,0.544071579,3,2019-08-22T21:00:00.0,0.544071579,0,0.544071579,5614,1.140592275,1,0,0.477007947
0,-0.140592275,1,0.544071579,3,2019-08-22T22:00:00.0,0.544071579,0,0.544071579,5615,1.140592275,1,0,0.477007947
0,-0.140592275,1,0.541330732,3,2019-08-22T23:00:00.0,0.541330732,0,0.541330732,5616,1.140592275,1,0,0.474604943
0,-0.037777842,1,0.413524782,3,2019-08-23T00:00:00.0,0.413524782,0,0.413524782,5617,1.037777842,1,0,0.398471393
0,-0.037777842,1,0.413524782,3,2019-08-23T01:00:00.0,0.413524782,0,0.413524782,5618,1.037777842,1,0,0.398471393
0,-0.037777842,1,0.413524782,3,2019-08-23T02:00:00.0,0.413524782,0,0.413524782,5619,1.037777842,1,0,0.398471393
0,-0.037777842,1,0.413524782,3,2019-08-23T03:00:00.0,0.413524782,0,0.413524782,5620,1.037777842,1,0,0.398471393
0,-0.037777842,1,0.413524782,3,2019-08-23T04:00:00.0,0.413524782,0,0.413524782,5621,1.037777842,1,0,0.398471393
0,-0.037777842,1,0.413524782,3,2019-08-23T05:00:00.0,0.413524782,0,0.413524782,5622,1.037777842,1,0,0.398471393
0,-0.037777842,1,0.413524782,3,2019-08-23T06:00:00.0,0.413524782,0,0.413524782,5623,1.037777842,1,0,0.398471393
0,-0.037777842,1,0.413524782,3,2019-08-23T07:00:00.0,0.413524782,0,0.413524782,5624,1.037777842,1,0,0.398471393
0,-0.037777842,1,0.413524782,3,2019-08-23T08:00:00.0,0.413524782,0,0.413524782,5625,1.037777842,1,0,0.398471393
0,0,1,0.426276334,1,2019-08-23T09:00:00.0,0.426276334,0,0.426276334,5626,1,1,0,0.426276334
0,0,1,0.426276334,1,2019-08-23T10:00:00.0,0.426276334,0,0.426276334,5627,1,1,0,0.426276334
0,-0.239616846,1,0.570216461,3,2019-08-23T11:00:00.0,0.570216461,0,0.570216461,5628,1.239616846,1,0,0.45999412
0,-0.239616846,1,0.616383893,3,2019-08-23T12:00:00.0,0.616383893,0,0.616383893,5629,1.239616846,1,0,0.497237429
0,-0.239616846,1,0.616383893,3,2019-08-23T13:00:00.0,0.616383893,0,0.616383893,5630,1.239616846,1,0,0.497237429
0,-0.121127698,1,0.656222487,4,2019-08-23T14:00:00.0,0.656222487,0,0.656222487,5631,1.121127699,1,0,0.585323588
0,-0.042430781,1,0.682564912,2,2019-08-23T15:00:00.0,0.682564912,0,0.682564912,5632,1.042430781,1,0,0.654782
0,-0.121127698,1,0.656222487,4,2019-08-23T16:00:00.0,0.656222487,0,0.656222487,5633,1.121127699,1,0,0.585323588
0,-0.121127698,1,0.656222487,4,2019-08-23T17:00:00.0,0.656222487,0,0.656222487,5634,1.121127699,1,0,0.585323588
0,-0.121127698,1,0.656222487,4,2019-08-23T18:00:00.0,0.656222487,0,0.656222487,5635,1.121127699,1,0,0.585323588
0,-0.121127698,1,0.656222487,4,2019-08-23T19:00:00.0,0.656222487,0,0.656222487,5636,1.121127699,1,0,0.585323588
0,-0.140592275,1,0.541330732,3,2019-08-23T20:00:00.0,0.541330732,0,0.541330732,5637,1.140592275,1,0,0.474604943
0,-0.121127698,1,0.656222487,4,2019-08-23T21:00:00.0,0.656222487,0,0.656222487,5638,1.121127699,1,0,0.585323588
0,-0.121127698,1,0.656222487,4,2019-08-23T22:00:00.0,0.656222487,0,0.656222487,5639,1.121127699,1,0,0.585323588
0,-0.119355807,1,0.510886216,3,2019-08-23T23:00:00.0,0.510886216,0,0.510886216,5640,1.119355807,1,0,0.456410922
0,-0.037570644,1,0.404851518,4,2019-08-24T00:00:00.0,0.404851518,0,0.404851518,5641,1.037570644,1,0,0.390191762
0,-0.037570644,1,0.404851518,4,2019-08-24T01:00:00.0,0.404851518,0,0.404851518,5642,1.037570644,1,0,0.390191762
0,0,1,0.426276334,1,2019-08-24T02:00:00.0,0.426276334,0,0.426276334,5643,1,1,0,0.426276334
0,-0.03455205,1,0.379137836,3,2019-08-24T03:00:00.0,0.379137836,0,0.379137836,5644,1.03455205,1,0,0.366475361
0,-0.03455205,1,0.379137836,3,2019-08-24T04:00:00.0,0.379137836,0,0.379137836,5645,1.03455205,1,0,0.366475361
0,-0.03455205,1,0.379137836,3,2019-08-24T05:00:00.0,0.379137836,0,0.379137836,5646,1.03455205,1,0,0.366475361
0,0,1,0.390093997,2,2019-08-24T06:00:00.0,0.390093997,0,0.390093997,5647,1,1,0,0.390093997
0,-0.03455205,1,0.379137836,3,2019-08-24T07:00:00.0,0.379137836,0,0.379137836,5648,1.03455205,1,0,0.366475361
0,-0.03455205,1,0.379137836,3,2019-08-24T08:00:00.0,0.379137836,0,0.379137836,5649,1.03455205,1,0,0.366475361
0,-0.03455205,1,0.379137836,3,2019-08-24T09:00:00.0,0.379137836,0,0.379137836,5650,1.03455205,1,0,0.366475361
0,-0.03455205,1,0.379137836,3,2019-08-24T10:00:00.0,0.379137836,0,0.379137836,5651,1.03455205,1,0,0.366475361
0,0,1,0.426276334,1,2019-08-24T11:00:00.0,0.426276334,0,0.426276334,5652,1,1,0,0.426276334
0,0,1,0.426276334,1,2019-08-24T12:00:00.0,0.426276334,0,0.426276334,5653,1,1,0,0.426276334
0,0,1,0.426276334,1,2019-08-24T13:00:00.0,0.426276334,0,0.426276334,5654,1,1,0,0.426276334
0,0,1,0.426276334,1,2019-08-24T14:00:00.0,0.426276334,0,0.426276334,5655,1,1,0,0.426276334
0,0,1,0.426276334,1,2019-08-24T15:00:00.0,0.426276334,0,0.426276334,5656,1,1,0,0.426276334
0,0,1,0.426276334,1,2019-08-24T16:00:00.0,0.426276334,0,0.426276334,5657,1,1,0,0.426276334
0,-0.128815272,1,0.49154457,3,2019-08-24T17:00:00.0,0.49154457,0,0.49154457,5658,1.128815272,1,0,0.435451736
0,-0.128815272,1,0.49154457,3,2019-08-24T18:00:00.0,0.49154457,0,0.49154457,5659,1.128815272,1,0,0.435451736
0,-0.128815272,1,0.49154457,3,2019-08-24T19:00:00.0,0.49154457,0,0.49154457,5660,1.128815272,1,0,0.435451736
0,-0.128815272,1,0.49154457,3,2019-08-24T20:00:00.0,0.49154457,0,0.49154457,5661,1.128815272,1,0,0.435451736
0,-0.128815272,1,0.49154457,3,2019-08-24T21:00:00.0,0.49154457,0,0.49154457,5662,1.128815272,1,0,0.435451736
0,-0.128815272,1,0.49154457,3,2019-08-24T22:00:00.0,0.49154457,0,0.49154457,5663,1.128815272,1,0,0.435451736
0,-0.042430781,1,0.398544357,2,2019-08-24T23:00:00.0,0.398544357,0,0.398544357,5664,1.042430781,1,0,0.382322131
0,-0.039677957,1,0.338880129,2,2019-08-25T00:00:00.0,0.338880129,0,0.338880129,5665,1.039677957,1,0,0.325947209
0,-0.039677957,1,0.338880129,2,2019-08-25T01:00:00.0,0.338880129,0,0.338880129,5666,1.039677957,1,0,0.325947209
0,-0.039677957,1,0.338880129,2,2019-08-25T02:00:00.0,0.338880129,0,0.338880129,5667,1.039677957,1,0,0.325947209
0,-0.039677957,1,0.338880129,2,2019-08-25T03:00:00.0,0.338880129,0,0.338880129,5668,1.039677957,1,0,0.325947209
0,-0.039677957,1,0.338880129,2,2019-08-25T04:00:00.0,0.338880129,0,0.338880129,5669,1.039677957,1,0,0.325947209
0,-0.039677957,1,0.338880129,2,2019-08-25T05:00:00.0,0.338880129,0,0.338880129,5670,1.039677957,1,0,0.325947209
0,-0.03465931,1,0.363685293,3,2019-08-25T06:00:00.0,0.363685293,0,0.363685293,5671,1.03465931,1,0,0.351502461
0,-0.036661054,1,0.356551919,3,2019-08-25T07:00:00.0,0.356551919,0,0.356551919,5672,1.036661054,1,0,0.34394262
0,-0.03465931,1,0.363685293,3,2019-08-25T08:00:00.0,0.363685293,0,0.363685293,5673,1.03465931,1,0,0.351502461
0,-0.03465931,1,0.363685293,3,2019-08-25T09:00:00.0,0.363685293,0,0.363685293,5674,1.034659309,1,0,0.351502461
0,-0.035016975,1,0.363732925,3,2019-08-25T10:00:00.0,0.363732925,0,0.363732925,5675,1.035016975,1,0,0.351427014
0,-0.035016975,1,0.363732925,3,2019-08-25T11:00:00.0,0.363732925,0,0.363732925,5676,1.035016975,1,0,0.351427014
0,-0.035016975,1,0.363732925,3,2019-08-25T12:00:00.0,0.363732925,0,0.363732925,5677,1.035016975,1,0,0.351427014
0,-0.035016975,1,0.365686254,3,2019-08-25T13:00:00.0,0.365686254,0,0.365686254,5678,1.035016975,1,0,0.353314257
0,-0.035016975,1,0.365686254,3,2019-08-25T14:00:00.0,0.365686254,0,0.365686254,5679,1.035016975,1,0,0.353314257
0,-0.035016975,1,0.365686254,3,2019-08-25T15:00:00.0,0.365686254,0,0.365686254,5680,1.035016975,1,0,0.353314257
0,-0.035016975,1,0.365686254,3,2019-08-25T16:00:00.0,0.365686254,0,0.365686254,5681,1.035016975,1,0,0.353314257
0,-0.039677957,1,0.353462977,2,2019-08-25T17:00:00.0,0.353462977,0,0.353462977,5682,1.039677957,1,0,0.339973522
0,-0.039677957,1,0.353462977,2,2019-08-25T18:00:00.0,0.353462977,0,0.353462977,5683,1.039677957,1,0,0.339973522
0,-0.039677957,1,0.353462977,2,2019-08-25T19:00:00.0,0.353462977,0,0.353462977,5684,1.039677957,1,0,0.339973522
0,-0.039677957,1,0.353462977,2,2019-08-25T20:00:00.0,0.353462977,0,0.353462977,5685,1.039677957,1,0,0.339973522
0,-0.039677957,1,0.353462977,2,2019-08-25T21:00:00.0,0.353462977,0,0.353462977,5686,1.039677957,1,0,0.339973522
0,-0.039677957,1,0.353462977,2,2019-08-25T22:00:00.0,0.353462977,0,0.353462977,5687,1.039677957,1,0,0.339973522
0,-0.042430781,1,0.354398864,2,2019-08-25T23:00:00.0,0.354398864,0,0.354398864,5688,1.042430781,1,0,0.339973522
0,-0.142817344,1,0.559791011,4,2019-08-26T00:00:00.0,0.559791011,0,0.559791011,5689,1.142817344,1,0,0.489834193
0,-0.142817344,1,0.559791011,4,2019-08-26T01:00:00.0,0.559791011,0,0.559791011,5690,1.142817344,1,0,0.489834193
0,-0.142817344,1,0.559791011,4,2019-08-26T02:00:00.0,0.559791011,0,0.559791011,5691,1.142817344,1,0,0.489834193
0,-0.142817344,1,0.559791011,4,2019-08-26T03:00:00.0,0.559791011,0,0.559791011,5692,1.142817344,1,0,0.489834193
0,-0.142817344,1,0.559791011,4,2019-08-26T04:00:00.0,0.559791011,0,0.559791011,5693,1.142817344,1,0,0.489834193
0,-0.142817344,1,0.559791011,4,2019-08-26T05:00:00.0,0.559791011,0,0.559791011,5694,1.142817344,1,0,0.489834193
0,-0.142817344,1,0.559791011,4,2019-08-26T06:00:00.0,0.559791011,0,0.559791011,5695,1.142817344,1,0,0.489834193
0,-0.239616846,1,0.616383893,3,2019-08-26T07:00:00.0,0.616383893,0,0.616383893,5696,1.239616846,1,0,0.497237429
0,-0.142817344,1,0.559791011,4,2019-08-26T08:00:00.0,0.559791011,0,0.559791011,5697,1.142817344,1,0,0.489834193
0,-0.034659309,1,0.370818288,3,2019-08-26T09:00:00.0,0.370818288,0,0.370818288,5698,1.034659309,1,0,0.358396512
0,-0.035016975,1,0.371006925,3,2019-08-26T10:00:00.0,0.371006925,0,0.371006925,5699,1.035016975,1,0,0.358454918
0,-0.035016975,1,0.371006925,3,2019-08-26T11:00:00.0,0.371006925,0,0.371006925,5700,1.035016975,1,0,0.358454918
0,-0.035016975,1,0.371006925,3,2019-08-26T12:00:00.0,0.371006925,0,0.371006925,5701,1.035016975,1,0,0.358454918
0,-0.035016975,1,0.371006925,3,2019-08-26T13:00:00.0,0.371006925,0,0.371006925,5702,1.035016975,1,0,0.358454918
0,-0.035016975,1,0.371006925,3,2019-08-26T14:00:00.0,0.371006925,0,0.371006925,5703,1.035016975,1,0,0.358454918
0,-0.038204097,1,0.430340494,4,2019-08-26T15:00:00.0,0.430340494,0,0.430340494,5704,1.038204097,1,0,0.414504716
0,-0.038204097,1,0.430340494,4,2019-08-26T16:00:00.0,0.430340494,0,0.430340494,5705,1.038204097,1,0,0.414504716
0,-0.038204097,1,0.430340494,4,2019-08-26T17:00:00.0,0.430340494,0,0.430340494,5706,1.038204097,1,0,0.414504716
0,-0.142817344,1,0.559791011,4,2019-08-26T18:00:00.0,0.559791011,0,0.559791011,5707,1.142817344,1,0,0.489834193
0,-0.036661054,1,0.377602616,3,2019-08-26T19:00:00.0,0.377602616,0,0.377602616,5708,1.036661054,1,0,0.364248869
0,-0.039677957,1,0.680762412,2,2019-08-26T20:00:00.0,0.680762412,0,0.680762412,5709,1.039677957,1,0,0.654782
0,-0.038204097,1,0.430340494,4,2019-08-26T21:00:00.0,0.430340494,0,0.430340494,5710,1.038204097,1,0,0.414504716
0,-0.039677957,1,0.393185193,2,2019-08-26T22:00:00.0,0.393185193,0,0.393185193,5711,1.039677957,1,0,0.378179791
0,-0.234220421,1,0.613228926,4,2019-08-26T23:00:00.0,0.613228926,0,0.613228926,5712,1.234220421,1,0,0.496855275
0,-0.142817344,1,0.559791011,4,2019-08-27T00:00:00.0,0.559791011,0,0.559791011,5713,1.142817344,1,0,0.489834193
0,-0.239616846,1,0.616383893,3,2019-08-27T01:00:00.0,0.616383893,0,0.616383893,5714,1.239616846,1,0,0.497237429
0,-0.142817344,1,0.559791011,4,2019-08-27T02:00:00.0,0.559791011,0,0.559791011,5715,1.142817344,1,0,0.489834193
0,-0.142817344,1,0.559791011,4,2019-08-27T03:00:00.0,0.559791011,0,0.559791011,5716,1.142817344,1,0,0.489834193
0,-0.239616846,1,0.616383893,3,2019-08-27T04:00:00.0,0.616383893,0,0.616383893,5717,1.239616846,1,0,0.497237429
0,-0.142817344,1,0.559791011,4,2019-08-27T05:00:00.0,0.559791011,0,0.559791011,5718,1.142817344,1,0,0.489834193
0,-0.142817344,1,0.559791011,4,2019-08-27T06:00:00.0,0.559791011,0,0.559791011,5719,1.142817344,1,0,0.489834193
0,-0.142817344,1,0.559791011,4,2019-08-27T07:00:00.0,0.559791011,0,0.559791011,5720,1.142817344,1,0,0.489834193
0,-0.042278842,1,0.398486268,2,2019-08-27T08:00:00.0,0.398486268,0,0.398486268,5721,1.042278842,1,0,0.382322131
0,-0.239616846,1,0.616383893,3,2019-08-27T09:00:00.0,0.616383893,0,0.616383893,5722,1.239616846,1,0,0.497237429
0,-0.239616846,1,0.616383893,3,2019-08-27T10:00:00.0,0.616383893,0,0.616383893,5723,1.239616846,1,0,0.497237429
0,-0.239616846,1,0.616383893,3,2019-08-27T11:00:00.0,0.616383893,0,0.616383893,5724,1.239616846,1,0,0.497237429
0,-0.239616846,1,0.616383894,3,2019-08-27T12:00:00.0,0.616383894,0,0.616383894,5725,1.239616846,1,0,0.497237429
0,-0.042278842,1,0.682465425,2,2019-08-27T13:00:00.0,0.682465425,0,0.682465425,5726,1.042278842,1,0,0.654782
0,-0.239616846,1,0.616383894,3,2019-08-27T14:00:00.0,0.616383894,0,0.616383894,5727,1.239616846,1,0,0.497237429
0,-0.239616842,1,0.616384026,3,2019-08-27T15:00:00.0,0.616384026,0,0.616384026,5728,1.239617142,1.000000299,0,0.497237418
0,-0.239616846,1,0.616383893,3,2019-08-27T16:00:00.0,0.616383893,0,0.616383893,5729,1.239616846,1,0,0.497237429
0,-0.239616846,1,0.616383893,3,2019-08-27T17:00:00.0,0.616383893,0,0.616383893,5730,1.239616846,1,0,0.497237429
0,-0.239616846,1,0.616383893,3,2019-08-27T18:00:00.0,0.616383893,0,0.616383893,5731,1.239616846,1,0,0.497237429
0,-0.239616846,1,0.616383893,3,2019-08-27T19:00:00.0,0.616383893,0,0.616383893,5732,1.239616846,1,0,0.497237429
0,-0.239616846,1,0.616383893,3,2019-08-27T20:00:00.0,0.616383893,0,0.616383893,5733,1.239616846,1,0,0.497237429
0,-0.239616846,1,0.616383893,3,2019-08-27T21:00:00.0,0.616383893,0,0.616383893,5734,1.239616846,1,0,0.497237429
0,-0.239616846,1,0.616383893,3,2019-08-27T22:00:00.0,0.616383893,0,0.616383893,5735,1.239616846,1,0,0.497237429
0,-0.239616846,1,0.616383893,3,2019-08-27T23:00:00.0,0.616383893,0,0.616383893,5736,1.239616846,1,0,0.497237429
0,-0.121127698,1,0.656222487,4,2019-08-28T00:00:00.0,0.656222487,0,0.656222487,5737,1.121127698,1,0,0.585323588
0,-0.121127698,1,0.656222487,4,2019-08-28T01:00:00.0,0.656222487,0,0.656222487,5738,1.121127699,1,0,0.585323588
0,-0.121127698,1,0.656222487,4,2019-08-28T02:00:00.0,0.656222487,0,0.656222487,5739,1.121127699,1,0,0.585323588
0,-0.121127698,1,0.656222487,4,2019-08-28T03:00:00.0,0.656222487,0,0.656222487,5740,1.121127699,1,0,0.585323588
0,-0.121127698,1,0.656222487,4,2019-08-28T04:00:00.0,0.656222487,0,0.656222487,5741,1.121127699,1,0,0.585323588
0,-0.121127698,1,0.656222487,4,2019-08-28T05:00:00.0,0.656222487,0,0.656222487,5742,1.121127699,1,0,0.585323588
0,-0.121127698,1,0.656222487,4,2019-08-28T06:00:00.0,0.656222487,0,0.656222487,5743,1.121127699,1,0,0.585323588
0,-0.239616846,1,0.616383893,3,2019-08-28T07:00:00.0,0.616383893,0,0.616383893,5744,1.239616846,1,0,0.497237429
0,-0.140592275,1,0.501492631,3,2019-08-28T08:00:00.0,0.501492631,0,0.501492631,5745,1.140592275,1,0,0.439677387
0,-0.140592275,1,0.51372226,3,2019-08-28T09:00:00.0,0.51372226,0,0.51372226,5746,1.140592275,1,0,0.450399561
0,-0.140592275,1,0.51372226,3,2019-08-28T10:00:00.0,0.51372226,0,0.51372226,5747,1.140592275,1,0,0.450399561
0,-0.121127698,1,0.656222487,4,2019-08-28T11:00:00.0,0.656222487,0,0.656222487,5748,1.121127699,1,0,0.585323588
0,-0.140592275,1,0.51372226,3,2019-08-28T12:00:00.0,0.51372226,0,0.51372226,5749,1.140592275,1,0,0.450399561
0,-0.121127698,1,0.656222487,4,2019-08-28T13:00:00.0,0.656222487,0,0.656222487,5750,1.121127699,1,0,0.585323588
0,-0.121127698,1,0.656222487,4,2019-08-28T14:00:00.0,0.656222487,0,0.656222487,5751,1.121127699,1,0,0.585323588
0,-0.121127698,1,0.656222487,4,2019-08-28T15:00:00.0,0.656222487,0,0.656222487,5752,1.121127699,1,0,0.585323588
0,-0.140592275,1,0.51372226,3,2019-08-28T16:00:00.0,0.51372226,0,0.51372226,5753,1.140592275,1,0,0.450399561
0,-0.140592275,1,0.51372226,3,2019-08-28T17:00:00.0,0.51372226,0,0.51372226,5754,1.140592275,1,0,0.450399561
0,-0.140592275,1,0.51372226,3,2019-08-28T18:00:00.0,0.51372226,0,0.51372226,5755,1.140592275,1,0,0.450399561
0,-0.140592275,1,0.51372226,3,2019-08-28T19:00:00.0,0.51372226,0,0.51372226,5756,1.140592275,1,0,0.450399561
0,-0.140592275,1,0.51372226,3,2019-08-28T20:00:00.0,0.51372226,0,0.51372226,5757,1.140592275,1,0,0.450399561
0,-0.140592275,1,0.51372226,3,2019-08-28T21:00:00.0,0.51372226,0,0.51372226,5758,1.140592275,1,0,0.450399561
0,-0.140592275,1,0.51372226,3,2019-08-28T22:00:00.0,0.51372226,0,0.51372226,5759,1.140592275,1,0,0.450399561
0,-0.239783832,1,0.615768544,3,2019-08-28T23:00:00.0,0.615768544,0,0.615768544,5760,1.239783832,1,0,0.496674121
0,-0.140592275,1,0.498032605,3,2019-08-29T00:00:00.0,0.498032605,0,0.498032605,5761,1.140592275,1,0,0.436643852
0,-0.128815272,1,0.49154457,3,2019-08-29T01:00:00.0,0.49154457,0,0.49154457,5762,1.128815272,1,0,0.435451736
0,-0.121127698,1,0.656222487,4,2019-08-29T02:00:00.0,0.656222487,0,0.656222487,5763,1.121127698,1,0,0.585323588
0,-0.042430781,1,0.682564912,2,2019-08-29T03:00:00.0,0.682564912,0,0.682564912,5764,1.042430781,1,0,0.654782
0,-0.121127698,1,0.656222487,4,2019-08-29T04:00:00.0,0.656222487,0,0.656222487,5765,1.121127699,1,0,0.585323588
0,-0.121127698,1,0.656222487,4,2019-08-29T05:00:00.0,0.656222487,0,0.656222487,5766,1.121127698,1,0,0.585323588
0,-0.121127698,1,0.656222487,4,2019-08-29T06:00:00.0,0.656222487,0,0.656222487,5767,1.121127698,1,0,0.585323588
0,-0.042430781,1,0.682564912,3,2019-08-29T07:00:00.0,0.682564912,0,0.682564912,5768,1.042430781,1,0,0.654782
0,-0.121127698,1,0.656222487,4,2019-08-29T08:00:00.0,0.656222487,0,0.656222487,5769,1.121127698,1,0,0.585323588
0,0,1,0.426276334,1,2019-08-29T09:00:00.0,0.426276334,0,0.426276334,5770,1,1,0,0.426276334
0,0,1,0.426276334,1,2019-08-29T10:00:00.0,0.426276334,0,0.426276334,5771,1,1,0,0.426276334
0,0,1,0.426276334,1,2019-08-29T11:00:00.0,0.426276334,0,0.426276334,5772,1,1,0,0.426276334
0,0,1,0.426276334,1,2019-08-29T12:00:00.0,0.426276334,0,0.426276334,5773,1,1,0,0.426276334
0,0,1,0.426276334,1,2019-08-29T13:00:00.0,0.426276334,0,0.426276334,5774,1,1,0,0.426276334
0,0,1,0.426276334,1,2019-08-29T14:00:00.0,0.426276334,0,0.426276334,5775,1,1,0,0.426276334
0,0,1,0.426276334,1,2019-08-29T15:00:00.0,0.426276334,0,0.426276334,5776,1,1,0,0.426276334
0,0,1,0.426276334,1,2019-08-29T16:00:00.0,0.426276334,0,0.426276334,5777,1,1,0,0.426276334
0,-0.121127698,1,0.656222487,4,2019-08-29T17:00:00.0,0.656222487,0,0.656222487,5778,1.121127698,1,0,0.585323588
0,-0.121127698,1,0.656222487,4,2019-08-29T18:00:00.0,0.656222487,0,0.656222487,5779,1.121127699,1,0,0.585323588
0,-0.042430781,1,0.682564911,2,2019-08-29T19:00:00.0,0.682564911,0,0.682564911,5780,1.042430781,1,0,0.654782
0,-0.121127698,1,0.656222487,4,2019-08-29T20:00:00.0,0.656222487,0,0.656222487,5781,1.121127698,1,0,0.585323588
0,-0.121127698,1,0.656222487,4,2019-08-29T21:00:00.0,0.656222487,0,0.656222487,5782,1.121127698,1,0,0.585323588
0,-0.121127698,1,0.656222487,4,2019-08-29T22:00:00.0,0.656222487,0,0.656222487,5783,1.121127699,1,0,0.585323588
0,-0.239616846,1,0.616383893,3,2019-08-29T23:00:00.0,0.616383893,0,0.616383893,5784,1.239616846,1,0,0.497237429
0,-0.235947871,1,0.549655603,3,2019-08-30T00:00:00.0,0.549655603,0,0.549655603,5785,1.235947871,1,0,0.444723937
0,-0.03455205,1,0.403796997,3,2019-08-30T01:00:00.0,0.403796997,0,0.403796997,5786,1.03455205,1,0,0.390310954
0,-0.239616846,1,0.616383893,3,2019-08-30T02:00:00.0,0.616383893,0,0.616383893,5787,1.239616846,1,0,0.497237429
0,-0.239616846,1,0.616383893,3,2019-08-30T03:00:00.0,0.616383893,0,0.616383893,5788,1.239616846,1,0,0.497237429
0,-0.239616846,1,0.616383893,3,2019-08-30T04:00:00.0,0.616383893,0,0.616383893,5789,1.239616846,1,0,0.497237429
0,-0.235947871,1,0.549655603,3,2019-08-30T05:00:00.0,0.549655603,0,0.549655603,5790,1.235947871,1,0,0.444723937
0,-0.042278842,1,0.682465425,2,2019-08-30T06:00:00.0,0.682465425,0,0.682465425,5791,1.042278842,1,0,0.654782
0,-0.239616846,1,0.616383893,3,2019-08-30T07:00:00.0,0.616383893,0,0.616383893,5792,1.239616846,1,0,0.497237429
0,-0.235947871,1,0.551194118,3,2019-08-30T08:00:00.0,0.551194118,0,0.551194118,5793,1.235947871,1,0,0.445968742
0,-0.235947871,1,0.551194118,3,2019-08-30T09:00:00.0,0.551194118,0,0.551194118,5794,1.235947871,1,0,0.445968742
0,-0.235947871,1,0.551194118,3,2019-08-30T10:00:00.0,0.551194118,0,0.551194118,5795,1.235947871,1,0,0.445968742
0,-0.235947871,1,0.551194118,3,2019-08-30T11:00:00.0,0.551194118,0,0.551194118,5796,1.235947871,1,0,0.445968742
0,-0.239616846,1,0.616383893,3,2019-08-30T12:00:00.0,0.616383893,0,0.616383893,5797,1.239616846,1,0,0.497237429
0,-0.235947871,1,0.556632073,3,2019-08-30T13:00:00.0,0.556632073,0,0.556632073,5798,1.235947871,1,0,0.450368568
0,-0.239616846,1,0.616383893,3,2019-08-30T14:00:00.0,0.616383893,0,0.616383893,5799,1.239616846,1,0,0.497237429
0,-0.239616846,1,0.616383893,3,2019-08-30T15:00:00.0,0.616383893,0,0.616383893,5800,1.239616846,1,0,0.497237429
0,-0.239616846,1,0.616383893,3,2019-08-30T16:00:00.0,0.616383893,0,0.616383893,5801,1.239616846,1,0,0.497237429
0,-0.239616846,1,0.616383893,3,2019-08-30T17:00:00.0,0.616383893,0,0.616383893,5802,1.239616846,1,0,0.497237429
0,-0.239616846,1,0.616383893,3,2019-08-30T18:00:00.0,0.616383893,0,0.616383893,5803,1.239616846,1,0,0.497237429
0,-0.239616846,1,0.616383893,3,2019-08-30T19:00:00.0,0.616383893,0,0.616383893,5804,1.239616846,1,0,0.497237429
0,-0.239616846,1,0.616383893,3,2019-08-30T20:00:00.0,0.616383893,0,0.616383893,5805,1.239616846,1,0,0.497237429
0,-0.239616846,1,0.616383893,3,2019-08-30T21:00:00.0,0.616383893,0,0.616383893,5806,1.239616846,1,0,0.497237429
0,-0.239616846,1,0.616383893,3,2019-08-30T22:00:00.0,0.616383893,0,0.616383893,5807,1.239616846,1,0,0.497237429
0,-0.239616846,1,0.616383893,3,2019-08-30T23:00:00.0,0.616383893,0,0.616383893,5808,1.239616846,1,0,0.497237429
0,-0.140592275,1,0.498032605,3,2019-08-31T00:00:00.0,0.498032605,0,0.498032605,5809,1.140592275,1,0,0.436643852
0,-0.140592275,1,0.498032605,3,2019-08-31T01:00:00.0,0.498032605,0,0.498032605,5810,1.140592275,1,0,0.436643852
0,-0.128815272,1,0.49154457,3,2019-08-31T02:00:00.0,0.49154457,0,0.49154457,5811,1.128815272,1,0,0.435451736
0,-0.128815272,1,0.49154457,3,2019-08-31T03:00:00.0,0.49154457,0,0.49154457,5812,1.128815272,1,0,0.435451736
0,-0.235947871,1,0.549655603,3,2019-08-31T04:00:00.0,0.549655603,0,0.549655603,5813,1.235947871,1,0,0.444723937
0,-0.128815272,1,0.49154457,3,2019-08-31T05:00:00.0,0.49154457,0,0.49154457,5814,1.128815272,1,0,0.435451736
0,-0.128815272,1,0.49154457,3,2019-08-31T06:00:00.0,0.49154457,0,0.49154457,5815,1.128815272,1,0,0.435451736
0,-0.140592275,1,0.498032605,3,2019-08-31T07:00:00.0,0.498032605,0,0.498032605,5816,1.140592275,1,0,0.436643852
0,-0.128815272,1,0.49154457,3,2019-08-31T08:00:00.0,0.49154457,0,0.49154457,5817,1.128815272,1,0,0.435451736
0,-0.2361133,1,0.54981071,3,2019-08-31T09:00:00.0,0.54981071,0,0.54981071,5818,1.2361133,1,0,0.444789899
0,-0.2361133,1,0.54981071,3,2019-08-31T10:00:00.0,0.54981071,0,0.54981071,5819,1.2361133,1,0,0.444789899
0,-0.2361133,1,0.54981071,3,2019-08-31T11:00:00.0,0.54981071,0,0.54981071,5820,1.2361133,1,0,0.444789899
0,-0.2361133,1,0.54981071,3,2019-08-31T12:00:00.0,0.54981071,0,0.54981071,5821,1.2361133,1,0,0.444789899
0,-0.235947871,1,0.549655603,3,2019-08-31T13:00:00.0,0.549655603,0,0.549655603,5822,1.235947871,1,0,0.444723937
0,-0.239616846,1,0.616383893,3,2019-08-31T14:00:00.0,0.616383893,0,0.616383893,5823,1.239616846,1,0,0.497237429
0,-0.239616846,1,0.616383893,3,2019-08-31T15:00:00.0,0.616383893,0,0.616383893,5824,1.239616846,1,0,0.497237429
0,-0.121127698,1,0.656222487,4,2019-08-31T16:00:00.0,0.656222487,0,0.656222487,5825,1.121127699,1,0,0.585323588
0,-0.121127698,1,0.656222487,4,2019-08-31T17:00:00.0,0.656222487,0,0.656222487,5826,1.121127699,1,0,0.585323588
0,-0.121127698,1,0.656222487,4,2019-08-31T18:00:00.0,0.656222487,0,0.656222487,5827,1.121127699,1,0,0.585323588
0,-0.121127698,1,0.656222487,4,2019-08-31T19:00:00.0,0.656222487,0,0.656222487,5828,1.121127699,1,0,0.585323588
0,-0.121127698,1,0.656222487,4,2019-08-31T20:00:00.0,0.656222487,0,0.656222487,5829,1.121127699,1,0,0.585323588
0,-0.121127698,1,0.656222487,4,2019-08-31T21:00:00.0,0.656222487,0,0.656222487,5830,1.121127699,1,0,0.585323588
0,-0.121127698,1,0.656222487,4,2019-08-31T22:00:00.0,0.656222487,0,0.656222487,5831,1.121127699,1,0,0.585323588
0,-0.121127698,1,0.656222487,4,2019-08-31T23:00:00.0,0.656222487,0,0.656222487,5832,1.121127699,1,0,0.585323588
0,-0.042278842,1,0.682465451,2,2019-09-01T00:00:00.0,0.682465451,0,0.682465451,5833,1.042278883,1.000000041,0,0.654782
0,-0.235947871,1,0.549655603,3,2019-09-01T01:00:00.0,0.549655603,0,0.549655603,5834,1.235947872,1,0,0.444723937
0,-0.235947871,1,0.549655603,3,2019-09-01T02:00:00.0,0.549655603,0,0.549655603,5835,1.235947871,1,0,0.444723937
0,-0.235947871,1,0.549655603,3,2019-09-01T03:00:00.0,0.549655603,0,0.549655603,5836,1.235947871,1,0,0.444723937
0,-0.235947871,1,0.549655603,3,2019-09-01T04:00:00.0,0.549655603,0,0.549655603,5837,1.235947872,1,0,0.444723937
0,-0.235947871,1,0.549655603,3,2019-09-01T05:00:00.0,0.549655603,0,0.549655603,5838,1.235947871,1,0,0.444723937
0,-0.235947871,1,0.549655603,3,2019-09-01T06:00:00.0,0.549655603,0,0.549655603,5839,1.235947872,1,0,0.444723937
0,-0.235947871,1,0.549655603,3,2019-09-01T07:00:00.0,0.549655603,0,0.549655603,5840,1.235947871,1,0,0.444723937
0,-0.235947871,1,0.549655603,3,2019-09-01T08:00:00.0,0.549655603,0,0.549655603,5841,1.235947872,1,0,0.444723937
0,-0.03455205,1,0.37625968,3,2019-09-01T09:00:00.0,0.37625968,0,0.37625968,5842,1.03455205,1,0,0.36369333
0,-0.03455205,1,0.403796997,3,2019-09-01T10:00:00.0,0.403796997,0,0.403796997,5843,1.03455205,1,0,0.390310954
0,-0.03455205,1,0.403796997,3,2019-09-01T11:00:00.0,0.403796997,0,0.403796997,5844,1.03455205,1,0,0.390310954
0,-0.03455205,1,0.379137836,3,2019-09-01T12:00:00.0,0.379137836,0,0.379137836,5845,1.03455205,1,0,0.366475361
0,-0.03455205,1,0.403796997,3,2019-09-01T13:00:00.0,0.403796997,0,0.403796997,5846,1.03455205,1,0,0.390310954
0,-0.03455205,1,0.403796997,3,2019-09-01T14:00:00.0,0.403796997,0,0.403796997,5847,1.03455205,1,0,0.390310954
0,-0.03455205,1,0.403796997,3,2019-09-01T15:00:00.0,0.403796997,0,0.403796997,5848,1.03455205,1,0,0.390310954
0,-0.121127698,1,0.656222487,4,2019-09-01T16:00:00.0,0.656222487,0,0.656222487,5849,1.121127699,1,0,0.585323588
0,-0.235947871,1,0.556632073,3,2019-09-01T17:00:00.0,0.556632073,0,0.556632073,5850,1.235947872,1,0,0.450368568
0,-0.239329512,1,0.616478907,3,2019-09-01T18:00:00.0,0.616478907,0,0.616478907,5851,1.239329512,1,0,0.497429377
0,-0.239329512,1,0.616478907,3,2019-09-01T19:00:00.0,0.616478907,0,0.616478907,5852,1.239329512,1,0,0.497429377
0,-0.239616846,1,0.616383893,3,2019-09-01T20:00:00.0,0.616383893,0,0.616383893,5853,1.239616846,1,0,0.497237429
0,-0.239616846,1,0.616383893,3,2019-09-01T21:00:00.0,0.616383893,0,0.616383893,5854,1.239616846,1,0,0.497237429
0,-0.239616846,1,0.616383893,3,2019-09-01T22:00:00.0,0.616383893,0,0.616383893,5855,1.239616846,1,0,0.497237429
0,-0.235947871,1,0.549655603,3,2019-09-01T23:00:00.0,0.549655603,0,0.549655603,5856,1.235947872,1,0,0.444723937
0,-0.235947871,1,0.549655603,3,2019-09-02T00:00:00.0,0.549655603,0,0.549655603,5857,1.235947871,1,0,0.444723937
0,-0.235947871,1,0.549655603,3,2019-09-02T01:00:00.0,0.549655603,0,0.549655603,5858,1.235947871,1,0,0.444723937
0,-0.235947871,1,0.549655603,3,2019-09-02T02:00:00.0,0.549655603,0,0.549655603,5859,1.235947871,1,0,0.444723937
0,-0.235947871,1,0.549655603,3,2019-09-02T03:00:00.0,0.549655603,0,0.549655603,5860,1.235947871,1,0,0.444723937
0,-0.235947871,1,0.549655603,3,2019-09-02T04:00:00.0,0.549655603,0,0.549655603,5861,1.235947871,1,0,0.444723937
0,-0.235947871,1,0.549655603,3,2019-09-02T05:00:00.0,0.549655603,0,0.549655603,5862,1.235947871,1,0,0.444723937
0,-0.583910538,1,0.59160971,4,2019-09-02T06:00:00.0,0.59160971,0,0.59160971,5863,1.583910539,1,0,0.373512074
0,0,1,0.426276334,1,2019-09-02T07:00:00.0,0.426276334,0,0.426276334,5864,1,1,0,0.426276334
0,-0.130199597,1,0.509042103,4,2019-09-02T08:00:00.0,0.509042103,0,0.509042103,5865,1.130199597,1,0,0.450400181
0,-0.130199597,1,0.509042103,4,2019-09-02T09:00:00.0,0.509042103,0,0.509042103,5866,1.130199597,1,0,0.450400181
0,-0.235947871,1,0.556632073,3,2019-09-02T10:00:00.0,0.556632073,0,0.556632073,5867,1.235947871,1,0,0.450368568
0,0,1,0.426276334,1,2019-09-02T11:00:00.0,0.426276334,0,0.426276334,5868,1,1,0,0.426276334
0,0,1,0.426276334,1,2019-09-02T12:00:00.0,0.426276334,0,0.426276334,5869,1,1,0,0.426276334
0,0,1,0.426276334,1,2019-09-02T13:00:00.0,0.426276334,0,0.426276334,5870,1,1,0,0.426276334
0,0,1,0.426276334,1,2019-09-02T14:00:00.0,0.426276334,0,0.426276334,5871,1,1,0,0.426276334
0,0,1,0.426276334,1,2019-09-02T15:00:00.0,0.426276334,0,0.426276334,5872,1,1,0,0.426276334
0,-0.235947871,1,0.556632073,3,2019-09-02T16:00:00.0,0.556632073,0,0.556632073,5873,1.235947871,1,0,0.450368568
0,-0.235947871,1,0.556632073,3,2019-09-02T17:00:00.0,0.556632073,0,0.556632073,5874,1.235947871,1,0,0.450368568
0,-0.042430781,1,0.682564912,2,2019-09-02T18:00:00.0,0.682564912,0,0.682564912,5875,1.042430781,1,0,0.654782
0,-0.121127698,1,0.656222487,4,2019-09-02T19:00:00.0,0.656222487,0,0.656222487,5876,1.121127699,1,0,0.585323588
0,-0.121127698,1,0.656222487,4,2019-09-02T20:00:00.0,0.656222487,0,0.656222487,5877,1.121127699,1,0,0.585323588
0,-0.121127698,1,0.656222487,4,2019-09-02T21:00:00.0,0.656222487,0,0.656222487,5878,1.121127699,1,0,0.585323588
0,-0.130199597,1,0.509042103,4,2019-09-02T22:00:00.0,0.509042103,0,0.509042103,5879,1.130199597,1,0,0.450400181
0,-0.235947871,1,0.549655603,3,2019-09-02T23:00:00.0,0.549655603,0,0.549655603,5880,1.235947871,1,0,0.444723937
0,-0.121127698,1,0.656222487,4,2019-09-03T00:00:00.0,0.656222487,0,0.656222487,5881,1.121127698,1,0,0.585323588
0,-0.121127698,1,0.656222487,4,2019-09-03T01:00:00.0,0.656222487,0,0.656222487,5882,1.121127699,1,0,0.585323588
0,-0.121127698,1,0.656222487,4,2019-09-03T02:00:00.0,0.656222487,0,0.656222487,5883,1.121127699,1,0,0.585323588
0,-0.239616846,1,0.616383893,3,2019-09-03T03:00:00.0,0.616383893,0,0.616383893,5884,1.239616846,1,0,0.497237429
0,-0.239616846,1,0.616383893,3,2019-09-03T04:00:00.0,0.616383893,0,0.616383893,5885,1.239616846,1,0,0.497237429
0,-0.239616846,1,0.616383893,3,2019-09-03T05:00:00.0,0.616383893,0,0.616383893,5886,1.239616846,1,0,0.497237429
0,-0.121127698,1,0.656222487,4,2019-09-03T06:00:00.0,0.656222487,0,0.656222487,5887,1.121127699,1,0,0.585323588
0,-0.121127698,1,0.656222487,4,2019-09-03T07:00:00.0,0.656222487,0,0.656222487,5888,1.121127699,1,0,0.585323588
0,-0.119355807,1,0.505024623,3,2019-09-03T08:00:00.0,0.505024623,0,0.505024623,5889,1.119355808,1.000000001,0,0.451174344
0,-0.239783832,1,0.615768545,3,2019-09-03T09:00:00.0,0.615768545,0,0.615768545,5890,1.239783832,1,0,0.496674121
0,-0.239783832,1,0.615768545,3,2019-09-03T10:00:00.0,0.615768545,0,0.615768545,5891,1.239783832,1,0,0.496674121
0,-0.239783832,1,0.615768545,3,2019-09-03T11:00:00.0,0.615768545,0,0.615768545,5892,1.239783832,1,0,0.496674121
0,-0.239783832,1,0.615768545,3,2019-09-03T12:00:00.0,0.615768545,0,0.615768545,5893,1.239783832,1,0,0.496674121
0,-0.239783832,1,0.615768545,3,2019-09-03T13:00:00.0,0.615768545,0,0.615768545,5894,1.239783832,1,0,0.496674121
0,-0.239783832,1,0.615768545,3,2019-09-03T14:00:00.0,0.615768545,0,0.615768545,5895,1.239783832,1,0,0.496674121
0,-0.121127698,1,0.656222487,4,2019-09-03T15:00:00.0,0.656222487,0,0.656222487,5896,1.121127699,1,0,0.585323588
0,-0.121127698,1,0.656222487,4,2019-09-03T16:00:00.0,0.656222487,0,0.656222487,5897,1.121127699,1,0,0.585323588
0,-0.121127698,1,0.656222487,4,2019-09-03T17:00:00.0,0.656222487,0,0.656222487,5898,1.121127698,1,0,0.585323588
0,-0.121127698,1,0.656222487,4,2019-09-03T18:00:00.0,0.656222487,0,0.656222487,5899,1.121127698,1,0,0.585323588
0,-0.121127698,1,0.656222487,4,2019-09-03T19:00:00.0,0.656222487,0,0.656222487,5900,1.121127698,1,0,0.585323588
0,-0.042430781,1,0.682564912,2,2019-09-03T20:00:00.0,0.682564912,0,0.682564912,5901,1.042430781,1,0,0.654782
0,-0.239783832,1,0.615768545,3,2019-09-03T21:00:00.0,0.615768545,0,0.615768545,5902,1.239783832,1,0,0.496674121
0,-0.239783832,1,0.615768545,3,2019-09-03T22:00:00.0,0.615768545,0,0.615768545,5903,1.239783832,1.000000001,0,0.496674121
0,-0.235947871,1,0.549655603,3,2019-09-03T23:00:00.0,0.549655603,0,0.549655603,5904,1.235947871,1,0,0.444723937
0,-0.239616846,1,0.616383893,3,2019-09-04T00:00:00.0,0.616383893,0,0.616383893,5905,1.239616846,1,0,0.497237429
0,-0.239616846,1,0.616383893,3,2019-09-04T01:00:00.0,0.616383893,0,0.616383893,5906,1.239616846,1,0,0.497237429
0,-0.239616846,1,0.616383894,3,2019-09-04T02:00:00.0,0.616383894,0,0.616383894,5907,1.239616847,1,0,0.497237429
0,-0.239616846,1,0.616383893,3,2019-09-04T03:00:00.0,0.616383893,0,0.616383893,5908,1.239616846,1,0,0.497237429
0,-0.042278842,1,0.682465425,2,2019-09-04T04:00:00.0,0.682465425,0,0.682465425,5909,1.042278842,1,0,0.654782
0,-0.239616846,1,0.616383893,3,2019-09-04T05:00:00.0,0.616383893,0,0.616383893,5910,1.239616846,1,0,0.497237429
0,-0.239616846,1,0.616383893,3,2019-09-04T06:00:00.0,0.616383893,0,0.616383893,5911,1.239616846,1,0,0.497237429
0,-0.239616846,1,0.616383894,3,2019-09-04T07:00:00.0,0.616383894,0,0.616383894,5912,1.239616847,1,0,0.497237429
0,-0.235947871,1,0.556632073,3,2019-09-04T08:00:00.0,0.556632073,0,0.556632073,5913,1.235947872,1,0,0.450368568
0,-0.615382423,1,0.612919139,4,2019-09-04T09:00:00.0,0.612919139,0,0.612919139,5914,1.615382424,1.000000001,0,0.379426648
0,-0.227835526,1,0.553354285,3,2019-09-04T10:00:00.0,0.553354285,0,0.553354285,5915,1.227835526,1,0,0.4506746
0,-0.227835526,1,0.553354285,3,2019-09-04T11:00:00.0,0.553354285,0,0.553354285,5916,1.227835525,0.999999999,0,0.4506746
0,-0.227835526,1,0.553354285,3,2019-09-04T12:00:00.0,0.553354285,0,0.553354285,5917,1.227835525,0.999999999,0,0.4506746
0,-0.227835526,1,0.553354285,3,2019-09-04T13:00:00.0,0.553354285,0,0.553354285,5918,1.227835526,1,0,0.4506746
0,-0.227835526,1,0.553354285,3,2019-09-04T14:00:00.0,0.553354285,0,0.553354285,5919,1.227835526,1,0,0.4506746
0,-0.227835526,1,0.553354285,3,2019-09-04T15:00:00.0,0.553354285,0,0.553354285,5920,1.227835525,0.999999999,0,0.4506746
0,-0.227835526,1,0.553354285,3,2019-09-04T16:00:00.0,0.553354285,0,0.553354285,5921,1.227835525,1,0,0.4506746
0,-0.227835526,1,0.553354285,3,2019-09-04T17:00:00.0,0.553354285,0,0.553354285,5922,1.227835525,0.999999999,0,0.4506746
0,-0.119355807,1,0.505024621,3,2019-09-04T18:00:00.0,0.505024621,0,0.505024621,5923,1.119355805,0.999999998,0,0.451174344
0,-0.227835526,1,0.553354285,3,2019-09-04T19:00:00.0,0.553354285,0,0.553354285,5924,1.227835525,0.999999999,0,0.4506746
0,-0.227835526,1,0.553354285,3,2019-09-04T20:00:00.0,0.553354285,0,0.553354285,5925,1.227835526,1,0,0.4506746
0,-0.227835526,1,0.553354285,3,2019-09-04T21:00:00.0,0.553354285,0,0.553354285,5926,1.227835525,0.999999999,0,0.4506746
0,-0.227835526,1,0.553354285,3,2019-09-04T22:00:00.0,0.553354285,0,0.553354285,5927,1.227835526,1,0,0.4506746
0,-0.239616846,1,0.616383893,3,2019-09-04T23:00:00.0,0.616383893,0,0.616383893,5928,1.239616846,1,0,0.497237429
0,-0.235947871,1,0.549655603,3,2019-09-05T00:00:00.0,0.549655603,0,0.549655603,5929,1.235947871,1,0,0.444723937
0,-0.235947871,1,0.549655603,3,2019-09-05T01:00:00.0,0.549655603,0,0.549655603,5930,1.235947872,1,0,0.444723937
0,-0.235947871,1,0.549655603,3,2019-09-05T02:00:00.0,0.549655603,0,0.549655603,5931,1.235947871,1,0,0.444723937
0,-0.235947871,1,0.549655603,3,2019-09-05T03:00:00.0,0.549655603,0,0.549655603,5932,1.235947871,1,0,0.444723937
0,-0.235947871,1,0.549655603,3,2019-09-05T04:00:00.0,0.549655603,0,0.549655603,5933,1.235947871,1,0,0.444723937
0,-0.235947871,1,0.549655603,3,2019-09-05T05:00:00.0,0.549655603,0,0.549655603,5934,1.235947871,1,0,0.444723937
0,-0.235947871,1,0.549655603,3,2019-09-05T06:00:00.0,0.549655603,0,0.549655603,5935,1.235947871,1,0,0.444723937
0,-0.235947871,1,0.549655603,4,2019-09-05T07:00:00.0,0.549655603,0,0.549655603,5936,1.235947871,1,0,0.444723937
0,-0.235947871,1,0.549655603,3,2019-09-05T08:00:00.0,0.549655603,0,0.549655603,5937,1.235947871,1,0,0.444723937
0,-0.2361133,1,0.551331381,3,2019-09-05T09:00:00.0,0.551331381,0,0.551331381,5938,1.2361133,1,0,0.446020103
0,-0.239783832,1,0.615768545,3,2019-09-05T10:00:00.0,0.615768545,0,0.615768545,5939,1.239783832,1,0,0.496674121
0,-0.239783832,1,0.615768545,3,2019-09-05T11:00:00.0,0.615768545,0,0.615768545,5940,1.239783832,1,0,0.496674121
0,-0.239783832,1,0.615768545,3,2019-09-05T12:00:00.0,0.615768545,0,0.615768545,5941,1.239783832,1,0,0.496674121
0,-0.239783832,1,0.615768544,3,2019-09-05T13:00:00.0,0.615768544,0,0.615768544,5942,1.239783832,1,0,0.496674121
0,-0.239783832,1,0.615768545,3,2019-09-05T14:00:00.0,0.615768545,0,0.615768545,5943,1.239783832,1,0,0.496674121
0,-0.239616846,1,0.616383893,3,2019-09-05T15:00:00.0,0.616383893,0,0.616383893,5944,1.239616846,1,0,0.497237429
0,-0.128815272,1,0.495266769,3,2019-09-05T16:00:00.0,0.495266769,0,0.495266769,5945,1.128815272,1,0,0.438749175
0,-0.121127698,1,0.656222487,4,2019-09-05T17:00:00.0,0.656222487,0,0.656222487,5946,1.121127698,1,0,0.585323588
0,-0.140592275,1,0.501492631,3,2019-09-05T18:00:00.0,0.501492631,0,0.501492631,5947,1.140592275,1,0,0.439677387
0,-0.140592275,1,0.501492631,3,2019-09-05T19:00:00.0,0.501492631,0,0.501492631,5948,1.140592275,1,0,0.439677387
0,-0.140592275,1,0.501492631,3,2019-09-05T20:00:00.0,0.501492631,0,0.501492631,5949,1.140592275,1,0,0.439677387
0,-0.121127698,1,0.656222487,4,2019-09-05T21:00:00.0,0.656222487,0,0.656222487,5950,1.121127698,1,0,0.585323588
0,-0.121127698,1,0.656222487,4,2019-09-05T22:00:00.0,0.656222487,0,0.656222487,5951,1.121127698,1,0,0.585323588
0,-0.128815272,1,0.49154457,3,2019-09-05T23:00:00.0,0.49154457,0,0.49154457,5952,1.128815272,1,0,0.435451736
0,-0.142817344,1,0.559791011,4,2019-09-06T00:00:00.0,0.559791011,0,0.559791011,5953,1.142817344,1,0,0.489834193
0,-0.039677957,1,0.353462977,2,2019-09-06T01:00:00.0,0.353462977,0,0.353462977,5954,1.039677957,1,0,0.339973522
0,-0.039677957,1,0.353462977,2,2019-09-06T02:00:00.0,0.353462977,0,0.353462977,5955,1.039677957,1,0,0.339973522
0,-0.039677957,1,0.353462977,2,2019-09-06T03:00:00.0,0.353462977,0,0.353462977,5956,1.039677957,1,0,0.339973522
0,-0.039677957,1,0.338880129,2,2019-09-06T04:00:00.0,0.338880129,0,0.338880129,5957,1.039677957,1,0,0.325947209
0,-0.039677957,1,0.338880129,2,2019-09-06T05:00:00.0,0.338880129,0,0.338880129,5958,1.039677957,1,0,0.325947209
0,-0.039677958,1,0.353462977,2,2019-09-06T06:00:00.0,0.353462977,0,0.353462977,5959,1.039677957,0.999999999,0,0.339973522
0,-0.039677957,1,0.353462977,2,2019-09-06T07:00:00.0,0.353462977,0,0.353462977,5960,1.039677957,1,0,0.339973522
0,-0.234220421,1,0.613228926,4,2019-09-06T08:00:00.0,0.613228926,0,0.613228926,5961,1.234220421,1,0,0.496855275
0,-0.034659309,1,0.365600757,3,2019-09-06T09:00:00.0,0.365600757,0,0.365600757,5962,1.03465931,1,0,0.35335376
0,-0.03465931,1,0.365600757,3,2019-09-06T10:00:00.0,0.365600757,0,0.365600757,5963,1.03465931,1,0,0.35335376
0,-0.034659309,1,0.365600757,3,2019-09-06T11:00:00.0,0.365600757,0,0.365600757,5964,1.034659309,1,0,0.35335376
0,-0.03465931,1,0.363685293,3,2019-09-06T12:00:00.0,0.363685293,0,0.363685293,5965,1.03465931,1,0,0.351502461
0,-0.03465931,1,0.363685293,3,2019-09-06T13:00:00.0,0.363685293,0,0.363685293,5966,1.03465931,1,0,0.351502461
0,-0.034659309,1,0.365600757,3,2019-09-06T14:00:00.0,0.365600757,0,0.365600757,5967,1.034659309,1,0,0.35335376
0,-0.03465931,1,0.365600757,3,2019-09-06T15:00:00.0,0.365600757,0,0.365600757,5968,1.03465931,1,0,0.35335376
0,-0.034539314,1,0.403766889,3,2019-09-06T16:00:00.0,0.403766889,0,0.403766889,5969,1.034539314,1,0,0.390286656
0,-0.142817344,1,0.559791011,4,2019-09-06T17:00:00.0,0.559791011,0,0.559791011,5970,1.142817344,1,0,0.489834193
0,-0.142817344,1,0.559791011,4,2019-09-06T18:00:00.0,0.559791011,0,0.559791011,5971,1.142817344,1,0,0.489834193
0,-0.142817344,1,0.559791011,4,2019-09-06T19:00:00.0,0.559791011,0,0.559791011,5972,1.142817344,1,0,0.489834193
0,-0.142817344,1,0.559791011,4,2019-09-06T20:00:00.0,0.559791011,0,0.559791011,5973,1.142817344,1,0,0.489834193
0,-0.142817344,1,0.559791011,4,2019-09-06T21:00:00.0,0.559791011,0,0.559791011,5974,1.142817344,1,0,0.489834193
0,-0.234220421,1,0.613228926,4,2019-09-06T22:00:00.0,0.613228926,0,0.613228926,5975,1.234220421,1,0,0.496855275
0,-0.039677957,1,0.338880129,2,2019-09-06T23:00:00.0,0.338880129,0,0.338880129,5976,1.039677957,1,0,0.325947209
0,-0.142817344,1,0.559791011,4,2019-09-07T00:00:00.0,0.559791011,0,0.559791011,5977,1.142817344,1,0,0.489834193
0,-0.119355807,1,0.656957666,3,2019-09-07T01:00:00.0,0.656957666,0,0.656957666,5978,1.119355807,1,0,0.586906917
0,-0.142817344,1,0.559791011,4,2019-09-07T02:00:00.0,0.559791011,0,0.559791011,5979,1.142817344,1,0,0.489834193
0,-0.142817344,1,0.559791011,4,2019-09-07T03:00:00.0,0.559791011,0,0.559791011,5980,1.142817344,1,0,0.489834193
0,-0.121127698,1,0.656222487,4,2019-09-07T04:00:00.0,0.656222487,0,0.656222487,5981,1.121127698,1,0,0.585323588
0,-0.234220421,1,0.613228926,4,2019-09-07T05:00:00.0,0.613228926,0,0.613228926,5982,1.234220421,1,0,0.496855275
0,-0.234220421,1,0.613228926,4,2019-09-07T06:00:00.0,0.613228926,0,0.613228926,5983,1.234220421,1,0,0.496855275
0,-0.234220421,1,0.613228926,4,2019-09-07T07:00:00.0,0.613228926,0,0.613228926,5984,1.234220421,1,0,0.496855275
0,-0.234220421,1,0.613228926,4,2019-09-07T08:00:00.0,0.613228926,0,0.613228926,5985,1.234220421,1,0,0.496855275
0,-0.234220421,1,0.613228926,4,2019-09-07T09:00:00.0,0.613228926,0,0.613228926,5986,1.234220421,1,0,0.496855275
0,-0.234220421,1,0.613228926,4,2019-09-07T10:00:00.0,0.613228926,0,0.613228926,5987,1.234220421,1,0,0.496855275
0,-0.234220421,1,0.613228926,4,2019-09-07T11:00:00.0,0.613228926,0,0.613228926,5988,1.234220421,1,0,0.496855275
0,-0.234220421,1,0.613228926,4,2019-09-07T12:00:00.0,0.613228926,0,0.613228926,5989,1.234220421,1,0,0.496855275
0,-0.234220421,1,0.613228926,4,2019-09-07T13:00:00.0,0.613228926,0,0.613228926,5990,1.234220421,1,0,0.496855275
0,-0.234220421,1,0.613228926,4,2019-09-07T14:00:00.0,0.613228926,0,0.613228926,5991,1.234220421,1,0,0.496855275
0,-0.234220421,1,0.613228926,4,2019-09-07T15:00:00.0,0.613228926,0,0.613228926,5992,1.234220421,1,0,0.496855275
0,-0.121127698,1,0.656222487,4,2019-09-07T16:00:00.0,0.656222487,0,0.656222487,5993,1.121127698,1,0,0.585323588
0,-0.121127698,1,0.656222487,4,2019-09-07T17:00:00.0,0.656222487,0,0.656222487,5994,1.121127698,1,0,0.585323588
0,-0.142817344,1,0.559791011,4,2019-09-07T18:00:00.0,0.559791011,0,0.559791011,5995,1.142817344,1,0,0.489834193
0,-0.142817344,1,0.559791011,4,2019-09-07T19:00:00.0,0.559791011,0,0.559791011,5996,1.142817344,1,0,0.489834193
0,-0.142817344,1,0.559791011,4,2019-09-07T20:00:00.0,0.559791011,0,0.559791011,5997,1.142817344,1,0,0.489834193
0,-0.234220421,1,0.613228926,4,2019-09-07T21:00:00.0,0.613228926,0,0.613228926,5998,1.234220421,1,0,0.496855275
0,-0.234220421,1,0.613228926,4,2019-09-07T22:00:00.0,0.613228926,0,0.613228926,5999,1.234220421,1,0,0.496855275
0,-0.234220421,1,0.613228926,4,2019-09-07T23:00:00.0,0.613228926,0,0.613228926,6000,1.234220421,1,0,0.496855275
0,-0.239616846,1,0.616383893,3,2019-09-08T00:00:00.0,0.616383893,0,0.616383893,6001,1.239616846,1,0,0.497237429
0,-0.142817344,1,0.559791011,4,2019-09-08T01:00:00.0,0.559791011,0,0.559791011,6002,1.142817344,1,0,0.489834193
0,-0.239616846,1,0.616383893,3,2019-09-08T02:00:00.0,0.616383893,0,0.616383893,6003,1.239616846,1,0,0.497237429
0,-0.239616846,1,0.616383893,3,2019-09-08T03:00:00.0,0.616383893,0,0.616383893,6004,1.239616846,1,0,0.497237429
0,-0.239616846,1,0.616383893,3,2019-09-08T04:00:00.0,0.616383893,0,0.616383893,6005,1.239616846,1,0,0.497237429
0,-0.239616846,1,0.616383893,3,2019-09-08T05:00:00.0,0.616383893,0,0.616383893,6006,1.239616846,1,0,0.497237429
0,-0.239616846,1,0.616383893,4,2019-09-08T06:00:00.0,0.616383893,0,0.616383893,6007,1.239616846,1,0,0.497237429
0,-0.239616846,1,0.616383893,3,2019-09-08T07:00:00.0,0.616383893,0,0.616383893,6008,1.239616846,1,0,0.497237429
0,-0.142817344,1,0.559791011,4,2019-09-08T08:00:00.0,0.559791011,0,0.559791011,6009,1.142817344,1,0,0.489834193
0,-0.239616846,1,0.616383893,3,2019-09-08T09:00:00.0,0.616383893,0,0.616383893,6010,1.239616846,1,0,0.497237429
0,-0.239616846,1,0.616383893,3,2019-09-08T10:00:00.0,0.616383893,0,0.616383893,6011,1.239616846,1,0,0.497237429
0,-0.239783832,1,0.615768544,3,2019-09-08T11:00:00.0,0.615768544,0,0.615768544,6012,1.239783832,1,0,0.496674121
0,-0.239783832,1,0.615768544,3,2019-09-08T12:00:00.0,0.615768544,0,0.615768544,6013,1.239783832,1,0,0.496674121
0,-0.239616846,1,0.616383893,3,2019-09-08T13:00:00.0,0.616383893,0,0.616383893,6014,1.239616846,1,0,0.497237429
0,-0.239616846,1,0.616383893,3,2019-09-08T14:00:00.0,0.616383893,0,0.616383893,6015,1.239616846,1,0,0.497237429
0,-0.239616846,1,0.616383893,3,2019-09-08T15:00:00.0,0.616383893,0,0.616383893,6016,1.239616846,1,0,0.497237429
0,-0.239616846,1,0.616383893,3,2019-09-08T16:00:00.0,0.616383893,0,0.616383893,6017,1.239616846,1,0,0.497237429
0,-0.121127698,1,0.656222487,4,2019-09-08T17:00:00.0,0.656222487,0,0.656222487,6018,1.121127699,1,0,0.585323588
0,-0.121127698,1,0.656222487,4,2019-09-08T18:00:00.0,0.656222487,0,0.656222487,6019,1.121127698,1,0,0.585323588
0,-0.121127698,1,0.656222487,4,2019-09-08T19:00:00.0,0.656222487,0,0.656222487,6020,1.121127698,1,0,0.585323588
0,-0.121127698,1,0.656222487,4,2019-09-08T20:00:00.0,0.656222487,0,0.656222487,6021,1.121127698,1,0,0.585323588
0,-0.121127698,1,0.656222487,4,2019-09-08T21:00:00.0,0.656222487,0,0.656222487,6022,1.121127698,1,0,0.585323588
0,-0.121127698,1,0.656222487,4,2019-09-08T22:00:00.0,0.656222487,0,0.656222487,6023,1.121127698,1,0,0.585323588
0,-0.042430781,1,0.682564912,3,2019-09-08T23:00:00.0,0.682564912,0,0.682564912,6024,1.042430781,1,0,0.654782
0,-0.239616846,1,0.616383893,3,2019-09-09T00:00:00.0,0.616383893,0,0.616383893,6025,1.239616846,1,0,0.497237429
0,-0.239616846,1,0.616383893,3,2019-09-09T01:00:00.0,0.616383893,0,0.616383893,6026,1.239616846,1,0,0.497237429
0,-0.042278842,1,0.682465425,2,2019-09-09T02:00:00.0,0.682465425,0,0.682465425,6027,1.042278842,1,0,0.654782
0,-0.239616846,1,0.616383893,3,2019-09-09T03:00:00.0,0.616383893,0,0.616383893,6028,1.239616846,1,0,0.497237429
0,-0.239616846,1,0.616383893,3,2019-09-09T04:00:00.0,0.616383893,0,0.616383893,6029,1.239616846,1,0,0.497237429
0,-0.239616846,1,0.616383893,3,2019-09-09T05:00:00.0,0.616383893,0,0.616383893,6030,1.239616846,1,0,0.497237429
0,-0.239616846,1,0.616383893,4,2019-09-09T06:00:00.0,0.616383893,0,0.616383893,6031,1.239616846,1,0,0.497237429
0,-0.239616846,1,0.616383893,3,2019-09-09T07:00:00.0,0.616383893,0,0.616383893,6032,1.239616846,1,0,0.497237429
0,-0.239783832,1,0.615768545,3,2019-09-09T08:00:00.0,0.615768545,0,0.615768545,6033,1.239783832,1,0,0.496674121
0,-0.239783832,1,0.615768544,3,2019-09-09T09:00:00.0,0.615768544,0,0.615768544,6034,1.239783832,1,0,0.496674121
0,-0.2361133,1,0.54981071,4,2019-09-09T10:00:00.0,0.54981071,0,0.54981071,6035,1.2361133,1,0,0.444789899
0,-0.2361133,1,0.54981071,4,2019-09-09T11:00:00.0,0.54981071,0,0.54981071,6036,1.2361133,1,0,0.444789899
0,-0.042485792,1,0.729992516,3,2019-09-09T12:00:00.0,0.729992516,0,0.729992516,6037,1.042485792,1,0,0.700242172
0,-0.235947871,1,0.556632073,3,2019-09-09T13:00:00.0,0.556632073,0,0.556632073,6038,1.235947872,1,0,0.450368568
0,-0.2361133,1,0.556706264,3,2019-09-09T14:00:00.0,0.556706264,0,0.556706264,6039,1.2361133,1,0,0.450368315
0,-0.235947871,1,0.556632073,3,2019-09-09T15:00:00.0,0.556632073,0,0.556632073,6040,1.235947872,1,0,0.450368568
0,-0.140592275,1,0.51372226,3,2019-09-09T16:00:00.0,0.51372226,0,0.51372226,6041,1.140592275,1,0,0.450399561
0,-0.140592275,1,0.51372226,3,2019-09-09T17:00:00.0,0.51372226,0,0.51372226,6042,1.140592275,1,0,0.450399561
0,-0.140592275,1,0.51372226,3,2019-09-09T18:00:00.0,0.51372226,0,0.51372226,6043,1.140592275,1,0,0.450399561
0,-0.140592275,1,0.51372226,3,2019-09-09T19:00:00.0,0.51372226,0,0.51372226,6044,1.140592275,1,0,0.450399561
0,-0.140592275,1,0.51372226,3,2019-09-09T20:00:00.0,0.51372226,0,0.51372226,6045,1.140592275,1,0,0.450399561
0,-0.140592275,1,0.51372226,3,2019-09-09T21:00:00.0,0.51372226,0,0.51372226,6046,1.140592275,1,0,0.450399561
0,-0.140592275,1,0.51372226,3,2019-09-09T22:00:00.0,0.51372226,0,0.51372226,6047,1.140592275,1,0,0.450399561
0,-0.235947871,1,0.549655603,3,2019-09-09T23:00:00.0,0.549655603,0,0.549655603,6048,1.235947871,1,0,0.444723937
0,-0.130199597,1,0.509042103,4,2019-09-10T00:00:00.0,0.509042103,0,0.509042103,6049,1.130199597,1,0,0.450400181
0,-0.121127698,1,0.656222487,4,2019-09-10T01:00:00.0,0.656222487,0,0.656222487,6050,1.121127699,1,0,0.585323588
0,-0.235947871,1,0.556632073,3,2019-09-10T02:00:00.0,0.556632073,0,0.556632073,6051,1.235947871,1,0,0.450368568
0,-0.121127698,1,0.656222487,4,2019-09-10T03:00:00.0,0.656222487,0,0.656222487,6052,1.121127699,1,0,0.585323588
0,-0.239616846,1,0.616383893,3,2019-09-10T04:00:00.0,0.616383893,0,0.616383893,6053,1.239616846,1,0,0.497237429
0,-0.042278842,1,0.682465425,2,2019-09-10T05:00:00.0,0.682465425,0,0.682465425,6054,1.042278842,1,0,0.654782
0,-0.121127698,1,0.656222487,4,2019-09-10T06:00:00.0,0.656222487,0,0.656222487,6055,1.121127699,1,0,0.585323588
0,-0.121127698,1,0.656222487,4,2019-09-10T07:00:00.0,0.656222487,0,0.656222487,6056,1.121127698,1,0,0.585323588
0,-0.227835526,1,0.553354285,3,2019-09-10T08:00:00.0,0.553354285,0,0.553354285,6057,1.227835526,1,0,0.4506746
0,-0.227835526,1,0.553354285,3,2019-09-10T09:00:00.0,0.553354285,0,0.553354285,6058,1.227835526,1,0,0.4506746
0,0,1,0.426276334,1,2019-09-10T10:00:00.0,0.426276334,0,0.426276334,6059,1,1,0,0.426276334
0,0,1,0.426276334,1,2019-09-10T11:00:00.0,0.426276334,0,0.426276334,6060,1,1,0,0.426276334
0,0,1,0.426276334,1,2019-09-10T12:00:00.0,0.426276334,0,0.426276334,6061,1,1,0,0.426276334
0,0,1,0.426276334,1,2019-09-10T13:00:00.0,0.426276334,0,0.426276334,6062,1,1,0,0.426276334
0,-0.239783832,1,0.615768545,3,2019-09-10T14:00:00.0,0.615768545,0,0.615768545,6063,1.239783832,1,0,0.496674121
0,-0.239783832,1,0.615768545,3,2019-09-10T15:00:00.0,0.615768545,0,0.615768545,6064,1.239783832,1,0,0.496674121
0,-0.239783832,1,0.615768545,3,2019-09-10T16:00:00.0,0.615768545,0,0.615768545,6065,1.239783832,1,0,0.496674121
0,-0.121127698,1,0.656222487,4,2019-09-10T17:00:00.0,0.656222487,0,0.656222487,6066,1.121127699,1,0,0.585323588
0,-0.121127698,1,0.656222487,4,2019-09-10T18:00:00.0,0.656222487,0,0.656222487,6067,1.121127699,1,0,0.585323588
0,-0.121127698,1,0.656222487,4,2019-09-10T19:00:00.0,0.656222487,0,0.656222487,6068,1.121127699,1,0,0.585323588
0,-0.121127698,1,0.656222487,4,2019-09-10T20:00:00.0,0.656222487,0,0.656222487,6069,1.121127699,1,0,0.585323588
0,-0.239783832,1,0.615768545,3,2019-09-10T21:00:00.0,0.615768545,0,0.615768545,6070,1.239783832,1,0,0.496674121
0,-0.235947871,1,0.551194118,3,2019-09-10T22:00:00.0,0.551194118,0,0.551194118,6071,1.235947871,1,0,0.445968742
0,-0.039677957,1,0.393185193,2,2019-09-10T23:00:00.0,0.393185193,0,0.393185193,6072,1.039677956,1,0,0.378179791
0,-0.239616846,1,0.616383893,3,2019-09-11T00:00:00.0,0.616383893,0,0.616383893,6073,1.239616846,1,0,0.497237429
0,-0.239616846,1,0.616383893,3,2019-09-11T01:00:00.0,0.616383893,0,0.616383893,6074,1.239616846,1,0,0.497237429
0,-0.239616846,1,0.616383893,3,2019-09-11T02:00:00.0,0.616383893,0,0.616383893,6075,1.239616846,1,0,0.497237429
0,-0.239616846,1,0.616383893,3,2019-09-11T03:00:00.0,0.616383893,0,0.616383893,6076,1.239616846,1,0,0.497237429
0,-0.239616846,1,0.616383893,3,2019-09-11T04:00:00.0,0.616383893,0,0.616383893,6077,1.239616846,1,0,0.497237429
0,-0.042462151,1,0.682585453,2,2019-09-11T05:00:00.0,0.682585453,0,0.682585453,6078,1.042462152,1,0,0.654782
0,-0.239616846,1,0.616383893,3,2019-09-11T06:00:00.0,0.616383893,0,0.616383893,6079,1.239616846,1,0,0.497237429
0,-0.239616846,1,0.616383893,3,2019-09-11T07:00:00.0,0.616383893,0,0.616383893,6080,1.239616846,1,0,0.497237429
0,-0.227835526,1,0.553354285,3,2019-09-11T08:00:00.0,0.553354285,0,0.553354285,6081,1.227835526,1,0,0.4506746
0,-0.239783832,1,0.615768545,3,2019-09-11T09:00:00.0,0.615768545,0,0.615768545,6082,1.239783832,1,0,0.496674121
0,-0.239616846,1,0.616383893,3,2019-09-11T10:00:00.0,0.616383893,0,0.616383893,6083,1.239616846,1,0,0.497237429
0,-0.239616846,1,0.616383893,3,2019-09-11T11:00:00.0,0.616383893,0,0.616383893,6084,1.239616846,1,0,0.497237429
0,-0.239616846,1,0.616383893,3,2019-09-11T12:00:00.0,0.616383893,0,0.616383893,6085,1.239616846,1,0,0.497237429
0,-0.239616846,1,0.616383893,3,2019-09-11T13:00:00.0,0.616383893,0,0.616383893,6086,1.239616846,1,0,0.497237429
0,-0.239616846,1,0.616383893,3,2019-09-11T14:00:00.0,0.616383893,0,0.616383893,6087,1.239616846,1,0,0.497237429
0,-0.239616846,1,0.616383893,3,2019-09-11T15:00:00.0,0.616383893,0,0.616383893,6088,1.239616846,1,0,0.497237429
0,-0.239783832,1,0.615768545,3,2019-09-11T16:00:00.0,0.615768545,0,0.615768545,6089,1.239783832,1,0,0.496674121
0,-0.239783832,1,0.615768545,3,2019-09-11T17:00:00.0,0.615768545,0,0.615768545,6090,1.239783832,1,0,0.496674121
0,-0.239783832,1,0.615768545,3,2019-09-11T18:00:00.0,0.615768545,0,0.615768545,6091,1.239783832,1,0,0.496674121
0,-0.239783832,1,0.615768545,3,2019-09-11T19:00:00.0,0.615768545,0,0.615768545,6092,1.239783832,1,0,0.496674121
0,-0.239783832,1,0.615768545,3,2019-09-11T20:00:00.0,0.615768545,0,0.615768545,6093,1.239783832,1,0,0.496674121
0,-0.239783832,1,0.615768545,3,2019-09-11T21:00:00.0,0.615768545,0,0.615768545,6094,1.239783832,1,0,0.496674121
0,-0.239496414,1,0.615863194,3,2019-09-11T22:00:00.0,0.615863194,0,0.615863194,6095,1.239496414,1,0,0.496865652
0,-0.239496414,1,0.615863194,3,2019-09-11T23:00:00.0,0.615863194,0,0.615863194,6096,1.239496415,1,0,0.496865652
0,-0.140592275,1,0.498032605,3,2019-09-12T00:00:00.0,0.498032605,0,0.498032605,6097,1.140592275,1,0,0.436643852
0,-0.140592275,1,0.498032605,3,2019-09-12T01:00:00.0,0.498032605,0,0.498032605,6098,1.140592275,1,0,0.436643852
0,-0.140592275,1,0.498032605,3,2019-09-12T02:00:00.0,0.498032605,0,0.498032605,6099,1.140592275,1,0,0.436643852
0,0,1,0.426276334,1,2019-09-12T03:00:00.0,0.426276334,0,0.426276334,6100,1,1,0,0.426276334
0,0,1,0.426276334,1,2019-09-12T04:00:00.0,0.426276334,0,0.426276334,6101,1,1,0,0.426276334
0,0,1,0.426276334,1,2019-09-12T05:00:00.0,0.426276334,0,0.426276334,6102,1,1,0,0.426276334
0,0,1,0.426276334,1,2019-09-12T06:00:00.0,0.426276334,0,0.426276334,6103,1,1,0,0.426276334
0,0,1,0.426276334,1,2019-09-12T07:00:00.0,0.426276334,0,0.426276334,6104,1,1,0,0.426276334
0,0,1,0.426276334,1,2019-09-12T08:00:00.0,0.426276334,0,0.426276334,6105,1,1,0,0.426276334
0,0,1,0.426276334,1,2019-09-12T09:00:00.0,0.426276334,0,0.426276334,6106,1,1,0,0.426276334
0,-0.140592275,1,0.51372226,3,2019-09-12T10:00:00.0,0.51372226,0,0.51372226,6107,1.140592275,1,0,0.450399561
0,0,1,0.426276334,1,2019-09-12T11:00:00.0,0.426276334,0,0.426276334,6108,1,1,0,0.426276334
0,0,1,0.426276334,1,2019-09-12T12:00:00.0,0.426276334,0,0.426276334,6109,1,1,0,0.426276334
0,0,1,0.426276334,1,2019-09-12T13:00:00.0,0.426276334,0,0.426276334,6110,1,1,0,0.426276334
0,0,1,0.426276334,1,2019-09-12T14:00:00.0,0.426276334,0,0.426276334,6111,1,1,0,0.426276334
0,0,1,0.426276334,1,2019-09-12T15:00:00.0,0.426276334,0,0.426276334,6112,1,1,0,0.426276334
0,0,1,0.426276334,1,2019-09-12T16:00:00.0,0.426276334,0,0.426276334,6113,1,1,0,0.426276334
0,0,1,0.426276334,1,2019-09-12T17:00:00.0,0.426276334,0,0.426276334,6114,1,1,0,0.426276334
0,-0.121127698,1,0.656222487,4,2019-09-12T18:00:00.0,0.656222487,0,0.656222487,6115,1.121127699,1,0,0.585323588
0,-0.042430781,1,0.682564912,2,2019-09-12T19:00:00.0,0.682564912,0,0.682564912,6116,1.042430781,1,0,0.654782
0,-0.121127698,1,0.656222487,4,2019-09-12T20:00:00.0,0.656222487,0,0.656222487,6117,1.121127698,1,0,0.585323588
0,-0.121127698,1,0.656222487,4,2019-09-12T21:00:00.0,0.656222487,0,0.656222487,6118,1.121127699,1,0,0.585323588
0,-0.140592275,1,0.51372226,3,2019-09-12T22:00:00.0,0.51372226,0,0.51372226,6119,1.140592275,1,0,0.450399561
0,-0.235947871,1,0.556632073,3,2019-09-12T23:00:00.0,0.556632073,0,0.556632073,6120,1.235947871,1,0,0.450368568
0,-0.039677957,1,0.338880129,2,2019-09-13T00:00:00.0,0.338880129,0,0.338880129,6121,1.039677957,1,0,0.325947209
0,-0.038204097,1,0.430340494,4,2019-09-13T01:00:00.0,0.430340494,0,0.430340494,6122,1.038204097,1,0,0.414504716
0,-0.03465931,1,0.363685293,3,2019-09-13T02:00:00.0,0.363685293,0,0.363685293,6123,1.034659309,1,0,0.351502461
0,-0.034539314,1,0.403766889,3,2019-09-13T03:00:00.0,0.403766889,0,0.403766889,6124,1.034539314,1,0,0.390286656
0,-0.034539314,1,0.403766889,3,2019-09-13T04:00:00.0,0.403766889,0,0.403766889,6125,1.034539314,1,0,0.390286656
0,-0.039677957,1,0.338880129,2,2019-09-13T05:00:00.0,0.338880129,0,0.338880129,6126,1.039677957,1,0,0.325947209
0,-0.142817344,1,0.559791011,4,2019-09-13T06:00:00.0,0.559791011,0,0.559791011,6127,1.142817344,1,0,0.489834193
0,-0.039677957,1,0.338880129,2,2019-09-13T07:00:00.0,0.338880129,0,0.338880129,6128,1.039677957,1,0,0.325947209
0,-0.234220421,1,0.613228926,4,2019-09-13T08:00:00.0,0.613228926,0,0.613228926,6129,1.234220421,1,0,0.496855275
0,-0.234220421,1,0.613228926,4,2019-09-13T09:00:00.0,0.613228926,0,0.613228926,6130,1.234220421,1,0,0.496855275
0,-0.234220421,1,0.613228926,4,2019-09-13T10:00:00.0,0.613228926,0,0.613228926,6131,1.234220421,1,0,0.496855275
0,-0.042278842,1,0.33972788,2,2019-09-13T11:00:00.0,0.33972788,0,0.33972788,6132,1.042278842,1,0,0.325947209
0,-0.234220421,1,0.613228926,4,2019-09-13T12:00:00.0,0.613228926,0,0.613228926,6133,1.234220421,1,0,0.496855275
0,-0.234220421,1,0.613228926,4,2019-09-13T13:00:00.0,0.613228926,0,0.613228926,6134,1.234220421,1,0,0.496855275
0,-0.042278842,1,0.33972788,2,2019-09-13T14:00:00.0,0.33972788,0,0.33972788,6135,1.042278842,1,0,0.325947209
0,-0.234220421,1,0.613228926,4,2019-09-13T15:00:00.0,0.613228926,0,0.613228926,6136,1.234220421,1,0,0.496855275
0,-0.234220421,1,0.613228926,4,2019-09-13T16:00:00.0,0.613228926,0,0.613228926,6137,1.234220421,1,0,0.496855275
0,-0.234220421,1,0.613228926,4,2019-09-13T17:00:00.0,0.613228926,0,0.613228926,6138,1.234220421,1,0,0.496855275
0,-0.234220421,1,0.613228926,4,2019-09-13T18:00:00.0,0.613228926,0,0.613228926,6139,1.234220421,1,0,0.496855275
0,-0.142817344,1,0.559791011,4,2019-09-13T19:00:00.0,0.559791011,0,0.559791011,6140,1.142817344,1,0,0.489834193
0,-0.142817344,1,0.559791011,4,2019-09-13T20:00:00.0,0.559791011,0,0.559791011,6141,1.142817344,1,0,0.489834193
0,-0.234220421,1,0.613228926,4,2019-09-13T21:00:00.0,0.613228926,0,0.613228926,6142,1.234220421,1,0,0.496855275
0,-0.234220421,1,0.613228926,4,2019-09-13T22:00:00.0,0.613228926,0,0.613228926,6143,1.234220421,1,0,0.496855275
0,-0.234220421,1,0.613228926,4,2019-09-13T23:00:00.0,0.613228926,0,0.613228926,6144,1.234220421,1,0,0.496855275
0,-0.039677953,1,0.680762412,2,2019-09-14T00:00:00.0,0.680762412,0,0.680762412,6145,1.039677957,1.000000004,0,0.654782
0,-0.234220421,1,0.613228926,4,2019-09-14T01:00:00.0,0.613228926,0,0.613228926,6146,1.234220421,1,0,0.496855275
0,-0.234220421,1,0.613228926,4,2019-09-14T02:00:00.0,0.613228926,0,0.613228926,6147,1.234220421,1,0,0.496855275
0,-0.234220421,1,0.613228926,4,2019-09-14T03:00:00.0,0.613228926,0,0.613228926,6148,1.234220421,1,0,0.496855275
0,-0.234220421,1,0.613228926,4,2019-09-14T04:00:00.0,0.613228926,0,0.613228926,6149,1.234220421,1,0,0.496855275
0,-0.234220421,1,0.613228926,4,2019-09-14T05:00:00.0,0.613228926,0,0.613228926,6150,1.234220421,1,0,0.496855275
0,-0.039677957,1,0.680762412,2,2019-09-14T06:00:00.0,0.680762412,0,0.680762412,6151,1.039677957,1,0,0.654782
0,-0.234220421,1,0.613228926,4,2019-09-14T07:00:00.0,0.613228926,0,0.613228926,6152,1.234220421,1,0,0.496855275
0,-0.234220421,1,0.613228926,4,2019-09-14T08:00:00.0,0.613228926,0,0.613228926,6153,1.234220421,1,0,0.496855275
0,-0.234220421,1,0.613228926,4,2019-09-14T09:00:00.0,0.613228926,0,0.613228926,6154,1.234220422,1,0,0.496855275
0,-0.039677957,1,0.680762412,2,2019-09-14T10:00:00.0,0.680762412,0,0.680762412,6155,1.039677957,1,0,0.654782
0,-0.234220421,1,0.613228927,4,2019-09-14T11:00:00.0,0.613228927,0,0.613228927,6156,1.234220422,1,0,0.496855275
0,-0.234220421,1,0.613228926,4,2019-09-14T12:00:00.0,0.613228926,0,0.613228926,6157,1.234220421,1,0,0.496855275
0,-0.234220421,1,0.613228926,4,2019-09-14T13:00:00.0,0.613228926,0,0.613228926,6158,1.234220421,1,0,0.496855275
0,-0.234220421,1,0.613228926,4,2019-09-14T14:00:00.0,0.613228926,0,0.613228926,6159,1.234220421,1,0,0.496855275
0,-0.234220421,1,0.613228926,4,2019-09-14T15:00:00.0,0.613228926,0,0.613228926,6160,1.234220421,1,0,0.496855275
0,-0.142817344,1,0.559791011,4,2019-09-14T16:00:00.0,0.559791011,0,0.559791011,6161,1.142817344,1,0,0.489834193
0,-0.239616846,1,0.616383893,3,2019-09-14T17:00:00.0,0.616383893,0,0.616383893,6162,1.239616846,1,0,0.497237429
0,-0.239616846,1,0.616383893,3,2019-09-14T18:00:00.0,0.616383893,0,0.616383893,6163,1.239616846,1,0,0.497237429
0,-0.142817344,1,0.559791011,4,2019-09-14T19:00:00.0,0.559791011,0,0.559791011,6164,1.142817344,1,0,0.489834193
0,-0.142817344,1,0.559791011,4,2019-09-14T20:00:00.0,0.559791011,0,0.559791011,6165,1.142817344,1,0,0.489834193
0,-0.239616846,1,0.616383893,3,2019-09-14T21:00:00.0,0.616383893,0,0.616383893,6166,1.239616846,1,0,0.497237429
0,-0.239616846,1,0.616383893,3,2019-09-14T22:00:00.0,0.616383893,0,0.616383893,6167,1.239616846,1,0,0.497237429
0,-0.142817344,1,0.559791011,4,2019-09-14T23:00:00.0,0.559791011,0,0.559791011,6168,1.142817344,1,0,0.489834193
0,-0.042430781,1,0.398544357,2,2019-09-15T00:00:00.0,0.398544357,0,0.398544357,6169,1.042430781,1,0,0.382322131
0,-0.042430781,1,0.398544357,2,2019-09-15T01:00:00.0,0.398544357,0,0.398544357,6170,1.042430781,1,0,0.382322131
0,-0.042430781,1,0.398544357,2,2019-09-15T02:00:00.0,0.398544357,0,0.398544357,6171,1.042430781,1,0,0.382322131
0,-0.042430781,1,0.398544357,2,2019-09-15T03:00:00.0,0.398544357,0,0.398544357,6172,1.042430781,1,0,0.382322131
0,-0.042430781,1,0.398544357,2,2019-09-15T04:00:00.0,0.398544357,0,0.398544357,6173,1.042430781,1,0,0.382322131
0,-0.042430781,1,0.398544357,2,2019-09-15T05:00:00.0,0.398544357,0,0.398544357,6174,1.042430781,1,0,0.382322131
0,-0.042430781,1,0.398544357,2,2019-09-15T06:00:00.0,0.398544357,0,0.398544357,6175,1.042430781,1,0,0.382322131
0,-0.042430781,1,0.398544357,2,2019-09-15T07:00:00.0,0.398544357,0,0.398544357,6176,1.042430781,1,0,0.382322131
0,-0.042430781,1,0.398544357,2,2019-09-15T08:00:00.0,0.398544357,0,0.398544357,6177,1.042430781,1,0,0.382322131
0,-0.042430781,1,0.398544357,2,2019-09-15T09:00:00.0,0.398544357,0,0.398544357,6178,1.042430781,1,0,0.382322131
0,-0.239783832,1,0.615768545,3,2019-09-15T10:00:00.0,0.615768545,0,0.615768545,6179,1.239783832,1.000000001,0,0.496674121
0,-0.2361133,1,0.54981071,3,2019-09-15T11:00:00.0,0.54981071,0,0.54981071,6180,1.2361133,1,0,0.444789899
0,-0.2361133,1,0.54981071,3,2019-09-15T12:00:00.0,0.54981071,0,0.54981071,6181,1.2361133,1,0,0.444789899
0,-0.2361133,1,0.54981071,3,2019-09-15T13:00:00.0,0.54981071,0,0.54981071,6182,1.2361133,1,0,0.444789899
0,0,1,0.426276334,1,2019-09-15T14:00:00.0,0.426276334,0,0.426276334,6183,1,1,0,0.426276334
0,-0.140592275,1,0.498032605,3,2019-09-15T15:00:00.0,0.498032605,0,0.498032605,6184,1.140592275,1,0,0.436643852
0,-0.140592275,1,0.498032605,3,2019-09-15T16:00:00.0,0.498032605,0,0.498032605,6185,1.140592275,1,0,0.436643852
0,-0.140592275,1,0.498032605,3,2019-09-15T17:00:00.0,0.498032605,0,0.498032605,6186,1.140592275,1,0,0.436643852
0,-0.140592275,1,0.498032605,3,2019-09-15T18:00:00.0,0.498032605,0,0.498032605,6187,1.140592275,1,0,0.436643852
0,-0.140592275,1,0.498032605,3,2019-09-15T19:00:00.0,0.498032605,0,0.498032605,6188,1.140592275,1,0,0.436643852
0,-0.140592275,1,0.498032605,3,2019-09-15T20:00:00.0,0.498032605,0,0.498032605,6189,1.140592275,1,0,0.436643852
0,-0.140592275,1,0.498032605,3,2019-09-15T21:00:00.0,0.498032605,0,0.498032605,6190,1.140592275,1,0,0.436643852
0,-0.140592275,1,0.498032605,3,2019-09-15T22:00:00.0,0.498032605,0,0.498032605,6191,1.140592275,1,0,0.436643852
0.04241967,0,1,0.377390608,3,2019-09-15T23:00:00.0,0.377390608,0,0.377390608,6192,0.95758033,1,0,0.394108563
0,-0.136938413,1,0.496136878,3,2019-09-16T00:00:00.0,0.496136878,0,0.496136878,6193,1.136938413,1,0,0.43637973
0,-0.136938413,1,0.496136878,3,2019-09-16T01:00:00.0,0.496136878,0,0.496136878,6194,1.136938413,1,0,0.43637973
0,0,1,0.426276334,1,2019-09-16T02:00:00.0,0.426276334,0,0.426276334,6195,1,1,0,0.426276334
0,0,1,0.426276334,1,2019-09-16T03:00:00.0,0.426276334,0,0.426276334,6196,1,1,0,0.426276334
0,0,1,0.426276334,1,2019-09-16T04:00:00.0,0.426276334,0,0.426276334,6197,1,1,0,0.426276334
0,-0.140592275,1,0.498032605,3,2019-09-16T05:00:00.0,0.498032605,0,0.498032605,6198,1.140592275,1,0,0.436643852
0,-0.140592275,1,0.498032605,3,2019-09-16T06:00:00.0,0.498032605,0,0.498032605,6199,1.140592275,1,0,0.436643852
0,-0.140592275,1,0.498032605,3,2019-09-16T07:00:00.0,0.498032605,0,0.498032605,6200,1.140592275,1,0,0.436643852
0,-0.140592275,1,0.498032605,3,2019-09-16T08:00:00.0,0.498032605,0,0.498032605,6201,1.140592275,1,0,0.436643852
0,0,1,0.426276334,1,2019-09-16T09:00:00.0,0.426276334,0,0.426276334,6202,1,1,0,0.426276334
0,0,1,0.426276334,1,2019-09-16T10:00:00.0,0.426276334,0,0.426276334,6203,1,1,0,0.426276334
0,0,1,0.426276334,1,2019-09-16T11:00:00.0,0.426276334,0,0.426276334,6204,1,1,0,0.426276334
0,0,1,0.426276334,1,2019-09-16T12:00:00.0,0.426276334,0,0.426276334,6205,1,1,0,0.426276334
0,0,1,0.426276334,1,2019-09-16T13:00:00.0,0.426276334,0,0.426276334,6206,1,1,0,0.426276334
0,0,1,0.426276334,1,2019-09-16T14:00:00.0,0.426276334,0,0.426276334,6207,1,1,0,0.426276334
0,-0.140592275,1,0.501492631,3,2019-09-16T15:00:00.0,0.501492631,0,0.501492631,6208,1.140592275,1,0,0.439677387
0,-0.140592275,1,0.501492631,3,2019-09-16T16:00:00.0,0.501492631,0,0.501492631,6209,1.140592275,1,0,0.439677387
0,-0.140592275,1,0.51372226,3,2019-09-16T17:00:00.0,0.51372226,0,0.51372226,6210,1.140592275,1,0,0.450399561
0,-0.140592275,1,0.501492631,3,2019-09-16T18:00:00.0,0.501492631,0,0.501492631,6211,1.140592275,1,0,0.439677387
0,-0.140592275,1,0.51372226,3,2019-09-16T19:00:00.0,0.51372226,0,0.51372226,6212,1.140592275,1,0,0.450399561
0,-0.140592275,1,0.51372226,3,2019-09-16T20:00:00.0,0.51372226,0,0.51372226,6213,1.140592275,1,0,0.450399561
0,-0.140592275,1,0.51372226,3,2019-09-16T21:00:00.0,0.51372226,0,0.51372226,6214,1.140592275,1,0,0.450399561
0,-0.140592275,1,0.501492631,3,2019-09-16T22:00:00.0,0.501492631,0,0.501492631,6215,1.140592275,1,0,0.439677387
0,-0.042278842,1,0.398486268,2,2019-09-16T23:00:00.0,0.398486268,0,0.398486268,6216,1.042278842,1,0,0.382322131
0,-0.039677957,1,0.393185193,2,2019-09-17T00:00:00.0,0.393185193,0,0.393185193,6217,1.039677957,1,0,0.378179791
0,-0.039677957,1,0.397491892,2,2019-09-17T01:00:00.0,0.397491892,0,0.397491892,6218,1.039677957,1,0,0.382322131
0,-0.039677957,1,0.393185193,2,2019-09-17T02:00:00.0,0.393185193,0,0.393185193,6219,1.039677957,1,0,0.378179791
0,-0.039677957,1,0.393185193,2,2019-09-17T03:00:00.0,0.393185193,0,0.393185193,6220,1.039677957,1,0,0.378179791
0,-0.039677957,1,0.397491892,2,2019-09-17T04:00:00.0,0.397491892,0,0.397491892,6221,1.039677957,1,0,0.382322131
0,-0.039677957,1,0.397491892,2,2019-09-17T05:00:00.0,0.397491892,0,0.397491892,6222,1.039677957,1,0,0.382322131
0,-0.039677957,1,0.397491892,2,2019-09-17T06:00:00.0,0.397491892,0,0.397491892,6223,1.039677957,1,0,0.382322131
0,0,1,0.426276334,1,2019-09-17T07:00:00.0,0.426276334,0,0.426276334,6224,1,1,0,0.426276334
0,-0.235947871,1,0.549655603,3,2019-09-17T08:00:00.0,0.549655603,0,0.549655603,6225,1.235947871,1,0,0.444723937
0,-0.03455205,1,0.37625968,3,2019-09-17T09:00:00.0,0.37625968,0,0.37625968,6226,1.03455205,1,0,0.36369333
0,-0.03455205,1,0.37625968,3,2019-09-17T10:00:00.0,0.37625968,0,0.37625968,6227,1.03455205,1,0,0.36369333
0,-0.03455205,1,0.37625968,3,2019-09-17T11:00:00.0,0.37625968,0,0.37625968,6228,1.03455205,1,0,0.36369333
0,-0.03455205,1,0.37625968,3,2019-09-17T12:00:00.0,0.37625968,0,0.37625968,6229,1.03455205,1,0,0.36369333
0,-0.03455205,1,0.37625968,3,2019-09-17T13:00:00.0,0.37625968,0,0.37625968,6230,1.03455205,1,0,0.36369333
0,-0.03455205,1,0.37625968,3,2019-09-17T14:00:00.0,0.37625968,0,0.37625968,6231,1.03455205,1,0,0.36369333
0,-0.235947871,1,0.549655603,3,2019-09-17T15:00:00.0,0.549655603,0,0.549655603,6232,1.235947871,1,0,0.444723937
0,-0.235947871,1,0.549655603,3,2019-09-17T16:00:00.0,0.549655603,0,0.549655603,6233,1.235947871,1,0,0.444723937
0,-0.235947871,1,0.549655603,3,2019-09-17T17:00:00.0,0.549655603,0,0.549655603,6234,1.235947872,1,0,0.444723937
0,-0.583910538,1,0.59160971,4,2019-09-17T18:00:00.0,0.59160971,0,0.59160971,6235,1.583910539,1,0,0.373512074
0,-0.128815272,1,0.49154457,3,2019-09-17T19:00:00.0,0.49154457,0,0.49154457,6236,1.128815272,1,0,0.435451736
0,-0.128815272,1,0.49154457,3,2019-09-17T20:00:00.0,0.49154457,0,0.49154457,6237,1.128815272,1,0,0.435451736
0,-0.128815272,1,0.49154457,3,2019-09-17T21:00:00.0,0.49154457,0,0.49154457,6238,1.128815272,1,0,0.435451736
0,-0.042278842,1,0.398486268,2,2019-09-17T22:00:00.0,0.398486268,0,0.398486268,6239,1.042278842,1,0,0.382322131
0,-0.042278842,1,0.398486268,2,2019-09-17T23:00:00.0,0.398486268,0,0.398486268,6240,1.042278842,1,0,0.382322131
0,-0.142817344,1,0.559791011,4,2019-09-18T00:00:00.0,0.559791011,0,0.559791011,6241,1.142817344,1,0,0.489834193
0,-0.039677957,1,0.353462977,2,2019-09-18T01:00:00.0,0.353462977,0,0.353462977,6242,1.039677957,1,0,0.339973522
0,-0.039677957,1,0.353462977,2,2019-09-18T02:00:00.0,0.353462977,0,0.353462977,6243,1.039677957,1,0,0.339973522
0,-0.039677957,1,0.353462977,2,2019-09-18T03:00:00.0,0.353462977,0,0.353462977,6244,1.039677957,1,0,0.339973522
0,-0.039677957,1,0.353462977,2,2019-09-18T04:00:00.0,0.353462977,0,0.353462977,6245,1.039677957,1,0,0.339973522
0,-0.039677957,1,0.353462977,2,2019-09-18T05:00:00.0,0.353462977,0,0.353462977,6246,1.039677957,1,0,0.339973522
0,-0.039677957,1,0.353462977,2,2019-09-18T06:00:00.0,0.353462977,0,0.353462977,6247,1.039677957,1,0,0.339973522
0,-0.039677957,1,0.680762412,2,2019-09-18T07:00:00.0,0.680762412,0,0.680762412,6248,1.039677956,1,0,0.654782
0,-0.234220421,1,0.613228926,4,2019-09-18T08:00:00.0,0.613228926,0,0.613228926,6249,1.234220421,1,0,0.496855275
0,-0.034539314,1,0.403766889,3,2019-09-18T09:00:00.0,0.403766889,0,0.403766889,6250,1.034539314,1,0,0.390286656
0,-0.03455205,1,0.403796997,3,2019-09-18T10:00:00.0,0.403796997,0,0.403796997,6251,1.03455205,1,0,0.390310954
0,-0.03455205,1,0.403796997,3,2019-09-18T11:00:00.0,0.403796997,0,0.403796997,6252,1.03455205,1,0,0.390310954
0,-0.03455205,1,0.403796997,3,2019-09-18T12:00:00.0,0.403796997,0,0.403796997,6253,1.03455205,1,0,0.390310954
0,-0.03455205,1,0.403796997,3,2019-09-18T13:00:00.0,0.403796997,0,0.403796997,6254,1.03455205,1,0,0.390310954
0,-0.03455205,1,0.403796997,3,2019-09-18T14:00:00.0,0.403796997,0,0.403796997,6255,1.03455205,1,0,0.390310954
0,-0.239616846,1,0.616383893,3,2019-09-18T15:00:00.0,0.616383893,0,0.616383893,6256,1.239616846,1,0,0.497237429
0,-0.034539314,1,0.403766889,3,2019-09-18T16:00:00.0,0.403766889,0,0.403766889,6257,1.034539314,1,0,0.390286656
0,-0.142817344,1,0.559791011,4,2019-09-18T17:00:00.0,0.559791011,0,0.559791011,6258,1.142817344,1,0,0.489834193
0,-0.142817344,1,0.559791011,4,2019-09-18T18:00:00.0,0.559791011,0,0.559791011,6259,1.142817344,1,0,0.489834193
0,-0.142817344,1,0.559791011,4,2019-09-18T19:00:00.0,0.559791011,0,0.559791011,6260,1.142817344,1,0,0.489834193
0,-0.142817344,1,0.559791011,4,2019-09-18T20:00:00.0,0.559791011,0,0.559791011,6261,1.142817344,1,0,0.489834193
0,-0.142817344,1,0.559791011,4,2019-09-18T21:00:00.0,0.559791011,0,0.559791011,6262,1.142817344,1,0,0.489834193
0,-0.142817344,1,0.559791011,4,2019-09-18T22:00:00.0,0.559791011,0,0.559791011,6263,1.142817344,1,0,0.489834193
0,-0.042278842,1,0.31473022,2,2019-09-18T23:00:00.0,0.31473022,0,0.31473022,6264,1.042278842,1,0,0.301963551
0,-0.234220421,1,0.613228926,4,2019-09-19T00:00:00.0,0.613228926,0,0.613228926,6265,1.234220421,1,0,0.496855275
0,-0.234220421,1,0.613228926,4,2019-09-19T01:00:00.0,0.613228926,0,0.613228926,6266,1.234220421,1,0,0.496855275
0,-0.234220421,1,0.613228926,4,2019-09-19T02:00:00.0,0.613228926,0,0.613228926,6267,1.234220421,1,0,0.496855275
0,-0.234220421,1,0.613228926,4,2019-09-19T03:00:00.0,0.613228926,0,0.613228926,6268,1.234220421,1,0,0.496855275
0,-0.234220421,1,0.613228926,4,2019-09-19T04:00:00.0,0.613228926,0,0.613228926,6269,1.234220421,1,0,0.496855275
0,-0.234220421,1,0.613228926,4,2019-09-19T05:00:00.0,0.613228926,0,0.613228926,6270,1.234220421,1,0,0.496855275
0,-0.142817344,1,0.559791011,4,2019-09-19T06:00:00.0,0.559791011,0,0.559791011,6271,1.142817344,1,0,0.489834193
0,-0.142817344,1,0.559791011,4,2019-09-19T07:00:00.0,0.559791011,0,0.559791011,6272,1.142817344,1,0,0.489834193
0,-0.234220421,1,0.613228926,4,2019-09-19T08:00:00.0,0.613228926,0,0.613228926,6273,1.234220421,1,0,0.496855275
0,-0.03455205,1,0.403796997,3,2019-09-19T09:00:00.0,0.403796997,0,0.403796997,6274,1.03455205,1,0,0.390310954
0,-0.035016975,1,0.365686254,3,2019-09-19T10:00:00.0,0.365686254,0,0.365686254,6275,1.035016975,1,0,0.353314257
0,-0.035016975,1,0.365686254,3,2019-09-19T11:00:00.0,0.365686254,0,0.365686254,6276,1.035016975,1,0,0.353314257
0,-0.035016975,1,0.365837836,3,2019-09-19T12:00:00.0,0.365837836,0,0.365837836,6277,1.035016975,1,0,0.353460711
0,-0.035016975,1,0.365837836,3,2019-09-19T13:00:00.0,0.365837836,0,0.365837836,6278,1.035016975,1,0,0.353460711
0,-0.035016975,1,0.365837836,3,2019-09-19T14:00:00.0,0.365837836,0,0.365837836,6279,1.035016975,1,0,0.353460711
0,-0.039677957,1,0.354594634,2,2019-09-19T15:00:00.0,0.354594634,0,0.354594634,6280,1.039677957,1,0,0.341061991
0,-0.039677957,1,0.354594634,2,2019-09-19T16:00:00.0,0.354594634,0,0.354594634,6281,1.039677957,1,0,0.341061991
0,-0.039677957,1,0.354594634,2,2019-09-19T17:00:00.0,0.354594634,0,0.354594634,6282,1.039677957,1,0,0.341061991
0,-0.042430781,1,0.355533517,2,2019-09-19T18:00:00.0,0.355533517,0,0.355533517,6283,1.042430781,1,0,0.341061991
0,-0.042430781,1,0.355533517,2,2019-09-19T19:00:00.0,0.355533517,0,0.355533517,6284,1.042430781,1,0,0.341061991
0,-0.042430781,1,0.355533517,2,2019-09-19T20:00:00.0,0.355533517,0,0.355533517,6285,1.042430781,1,0,0.341061991
0,-0.039677957,1,0.354594634,2,2019-09-19T21:00:00.0,0.354594634,0,0.354594634,6286,1.039677957,1,0,0.341061991
0,-0.039677957,1,0.354594634,2,2019-09-19T22:00:00.0,0.354594634,0,0.354594634,6287,1.039677957,1,0,0.341061991
0,-0.03455205,1,0.403796997,3,2019-09-19T23:00:00.0,0.403796997,0,0.403796997,6288,1.03455205,1,0,0.390310954
0,-0.121127698,1,0.656222487,4,2019-09-20T00:00:00.0,0.656222487,0,0.656222487,6289,1.121127698,1,0,0.585323588
0,-0.239616846,1,0.616383893,3,2019-09-20T01:00:00.0,0.616383893,0,0.616383893,6290,1.239616846,1,0,0.497237429
0,-0.142817344,1,0.559791011,4,2019-09-20T02:00:00.0,0.559791011,0,0.559791011,6291,1.142817344,1,0,0.489834193
0,-0.142817344,1,0.559791011,4,2019-09-20T03:00:00.0,0.559791011,0,0.559791011,6292,1.142817344,1,0,0.489834193
0,-0.142817344,1,0.559791011,4,2019-09-20T04:00:00.0,0.559791011,0,0.559791011,6293,1.142817344,1,0,0.489834193
0,-0.239616846,1,0.616383893,3,2019-09-20T05:00:00.0,0.616383893,0,0.616383893,6294,1.239616846,1,0,0.497237429
0,-0.239616846,1,0.616383893,3,2019-09-20T06:00:00.0,0.616383893,0,0.616383893,6295,1.239616846,1,0,0.497237429
0,-0.239616846,1,0.616383893,3,2019-09-20T07:00:00.0,0.616383893,0,0.616383893,6296,1.239616846,1,0,0.497237429
0,-0.239616846,1,0.616383893,3,2019-09-20T08:00:00.0,0.616383893,0,0.616383893,6297,1.239616846,1,0,0.497237429
0,-0.121127698,1,0.656222487,4,2019-09-20T09:00:00.0,0.656222487,0,0.656222487,6298,1.121127699,1,0,0.585323588
0,-0.239783832,1,0.615768544,4,2019-09-20T10:00:00.0,0.615768544,0,0.615768544,6299,1.239783832,1,0,0.496674121
0,-0.239783832,1,0.615768544,3,2019-09-20T11:00:00.0,0.615768544,0,0.615768544,6300,1.239783832,1,0,0.496674121
0,-0.239783832,1,0.615768545,3,2019-09-20T12:00:00.0,0.615768545,0,0.615768545,6301,1.239783832,1,0,0.496674121
0,-0.121127698,1,0.656222487,4,2019-09-20T13:00:00.0,0.656222487,0,0.656222487,6302,1.121127698,1,0,0.585323588
0,-0.239616846,1,0.616383893,3,2019-09-20T14:00:00.0,0.616383893,0,0.616383893,6303,1.239616846,1,0,0.497237429
0,-0.239616846,1,0.616383893,3,2019-09-20T15:00:00.0,0.616383893,0,0.616383893,6304,1.239616846,1,0,0.497237429
0,-0.121127698,1,0.656222487,4,2019-09-20T16:00:00.0,0.656222487,0,0.656222487,6305,1.121127699,1,0,0.585323588
0,-0.121127698,1,0.656222487,5,2019-09-20T17:00:00.0,0.656222487,0,0.656222487,6306,1.121127698,1,0,0.585323588
0,-0.121127698,1,0.656222487,4,2019-09-20T18:00:00.0,0.656222487,0,0.656222487,6307,1.121127698,1,0,0.585323588
0,-0.121127698,1,0.656222487,4,2019-09-20T19:00:00.0,0.656222487,0,0.656222487,6308,1.121127699,1,0,0.585323588
0,-0.121141274,1,0.656443092,4,2019-09-20T20:00:00.0,0.656443092,0,0.656443092,6309,1.121141275,1,0,0.585513268
0,-0.121127698,1,0.656222487,4,2019-09-20T21:00:00.0,0.656222487,0,0.656222487,6310,1.121127699,1,0,0.585323588
0,-0.121127698,1,0.656222487,4,2019-09-20T22:00:00.0,0.656222487,0,0.656222487,6311,1.121127699,1,0,0.585323588
0,-0.234220421,1,0.613228926,4,2019-09-20T23:00:00.0,0.613228926,0,0.613228926,6312,1.234220421,1,0,0.496855275
0,-0.121127698,1,0.656222487,4,2019-09-21T00:00:00.0,0.656222487,0,0.656222487,6313,1.121127698,1,0,0.585323588
0,-0.121127698,1,0.656222487,4,2019-09-21T01:00:00.0,0.656222487,0,0.656222487,6314,1.121127698,1,0,0.585323588
0,-0.042278842,1,0.398486268,2,2019-09-21T02:00:00.0,0.398486268,0,0.398486268,6315,1.042278842,1,0,0.382322131
0,-0.121127698,1,0.656222487,4,2019-09-21T03:00:00.0,0.656222487,0,0.656222487,6316,1.121127698,1,0,0.585323588
0,-0.042430781,1,0.398544357,2,2019-09-21T04:00:00.0,0.398544357,0,0.398544357,6317,1.042430781,1,0,0.382322131
0,-0.042430781,1,0.398544357,2,2019-09-21T05:00:00.0,0.398544357,0,0.398544357,6318,1.042430781,1,0,0.382322131
0,-0.121127698,1,0.656222487,4,2019-09-21T06:00:00.0,0.656222487,0,0.656222487,6319,1.121127698,1,0,0.585323588
0,-0.121127698,1,0.656222487,4,2019-09-21T07:00:00.0,0.656222487,0,0.656222487,6320,1.121127698,1,0,0.585323588
0,-0.042278842,1,0.398486268,2,2019-09-21T08:00:00.0,0.398486268,0,0.398486268,6321,1.042278842,1,0,0.382322131
0,-0.042278842,1,0.398486268,2,2019-09-21T09:00:00.0,0.398486268,0,0.398486268,6322,1.042278842,1,0,0.382322131
0,-0.239783832,1,0.615768544,3,2019-09-21T10:00:00.0,0.615768544,0,0.615768544,6323,1.239783832,1,0,0.496674121
0,-0.042278842,1,0.398486268,2,2019-09-21T11:00:00.0,0.398486268,0,0.398486268,6324,1.042278842,1,0,0.382322131
0,-0.239783832,1,0.615768544,4,2019-09-21T12:00:00.0,0.615768544,0,0.615768544,6325,1.239783832,1,0,0.496674121
0,-0.239783832,1,0.615768544,3,2019-09-21T13:00:00.0,0.615768544,0,0.615768544,6326,1.239783832,1,0,0.496674121
0,-0.239783832,1,0.615768544,3,2019-09-21T14:00:00.0,0.615768544,0,0.615768544,6327,1.239783832,1,0,0.496674121
0,-0.239783832,1,0.615768544,3,2019-09-21T15:00:00.0,0.615768544,0,0.615768544,6328,1.239783832,1,0,0.496674121
0,-0.121127698,1,0.656222487,4,2019-09-21T16:00:00.0,0.656222487,0,0.656222487,6329,1.121127698,1,0,0.585323588
0,-0.121127698,1,0.656222487,4,2019-09-21T17:00:00.0,0.656222487,0,0.656222487,6330,1.121127698,1,0,0.585323588
0,-0.121127698,1,0.656222487,4,2019-09-21T18:00:00.0,0.656222487,0,0.656222487,6331,1.121127698,1,0,0.585323588
0,-0.121127698,1,0.656222487,4,2019-09-21T19:00:00.0,0.656222487,0,0.656222487,6332,1.121127698,1,0,0.585323588
0,-0.121127698,1,0.656222487,4,2019-09-21T20:00:00.0,0.656222487,0,0.656222487,6333,1.121127698,1,0,0.585323588
0,-0.121127698,1,0.656222487,4,2019-09-21T21:00:00.0,0.656222487,0,0.656222487,6334,1.121127698,1,0,0.585323588
0,-0.239616846,1,0.616383893,3,2019-09-21T22:00:00.0,0.616383893,0,0.616383893,6335,1.239616846,1,0,0.497237429
0,-0.239616846,1,0.616383893,3,2019-09-21T23:00:00.0,0.616383893,0,0.616383893,6336,1.239616846,1,0,0.497237429
0,-0.042430781,1,0.398544357,2,2019-09-22T00:00:00.0,0.398544357,0,0.398544357,6337,1.042430781,1,0,0.382322131
0,-0.239616846,1,0.616383893,3,2019-09-22T01:00:00.0,0.616383893,0,0.616383893,6338,1.239616846,1,0,0.497237429
0,-0.121127698,1,0.656222487,4,2019-09-22T02:00:00.0,0.656222487,0,0.656222487,6339,1.121127698,1,0,0.585323588
0,-0.042278842,1,0.682465425,2,2019-09-22T03:00:00.0,0.682465425,0,0.682465425,6340,1.042278842,1,0,0.654782
0,-0.239616846,1,0.616383893,3,2019-09-22T04:00:00.0,0.616383893,0,0.616383893,6341,1.239616846,1,0,0.497237429
0,-0.239616846,1,0.616383893,3,2019-09-22T05:00:00.0,0.616383893,0,0.616383893,6342,1.239616846,1,0,0.497237429
0,-0.239616846,1,0.616383893,3,2019-09-22T06:00:00.0,0.616383893,0,0.616383893,6343,1.239616846,1,0,0.497237429
0,-0.239616846,1,0.616383893,3,2019-09-22T07:00:00.0,0.616383893,0,0.616383893,6344,1.239616846,1,0,0.497237429
0,-0.042278842,1,0.398486268,2,2019-09-22T08:00:00.0,0.398486268,0,0.398486268,6345,1.042278842,1,0,0.382322131
0,-0.121127698,1,0.656222487,4,2019-09-22T09:00:00.0,0.656222487,0,0.656222487,6346,1.121127698,1,0,0.585323588
0,-0.239616846,1,0.616383893,3,2019-09-22T10:00:00.0,0.616383893,0,0.616383893,6347,1.239616846,1,0,0.497237429
0,-0.239616846,1,0.616383893,3,2019-09-22T11:00:00.0,0.616383893,0,0.616383893,6348,1.239616846,1,0,0.497237429
0,-0.239616846,1,0.616383893,3,2019-09-22T12:00:00.0,0.616383893,0,0.616383893,6349,1.239616846,1,0,0.497237429
0,-0.239616846,1,0.616383893,3,2019-09-22T13:00:00.0,0.616383893,0,0.616383893,6350,1.239616846,1,0,0.497237429
0,-0.239616846,1,0.616383893,3,2019-09-22T14:00:00.0,0.616383893,0,0.616383893,6351,1.239616846,1,0,0.497237429
0,-0.239616846,1,0.616383893,3,2019-09-22T15:00:00.0,0.616383893,0,0.616383893,6352,1.239616846,1,0,0.497237429
0,-0.121127698,1,0.656222487,4,2019-09-22T16:00:00.0,0.656222487,0,0.656222487,6353,1.121127698,1,0,0.585323588
0,-0.121127698,1,0.656222487,4,2019-09-22T17:00:00.0,0.656222487,0,0.656222487,6354,1.121127698,1,0,0.585323588
0,-0.121127698,1,0.656222487,4,2019-09-22T18:00:00.0,0.656222487,0,0.656222487,6355,1.121127698,1,0,0.585323588
0,-0.121127698,1,0.656222487,4,2019-09-22T19:00:00.0,0.656222487,0,0.656222487,6356,1.121127698,1,0,0.585323588
0,-0.121127698,1,0.656222487,4,2019-09-22T20:00:00.0,0.656222487,0,0.656222487,6357,1.121127698,1,0,0.585323588
0,-0.121127698,1,0.656222487,4,2019-09-22T21:00:00.0,0.656222487,0,0.656222487,6358,1.121127698,1,0,0.585323588
0,-0.239616846,1,0.616383893,3,2019-09-22T22:00:00.0,0.616383893,0,0.616383893,6359,1.239616846,1,0,0.497237429
0,-0.239616846,1,0.616383893,3,2019-09-22T23:00:00.0,0.616383893,0,0.616383893,6360,1.239616846,1,0,0.497237429
0,-0.239616846,1,0.616383893,3,2019-09-23T00:00:00.0,0.616383893,0,0.616383893,6361,1.239616846,1,0,0.497237429
0,-0.239616846,1,0.616383893,3,2019-09-23T01:00:00.0,0.616383893,0,0.616383893,6362,1.239616846,1,0,0.497237429
0,-0.239616846,1,0.616383893,3,2019-09-23T02:00:00.0,0.616383893,0,0.616383893,6363,1.239616846,1,0,0.497237429
0,-0.239616846,1,0.616383893,3,2019-09-23T03:00:00.0,0.616383893,0,0.616383893,6364,1.239616846,1,0,0.497237429
0,-0.239616846,1,0.616383893,3,2019-09-23T04:00:00.0,0.616383893,0,0.616383893,6365,1.239616846,1,0,0.497237429
0,-0.239616846,1,0.616383893,3,2019-09-23T05:00:00.0,0.616383893,0,0.616383893,6366,1.239616846,1,0,0.497237429
0,-0.042278842,1,0.682465425,2,2019-09-23T06:00:00.0,0.682465425,0,0.682465425,6367,1.042278842,1,0,0.654782
0,-0.235947871,1,0.556632073,3,2019-09-23T07:00:00.0,0.556632073,0,0.556632073,6368,1.235947872,1,0,0.450368568
0,-0.227835526,1,0.553354285,3,2019-09-23T08:00:00.0,0.553354285,0,0.553354285,6369,1.227835526,1,0,0.4506746
0,-0.227835526,1,0.553354285,3,2019-09-23T09:00:00.0,0.553354285,0,0.553354285,6370,1.227835526,1,0,0.4506746
0,-0.227835526,1,0.553354285,3,2019-09-23T10:00:00.0,0.553354285,0,0.553354285,6371,1.227835526,1,0,0.4506746
0,-0.227835526,1,0.553354285,3,2019-09-23T11:00:00.0,0.553354285,0,0.553354285,6372,1.227835526,1,0,0.4506746
0,0,1,0.426276334,1,2019-09-23T12:00:00.0,0.426276334,0,0.426276334,6373,1,1,0,0.426276334
0,0,1,0.426276334,1,2019-09-23T13:00:00.0,0.426276334,0,0.426276334,6374,1,1,0,0.426276334
0,-0.231606758,1,0.555041672,3,2019-09-23T14:00:00.0,0.555041672,0,0.555041672,6375,1.231606758,1,0,0.450664686
0,-0.227835526,1,0.553354285,3,2019-09-23T15:00:00.0,0.553354285,0,0.553354285,6376,1.227835526,1,0,0.4506746
0,-0.227835526,1,0.553354285,3,2019-09-23T16:00:00.0,0.553354285,0,0.553354285,6377,1.227835526,1,0,0.4506746
0,-0.227835526,1,0.553354285,3,2019-09-23T17:00:00.0,0.553354285,0,0.553354285,6378,1.227835526,1,0,0.4506746
0,-0.227835526,1,0.553354285,3,2019-09-23T18:00:00.0,0.553354285,0,0.553354285,6379,1.227835526,1,0,0.4506746
0,-0.231606758,1,0.555041672,3,2019-09-23T19:00:00.0,0.555041672,0,0.555041672,6380,1.231606758,1,0,0.450664686
0,-0.119355807,1,0.505024622,3,2019-09-23T20:00:00.0,0.505024622,0,0.505024622,6381,1.119355807,1,0,0.451174344
0,-0.227835526,1,0.553354285,3,2019-09-23T21:00:00.0,0.553354285,0,0.553354285,6382,1.227835526,1,0,0.4506746
0,-0.227835526,1,0.553354285,3,2019-09-23T22:00:00.0,0.553354285,0,0.553354285,6383,1.227835526,1,0,0.4506746
0,-0.239616846,1,0.616383893,3,2019-09-23T23:00:00.0,0.616383893,0,0.616383893,6384,1.239616846,1,0,0.497237429
0,-0.03455205,1,0.379137836,3,2019-09-24T00:00:00.0,0.379137836,0,0.379137836,6385,1.03455205,1,0,0.366475361
0,-0.03455205,1,0.379137836,3,2019-09-24T01:00:00.0,0.379137836,0,0.379137836,6386,1.03455205,1,0,0.366475361
0,-0.03455205,1,0.379137836,3,2019-09-24T02:00:00.0,0.379137836,0,0.379137836,6387,1.03455205,1,0,0.366475361
0,-0.03455205,1,0.379137836,3,2019-09-24T03:00:00.0,0.379137836,0,0.379137836,6388,1.03455205,1,0,0.366475361
0,-0.03455205,1,0.379137836,3,2019-09-24T04:00:00.0,0.379137836,0,0.379137836,6389,1.03455205,1,0,0.366475361
0,-0.03455205,1,0.379137836,3,2019-09-24T05:00:00.0,0.379137836,0,0.379137836,6390,1.03455205,1,0,0.366475361
0,-0.03455205,1,0.379137836,3,2019-09-24T06:00:00.0,0.379137836,0,0.379137836,6391,1.03455205,1,0,0.366475361
0.745841391,0,1,0.114482729,3,2019-09-24T07:00:00.0,0.114482729,0,0.114482729,6392,0.254158609,1,0,0.450438133
0,-0.235947871,1,0.549655603,3,2019-09-24T08:00:00.0,0.549655603,0,0.549655603,6393,1.235947872,1,0,0.444723937
0,-0.235947871,1,0.549655603,3,2019-09-24T09:00:00.0,0.549655603,0,0.549655603,6394,1.235947871,1,0,0.444723937
0,-0.235947871,1,0.549655603,3,2019-09-24T10:00:00.0,0.549655603,0,0.549655603,6395,1.235947871,1,0,0.444723937
0,-0.235947871,1,0.549655603,3,2019-09-24T11:00:00.0,0.549655603,0,0.549655603,6396,1.235947871,1,0,0.444723937
0,-0.235947871,1,0.549655603,3,2019-09-24T12:00:00.0,0.549655603,0,0.549655603,6397,1.235947872,1,0,0.444723937
0,-0.235947871,1,0.549655603,3,2019-09-24T13:00:00.0,0.549655603,0,0.549655603,6398,1.235947871,1,0,0.444723937
0,-0.235947871,1,0.549655603,3,2019-09-24T14:00:00.0,0.549655603,0,0.549655603,6399,1.235947872,1,0,0.444723937
0,-0.235947871,1,0.549655603,3,2019-09-24T15:00:00.0,0.549655603,0,0.549655603,6400,1.235947871,1,0,0.444723937
0,-0.235947871,1,0.549655603,3,2019-09-24T16:00:00.0,0.549655603,0,0.549655603,6401,1.235947871,1,0,0.444723937
0,-0.235947871,1,0.549655603,3,2019-09-24T17:00:00.0,0.549655603,0,0.549655603,6402,1.235947871,1,0,0.444723937
0,-0.235947871,1,0.549655603,3,2019-09-24T18:00:00.0,0.549655603,0,0.549655603,6403,1.235947871,1,0,0.444723937
0,-0.042278842,1,0.682465425,2,2019-09-24T19:00:00.0,0.682465425,0,0.682465425,6404,1.042278842,1,0,0.654782
0,-0.042278842,1,0.682465425,2,2019-09-24T20:00:00.0,0.682465425,0,0.682465425,6405,1.042278842,1,0,0.654782
0,-0.235947871,1,0.549655603,3,2019-09-24T21:00:00.0,0.549655603,0,0.549655603,6406,1.235947872,1,0,0.444723937
0,-0.235947871,1,0.549655603,3,2019-09-24T22:00:00.0,0.549655603,0,0.549655603,6407,1.235947871,1,0,0.444723937
0,-0.235947871,1,0.549655603,3,2019-09-24T23:00:00.0,0.549655603,0,0.549655603,6408,1.235947871,1,0,0.444723937
0,-0.142817344,1,0.559791011,4,2019-09-25T00:00:00.0,0.559791011,0,0.559791011,6409,1.142817344,1,0,0.489834193
0,-0.039677957,1,0.393185193,2,2019-09-25T01:00:00.0,0.393185193,0,0.393185193,6410,1.039677957,1,0,0.378179791
0,-0.039677957,1,0.393185193,2,2019-09-25T02:00:00.0,0.393185193,0,0.393185193,6411,1.039677957,1,0,0.378179791
0,-0.039677957,1,0.393185193,2,2019-09-25T03:00:00.0,0.393185193,0,0.393185193,6412,1.039677957,1,0,0.378179791
0,-0.142817344,1,0.559791011,4,2019-09-25T04:00:00.0,0.559791011,0,0.559791011,6413,1.142817344,1,0,0.489834193
0,-0.039677957,1,0.393185193,2,2019-09-25T05:00:00.0,0.393185193,0,0.393185193,6414,1.039677957,1,0,0.378179791
0,-0.142817344,1,0.559791011,4,2019-09-25T06:00:00.0,0.559791011,0,0.559791011,6415,1.142817344,1,0,0.489834193
0,-0.039677957,1,0.393185193,2,2019-09-25T07:00:00.0,0.393185193,0,0.393185193,6416,1.039677957,1,0,0.378179791
0,-0.039677957,1,0.393185193,2,2019-09-25T08:00:00.0,0.393185193,0,0.393185193,6417,1.039677957,1,0,0.378179791
0,-0.039677957,1,0.393185193,2,2019-09-25T09:00:00.0,0.393185193,0,0.393185193,6418,1.039677957,1,0,0.378179791
0,-0.03465931,1,0.370818288,3,2019-09-25T10:00:00.0,0.370818288,0,0.370818288,6419,1.034659309,1,0,0.358396512
0,-0.035016975,1,0.371006925,3,2019-09-25T11:00:00.0,0.371006925,0,0.371006925,6420,1.035016975,1,0,0.358454918
0,-0.03455205,1,0.403796997,3,2019-09-25T12:00:00.0,0.403796997,0,0.403796997,6421,1.03455205,1,0,0.390310954
0,-0.03455205,1,0.403796997,3,2019-09-25T13:00:00.0,0.403796997,0,0.403796997,6422,1.03455205,1,0,0.390310954
0,-0.239616846,1,0.616383893,3,2019-09-25T14:00:00.0,0.616383893,0,0.616383893,6423,1.239616846,1,0,0.497237429
0,-0.239616846,1,0.616383893,3,2019-09-25T15:00:00.0,0.616383893,0,0.616383893,6424,1.239616846,1,0,0.497237429
0,-0.239616846,1,0.616383893,3,2019-09-25T16:00:00.0,0.616383893,0,0.616383893,6425,1.239616846,1,0,0.497237429
0,-0.239616846,1,0.616383893,3,2019-09-25T17:00:00.0,0.616383893,0,0.616383893,6426,1.239616846,1,0,0.497237429
0,-0.121127698,1,0.656222487,4,2019-09-25T18:00:00.0,0.656222487,0,0.656222487,6427,1.121127699,1,0,0.585323588
0,-0.239616846,1,0.616383893,3,2019-09-25T19:00:00.0,0.616383893,0,0.616383893,6428,1.239616846,1,0,0.497237429
0,-0.239616846,1,0.616383893,3,2019-09-25T20:00:00.0,0.616383893,0,0.616383893,6429,1.239616846,1,0,0.497237429
0,-0.239616846,1,0.616383893,3,2019-09-25T21:00:00.0,0.616383893,0,0.616383893,6430,1.239616846,1,0,0.497237429
0,-0.239616846,1,0.616383893,3,2019-09-25T22:00:00.0,0.616383893,0,0.616383893,6431,1.239616846,1,0,0.497237429
0,-0.239616846,1,0.616383893,3,2019-09-25T23:00:00.0,0.616383893,0,0.616383893,6432,1.239616846,1,0,0.497237429
0,-0.142817344,1,0.559791011,4,2019-09-26T00:00:00.0,0.559791011,0,0.559791011,6433,1.142817344,1,0,0.489834193
0,-0.039677957,1,0.393185193,2,2019-09-26T01:00:00.0,0.393185193,0,0.393185193,6434,1.039677957,1,0,0.378179791
0,-0.034659309,1,0.370818288,3,2019-09-26T02:00:00.0,0.370818288,0,0.370818288,6435,1.03465931,1,0,0.358396512
0,-0.234220421,1,0.613228926,4,2019-09-26T03:00:00.0,0.613228926,0,0.613228926,6436,1.234220421,1,0,0.496855275
0,-0.039677957,1,0.393185193,2,2019-09-26T04:00:00.0,0.393185193,0,0.393185193,6437,1.039677957,1,0,0.378179791
0,-0.234220421,1,0.613228926,4,2019-09-26T05:00:00.0,0.613228926,0,0.613228926,6438,1.234220421,1,0,0.496855275
0,-0.142817344,1,0.559791011,4,2019-09-26T06:00:00.0,0.559791011,0,0.559791011,6439,1.142817344,1,0,0.489834193
0,-0.142817344,1,0.559791011,4,2019-09-26T07:00:00.0,0.559791011,0,0.559791011,6440,1.142817344,1,0,0.489834193
0,-0.239616846,1,0.616383893,3,2019-09-26T08:00:00.0,0.616383893,0,0.616383893,6441,1.239616846,1,0,0.497237429
0,-0.239616846,1,0.616383893,3,2019-09-26T09:00:00.0,0.616383893,0,0.616383893,6442,1.239616846,1,0,0.497237429
0,-0.042278842,1,0.398486268,2,2019-09-26T10:00:00.0,0.398486268,0,0.398486268,6443,1.042278842,1,0,0.382322131
0,-0.042278842,1,0.398486268,2,2019-09-26T11:00:00.0,0.398486268,0,0.398486268,6444,1.042278842,1,0,0.382322131
0,-0.039677957,1,0.397491892,2,2019-09-26T12:00:00.0,0.397491892,0,0.397491892,6445,1.039677957,1,0,0.382322131
0,-0.034659309,1,0.371383975,3,2019-09-26T13:00:00.0,0.371383975,0,0.371383975,6446,1.03465931,1,0,0.35894325
0,-0.039717805,1,0.397507126,2,2019-09-26T14:00:00.0,0.397507126,0,0.397507126,6447,1.039717805,1,0,0.382322131
0,-0.239616846,1,0.616383893,3,2019-09-26T15:00:00.0,0.616383893,0,0.616383893,6448,1.239616846,1,0,0.497237429
0,-0.239616846,1,0.616383893,3,2019-09-26T16:00:00.0,0.616383893,0,0.616383893,6449,1.239616846,1,0,0.497237429
0,-0.239616846,1,0.616383893,3,2019-09-26T17:00:00.0,0.616383893,0,0.616383893,6450,1.239616846,1,0,0.497237429
0,-0.239616846,1,0.616383893,3,2019-09-26T18:00:00.0,0.616383893,0,0.616383893,6451,1.239616846,1,0,0.497237429
0,-0.239616846,1,0.616383893,3,2019-09-26T19:00:00.0,0.616383893,0,0.616383893,6452,1.239616846,1,0,0.497237429
0,-0.239616846,1,0.616383893,3,2019-09-26T20:00:00.0,0.616383893,0,0.616383893,6453,1.239616846,1,0,0.497237429
0,-0.239616846,1,0.616383893,3,2019-09-26T21:00:00.0,0.616383893,0,0.616383893,6454,1.239616846,1,0,0.497237429
0,-0.042278842,1,0.682465425,2,2019-09-26T22:00:00.0,0.682465425,0,0.682465425,6455,1.042278842,1,0,0.654782
0,-0.239616846,1,0.616383893,3,2019-09-26T23:00:00.0,0.616383893,0,0.616383893,6456,1.239616846,1,0,0.497237429
0,-0.121127698,1,0.656222487,4,2019-09-27T00:00:00.0,0.656222487,0,0.656222487,6457,1.121127698,1,0,0.585323588
0,-0.142817344,1,0.559791011,4,2019-09-27T01:00:00.0,0.559791011,0,0.559791011,6458,1.142817344,1,0,0.489834193
0,-0.142817344,1,0.559791011,4,2019-09-27T02:00:00.0,0.559791011,0,0.559791011,6459,1.142817344,1,0,0.489834193
0,-0.142817344,1,0.559791011,4,2019-09-27T03:00:00.0,0.559791011,0,0.559791011,6460,1.142817344,1,0,0.489834193
0,-0.142817344,1,0.559791011,4,2019-09-27T04:00:00.0,0.559791011,0,0.559791011,6461,1.142817344,1,0,0.489834193
0,-0.142817344,1,0.559791011,4,2019-09-27T05:00:00.0,0.559791011,0,0.559791011,6462,1.142817344,1,0,0.489834193
0,-0.142817344,1,0.559791011,4,2019-09-27T06:00:00.0,0.559791011,0,0.559791011,6463,1.142817344,1,0,0.489834193
0,-0.142817344,1,0.559791011,4,2019-09-27T07:00:00.0,0.559791011,0,0.559791011,6464,1.142817344,1,0,0.489834193
0,-0.142817344,1,0.559791011,4,2019-09-27T08:00:00.0,0.559791011,0,0.559791011,6465,1.142817344,1,0,0.489834193
0,-0.03455205,1,0.403796997,3,2019-09-27T09:00:00.0,0.403796997,0,0.403796997,6466,1.03455205,1,0,0.390310954
0,-0.234220421,1,0.613228926,4,2019-09-27T10:00:00.0,0.613228926,0,0.613228926,6467,1.234220421,1,0,0.496855275
0,-0.234220421,1,0.613228926,4,2019-09-27T11:00:00.0,0.613228926,0,0.613228926,6468,1.234220421,1,0,0.496855275
0,-0.042278842,1,0.682465425,2,2019-09-27T12:00:00.0,0.682465425,0,0.682465425,6469,1.042278842,1,0,0.654782
0,-0.234220421,1,0.613228926,4,2019-09-27T13:00:00.0,0.613228926,0,0.613228926,6470,1.234220421,1,0,0.496855275
0,-0.234220421,1,0.613228926,4,2019-09-27T14:00:00.0,0.613228926,0,0.613228926,6471,1.234220421,1,0,0.496855275
0,-0.234220421,1,0.613228926,4,2019-09-27T15:00:00.0,0.613228926,0,0.613228926,6472,1.234220421,1,0,0.496855275
0,-0.239616846,1,0.616383893,3,2019-09-27T16:00:00.0,0.616383893,0,0.616383893,6473,1.239616846,1,0,0.497237429
0,-0.239616846,1,0.616383893,3,2019-09-27T17:00:00.0,0.616383893,0,0.616383893,6474,1.239616846,1,0,0.497237429
0,-0.239616846,1,0.616383893,3,2019-09-27T18:00:00.0,0.616383893,0,0.616383893,6475,1.239616846,1,0,0.497237429
0,-0.142817344,1,0.559791011,4,2019-09-27T19:00:00.0,0.559791011,0,0.559791011,6476,1.142817344,1,0,0.489834193
0,-0.142817344,1,0.559791011,4,2019-09-27T20:00:00.0,0.559791011,0,0.559791011,6477,1.142817344,1,0,0.489834193
0,-0.239616846,1,0.616383893,3,2019-09-27T21:00:00.0,0.616383893,0,0.616383893,6478,1.239616846,1,0,0.497237429
0,-0.239616846,1,0.616383893,3,2019-09-27T22:00:00.0,0.616383893,0,0.616383893,6479,1.239616846,1,0,0.497237429
0,-0.234220421,1,0.613228926,4,2019-09-27T23:00:00.0,0.613228926,0,0.613228926,6480,1.234220421,1,0,0.496855275
0,-0.234220421,1,0.613228926,4,2019-09-28T00:00:00.0,0.613228926,0,0.613228926,6481,1.234220421,1,0,0.496855275
0,-0.234220421,1,0.613228926,4,2019-09-28T01:00:00.0,0.613228926,0,0.613228926,6482,1.234220421,1,0,0.496855275
0,-0.234220421,1,0.613146351,5,2019-09-28T02:00:00.0,0.613146351,0,0.613146351,6483,1.234220421,1,0,0.49678837
0,-0.234220421,1,0.613228926,4,2019-09-28T03:00:00.0,0.613228926,0,0.613228926,6484,1.234220421,1,0,0.496855275
0,-0.234220421,1,0.613228926,4,2019-09-28T04:00:00.0,0.613228926,0,0.613228926,6485,1.234220421,1,0,0.496855275
0,-0.234220421,1,0.613228926,4,2019-09-28T05:00:00.0,0.613228926,0,0.613228926,6486,1.234220421,1,0,0.496855275
0,-0.234220421,1,0.613228926,4,2019-09-28T06:00:00.0,0.613228926,0,0.613228926,6487,1.234220421,1,0,0.496855275
0,-0.234220421,1,0.613228926,4,2019-09-28T07:00:00.0,0.613228926,0,0.613228926,6488,1.234220421,1,0,0.496855275
0,-0.234220421,1,0.613228926,4,2019-09-28T08:00:00.0,0.613228926,0,0.613228926,6489,1.234220421,1,0,0.496855275
0,-0.234220421,1,0.613228926,4,2019-09-28T09:00:00.0,0.613228926,0,0.613228926,6490,1.234220421,1,0,0.496855275
0,-0.234220421,1,0.613228926,4,2019-09-28T10:00:00.0,0.613228926,0,0.613228926,6491,1.234220421,1,0,0.496855275
0,-0.234220421,1,0.613228926,4,2019-09-28T11:00:00.0,0.613228926,0,0.613228926,6492,1.234220421,1,0,0.496855275
0,-0.234220421,1,0.613228926,4,2019-09-28T12:00:00.0,0.613228926,0,0.613228926,6493,1.234220421,1,0,0.496855275
0,-0.234220421,1,0.613228926,4,2019-09-28T13:00:00.0,0.613228926,0,0.613228926,6494,1.234220421,1,0,0.496855275
0,-0.234220421,1,0.613228926,4,2019-09-28T14:00:00.0,0.613228926,0,0.613228926,6495,1.234220421,1,0,0.496855275
0,-0.234220421,1,0.613228926,4,2019-09-28T15:00:00.0,0.613228926,0,0.613228926,6496,1.234220421,1,0,0.496855275
0,-0.239616846,1,0.616383893,3,2019-09-28T16:00:00.0,0.616383893,0,0.616383893,6497,1.239616846,1,0,0.497237429
0,-0.239616846,1,0.616383893,3,2019-09-28T17:00:00.0,0.616383893,0,0.616383893,6498,1.239616846,1,0,0.497237429
0,-0.239475742,1,0.616430552,4,2019-09-28T18:00:00.0,0.616430552,0,0.616430552,6499,1.239475742,1,0,0.497331679
0,-0.239616846,1,0.616383893,3,2019-09-28T19:00:00.0,0.616383893,0,0.616383893,6500,1.239616846,1,0,0.497237429
0,-0.239616846,1,0.616383893,3,2019-09-28T20:00:00.0,0.616383893,0,0.616383893,6501,1.239616846,1,0,0.497237429
0,-0.239616846,1,0.616383893,3,2019-09-28T21:00:00.0,0.616383893,0,0.616383893,6502,1.239616846,1,0,0.497237429
0,-0.239616846,1,0.616383893,3,2019-09-28T22:00:00.0,0.616383893,0,0.616383893,6503,1.239616846,1,0,0.497237429
0,-0.239616846,1,0.616383893,3,2019-09-28T23:00:00.0,0.616383893,0,0.616383893,6504,1.239616846,1,0,0.497237429
0,-0.042278842,1,0.398486268,2,2019-09-29T00:00:00.0,0.398486268,0,0.398486268,6505,1.042278842,1,0,0.382322131
0,-0.042430781,1,0.398544357,2,2019-09-29T01:00:00.0,0.398544357,0,0.398544357,6506,1.042430781,1,0,0.382322131
0,-0.121127698,1,0.656222487,4,2019-09-29T02:00:00.0,0.656222487,0,0.656222487,6507,1.121127699,1,0,0.585323588
0,-0.042278842,1,0.398486268,2,2019-09-29T03:00:00.0,0.398486268,0,0.398486268,6508,1.042278842,1,0,0.382322131
0,-0.042430781,1,0.682564912,2,2019-09-29T04:00:00.0,0.682564912,0,0.682564912,6509,1.042430781,1,0,0.654782
0,-0.042278842,1,0.398486268,2,2019-09-29T05:00:00.0,0.398486268,0,0.398486268,6510,1.042278842,1,0,0.382322131
0,-0.239616846,1,0.616383893,3,2019-09-29T06:00:00.0,0.616383893,0,0.616383893,6511,1.239616846,1,0,0.497237429
0,-0.042278842,1,0.398486268,2,2019-09-29T07:00:00.0,0.398486268,0,0.398486268,6512,1.042278842,1,0,0.382322131
0,-0.042278842,1,0.398486268,2,2019-09-29T08:00:00.0,0.398486268,0,0.398486268,6513,1.042278842,1,0,0.382322131
0,-0.042278842,1,0.398486268,2,2019-09-29T09:00:00.0,0.398486268,0,0.398486268,6514,1.042278842,1,0,0.382322131
0,-0.03455205,1,0.379137836,3,2019-09-29T10:00:00.0,0.379137836,0,0.379137836,6515,1.03455205,1,0,0.366475361
0,-0.2361133,1,0.54981071,3,2019-09-29T11:00:00.0,0.54981071,0,0.54981071,6516,1.2361133,1,0,0.444789899
0,-0.2361133,1,0.54981071,3,2019-09-29T12:00:00.0,0.54981071,0,0.54981071,6517,1.2361133,1,0,0.444789899
0,-0.2361133,1,0.54981071,3,2019-09-29T13:00:00.0,0.54981071,0,0.54981071,6518,1.2361133,1,0,0.444789899
0,-0.235947871,1,0.549655603,3,2019-09-29T14:00:00.0,0.549655603,0,0.549655603,6519,1.235947871,1,0,0.444723937
0,-0.140592275,1,0.498032605,3,2019-09-29T15:00:00.0,0.498032605,0,0.498032605,6520,1.140592275,1,0,0.436643852
0,-0.140592275,1,0.498032605,3,2019-09-29T16:00:00.0,0.498032605,0,0.498032605,6521,1.140592275,1,0,0.436643852
0,-0.140592275,1,0.498032605,3,2019-09-29T17:00:00.0,0.498032605,0,0.498032605,6522,1.140592275,1,0,0.436643852
0,-0.140592275,1,0.498032605,3,2019-09-29T18:00:00.0,0.498032605,0,0.498032605,6523,1.140592275,1,0,0.436643852
0,-0.140592275,1,0.498032605,3,2019-09-29T19:00:00.0,0.498032605,0,0.498032605,6524,1.140592275,1,0,0.436643852
0,-0.140592275,1,0.498032605,3,2019-09-29T20:00:00.0,0.498032605,0,0.498032605,6525,1.140592275,1,0,0.436643852
0,-0.140592275,1,0.498032605,3,2019-09-29T21:00:00.0,0.498032605,0,0.498032605,6526,1.140592275,1,0,0.436643852
0,-0.140592275,1,0.498032605,3,2019-09-29T22:00:00.0,0.498032605,0,0.498032605,6527,1.140592275,1,0,0.436643852
0,-0.042430781,1,0.398544357,2,2019-09-29T23:00:00.0,0.398544357,0,0.398544357,6528,1.042430781,1,0,0.382322131
0,-0.239616846,1,0.616383893,3,2019-09-30T00:00:00.0,0.616383893,0,0.616383893,6529,1.239616846,1,0,0.497237429
0,-0.239616846,1,0.616383893,3,2019-09-30T01:00:00.0,0.616383893,0,0.616383893,6530,1.239616846,1,0,0.497237429
0,-0.239616846,1,0.616383893,3,2019-09-30T02:00:00.0,0.616383893,0,0.616383893,6531,1.239616846,1,0,0.497237429
0,-0.239616846,1,0.616383893,3,2019-09-30T03:00:00.0,0.616383893,0,0.616383893,6532,1.239616846,1,0,0.497237429
0,-0.239616846,1,0.616383893,3,2019-09-30T04:00:00.0,0.616383893,0,0.616383893,6533,1.239616846,1,0,0.497237429
0,-0.239616846,1,0.616383893,3,2019-09-30T05:00:00.0,0.616383893,0,0.616383893,6534,1.239616846,1,0,0.497237429
0,-0.121127698,1,0.656222487,4,2019-09-30T06:00:00.0,0.656222487,0,0.656222487,6535,1.121127698,1,0,0.585323588
0,-0.121127698,1,0.656222487,4,2019-09-30T07:00:00.0,0.656222487,0,0.656222487,6536,1.121127698,1,0,0.585323588
0,0,1,0.426276334,1,2019-09-30T08:00:00.0,0.426276334,0,0.426276334,6537,1,1,0,0.426276334
0,0,1,0.426276334,1,2019-09-30T09:00:00.0,0.426276334,0,0.426276334,6538,1,1,0,0.426276334
0,0,1,0.426276334,1,2019-09-30T10:00:00.0,0.426276334,0,0.426276334,6539,1,1,0,0.426276334
0,0,1,0.426276334,1,2019-09-30T11:00:00.0,0.426276334,0,0.426276334,6540,1,1,0,0.426276334
0,0,1,0.426276334,1,2019-09-30T12:00:00.0,0.426276334,0,0.426276334,6541,1,1,0,0.426276334
0,-0.015301298,1,0.388715587,3,2019-09-30T13:00:00.0,0.388715587,0,0.388715587,6542,1.015301298,1,0,0.382857372
0,-0.239616846,1,0.616383893,3,2019-09-30T14:00:00.0,0.616383893,0,0.616383893,6543,1.239616846,1,0,0.497237429
0,-0.121127698,1,0.656222487,4,2019-09-30T15:00:00.0,0.656222487,0,0.656222487,6544,1.121127698,1,0,0.585323588
0,-0.121127698,1,0.656222487,4,2019-09-30T16:00:00.0,0.656222487,0,0.656222487,6545,1.121127698,1,0,0.585323588
0,-0.140592275,1,0.51372226,3,2019-09-30T17:00:00.0,0.51372226,0,0.51372226,6546,1.140592275,1,0,0.450399561
0,-0.140592275,1,0.51372226,3,2019-09-30T18:00:00.0,0.51372226,0,0.51372226,6547,1.140592275,1,0,0.450399561
0,-0.121141274,1,0.656443092,4,2019-09-30T19:00:00.0,0.656443092,0,0.656443092,6548,1.121141274,1,0,0.585513268
0,-0.120770938,1,0.656342434,4,2019-09-30T20:00:00.0,0.656342434,0,0.656342434,6549,1.120770938,1,0,0.585616928
0,-0.235947871,1,0.556632073,3,2019-09-30T21:00:00.0,0.556632073,0,0.556632073,6550,1.235947871,1,0,0.450368568
0,-0.239616846,1,0.616383893,3,2019-09-30T22:00:00.0,0.616383893,0,0.616383893,6551,1.239616846,1,0,0.497237429
0,-0.039677957,1,0.354594634,2,2019-09-30T23:00:00.0,0.354594634,0,0.354594634,6552,1.039677957,1,0,0.341061991
0,-0.235947871,1,0.556632073,3,2019-10-01T00:00:00.0,0.556632073,0,0.556632073,6553,1.235947871,1,0,0.450368568
0,-0.239616846,1,0.616383893,3,2019-10-01T01:00:00.0,0.616383893,0,0.616383893,6554,1.239616846,1,0,0.497237429
0,-0.239616846,1,0.616383893,3,2019-10-01T02:00:00.0,0.616383893,0,0.616383893,6555,1.239616846,1,0,0.497237429
0,-0.239616846,1,0.616383893,3,2019-10-01T03:00:00.0,0.616383893,0,0.616383893,6556,1.239616846,1,0,0.497237429
0,-0.239616846,1,0.616383893,3,2019-10-01T04:00:00.0,0.616383893,0,0.616383893,6557,1.239616846,1,0,0.497237429
0,-0.239616846,1,0.616383893,3,2019-10-01T05:00:00.0,0.616383893,0,0.616383893,6558,1.239616846,1,0,0.497237429
0,-0.239616846,1,0.616383893,3,2019-10-01T06:00:00.0,0.616383893,0,0.616383893,6559,1.239616846,1,0,0.497237429
0,-0.042278842,1,0.682465425,2,2019-10-01T07:00:00.0,0.682465425,0,0.682465425,6560,1.042278842,1,0,0.654782
0,-0.239616846,1,0.616383893,3,2019-10-01T08:00:00.0,0.616383893,0,0.616383893,6561,1.239616846,1,0,0.497237429
0,-0.239616846,1,0.616383893,3,2019-10-01T09:00:00.0,0.616383893,0,0.616383893,6562,1.239616846,1,0,0.497237429
0,-0.239616846,1,0.616383893,3,2019-10-01T10:00:00.0,0.616383893,0,0.616383893,6563,1.239616846,1,0,0.497237429
0,-0.239616846,1,0.616383893,3,2019-10-01T11:00:00.0,0.616383893,0,0.616383893,6564,1.239616846,1,0,0.497237429
0,-0.239616846,1,0.616383893,3,2019-10-01T12:00:00.0,0.616383893,0,0.616383893,6565,1.239616846,1,0,0.497237429
0,-0.239616846,1,0.616383893,3,2019-10-01T13:00:00.0,0.616383893,0,0.616383893,6566,1.239616846,1,0,0.497237429
0,-0.235947871,1,0.551194118,3,2019-10-01T14:00:00.0,0.551194118,0,0.551194118,6567,1.235947871,1,0,0.445968742
0,-0.235947871,1,0.551194118,3,2019-10-01T15:00:00.0,0.551194118,0,0.551194118,6568,1.235947871,1,0,0.445968742
0,-0.235947871,1,0.551194118,3,2019-10-01T16:00:00.0,0.551194118,0,0.551194118,6569,1.235947871,1,0,0.445968742
0,-0.235947871,1,0.551194118,3,2019-10-01T17:00:00.0,0.551194118,0,0.551194118,6570,1.235947871,1,0,0.445968742
0,-0.239616846,1,0.552997799,3,2019-10-01T18:00:00.0,0.552997799,0,0.552997799,6571,1.239616846,1,0,0.446103811
0,-0.239616846,1,0.552997799,4,2019-10-01T19:00:00.0,0.552997799,0,0.552997799,6572,1.239616846,1,0,0.446103811
0,-0.239616846,1,0.552997799,3,2019-10-01T20:00:00.0,0.552997799,0,0.552997799,6573,1.239616846,1,0,0.446103811
0,-0.235947871,1,0.551194118,3,2019-10-01T21:00:00.0,0.551194118,0,0.551194118,6574,1.235947871,1,0,0.445968742
0,-0.235947871,1,0.551194118,3,2019-10-01T22:00:00.0,0.551194118,0,0.551194118,6575,1.235947871,1,0,0.445968742
0,-0.235947871,1,0.551194118,3,2019-10-01T23:00:00.0,0.551194118,0,0.551194118,6576,1.235947871,1,0,0.445968742
0,-0.235947871,1,0.556632073,3,2019-10-02T00:00:00.0,0.556632073,0,0.556632073,6577,1.235947871,1,0,0.450368568
0,-0.235947871,1,0.556632073,3,2019-10-02T01:00:00.0,0.556632073,0,0.556632073,6578,1.235947871,1,0,0.450368568
0,-0.235947871,1,0.556632073,3,2019-10-02T02:00:00.0,0.556632073,0,0.556632073,6579,1.235947871,1,0,0.450368568
0,-0.235947871,1,0.556632073,3,2019-10-02T03:00:00.0,0.556632073,0,0.556632073,6580,1.235947871,1,0,0.450368568
0,-0.235947871,1,0.556632073,3,2019-10-02T04:00:00.0,0.556632073,0,0.556632073,6581,1.235947871,1,0,0.450368568
0,-0.235947871,1,0.556632073,3,2019-10-02T05:00:00.0,0.556632073,0,0.556632073,6582,1.235947871,1,0,0.450368568
0,-0.235947871,1,0.556632073,3,2019-10-02T06:00:00.0,0.556632073,0,0.556632073,6583,1.235947871,1,0,0.450368568
0,-0.239783832,1,0.615768544,3,2019-10-02T07:00:00.0,0.615768544,0,0.615768544,6584,1.239783832,1,0,0.496674121
0,-0.239783832,1,0.615768544,3,2019-10-02T08:00:00.0,0.615768544,0,0.615768544,6585,1.239783832,1,0,0.496674121
0,-0.239783832,1,0.615768545,3,2019-10-02T09:00:00.0,0.615768545,0,0.615768545,6586,1.239783832,1,0,0.496674121
0,-0.239783832,1,0.615768544,3,2019-10-02T10:00:00.0,0.615768544,0,0.615768544,6587,1.239783832,1,0,0.496674121
0,-0.239783832,1,0.615768545,3,2019-10-02T11:00:00.0,0.615768545,0,0.615768545,6588,1.239783832,1,0,0.496674121
0,-0.239783832,1,0.615768545,3,2019-10-02T12:00:00.0,0.615768545,0,0.615768545,6589,1.239783832,1,0,0.496674121
0,-0.239783832,1,0.615768545,3,2019-10-02T13:00:00.0,0.615768545,0,0.615768545,6590,1.239783832,1,0,0.496674121
0,-0.042278842,1,0.682465426,2,2019-10-02T14:00:00.0,0.682465426,0,0.682465426,6591,1.042278843,1.000000001,0,0.654782
0,-0.239616846,1,0.616383893,3,2019-10-02T15:00:00.0,0.616383893,0,0.616383893,6592,1.239616846,1,0,0.497237429
0,-0.239616846,1,0.616383894,3,2019-10-02T16:00:00.0,0.616383894,0,0.616383894,6593,1.239616846,1,0,0.497237429
0,-0.121127698,1,0.656222487,4,2019-10-02T17:00:00.0,0.656222487,0,0.656222487,6594,1.121127699,1,0,0.585323588
0,-0.121127698,1,0.656222487,4,2019-10-02T18:00:00.0,0.656222487,0,0.656222487,6595,1.121127699,1,0,0.585323588
0,-0.239783832,1,0.615768545,4,2019-10-02T19:00:00.0,0.615768545,0,0.615768545,6596,1.239783832,1,0,0.496674121
0,-0.239783832,1,0.615768545,3,2019-10-02T20:00:00.0,0.615768545,0,0.615768545,6597,1.239783832,1,0,0.496674121
0,-0.239783832,1,0.615768545,3,2019-10-02T21:00:00.0,0.615768545,0,0.615768545,6598,1.239783832,1,0,0.496674121
0,-0.239616846,1,0.616383893,3,2019-10-02T22:00:00.0,0.616383893,0,0.616383893,6599,1.239616846,1,0,0.497237429
0,-0.239616846,1,0.616383893,3,2019-10-02T23:00:00.0,0.616383893,0,0.616383893,6600,1.239616846,1,0,0.497237429
0,-0.239616846,1,0.616383893,3,2019-10-03T00:00:00.0,0.616383893,0,0.616383893,6601,1.239616846,1,0,0.497237429
0,-0.239616846,1,0.616383893,3,2019-10-03T01:00:00.0,0.616383893,0,0.616383893,6602,1.239616846,1,0,0.497237429
0,-0.239616846,1,0.616383893,3,2019-10-03T02:00:00.0,0.616383893,0,0.616383893,6603,1.239616846,1,0,0.497237429
0,-0.042278842,1,0.398486268,2,2019-10-03T03:00:00.0,0.398486268,0,0.398486268,6604,1.042278842,1,0,0.382322131
0,-0.042278842,1,0.682465396,2,2019-10-03T04:00:00.0,0.682465396,0,0.682465396,6605,1.042278798,0.999999956,0,0.654782
0,-0.239616846,1,0.616383893,3,2019-10-03T05:00:00.0,0.616383893,0,0.616383893,6606,1.239616846,1,0,0.497237429
0,-0.239616846,1,0.616383893,3,2019-10-03T06:00:00.0,0.616383893,0,0.616383893,6607,1.239616846,1,0,0.497237429
0,-0.239616846,1,0.616383893,3,2019-10-03T07:00:00.0,0.616383893,0,0.616383893,6608,1.239616846,1,0,0.497237429
0,-0.239616846,1,0.616383893,3,2019-10-03T08:00:00.0,0.616383893,0,0.616383893,6609,1.239616846,1,0,0.497237429
0,-0.239616846,1,0.616383893,3,2019-10-03T09:00:00.0,0.616383893,0,0.616383893,6610,1.239616846,1,0,0.497237429
0,-0.121127698,1,0.656222487,4,2019-10-03T10:00:00.0,0.656222487,0,0.656222487,6611,1.121127698,1,0,0.585323588
0,-0.121127698,1,0.656222487,4,2019-10-03T11:00:00.0,0.656222487,0,0.656222487,6612,1.121127698,1,0,0.585323588
0,-0.121127698,1,0.656222487,4,2019-10-03T12:00:00.0,0.656222487,0,0.656222487,6613,1.121127698,1,0,0.585323588
0,-0.239616846,1,0.616383893,3,2019-10-03T13:00:00.0,0.616383893,0,0.616383893,6614,1.239616846,1,0,0.497237429
0,-0.239616846,1,0.616383893,3,2019-10-03T14:00:00.0,0.616383893,0,0.616383893,6615,1.239616846,1,0,0.497237429
0,-0.239616846,1,0.616383893,3,2019-10-03T15:00:00.0,0.616383893,0,0.616383893,6616,1.239616846,1,0,0.497237429
0,-0.239616846,1,0.616383893,3,2019-10-03T16:00:00.0,0.616383893,0,0.616383893,6617,1.239616846,1,0,0.497237429
0,-0.239616846,1,0.616383893,3,2019-10-03T17:00:00.0,0.616383893,0,0.616383893,6618,1.239616846,1,0,0.497237429
0,-0.239616846,1,0.616383893,3,2019-10-03T18:00:00.0,0.616383893,0,0.616383893,6619,1.239616846,1,0,0.497237429
0,-0.121127698,1,0.656222487,5,2019-10-03T19:00:00.0,0.656222487,0,0.656222487,6620,1.121127698,1,0,0.585323588
0,-0.121127698,1,0.656222487,4,2019-10-03T20:00:00.0,0.656222487,0,0.656222487,6621,1.121127698,1,0,0.585323588
0,-0.239616846,1,0.616383893,3,2019-10-03T21:00:00.0,0.616383893,0,0.616383893,6622,1.239616846,1,0,0.497237429
0,-0.239616846,1,0.616383893,3,2019-10-03T22:00:00.0,0.616383893,0,0.616383893,6623,1.239616846,1,0,0.497237429
0,-0.239616846,1,0.616383893,3,2019-10-03T23:00:00.0,0.616383893,0,0.616383893,6624,1.239616846,1,0,0.497237429
0,-0.039677957,1,0.338880129,2,2019-10-04T00:00:00.0,0.338880129,0,0.338880129,6625,1.039677957,1,0,0.325947209
0,-0.039677957,1,0.313944848,2,2019-10-04T01:00:00.0,0.313944848,0,0.313944848,6626,1.039677957,1,0,0.301963551
0,-0.039677957,1,0.312598129,2,2019-10-04T02:00:00.0,0.312598129,0,0.312598129,6627,1.039677957,1,0,0.300668228
0,-0.039677957,1,0.312598129,2,2019-10-04T03:00:00.0,0.312598129,0,0.312598129,6628,1.039677957,1,0,0.300668228
0,-0.039677957,1,0.312598129,2,2019-10-04T04:00:00.0,0.312598129,0,0.312598129,6629,1.039677957,1,0,0.300668228
0,-0.039677957,1,0.312598129,2,2019-10-04T05:00:00.0,0.312598129,0,0.312598129,6630,1.039677957,1,0,0.300668228
0,-0.039677957,1,0.313944848,2,2019-10-04T06:00:00.0,0.313944848,0,0.313944848,6631,1.039677957,1,0,0.301963551
0,-0.039677957,1,0.338880129,2,2019-10-04T07:00:00.0,0.338880129,0,0.338880129,6632,1.039677957,1,0,0.325947209
0,-0.039677957,1,0.338880129,2,2019-10-04T08:00:00.0,0.338880129,0,0.338880129,6633,1.039677957,1,0,0.325947209
0,-0.039717805,1,0.313956881,2,2019-10-04T09:00:00.0,0.313956881,0,0.313956881,6634,1.039717805,1,0,0.301963551
0,-0.042278842,1,0.31473022,2,2019-10-04T10:00:00.0,0.31473022,0,0.31473022,6635,1.042278842,1,0,0.301963551
0,-0.042278842,1,0.31473022,2,2019-10-04T11:00:00.0,0.31473022,0,0.31473022,6636,1.042278842,1,0,0.301963551
0,-0.042278842,1,0.31473022,2,2019-10-04T12:00:00.0,0.31473022,0,0.31473022,6637,1.042278842,1,0,0.301963551
0,-0.042278842,1,0.31473022,2,2019-10-04T13:00:00.0,0.31473022,0,0.31473022,6638,1.042278842,1,0,0.301963551
0,-0.042278842,1,0.31473022,2,2019-10-04T14:00:00.0,0.31473022,0,0.31473022,6639,1.042278842,1,0,0.301963551
0,-0.042278842,1,0.31473022,2,2019-10-04T15:00:00.0,0.31473022,0,0.31473022,6640,1.042278842,1,0,0.301963551
0,-0.039717805,1,0.338893117,2,2019-10-04T16:00:00.0,0.338893117,0,0.338893117,6641,1.039717805,1,0,0.325947209
0,-0.039717805,1,0.338893117,2,2019-10-04T17:00:00.0,0.338893117,0,0.338893117,6642,1.039717805,1,0,0.325947209
0,-0.234220421,1,0.613228926,4,2019-10-04T18:00:00.0,0.613228926,0,0.613228926,6643,1.234220421,1,0,0.496855275
0,-0.039717805,1,0.338893117,2,2019-10-04T19:00:00.0,0.338893117,0,0.338893117,6644,1.039717805,1,0,0.325947209
0,-0.039717805,1,0.338893117,2,2019-10-04T20:00:00.0,0.338893117,0,0.338893117,6645,1.039717805,1,0,0.325947209
0,-0.039717805,1,0.31395688,2,2019-10-04T21:00:00.0,0.31395688,0,0.31395688,6646,1.039717805,1,0,0.301963551
0,-0.039717805,1,0.338893117,2,2019-10-04T22:00:00.0,0.338893117,0,0.338893117,6647,1.039717805,1,0,0.325947209
0,-0.042278842,1,0.313380132,2,2019-10-04T23:00:00.0,0.313380132,0,0.313380132,6648,1.042278842,1,0,0.300668228
0,-0.039677957,1,0.312598129,2,2019-10-05T00:00:00.0,0.312598129,0,0.312598129,6649,1.039677957,1,0,0.300668228
0,-0.039677957,1,0.312598129,2,2019-10-05T01:00:00.0,0.312598129,0,0.312598129,6650,1.039677957,1,0,0.300668228
0,-0.039677957,1,0.312598129,2,2019-10-05T02:00:00.0,0.312598129,0,0.312598129,6651,1.039677957,1,0,0.300668228
0,-0.039677957,1,0.312598129,2,2019-10-05T03:00:00.0,0.312598129,0,0.312598129,6652,1.039677957,1,0,0.300668228
0,-0.039677957,1,0.312598129,2,2019-10-05T04:00:00.0,0.312598129,0,0.312598129,6653,1.039677957,1,0,0.300668228
0,-0.039677957,1,0.312598129,2,2019-10-05T05:00:00.0,0.312598129,0,0.312598129,6654,1.039677957,1,0,0.300668228
0,-0.039677957,1,0.312598129,2,2019-10-05T06:00:00.0,0.312598129,0,0.312598129,6655,1.039677957,1,0,0.300668228
0,-0.142817344,1,0.559791011,4,2019-10-05T07:00:00.0,0.559791011,0,0.559791011,6656,1.142817344,1,0,0.489834193
0,-0.039677957,1,0.312598129,2,2019-10-05T08:00:00.0,0.312598129,0,0.312598129,6657,1.039677957,1,0,0.300668228
0,-0.042278842,1,0.313380132,2,2019-10-05T09:00:00.0,0.313380132,0,0.313380132,6658,1.042278842,1,0,0.300668228
0,-0.042278842,1,0.313380132,2,2019-10-05T10:00:00.0,0.313380132,0,0.313380132,6659,1.042278842,1,0,0.300668228
0,-0.234220421,1,0.613228926,4,2019-10-05T11:00:00.0,0.613228926,0,0.613228926,6660,1.234220421,1,0,0.496855275
0,-0.234220421,1,0.613228926,4,2019-10-05T12:00:00.0,0.613228926,0,0.613228926,6661,1.234220421,1,0,0.496855275
0,-0.234220421,1,0.613228926,4,2019-10-05T13:00:00.0,0.613228926,0,0.613228926,6662,1.234220421,1,0,0.496855275
0,-0.239616846,1,0.616383893,3,2019-10-05T14:00:00.0,0.616383893,0,0.616383893,6663,1.239616846,1,0,0.497237429
0,-0.042278842,1,0.31473022,2,2019-10-05T15:00:00.0,0.31473022,0,0.31473022,6664,1.042278842,1,0,0.301963551
0,-0.234220421,1,0.613228926,4,2019-10-05T16:00:00.0,0.613228926,0,0.613228926,6665,1.234220421,1,0,0.496855275
0,-0.234220421,1,0.613228926,4,2019-10-05T17:00:00.0,0.613228926,0,0.613228926,6666,1.234220421,1,0,0.496855275
0,-0.142817344,1,0.559791011,4,2019-10-05T18:00:00.0,0.559791011,0,0.559791011,6667,1.142817344,1,0,0.489834193
0,-0.142817344,1,0.559791011,4,2019-10-05T19:00:00.0,0.559791011,0,0.559791011,6668,1.142817344,1,0,0.489834193
0,-0.142817344,1,0.559791011,4,2019-10-05T20:00:00.0,0.559791011,0,0.559791011,6669,1.142817344,1,0,0.489834193
0,-0.234220421,1,0.613228926,4,2019-10-05T21:00:00.0,0.613228926,0,0.613228926,6670,1.234220421,1,0,0.496855275
0,-0.234220421,1,0.613228926,4,2019-10-05T22:00:00.0,0.613228926,0,0.613228926,6671,1.234220421,1,0,0.496855275
0,-0.042278842,1,0.31473022,2,2019-10-05T23:00:00.0,0.31473022,0,0.31473022,6672,1.042278842,1,0,0.301963551
0,-0.234220421,1,0.613228926,4,2019-10-06T00:00:00.0,0.613228926,0,0.613228926,6673,1.234220421,1,0,0.496855275
0,-0.234220421,1,0.613228926,4,2019-10-06T01:00:00.0,0.613228926,0,0.613228926,6674,1.234220421,1,0,0.496855275
0,-0.234220421,1,0.613228926,4,2019-10-06T02:00:00.0,0.613228926,0,0.613228926,6675,1.234220421,1,0,0.496855275
0,-0.234220421,1,0.613228926,4,2019-10-06T03:00:00.0,0.613228926,0,0.613228926,6676,1.234220421,1,0,0.496855275
0,-0.234220421,1,0.613228926,4,2019-10-06T04:00:00.0,0.613228926,0,0.613228926,6677,1.234220421,1,0,0.496855275
0,-0.234220421,1,0.613228926,4,2019-10-06T05:00:00.0,0.613228926,0,0.613228926,6678,1.234220421,1,0,0.496855275
0,-0.234220421,1,0.613228926,4,2019-10-06T06:00:00.0,0.613228926,0,0.613228926,6679,1.234220421,1,0,0.496855275
0,-0.234220421,1,0.613228926,4,2019-10-06T07:00:00.0,0.613228926,0,0.613228926,6680,1.234220421,1,0,0.496855275
0,-0.234220421,1,0.613228926,4,2019-10-06T08:00:00.0,0.613228926,0,0.613228926,6681,1.234220421,1,0,0.496855275
0,-0.234220421,1,0.613228926,4,2019-10-06T09:00:00.0,0.613228926,0,0.613228926,6682,1.234220421,1,0,0.496855275
0,-0.234220421,1,0.613228926,4,2019-10-06T10:00:00.0,0.613228926,0,0.613228926,6683,1.234220421,1,0,0.496855275
0,-0.234220421,1,0.613228926,4,2019-10-06T11:00:00.0,0.613228926,0,0.613228926,6684,1.234220421,1,0,0.496855275
0,-0.234220421,1,0.613228926,4,2019-10-06T12:00:00.0,0.613228926,0,0.613228926,6685,1.234220421,1,0,0.496855275
0,-0.234220421,1,0.613228926,4,2019-10-06T13:00:00.0,0.613228926,0,0.613228926,6686,1.234220421,1,0,0.496855275
0,-0.234220421,1,0.613228926,4,2019-10-06T14:00:00.0,0.613228926,0,0.613228926,6687,1.234220421,1,0,0.496855275
0,-0.234220421,1,0.613228926,4,2019-10-06T15:00:00.0,0.613228926,0,0.613228926,6688,1.234220421,1,0,0.496855275
0,-0.234220421,1,0.613228926,4,2019-10-06T16:00:00.0,0.613228926,0,0.613228926,6689,1.234220421,1,0,0.496855275
0,-0.239616846,1,0.616383893,3,2019-10-06T17:00:00.0,0.616383893,0,0.616383893,6690,1.239616846,1,0,0.497237429
0,-0.234220421,1,0.613228926,4,2019-10-06T18:00:00.0,0.613228926,0,0.613228926,6691,1.234220421,1,0,0.496855275
0,-0.239616846,1,0.616383893,3,2019-10-06T19:00:00.0,0.616383893,0,0.616383893,6692,1.239616846,1,0,0.497237429
0,-0.239616846,1,0.616383893,3,2019-10-06T20:00:00.0,0.616383893,0,0.616383893,6693,1.239616846,1,0,0.497237429
0,-0.234220421,1,0.613228926,4,2019-10-06T21:00:00.0,0.613228926,0,0.613228926,6694,1.234220421,1,0,0.496855275
0,-0.234220421,1,0.613228926,4,2019-10-06T22:00:00.0,0.613228926,0,0.613228926,6695,1.234220421,1,0,0.496855275
0,-0.039677957,1,0.312598129,2,2019-10-06T23:00:00.0,0.312598129,0,0.312598129,6696,1.039677957,1,0,0.300668228
0,-0.121127698,1,0.656222487,4,2019-10-07T00:00:00.0,0.656222487,0,0.656222487,6697,1.121127698,1,0,0.585323588
0,-0.121127698,1,0.656222487,4,2019-10-07T01:00:00.0,0.656222487,0,0.656222487,6698,1.121127698,1,0,0.585323588
0,-0.042430781,1,0.394226255,2,2019-10-07T02:00:00.0,0.394226255,0,0.394226255,6699,1.042430781,1,0,0.378179791
0,-0.121127698,1,0.656222487,4,2019-10-07T03:00:00.0,0.656222487,0,0.656222487,6700,1.121127698,1,0,0.585323588
0,-0.121127698,1,0.656222487,4,2019-10-07T04:00:00.0,0.656222487,0,0.656222487,6701,1.121127698,1,0,0.585323588
0,-0.121127698,1,0.656222487,4,2019-10-07T05:00:00.0,0.656222487,0,0.656222487,6702,1.121127698,1,0,0.585323588
0,-0.042430781,1,0.394226255,2,2019-10-07T06:00:00.0,0.394226255,0,0.394226255,6703,1.042430781,1,0,0.378179791
0,-0.121127698,1,0.656222487,4,2019-10-07T07:00:00.0,0.656222487,0,0.656222487,6704,1.121127698,1,0,0.585323588
0,-0.121127698,1,0.656222487,4,2019-10-07T08:00:00.0,0.656222487,0,0.656222487,6705,1.121127698,1,0,0.585323588
0,-0.121127698,1,0.656222487,4,2019-10-07T09:00:00.0,0.656222487,0,0.656222487,6706,1.121127698,1,0,0.585323588
0,-0.121127698,1,0.656222487,4,2019-10-07T10:00:00.0,0.656222487,0,0.656222487,6707,1.121127698,1,0,0.585323588
0,-0.121127698,1,0.656222487,4,2019-10-07T11:00:00.0,0.656222487,0,0.656222487,6708,1.121127698,1,0,0.585323588
0,-0.121127698,1,0.656222487,4,2019-10-07T12:00:00.0,0.656222487,0,0.656222487,6709,1.121127698,1,0,0.585323588
0,-0.121127698,1,0.656222487,4,2019-10-07T13:00:00.0,0.656222487,0,0.656222487,6710,1.121127698,1,0,0.585323588
0,-0.042430781,1,0.682564912,2,2019-10-07T14:00:00.0,0.682564912,0,0.682564912,6711,1.042430781,1,0,0.654782
0,-0.121127698,1,0.656222487,4,2019-10-07T15:00:00.0,0.656222487,0,0.656222487,6712,1.121127698,1,0,0.585323588
0,-0.121127698,1,0.656222487,4,2019-10-07T16:00:00.0,0.656222487,0,0.656222487,6713,1.121127698,1,0,0.585323588
0,-0.121127698,1,0.656222487,4,2019-10-07T17:00:00.0,0.656222487,0,0.656222487,6714,1.121127698,1,0,0.585323588
0,-0.121127698,1,0.656222487,4,2019-10-07T18:00:00.0,0.656222487,0,0.656222487,6715,1.121127698,1,0,0.585323588
0,-0.121127698,1,0.656222487,4,2019-10-07T19:00:00.0,0.656222487,0,0.656222487,6716,1.121127698,1,0,0.585323588
0,-0.121127698,1,0.656222487,4,2019-10-07T20:00:00.0,0.656222487,0,0.656222487,6717,1.121127698,1,0,0.585323588
0,-0.121127698,1,0.656222487,4,2019-10-07T21:00:00.0,0.656222487,0,0.656222487,6718,1.121127698,1,0,0.585323588
0,-0.121127698,1,0.656222487,4,2019-10-07T22:00:00.0,0.656222487,0,0.656222487,6719,1.121127698,1,0,0.585323588
0,-0.042430781,1,0.394226255,2,2019-10-07T23:00:00.0,0.394226255,0,0.394226255,6720,1.042430781,1,0,0.378179791
0,-0.039677957,1,0.393185193,2,2019-10-08T00:00:00.0,0.393185193,0,0.393185193,6721,1.039677957,1,0,0.378179791
0,-0.142817344,1,0.559791011,4,2019-10-08T01:00:00.0,0.559791011,0,0.559791011,6722,1.142817344,1,0,0.489834193
0,-0.142817344,1,0.559791011,4,2019-10-08T02:00:00.0,0.559791011,0,0.559791011,6723,1.142817344,1,0,0.489834193
0,-0.039677957,1,0.393185193,2,2019-10-08T03:00:00.0,0.393185193,0,0.393185193,6724,1.039677957,1,0,0.378179791
0,-0.039677957,1,0.393185193,2,2019-10-08T04:00:00.0,0.393185193,0,0.393185193,6725,1.039677957,1,0,0.378179791
0,-0.039677957,1,0.393185193,2,2019-10-08T05:00:00.0,0.393185193,0,0.393185193,6726,1.039677957,1,0,0.378179791
0,-0.039677957,1,0.393185193,2,2019-10-08T06:00:00.0,0.393185193,0,0.393185193,6727,1.039677957,1,0,0.378179791
0,-0.121127698,1,0.656222487,4,2019-10-08T07:00:00.0,0.656222487,0,0.656222487,6728,1.121127698,1,0,0.585323588
0,-0.121127698,1,0.656222487,4,2019-10-08T08:00:00.0,0.656222487,0,0.656222487,6729,1.121127698,1,0,0.585323588
0,-0.239616846,1,0.616383893,3,2019-10-08T09:00:00.0,0.616383893,0,0.616383893,6730,1.239616846,1,0,0.497237429
0,-0.239616846,1,0.616383893,3,2019-10-08T10:00:00.0,0.616383893,0,0.616383893,6731,1.239616846,1,0,0.497237429
0,-0.239616846,1,0.616383893,3,2019-10-08T11:00:00.0,0.616383893,0,0.616383893,6732,1.239616846,1,0,0.497237429
0,-0.239616846,1,0.616383893,3,2019-10-08T12:00:00.0,0.616383893,0,0.616383893,6733,1.239616846,1,0,0.497237429
0,-0.239616846,1,0.616383893,3,2019-10-08T13:00:00.0,0.616383893,0,0.616383893,6734,1.239616846,1,0,0.497237429
0,-0.239616846,1,0.616383893,3,2019-10-08T14:00:00.0,0.616383893,0,0.616383893,6735,1.239616846,1,0,0.497237429
0,-0.239616846,1,0.616383893,3,2019-10-08T15:00:00.0,0.616383893,0,0.616383893,6736,1.239616846,1,0,0.497237429
0,-0.239616846,1,0.616383893,3,2019-10-08T16:00:00.0,0.616383893,0,0.616383893,6737,1.239616846,1,0,0.497237429
0,-0.121127698,1,0.656222487,4,2019-10-08T17:00:00.0,0.656222487,0,0.656222487,6738,1.121127699,1,0,0.585323588
0,-0.121127698,1,0.656222487,4,2019-10-08T18:00:00.0,0.656222487,0,0.656222487,6739,1.121127699,1,0,0.585323588
0,-0.121127698,1,0.656222487,4,2019-10-08T19:00:00.0,0.656222487,0,0.656222487,6740,1.121127699,1,0,0.585323588
0,-0.121127698,1,0.656222487,4,2019-10-08T20:00:00.0,0.656222487,0,0.656222487,6741,1.121127698,1,0,0.585323588
0,-0.239616846,1,0.616383893,3,2019-10-08T21:00:00.0,0.616383893,0,0.616383893,6742,1.239616846,1,0,0.497237429
0,-0.039677957,1,0.680762412,2,2019-10-08T22:00:00.0,0.680762412,0,0.680762412,6743,1.039677957,1,0,0.654782
0,-0.039677957,1,0.313944848,2,2019-10-08T23:00:00.0,0.313944848,0,0.313944848,6744,1.039677957,1,0,0.301963551
0,-0.039677957,1,0.338880129,2,2019-10-09T00:00:00.0,0.338880129,0,0.338880129,6745,1.039677957,1,0,0.325947209
0,-0.039677957,1,0.313944848,2,2019-10-09T01:00:00.0,0.313944848,0,0.313944848,6746,1.039677957,1,0,0.301963551
0,-0.039677957,1,0.313944848,2,2019-10-09T02:00:00.0,0.313944848,0,0.313944848,6747,1.039677957,1,0,0.301963551
0,-0.039677957,1,0.313944848,2,2019-10-09T03:00:00.0,0.313944848,0,0.313944848,6748,1.039677957,1,0,0.301963551
0,-0.039677957,1,0.313944848,2,2019-10-09T04:00:00.0,0.313944848,0,0.313944848,6749,1.039677957,1,0,0.301963551
0,-0.039677957,1,0.313944848,2,2019-10-09T05:00:00.0,0.313944848,0,0.313944848,6750,1.039677957,1,0,0.301963551
0,-0.039677957,1,0.313944848,2,2019-10-09T06:00:00.0,0.313944848,0,0.313944848,6751,1.039677957,1,0,0.301963551
0,-0.142817344,1,0.559791011,4,2019-10-09T07:00:00.0,0.559791011,0,0.559791011,6752,1.142817344,1,0,0.489834193
0,-0.234220421,1,0.613228926,4,2019-10-09T08:00:00.0,0.613228926,0,0.613228926,6753,1.234220421,1,0,0.496855275
0,-0.234220421,1,0.613228926,4,2019-10-09T09:00:00.0,0.613228926,0,0.613228926,6754,1.234220421,1,0,0.496855275
0,-0.234220421,1,0.613228926,4,2019-10-09T10:00:00.0,0.613228926,0,0.613228926,6755,1.234220421,1,0,0.496855275
0,-0.234220421,1,0.613228926,4,2019-10-09T11:00:00.0,0.613228926,0,0.613228926,6756,1.234220421,1,0,0.496855275
0,-0.234220421,1,0.613228926,4,2019-10-09T12:00:00.0,0.613228926,0,0.613228926,6757,1.234220421,1,0,0.496855275
0,-0.234220421,1,0.613228926,4,2019-10-09T13:00:00.0,0.613228926,0,0.613228926,6758,1.234220421,1,0,0.496855275
0,-0.234220421,1,0.613228926,4,2019-10-09T14:00:00.0,0.613228926,0,0.613228926,6759,1.234220421,1,0,0.496855275
0,-0.234220421,1,0.613228926,4,2019-10-09T15:00:00.0,0.613228926,0,0.613228926,6760,1.234220421,1,0,0.496855275
0,-0.234220421,1,0.613228926,4,2019-10-09T16:00:00.0,0.613228926,0,0.613228926,6761,1.234220421,1,0,0.496855275
0,-0.142817344,1,0.559791011,4,2019-10-09T17:00:00.0,0.559791011,0,0.559791011,6762,1.142817344,1,0,0.489834193
0,-0.121127698,1,0.656222487,4,2019-10-09T18:00:00.0,0.656222487,0,0.656222487,6763,1.121127698,1,0,0.585323588
0,-0.142817344,1,0.559791011,4,2019-10-09T19:00:00.0,0.559791011,0,0.559791011,6764,1.142817344,1,0,0.489834193
0,-0.142817344,1,0.559791011,4,2019-10-09T20:00:00.0,0.559791011,0,0.559791011,6765,1.142817344,1,0,0.489834193
0,-0.142817344,1,0.559791011,4,2019-10-09T21:00:00.0,0.559791011,0,0.559791011,6766,1.142817344,1,0,0.489834193
0,-0.039677957,1,0.338880129,2,2019-10-09T22:00:00.0,0.338880129,0,0.338880129,6767,1.039677957,1,0,0.325947209
0,-0.039677957,1,0.312598129,2,2019-10-09T23:00:00.0,0.312598129,0,0.312598129,6768,1.039677957,1,0,0.300668228
0,-0.234220421,1,0.613228926,4,2019-10-10T00:00:00.0,0.613228926,0,0.613228926,6769,1.234220421,1,0,0.496855275
0,-0.234220421,1,0.613228926,4,2019-10-10T01:00:00.0,0.613228926,0,0.613228926,6770,1.234220421,1,0,0.496855275
0,-0.247966385,1,0.562017918,3,2019-10-10T02:00:00.0,0.562017918,0,0.562017918,6771,1.247966385,1,0,0.450347
0,-0.247966385,1,0.562017918,3,2019-10-10T03:00:00.0,0.562017918,0,0.562017918,6772,1.247966385,1,0,0.450347
0,-0.247966385,1,0.562017918,3,2019-10-10T04:00:00.0,0.562017918,0,0.562017918,6773,1.247966385,1,0,0.450347
0,-0.247966385,1,0.562017918,3,2019-10-10T05:00:00.0,0.562017918,0,0.562017918,6774,1.247966385,1,0,0.450347
0,-0.247966385,1,0.562017918,3,2019-10-10T06:00:00.0,0.562017918,0,0.562017918,6775,1.247966385,1,0,0.450347
0,-0.247966385,1,0.562017918,3,2019-10-10T07:00:00.0,0.562017918,0,0.562017918,6776,1.247966385,1,0,0.450347
0,-0.234220421,1,0.613228926,4,2019-10-10T08:00:00.0,0.613228926,0,0.613228926,6777,1.234220421,1,0,0.496855275
0,-0.234220421,1,0.613228926,4,2019-10-10T09:00:00.0,0.613228926,0,0.613228926,6778,1.234220421,1,0,0.496855275
0,-0.274590144,1,0.594282429,4,2019-10-10T10:00:00.0,0.594282429,0,0.594282429,6779,1.274590144,1,0,0.466253746
0,-0.274590144,1,0.594282429,4,2019-10-10T11:00:00.0,0.594282429,0,0.594282429,6780,1.274590144,1,0,0.466253746
0,-0.274590144,1,0.594282429,4,2019-10-10T12:00:00.0,0.594282429,0,0.594282429,6781,1.274590144,1,0,0.466253746
0,-0.274590144,1,0.594282429,4,2019-10-10T13:00:00.0,0.594282429,0,0.594282429,6782,1.274590144,1,0,0.466253746
0,-0.274590144,1,0.594282429,4,2019-10-10T14:00:00.0,0.594282429,0,0.594282429,6783,1.274590144,1,0,0.466253746
0,-0.234220421,1,0.613228926,4,2019-10-10T15:00:00.0,0.613228926,0,0.613228926,6784,1.234220421,1,0,0.496855275
0,-0.234220421,1,0.613228926,4,2019-10-10T16:00:00.0,0.613228926,0,0.613228926,6785,1.234220421,1,0,0.496855275
0,-0.121127698,1,0.656222487,4,2019-10-10T17:00:00.0,0.656222487,0,0.656222487,6786,1.121127698,1,0,0.585323588
0,-0.121127698,1,0.656222487,4,2019-10-10T18:00:00.0,0.656222487,0,0.656222487,6787,1.121127698,1,0,0.585323588
0,-0.121127698,1,0.656222487,4,2019-10-10T19:00:00.0,0.656222487,0,0.656222487,6788,1.121127698,1,0,0.585323588
0,-0.121127698,1,0.656222487,4,2019-10-10T20:00:00.0,0.656222487,0,0.656222487,6789,1.121127698,1,0,0.585323588
0,-0.234220421,1,0.613228926,4,2019-10-10T21:00:00.0,0.613228926,0,0.613228926,6790,1.234220421,1,0,0.496855275
0,-0.234220421,1,0.613228926,4,2019-10-10T22:00:00.0,0.613228926,0,0.613228926,6791,1.234220421,1,0,0.496855275
0,-0.247966385,1,0.562017918,3,2019-10-10T23:00:00.0,0.562017918,0,0.562017918,6792,1.247966385,1,0,0.450347
0,-0.234220421,1,0.613228926,4,2019-10-11T00:00:00.0,0.613228926,0,0.613228926,6793,1.234220421,1,0,0.496855275
0,-0.234220421,1,0.613228926,4,2019-10-11T01:00:00.0,0.613228926,0,0.613228926,6794,1.234220421,1,0,0.496855275
0,-0.234220421,1,0.613228926,4,2019-10-11T02:00:00.0,0.613228926,0,0.613228926,6795,1.234220421,1,0,0.496855275
0,-0.234220421,1,0.613228926,4,2019-10-11T03:00:00.0,0.613228926,0,0.613228926,6796,1.234220421,1,0,0.496855275
0,-0.234220421,1,0.613228926,4,2019-10-11T04:00:00.0,0.613228926,0,0.613228926,6797,1.234220421,1,0,0.496855275
0,-0.234220421,1,0.613228926,4,2019-10-11T05:00:00.0,0.613228926,0,0.613228926,6798,1.234220421,1,0,0.496855275
0,-0.234220421,1,0.613228926,4,2019-10-11T06:00:00.0,0.613228926,0,0.613228926,6799,1.234220421,1,0,0.496855275
0,-0.039677957,1,0.312598129,2,2019-10-11T07:00:00.0,0.312598129,0,0.312598129,6800,1.039677957,1,0,0.300668228
0,-0.039677957,1,0.312598129,2,2019-10-11T08:00:00.0,0.312598129,0,0.312598129,6801,1.039677957,1,0,0.300668228
0,-0.039677957,1,0.312598129,2,2019-10-11T09:00:00.0,0.312598129,0,0.312598129,6802,1.039677957,1,0,0.300668228
0,-0.039677957,1,0.312598129,2,2019-10-11T10:00:00.0,0.312598129,0,0.312598129,6803,1.039677957,1,0,0.300668228
0,-0.039677957,1,0.312598129,2,2019-10-11T11:00:00.0,0.312598129,0,0.312598129,6804,1.039677957,1,0,0.300668228
0,-0.039677957,1,0.312598129,2,2019-10-11T12:00:00.0,0.312598129,0,0.312598129,6805,1.039677957,1,0,0.300668228
0,-0.039677957,1,0.312598129,2,2019-10-11T13:00:00.0,0.312598129,0,0.312598129,6806,1.039677957,1,0,0.300668228
0,-0.039677957,1,0.312598129,2,2019-10-11T14:00:00.0,0.312598129,0,0.312598129,6807,1.039677957,1,0,0.300668228
0,-0.039677957,1,0.312598129,2,2019-10-11T15:00:00.0,0.312598129,0,0.312598129,6808,1.039677957,1,0,0.300668228
0,-0.039677957,1,0.312598129,2,2019-10-11T16:00:00.0,0.312598129,0,0.312598129,6809,1.039677957,1,0,0.300668228
0,-0.036661054,1,0.346364022,3,2019-10-11T17:00:00.0,0.346364022,0,0.346364022,6810,1.036661054,1,0,0.334115013
0,-0.036661054,1,0.346364022,3,2019-10-11T18:00:00.0,0.346364022,0,0.346364022,6811,1.036661054,1,0,0.334115013
0,-0.036661054,1,0.346364022,3,2019-10-11T19:00:00.0,0.346364022,0,0.346364022,6812,1.036661054,1,0,0.334115013
0,-0.036661054,1,0.346364022,3,2019-10-11T20:00:00.0,0.346364022,0,0.346364022,6813,1.036661054,1,0,0.334115013
0,-0.036661054,1,0.346364022,3,2019-10-11T21:00:00.0,0.346364022,0,0.346364022,6814,1.036661054,1,0,0.334115013
0,-0.039677957,1,0.312598129,2,2019-10-11T22:00:00.0,0.312598129,0,0.312598129,6815,1.039677957,1,0,0.300668228
0,-0.234220421,1,0.613228927,4,2019-10-11T23:00:00.0,0.613228927,0,0.613228927,6816,1.234220422,1.000000001,0,0.496855275
0,-0.142817344,1,0.559791011,4,2019-10-12T00:00:00.0,0.559791011,0,0.559791011,6817,1.142817344,1,0,0.489834193
0,-0.142817344,1,0.559791011,4,2019-10-12T01:00:00.0,0.559791011,0,0.559791011,6818,1.142817344,1,0,0.489834193
0,-0.142817344,1,0.559791011,4,2019-10-12T02:00:00.0,0.559791011,0,0.559791011,6819,1.142817344,1,0,0.489834193
0,-0.142817344,1,0.559791011,4,2019-10-12T03:00:00.0,0.559791011,0,0.559791011,6820,1.142817344,1,0,0.489834193
0,-0.142817344,1,0.559791011,4,2019-10-12T04:00:00.0,0.559791011,0,0.559791011,6821,1.142817344,1,0,0.489834193
0,-0.142817344,1,0.559791011,4,2019-10-12T05:00:00.0,0.559791011,0,0.559791011,6822,1.142817344,1,0,0.489834193
0,-0.142817344,1,0.559791011,4,2019-10-12T06:00:00.0,0.559791011,0,0.559791011,6823,1.142817344,1,0,0.489834193
0,-0.039677957,1,0.313944848,2,2019-10-12T07:00:00.0,0.313944848,0,0.313944848,6824,1.039677957,1,0,0.301963551
0,-0.039677957,1,0.313944848,2,2019-10-12T08:00:00.0,0.313944848,0,0.313944848,6825,1.039677957,1,0,0.301963551
0,-0.039677957,1,0.313944848,2,2019-10-12T09:00:00.0,0.313944848,0,0.313944848,6826,1.039677957,1,0,0.301963551
0,-0.039677957,1,0.313944848,2,2019-10-12T10:00:00.0,0.313944848,0,0.313944848,6827,1.039677957,1,0,0.301963551
0,-0.142817344,1,0.559791011,4,2019-10-12T11:00:00.0,0.559791011,0,0.559791011,6828,1.142817344,1.000000001,0,0.489834193
0,-0.142817344,1,0.559791011,4,2019-10-12T12:00:00.0,0.559791011,0,0.559791011,6829,1.142817344,1,0,0.489834193
0,-0.142817344,1,0.559791011,4,2019-10-12T13:00:00.0,0.559791011,0,0.559791011,6830,1.142817344,1,0,0.489834193
0,-0.121127698,1,0.656222487,4,2019-10-12T14:00:00.0,0.656222487,0,0.656222487,6831,1.121127699,1,0,0.585323588
0,-0.121127698,1,0.656222487,4,2019-10-12T15:00:00.0,0.656222487,0,0.656222487,6832,1.121127699,1,0,0.585323588
0,-0.121127698,1,0.656222487,4,2019-10-12T16:00:00.0,0.656222487,0,0.656222487,6833,1.121127699,1,0,0.585323588
0,-0.121127698,1,0.656222487,4,2019-10-12T17:00:00.0,0.656222487,0,0.656222487,6834,1.121127699,1,0,0.585323588
0,-0.121127698,1,0.656222487,4,2019-10-12T18:00:00.0,0.656222487,0,0.656222487,6835,1.121127699,1,0,0.585323588
0,-0.142817344,1,0.559791011,4,2019-10-12T19:00:00.0,0.559791011,0,0.559791011,6836,1.142817344,1,0,0.489834193
0,-0.121127698,1,0.656222487,4,2019-10-12T20:00:00.0,0.656222487,0,0.656222487,6837,1.121127699,1,0,0.585323588
0,-0.121127698,1,0.656222487,4,2019-10-12T21:00:00.0,0.656222487,0,0.656222487,6838,1.121127698,1,0,0.585323588
0,-0.039677957,1,0.313944848,2,2019-10-12T22:00:00.0,0.313944848,0,0.313944848,6839,1.039677957,1,0,0.301963551
0,-0.142817344,1,0.559791011,4,2019-10-12T23:00:00.0,0.559791011,0,0.559791011,6840,1.142817344,1,0,0.489834193
0,-0.142817344,1,0.559791011,4,2019-10-13T00:00:00.0,0.559791011,0,0.559791011,6841,1.142817344,1,0,0.489834193
0,-0.142817344,1,0.559791011,4,2019-10-13T01:00:00.0,0.559791011,0,0.559791011,6842,1.142817344,1,0,0.489834193
0,-0.142817344,1,0.559791011,4,2019-10-13T02:00:00.0,0.559791011,0,0.559791011,6843,1.142817344,1,0,0.489834193
0,-0.142817344,1,0.559791011,4,2019-10-13T03:00:00.0,0.559791011,0,0.559791011,6844,1.142817344,1,0,0.489834193
0,-0.142817344,1,0.559791011,4,2019-10-13T04:00:00.0,0.559791011,0,0.559791011,6845,1.142817344,1,0,0.489834193
0,-0.142817344,1,0.559791011,4,2019-10-13T05:00:00.0,0.559791011,0,0.559791011,6846,1.142817344,1,0,0.489834193
0,-0.142817344,1,0.559791011,4,2019-10-13T06:00:00.0,0.559791011,0,0.559791011,6847,1.142817344,1,0,0.489834193
0,-0.142817344,1,0.559791011,4,2019-10-13T07:00:00.0,0.559791011,0,0.559791011,6848,1.142817344,1,0,0.489834193
0,-0.234220421,1,0.613228926,4,2019-10-13T08:00:00.0,0.613228926,0,0.613228926,6849,1.234220421,1,0,0.496855275
0,-0.234220421,1,0.613228926,4,2019-10-13T09:00:00.0,0.613228926,0,0.613228926,6850,1.234220421,1,0,0.496855275
0,-0.234220421,1,0.613228926,4,2019-10-13T10:00:00.0,0.613228926,0,0.613228926,6851,1.234220421,1,0,0.496855275
0,-0.234220421,1,0.613228926,4,2019-10-13T11:00:00.0,0.613228926,0,0.613228926,6852,1.234220421,1,0,0.496855275
0,-0.234220421,1,0.613228926,4,2019-10-13T12:00:00.0,0.613228926,0,0.613228926,6853,1.234220421,1,0,0.496855275
0,-0.234220421,1,0.613228926,4,2019-10-13T13:00:00.0,0.613228926,0,0.613228926,6854,1.234220421,1,0,0.496855275
0,-0.234220421,1,0.613228926,4,2019-10-13T14:00:00.0,0.613228926,0,0.613228926,6855,1.234220421,1,0,0.496855275
0,-0.234220421,1,0.613228926,4,2019-10-13T15:00:00.0,0.613228926,0,0.613228926,6856,1.234220421,1,0,0.496855275
0,-0.142817344,1,0.559791011,4,2019-10-13T16:00:00.0,0.559791011,0,0.559791011,6857,1.142817344,1,0,0.489834193
0,-0.142817344,1,0.559791011,4,2019-10-13T17:00:00.0,0.559791011,0,0.559791011,6858,1.142817344,1,0,0.489834193
0,-0.142817344,1,0.559791011,4,2019-10-13T18:00:00.0,0.559791011,0,0.559791011,6859,1.142817344,1,0,0.489834193
0,-0.239616846,1,0.616383893,3,2019-10-13T19:00:00.0,0.616383893,0,0.616383893,6860,1.239616846,1,0,0.497237429
0,-0.239616846,1,0.616383893,3,2019-10-13T20:00:00.0,0.616383893,0,0.616383893,6861,1.239616846,1,0,0.497237429
0,-0.234220421,1,0.613228926,4,2019-10-13T21:00:00.0,0.613228926,0,0.613228926,6862,1.234220421,1,0,0.496855275
0,-0.234220421,1,0.613228926,4,2019-10-13T22:00:00.0,0.613228926,0,0.613228926,6863,1.234220421,1,0,0.496855275
0,-0.239616846,1,0.616383893,3,2019-10-13T23:00:00.0,0.616383893,0,0.616383893,6864,1.239616846,1,0,0.497237429
0,-0.039677957,1,0.353462977,2,2019-10-14T00:00:00.0,0.353462977,0,0.353462977,6865,1.039677957,1,0,0.339973522
0,-0.039677957,1,0.353462977,2,2019-10-14T01:00:00.0,0.353462977,0,0.353462977,6866,1.039677957,1,0,0.339973522
0,-0.039677957,1,0.353462977,2,2019-10-14T02:00:00.0,0.353462977,0,0.353462977,6867,1.039677957,1,0,0.339973522
0,-0.039677957,1,0.353462977,2,2019-10-14T03:00:00.0,0.353462977,0,0.353462977,6868,1.039677957,1,0,0.339973522
0,-0.234220421,1,0.613228926,4,2019-10-14T04:00:00.0,0.613228926,0,0.613228926,6869,1.234220421,1,0,0.496855275
0,-0.234220421,1,0.613228926,4,2019-10-14T05:00:00.0,0.613228926,0,0.613228926,6870,1.234220421,1,0,0.496855275
0,-0.039677957,1,0.353462977,2,2019-10-14T06:00:00.0,0.353462977,0,0.353462977,6871,1.039677957,1,0,0.339973522
0,-0.039677957,1,0.354594634,2,2019-10-14T07:00:00.0,0.354594634,0,0.354594634,6872,1.039677957,1,0,0.341061991
0,-0.142817344,1,0.559791011,4,2019-10-14T08:00:00.0,0.559791011,0,0.559791011,6873,1.142817344,1,0,0.489834193
0,-0.142817344,1,0.559791011,4,2019-10-14T09:00:00.0,0.559791011,0,0.559791011,6874,1.142817344,1,0,0.489834193
0,-0.034539314,1,0.403766889,3,2019-10-14T10:00:00.0,0.403766889,0,0.403766889,6875,1.034539314,1,0,0.390286656
0,-0.03455205,1,0.403796997,3,2019-10-14T11:00:00.0,0.403796997,0,0.403796997,6876,1.03455205,1,0,0.390310954
0,-0.03455205,1,0.403796997,3,2019-10-14T12:00:00.0,0.403796997,0,0.403796997,6877,1.03455205,1,0,0.390310954
0,-0.034539314,1,0.403766889,3,2019-10-14T13:00:00.0,0.403766889,0,0.403766889,6878,1.034539314,1,0,0.390286656
0,-0.034539314,1,0.403766889,3,2019-10-14T14:00:00.0,0.403766889,0,0.403766889,6879,1.034539314,1,0,0.390286656
0,-0.038204097,1,0.430340494,4,2019-10-14T15:00:00.0,0.430340494,0,0.430340494,6880,1.038204097,1,0,0.414504716
0,-0.142817344,1,0.559791011,4,2019-10-14T16:00:00.0,0.559791011,0,0.559791011,6881,1.142817344,1,0,0.489834193
0,-0.142817344,1,0.559791011,4,2019-10-14T17:00:00.0,0.559791011,0,0.559791011,6882,1.142817344,1,0,0.489834193
0,-0.121127698,1,0.656222487,4,2019-10-14T18:00:00.0,0.656222487,0,0.656222487,6883,1.121127698,1,0,0.585323588
0,-0.121127698,1,0.656222487,4,2019-10-14T19:00:00.0,0.656222487,0,0.656222487,6884,1.121127699,1,0,0.585323588
0,-0.121127698,1,0.656222487,4,2019-10-14T20:00:00.0,0.656222487,0,0.656222487,6885,1.121127698,1,0,0.585323588
0,-0.121127698,1,0.656222487,4,2019-10-14T21:00:00.0,0.656222487,0,0.656222487,6886,1.121127699,1,0,0.585323588
0,-0.121127698,1,0.656222487,4,2019-10-14T22:00:00.0,0.656222487,0,0.656222487,6887,1.121127698,1,0,0.585323588
0,-0.039677957,1,0.353462977,2,2019-10-14T23:00:00.0,0.353462977,0,0.353462977,6888,1.039677957,1,0,0.339973522
0,-0.039677957,1,0.338880129,2,2019-10-15T00:00:00.0,0.338880129,0,0.338880129,6889,1.039677957,1,0,0.325947209
0,-0.036661054,1,0.356551919,3,2019-10-15T01:00:00.0,0.356551919,0,0.356551919,6890,1.036661054,1,0,0.34394262
0,-0.03465931,1,0.363685293,3,2019-10-15T02:00:00.0,0.363685293,0,0.363685293,6891,1.03465931,1,0,0.351502461
0,-0.034659309,1,0.363685293,3,2019-10-15T03:00:00.0,0.363685293,0,0.363685293,6892,1.034659309,1,0,0.351502461
0,-0.039677957,1,0.338880129,2,2019-10-15T04:00:00.0,0.338880129,0,0.338880129,6893,1.039677957,1,0,0.325947209
0,-0.039677957,1,0.338880129,2,2019-10-15T05:00:00.0,0.338880129,0,0.338880129,6894,1.039677957,1,0,0.325947209
0,-0.039677957,1,0.338880129,2,2019-10-15T06:00:00.0,0.338880129,0,0.338880129,6895,1.039677957,1,0,0.325947209
0,-0.039677957,1,0.338880129,2,2019-10-15T07:00:00.0,0.338880129,0,0.338880129,6896,1.039677957,1,0,0.325947209
0,-0.039677957,1,0.353462977,2,2019-10-15T08:00:00.0,0.353462977,0,0.353462977,6897,1.039677957,1,0,0.339973522
0,-0.039677957,1,0.353462977,2,2019-10-15T09:00:00.0,0.353462977,0,0.353462977,6898,1.039677957,1,0,0.339973522
0,-0.034659309,1,0.365600757,3,2019-10-15T10:00:00.0,0.365600757,0,0.365600757,6899,1.03465931,1,0,0.35335376
0,-0.035016975,1,0.363732925,3,2019-10-15T11:00:00.0,0.363732925,0,0.363732925,6900,1.035016975,1,0,0.351427014
0,-0.035016975,1,0.363732925,3,2019-10-15T12:00:00.0,0.363732925,0,0.363732925,6901,1.035016975,1,0,0.351427014
0,-0.035016975,1,0.363732925,3,2019-10-15T13:00:00.0,0.363732925,0,0.363732925,6902,1.035016975,1,0,0.351427014
0,-0.034659309,1,0.365600757,3,2019-10-15T14:00:00.0,0.365600757,0,0.365600757,6903,1.03465931,1,0,0.35335376
0,-0.03465931,1,0.365600757,3,2019-10-15T15:00:00.0,0.365600757,0,0.365600757,6904,1.03465931,1,0,0.35335376
0,-0.039677957,1,0.353462977,2,2019-10-15T16:00:00.0,0.353462977,0,0.353462977,6905,1.039677957,1,0,0.339973522
0,-0.042430781,1,0.354398864,2,2019-10-15T17:00:00.0,0.354398864,0,0.354398864,6906,1.042430781,1,0,0.339973522
0,-0.042430781,1,0.354398864,2,2019-10-15T18:00:00.0,0.354398864,0,0.354398864,6907,1.042430781,1,0,0.339973522
0,-0.039677957,1,0.353462977,2,2019-10-15T19:00:00.0,0.353462977,0,0.353462977,6908,1.039677957,1,0,0.339973522
0,-0.039677957,1,0.353462977,2,2019-10-15T20:00:00.0,0.353462977,0,0.353462977,6909,1.039677957,1,0,0.339973522
0,-0.039677957,1,0.353462977,2,2019-10-15T21:00:00.0,0.353462977,0,0.353462977,6910,1.039677957,1,0,0.339973522
0,-0.039677957,1,0.353462977,2,2019-10-15T22:00:00.0,0.353462977,0,0.353462977,6911,1.039677957,1,0,0.339973522
0,-0.039677957,1,0.313944848,2,2019-10-15T23:00:00.0,0.313944848,0,0.313944848,6912,1.039677957,1,0,0.301963551
0,-0.234220421,1,0.613228926,4,2019-10-16T00:00:00.0,0.613228926,0,0.613228926,6913,1.234220421,1,0,0.496855275
0,-0.234220421,1,0.613228926,4,2019-10-16T01:00:00.0,0.613228926,0,0.613228926,6914,1.234220421,1,0,0.496855275
0,-0.234220421,1,0.613228926,4,2019-10-16T02:00:00.0,0.613228926,0,0.613228926,6915,1.234220421,1,0,0.496855275
0,-0.039677957,1,0.338880129,2,2019-10-16T03:00:00.0,0.338880129,0,0.338880129,6916,1.039677957,1,0,0.325947209
0,-0.039677957,1,0.338880129,2,2019-10-16T04:00:00.0,0.338880129,0,0.338880129,6917,1.039677957,1,0,0.325947209
0,-0.039677957,1,0.338880129,2,2019-10-16T05:00:00.0,0.338880129,0,0.338880129,6918,1.039677957,1,0,0.325947209
0,-0.039677956,1,0.338880129,2,2019-10-16T06:00:00.0,0.338880129,0,0.338880129,6919,1.039677957,1.000000001,0,0.325947209
0,-0.039677957,1,0.338880129,2,2019-10-16T07:00:00.0,0.338880129,0,0.338880129,6920,1.039677957,1,0,0.325947209
0,-0.039677957,1,0.353462977,2,2019-10-16T08:00:00.0,0.353462977,0,0.353462977,6921,1.039677957,1,0,0.339973522
0,-0.039677957,1,0.353462977,2,2019-10-16T09:00:00.0,0.353462977,0,0.353462977,6922,1.039677957,1,0,0.339973522
0,-0.039677957,1,0.353462977,2,2019-10-16T10:00:00.0,0.353462977,0,0.353462977,6923,1.039677957,1,0,0.339973522
0,-0.039677957,1,0.353462977,2,2019-10-16T11:00:00.0,0.353462977,0,0.353462977,6924,1.039677957,1,0,0.339973522
0,-0.039677957,1,0.353462978,2,2019-10-16T12:00:00.0,0.353462978,0,0.353462978,6925,1.039677959,1.000000002,0,0.339973522
0,-0.039677957,1,0.353462977,2,2019-10-16T13:00:00.0,0.353462977,0,0.353462977,6926,1.039677957,1,0,0.339973522
0,-0.039677957,1,0.353462977,2,2019-10-16T14:00:00.0,0.353462977,0,0.353462977,6927,1.039677957,1,0,0.339973522
0,-0.039677957,1,0.353462977,2,2019-10-16T15:00:00.0,0.353462977,0,0.353462977,6928,1.039677957,1,0,0.339973522
0,-0.039677957,1,0.353462977,2,2019-10-16T16:00:00.0,0.353462977,0,0.353462977,6929,1.039677957,1,0,0.339973522
0,-0.039677957,1,0.353462977,2,2019-10-16T17:00:00.0,0.353462977,0,0.353462977,6930,1.039677957,1,0,0.339973522
0,-0.234220421,1,0.613228926,4,2019-10-16T18:00:00.0,0.613228926,0,0.613228926,6931,1.234220421,1,0,0.496855275
0,-0.039677957,1,0.353462977,2,2019-10-16T19:00:00.0,0.353462977,0,0.353462977,6932,1.039677957,1,0,0.339973522
0,-0.234220421,1,0.613228926,4,2019-10-16T20:00:00.0,0.613228926,0,0.613228926,6933,1.234220421,1,0,0.496855275
0,-0.039677957,1,0.353462977,2,2019-10-16T21:00:00.0,0.353462977,0,0.353462977,6934,1.039677957,1,0,0.339973522
0,-0.039677957,1,0.353462977,2,2019-10-16T22:00:00.0,0.353462977,0,0.353462977,6935,1.039677957,1,0,0.339973522
0,-0.039677957,1,0.313944848,2,2019-10-16T23:00:00.0,0.313944848,0,0.313944848,6936,1.039677957,1,0,0.301963551
0,-0.247966385,1,0.562017918,3,2019-10-17T00:00:00.0,0.562017918,0,0.562017918,6937,1.247966385,1,0,0.450347
0,-0.247966385,1,0.562017918,3,2019-10-17T01:00:00.0,0.562017918,0,0.562017918,6938,1.247966385,1,0,0.450347
0,-0.234220421,1,0.613228926,4,2019-10-17T02:00:00.0,0.613228926,0,0.613228926,6939,1.234220421,1,0,0.496855275
0,-0.247966385,1,0.562017918,3,2019-10-17T03:00:00.0,0.562017918,0,0.562017918,6940,1.247966385,1,0,0.450347
0,-0.275533115,1,0.574432512,3,2019-10-17T04:00:00.0,0.574432512,0,0.574432512,6941,1.275533115,1,0,0.450347
0,-0.247966385,1,0.562017918,3,2019-10-17T05:00:00.0,0.562017918,0,0.562017918,6942,1.247966385,1,0,0.450347
0,-0.247966385,1,0.562017918,3,2019-10-17T06:00:00.0,0.562017918,0,0.562017918,6943,1.247966385,1,0,0.450347
0,-0.234220421,1,0.613228926,4,2019-10-17T07:00:00.0,0.613228926,0,0.613228926,6944,1.234220421,1,0,0.496855275
0,-0.234220421,1,0.613228926,4,2019-10-17T08:00:00.0,0.613228926,0,0.613228926,6945,1.234220421,1,0,0.496855275
0,-0.234220421,1,0.613228926,4,2019-10-17T09:00:00.0,0.613228926,0,0.613228926,6946,1.234220421,1,0,0.496855275
0,-0.234220421,1,0.613228926,4,2019-10-17T10:00:00.0,0.613228926,0,0.613228926,6947,1.234220421,1,0,0.496855275
0,-0.234220421,1,0.613228926,4,2019-10-17T11:00:00.0,0.613228926,0,0.613228926,6948,1.234220421,1,0,0.496855275
0,-0.234220421,1,0.613228926,4,2019-10-17T12:00:00.0,0.613228926,0,0.613228926,6949,1.234220421,1,0,0.496855275
0,-0.234220421,1,0.613228926,4,2019-10-17T13:00:00.0,0.613228926,0,0.613228926,6950,1.234220421,1,0,0.496855275
0,-0.234220421,1,0.613228926,4,2019-10-17T14:00:00.0,0.613228926,0,0.613228926,6951,1.234220421,1,0,0.496855275
0,-0.234220421,1,0.613228926,4,2019-10-17T15:00:00.0,0.613228926,0,0.613228926,6952,1.234220421,1,0,0.496855275
0,-0.234220421,1,0.613228926,4,2019-10-17T16:00:00.0,0.613228926,0,0.613228926,6953,1.234220421,1,0,0.496855275
0,-0.234220421,1,0.613228926,4,2019-10-17T17:00:00.0,0.613228926,0,0.613228926,6954,1.234220421,1,0,0.496855275
0,-0.234220421,1,0.613228926,4,2019-10-17T18:00:00.0,0.613228926,0,0.613228926,6955,1.234220421,1,0,0.496855275
0,-0.234220421,1,0.613228926,4,2019-10-17T19:00:00.0,0.613228926,0,0.613228926,6956,1.234220421,1,0,0.496855275
0,-0.234220421,1,0.613228926,4,2019-10-17T20:00:00.0,0.613228926,0,0.613228926,6957,1.234220421,1,0,0.496855275
0,-0.234220421,1,0.613228926,4,2019-10-17T21:00:00.0,0.613228926,0,0.613228926,6958,1.234220421,1,0,0.496855275
0,-0.234220421,1,0.613228926,4,2019-10-17T22:00:00.0,0.613228926,0,0.613228926,6959,1.234220421,1,0,0.496855275
0,-0.234220421,1,0.613228926,4,2019-10-17T23:00:00.0,0.613228926,0,0.613228926,6960,1.234220421,1,0,0.496855275
0,-0.234220421,1,0.613228926,4,2019-10-18T00:00:00.0,0.613228926,0,0.613228926,6961,1.234220421,1,0,0.496855275
0,-0.234220421,1,0.613228926,4,2019-10-18T01:00:00.0,0.613228926,0,0.613228926,6962,1.234220421,1,0,0.496855275
0,-0.234220421,1,0.613228926,4,2019-10-18T02:00:00.0,0.613228926,0,0.613228926,6963,1.234220421,1,0,0.496855275
0,-0.234220421,1,0.613228926,4,2019-10-18T03:00:00.0,0.613228926,0,0.613228926,6964,1.234220421,1,0,0.496855275
0,-0.234220421,1,0.613228926,4,2019-10-18T04:00:00.0,0.613228926,0,0.613228926,6965,1.234220421,1,0,0.496855275
0,-0.234220421,1,0.613228926,4,2019-10-18T05:00:00.0,0.613228926,0,0.613228926,6966,1.234220421,1,0,0.496855275
0,-0.234220421,1,0.613228926,4,2019-10-18T06:00:00.0,0.613228926,0,0.613228926,6967,1.234220421,1,0,0.496855275
0,-0.234220421,1,0.613228926,4,2019-10-18T07:00:00.0,0.613228926,0,0.613228926,6968,1.234220421,1,0,0.496855275
0,-0.234220421,1,0.613228926,4,2019-10-18T08:00:00.0,0.613228926,0,0.613228926,6969,1.234220421,1,0,0.496855275
0,-0.234220421,1,0.613228926,4,2019-10-18T09:00:00.0,0.613228926,0,0.613228926,6970,1.234220421,1,0,0.496855275
0,-0.234220421,1,0.613228926,4,2019-10-18T10:00:00.0,0.613228926,0,0.613228926,6971,1.234220421,1,0,0.496855275
0,-0.234220421,1,0.613228926,4,2019-10-18T11:00:00.0,0.613228926,0,0.613228926,6972,1.234220421,1,0,0.496855275
0,-0.234220421,1,0.613228926,4,2019-10-18T12:00:00.0,0.613228926,0,0.613228926,6973,1.234220421,1,0,0.496855275
0,-0.234220421,1,0.613228926,4,2019-10-18T13:00:00.0,0.613228926,0,0.613228926,6974,1.234220421,1,0,0.496855275
0,-0.234220421,1,0.613228926,4,2019-10-18T14:00:00.0,0.613228926,0,0.613228926,6975,1.234220421,1,0,0.496855275
0,-0.234220421,1,0.613228926,4,2019-10-18T15:00:00.0,0.613228926,0,0.613228926,6976,1.234220421,1,0,0.496855275
0,-0.234220421,1,0.613228926,4,2019-10-18T16:00:00.0,0.613228926,0,0.613228926,6977,1.234220421,1,0,0.496855275
0,-0.234220421,1,0.613228926,4,2019-10-18T17:00:00.0,0.613228926,0,0.613228926,6978,1.234220421,1,0,0.496855275
0,-0.234220421,1,0.613228926,4,2019-10-18T18:00:00.0,0.613228926,0,0.613228926,6979,1.234220421,1,0,0.496855275
0,-0.234220421,1,0.613228926,4,2019-10-18T19:00:00.0,0.613228926,0,0.613228926,6980,1.234220421,1,0,0.496855275
0,-0.234220421,1,0.613228926,4,2019-10-18T20:00:00.0,0.613228926,0,0.613228926,6981,1.234220421,1,0,0.496855275
0,-0.234220421,1,0.613228926,4,2019-10-18T21:00:00.0,0.613228926,0,0.613228926,6982,1.234220421,1,0,0.496855275
0,-0.234220421,1,0.613228926,4,2019-10-18T22:00:00.0,0.613228926,0,0.613228926,6983,1.234220421,1,0,0.496855275
0,-0.234220421,1,0.613228926,4,2019-10-18T23:00:00.0,0.613228926,0,0.613228926,6984,1.234220421,1,0,0.496855275
0,-0.239616846,1,0.616383893,3,2019-10-19T00:00:00.0,0.616383893,0,0.616383893,6985,1.239616846,1,0,0.497237429
0,-0.239616846,1,0.616383893,3,2019-10-19T01:00:00.0,0.616383893,0,0.616383893,6986,1.239616846,1,0,0.497237429
0,-0.239404617,1,0.616506636,4,2019-10-19T02:00:00.0,0.616506636,0,0.616506636,6987,1.239404617,1,0,0.497421607
0,-0.142452068,1,0.559733997,4,2019-10-19T03:00:00.0,0.559733997,0,0.559733997,6988,1.142452068,1,0,0.489940903
0,-0.239329512,1,0.616478907,3,2019-10-19T04:00:00.0,0.616478907,0,0.616478907,6989,1.239329512,1,0,0.497429377
0,-0.121127698,1,0.656222487,4,2019-10-19T05:00:00.0,0.656222487,0,0.656222487,6990,1.121127698,1,0,0.585323588
0,-0.121127698,1,0.656222487,4,2019-10-19T06:00:00.0,0.656222487,0,0.656222487,6991,1.121127698,1,0,0.585323588
0,-0.121127698,1,0.656222487,4,2019-10-19T07:00:00.0,0.656222487,0,0.656222487,6992,1.121127698,1,0,0.585323588
0,-0.121127698,1,0.656222487,4,2019-10-19T08:00:00.0,0.656222487,0,0.656222487,6993,1.121127698,1,0,0.585323588
0,-0.239616846,1,0.616383893,3,2019-10-19T09:00:00.0,0.616383893,0,0.616383893,6994,1.239616846,1,0,0.497237429
0,-0.239783832,1,0.615768544,4,2019-10-19T10:00:00.0,0.615768544,0,0.615768544,6995,1.239783832,1,0,0.496674121
0,-0.239616846,1,0.616383893,3,2019-10-19T11:00:00.0,0.616383893,0,0.616383893,6996,1.239616846,1,0,0.497237429
0,-0.239616846,1,0.616383893,3,2019-10-19T12:00:00.0,0.616383893,0,0.616383893,6997,1.239616846,1,0,0.497237429
0,-0.239616846,1,0.616383893,3,2019-10-19T13:00:00.0,0.616383893,0,0.616383893,6998,1.239616846,1,0,0.497237429
0,-0.239616846,1,0.616383893,3,2019-10-19T14:00:00.0,0.616383893,0,0.616383893,6999,1.239616846,1,0,0.497237429
0,-0.239616846,1,0.616383893,4,2019-10-19T15:00:00.0,0.616383893,0,0.616383893,7000,1.239616846,1,0,0.497237429
0,-0.239616846,1,0.616383893,3,2019-10-19T16:00:00.0,0.616383893,0,0.616383893,7001,1.239616846,1,0,0.497237429
0,-0.121127698,1,0.656222487,4,2019-10-19T17:00:00.0,0.656222487,0,0.656222487,7002,1.121127698,1,0,0.585323588
0,-0.121127698,1,0.656222487,4,2019-10-19T18:00:00.0,0.656222487,0,0.656222487,7003,1.121127698,1,0,0.585323588
0,-0.121127698,1,0.656222487,4,2019-10-19T19:00:00.0,0.656222487,0,0.656222487,7004,1.121127698,1,0,0.585323588
0,-0.121127698,1,0.656222487,4,2019-10-19T20:00:00.0,0.656222487,0,0.656222487,7005,1.121127698,1,0,0.585323588
0,-0.239616846,1,0.616383893,3,2019-10-19T21:00:00.0,0.616383893,0,0.616383893,7006,1.239616846,1,0,0.497237429
0,-0.239616846,1,0.616383893,3,2019-10-19T22:00:00.0,0.616383893,0,0.616383893,7007,1.239616846,1,0,0.497237429
0,-0.234220421,1,0.613228926,4,2019-10-19T23:00:00.0,0.613228926,0,0.613228926,7008,1.234220421,1,0,0.496855275
0,-0.142817344,1,0.559791011,4,2019-10-20T00:00:00.0,0.559791011,0,0.559791011,7009,1.142817344,1,0,0.489834193
0,-0.142817344,1,0.559791011,4,2019-10-20T01:00:00.0,0.559791011,0,0.559791011,7010,1.142817344,1,0,0.489834193
0,-0.142817344,1,0.559791011,4,2019-10-20T02:00:00.0,0.559791011,0,0.559791011,7011,1.142817344,1,0,0.489834193
0,-0.142817344,1,0.559791011,4,2019-10-20T03:00:00.0,0.559791011,0,0.559791011,7012,1.142817344,1,0,0.489834193
0,-0.142817344,1,0.559791011,4,2019-10-20T04:00:00.0,0.559791011,0,0.559791011,7013,1.142817344,1,0,0.489834193
0,-0.142817344,1,0.559791011,4,2019-10-20T05:00:00.0,0.559791011,0,0.559791011,7014,1.142817344,1,0,0.489834193
0,-0.142817344,1,0.559791011,4,2019-10-20T06:00:00.0,0.559791011,0,0.559791011,7015,1.142817344,1,0,0.489834193
0,-0.142817344,1,0.559791011,4,2019-10-20T07:00:00.0,0.559791011,0,0.559791011,7016,1.142817344,1,0,0.489834193
0,-0.239616846,1,0.616383893,3,2019-10-20T08:00:00.0,0.616383893,0,0.616383893,7017,1.239616846,1,0,0.497237429
0,-0.239616846,1,0.616383893,3,2019-10-20T09:00:00.0,0.616383893,0,0.616383893,7018,1.239616846,1,0,0.497237429
0,-0.239616846,1,0.616383893,3,2019-10-20T10:00:00.0,0.616383893,0,0.616383893,7019,1.239616846,1,0,0.497237429
0,-0.239616846,1,0.616383893,4,2019-10-20T11:00:00.0,0.616383893,0,0.616383893,7020,1.239616846,1,0,0.497237429
0,-0.239616846,1,0.616383893,3,2019-10-20T12:00:00.0,0.616383893,0,0.616383893,7021,1.239616846,1,0,0.497237429
0,-0.142817344,1,0.559791011,4,2019-10-20T13:00:00.0,0.559791011,0,0.559791011,7022,1.142817344,1,0,0.489834193
0,-0.239616846,1,0.616383893,4,2019-10-20T14:00:00.0,0.616383893,0,0.616383893,7023,1.239616846,1,0,0.497237429
0,-0.239616846,1,0.616383893,3,2019-10-20T15:00:00.0,0.616383893,0,0.616383893,7024,1.239616846,1,0,0.497237429
0,-0.142817344,1,0.559791011,4,2019-10-20T16:00:00.0,0.559791011,0,0.559791011,7025,1.142817344,1,0,0.489834193
0,-0.121127698,1,0.656222487,4,2019-10-20T17:00:00.0,0.656222487,0,0.656222487,7026,1.121127698,1,0,0.585323588
0,-0.121127698,1,0.656222487,4,2019-10-20T18:00:00.0,0.656222487,0,0.656222487,7027,1.121127698,1,0,0.585323588
0,-0.121127698,1,0.656222487,4,2019-10-20T19:00:00.0,0.656222487,0,0.656222487,7028,1.121127698,1,0,0.585323588
0,-0.121127698,1,0.656222487,4,2019-10-20T20:00:00.0,0.656222487,0,0.656222487,7029,1.121127699,1,0,0.585323588
0,-0.142817344,1,0.559791011,4,2019-10-20T21:00:00.0,0.559791011,0,0.559791011,7030,1.142817344,1,0,0.489834193
0,-0.239616846,1,0.616383893,3,2019-10-20T22:00:00.0,0.616383893,0,0.616383893,7031,1.239616846,1,0,0.497237429
0,-0.234220421,1,0.613228926,4,2019-10-20T23:00:00.0,0.613228926,0,0.613228926,7032,1.234220421,1,0,0.496855275
0,-0.142817344,1,0.559791011,4,2019-10-21T00:00:00.0,0.559791011,0,0.559791011,7033,1.142817344,1,0,0.489834193
0,-0.142817344,1,0.559791011,4,2019-10-21T01:00:00.0,0.559791011,0,0.559791011,7034,1.142817344,1,0,0.489834193
0,-0.142817344,1,0.559791011,4,2019-10-21T02:00:00.0,0.559791011,0,0.559791011,7035,1.142817344,1,0,0.489834193
0,-0.142817344,1,0.559791011,4,2019-10-21T03:00:00.0,0.559791011,0,0.559791011,7036,1.142817344,1,0,0.489834193
0,-0.142817344,1,0.559791011,4,2019-10-21T04:00:00.0,0.559791011,0,0.559791011,7037,1.142817344,1,0,0.489834193
0,-0.039677957,1,0.338880129,2,2019-10-21T05:00:00.0,0.338880129,0,0.338880129,7038,1.039677957,1,0,0.325947209
0,-0.039677957,1,0.338880129,2,2019-10-21T06:00:00.0,0.338880129,0,0.338880129,7039,1.039677957,1,0,0.325947209
0,-0.042430781,1,0.339777404,2,2019-10-21T07:00:00.0,0.339777404,0,0.339777404,7040,1.042430781,1,0,0.325947209
0,-0.121127698,1,0.656222487,4,2019-10-21T08:00:00.0,0.656222487,0,0.656222487,7041,1.121127699,1,0,0.585323588
0,-0.142817344,1,0.559791011,4,2019-10-21T09:00:00.0,0.559791011,0,0.559791011,7042,1.142817344,1,0,0.489834193
0,-0.142817344,1,0.559791011,4,2019-10-21T10:00:00.0,0.559791011,0,0.559791011,7043,1.142817344,1,0,0.489834193
0,-0.142817344,1,0.559791011,4,2019-10-21T11:00:00.0,0.559791011,0,0.559791011,7044,1.142817344,1,0,0.489834193
0,-0.039677957,1,0.680762412,2,2019-10-21T12:00:00.0,0.680762412,0,0.680762412,7045,1.039677957,1,0,0.654782
0,-0.234220421,1,0.613228926,4,2019-10-21T13:00:00.0,0.613228926,0,0.613228926,7046,1.234220421,1,0,0.496855275
0,-0.142817344,1,0.559791011,4,2019-10-21T14:00:00.0,0.559791011,0,0.559791011,7047,1.142817344,1,0,0.489834193
0,-0.142817344,1,0.559791011,4,2019-10-21T15:00:00.0,0.559791011,0,0.559791011,7048,1.142817344,1,0,0.489834193
0,-0.142817344,1,0.559791011,4,2019-10-21T16:00:00.0,0.559791011,0,0.559791011,7049,1.142817344,1,0,0.489834193
0,-0.121127698,1,0.656222487,4,2019-10-21T17:00:00.0,0.656222487,0,0.656222487,7050,1.121127699,1,0,0.585323588
0,-0.121127698,1,0.656222487,4,2019-10-21T18:00:00.0,0.656222487,0,0.656222487,7051,1.121127699,1,0,0.585323588
0,-0.121127698,1,0.656222487,4,2019-10-21T19:00:00.0,0.656222487,0,0.656222487,7052,1.121127699,1,0,0.585323588
0,-0.142817344,1,0.559791011,4,2019-10-21T20:00:00.0,0.559791011,0,0.559791011,7053,1.142817344,1,0,0.489834193
0,-0.034539314,1,0.403766889,3,2019-10-21T21:00:00.0,0.403766889,0,0.403766889,7054,1.034539315,1,0,0.390286656
0,-0.234220421,1,0.613228926,4,2019-10-21T22:00:00.0,0.613228926,0,0.613228926,7055,1.234220421,1,0,0.496855275
0,-0.234220421,1,0.613228927,4,2019-10-21T23:00:00.0,0.613228927,0,0.613228927,7056,1.234220422,1.000000001,0,0.496855275
0,-0.234220421,1,0.613079246,5,2019-10-22T00:00:00.0,0.613079246,0,0.613079246,7057,1.234220421,1,0,0.496734
0,-0.234220421,1,0.613228926,4,2019-10-22T01:00:00.0,0.613228926,0,0.613228926,7058,1.234220421,1,0,0.496855275
0,-0.234220421,1,0.613228926,4,2019-10-22T02:00:00.0,0.613228926,0,0.613228926,7059,1.234220421,1,0,0.496855275
0,-0.234220421,1,0.613228926,4,2019-10-22T03:00:00.0,0.613228926,0,0.613228926,7060,1.234220421,1,0,0.496855275
0,-0.234220421,1,0.613228926,4,2019-10-22T04:00:00.0,0.613228926,0,0.613228926,7061,1.234220421,1,0,0.496855275
0,-0.234220421,1,0.613228926,4,2019-10-22T05:00:00.0,0.613228926,0,0.613228926,7062,1.234220421,1,0,0.496855275
0,-0.234220421,1,0.613228926,4,2019-10-22T06:00:00.0,0.613228926,0,0.613228926,7063,1.234220421,1,0,0.496855275
0,-0.234220421,1,0.613228926,4,2019-10-22T07:00:00.0,0.613228926,0,0.613228926,7064,1.234220421,1,0,0.496855275
0,-0.234220421,1,0.613228926,4,2019-10-22T08:00:00.0,0.613228926,0,0.613228926,7065,1.234220421,1,0,0.496855275
0,-0.234220421,1,0.613228926,4,2019-10-22T09:00:00.0,0.613228926,0,0.613228926,7066,1.234220421,1,0,0.496855275
0,-0.234220421,1,0.613228926,4,2019-10-22T10:00:00.0,0.613228926,0,0.613228926,7067,1.234220421,1,0,0.496855275
0,-0.234220421,1,0.613228926,4,2019-10-22T11:00:00.0,0.613228926,0,0.613228926,7068,1.234220421,1,0,0.496855275
0,-0.234220421,1,0.613228926,4,2019-10-22T12:00:00.0,0.613228926,0,0.613228926,7069,1.234220421,1,0,0.496855275
0,-0.234220421,1,0.613228926,4,2019-10-22T13:00:00.0,0.613228926,0,0.613228926,7070,1.234220421,1,0,0.496855275
0,-0.234220421,1,0.613228926,4,2019-10-22T14:00:00.0,0.613228926,0,0.613228926,7071,1.234220421,1,0,0.496855275
0,-0.234220421,1,0.613228926,4,2019-10-22T15:00:00.0,0.613228926,0,0.613228926,7072,1.234220421,1,0,0.496855275
0,-0.234220421,1,0.613228926,4,2019-10-22T16:00:00.0,0.613228926,0,0.613228926,7073,1.234220421,1,0,0.496855275
0,-0.234220421,1,0.613228926,4,2019-10-22T17:00:00.0,0.613228926,0,0.613228926,7074,1.234220421,1,0,0.496855275
0,-0.234220421,1,0.613079247,5,2019-10-22T18:00:00.0,0.613079247,0,0.613079247,7075,1.234220421,1,0,0.496734
0,-0.239616846,1,0.616383893,3,2019-10-22T19:00:00.0,0.616383893,0,0.616383893,7076,1.239616846,1,0,0.497237429
0,-0.239616846,1,0.616383893,3,2019-10-22T20:00:00.0,0.616383893,0,0.616383893,7077,1.239616846,1,0,0.497237429
0,-0.239616846,1,0.616383893,3,2019-10-22T21:00:00.0,0.616383893,0,0.616383893,7078,1.239616846,1,0,0.497237429
0,-0.234220421,1,0.613228926,4,2019-10-22T22:00:00.0,0.613228926,0,0.613228926,7079,1.234220421,1,0,0.496855275
0,-0.234220421,1,0.613228926,4,2019-10-22T23:00:00.0,0.613228926,0,0.613228926,7080,1.234220421,1,0,0.496855275
0,-0.039677957,1,0.312598129,2,2019-10-23T00:00:00.0,0.312598129,0,0.312598129,7081,1.039677957,1,0,0.300668228
0,-0.039677957,1,0.312598129,2,2019-10-23T01:00:00.0,0.312598129,0,0.312598129,7082,1.039677957,1,0,0.300668228
0,-0.039677957,1,0.312598129,2,2019-10-23T02:00:00.0,0.312598129,0,0.312598129,7083,1.039677957,1,0,0.300668228
0,-0.039677957,1,0.312598129,2,2019-10-23T03:00:00.0,0.312598129,0,0.312598129,7084,1.039677957,1,0,0.300668228
0,-0.039677957,1,0.312598129,2,2019-10-23T04:00:00.0,0.312598129,0,0.312598129,7085,1.039677957,1,0,0.300668228
0,-0.030916483,1,0.414716476,3,2019-10-23T05:00:00.0,0.414716476,0,0.414716476,7086,1.030916483,1,0,0.402279411
0,-0.042430781,1,0.313425816,2,2019-10-23T06:00:00.0,0.313425816,0,0.313425816,7087,1.042430781,1,0,0.300668228
0,-0.142817344,1,0.559791011,4,2019-10-23T07:00:00.0,0.559791011,0,0.559791011,7088,1.142817344,1,0,0.489834193
0,-0.142817344,1,0.559791011,4,2019-10-23T08:00:00.0,0.559791011,0,0.559791011,7089,1.142817344,1,0,0.489834193
0,-0.039677957,1,0.313944848,2,2019-10-23T09:00:00.0,0.313944848,0,0.313944848,7090,1.039677957,1,0,0.301963551
0,-0.039677957,1,0.313944848,2,2019-10-23T10:00:00.0,0.313944848,0,0.313944848,7091,1.039677957,1,0,0.301963551
0,-0.042278842,1,0.313380132,2,2019-10-23T11:00:00.0,0.313380132,0,0.313380132,7092,1.042278842,1,0,0.300668228
0,-0.042278842,1,0.313380132,2,2019-10-23T12:00:00.0,0.313380132,0,0.313380132,7093,1.042278842,1,0,0.300668228
0,-0.039677957,1,0.312598129,2,2019-10-23T13:00:00.0,0.312598129,0,0.312598129,7094,1.039677957,1,0,0.300668228
0,-0.039677957,1,0.312598129,2,2019-10-23T14:00:00.0,0.312598129,0,0.312598129,7095,1.039677957,1,0,0.300668228
0,-0.039677957,1,0.312598129,2,2019-10-23T15:00:00.0,0.312598129,0,0.312598129,7096,1.039677957,1,0,0.300668228
0,-0.234220421,1,0.613228926,4,2019-10-23T16:00:00.0,0.613228926,0,0.613228926,7097,1.234220421,1,0,0.496855275
0,-0.234220421,1,0.613228926,4,2019-10-23T17:00:00.0,0.613228926,0,0.613228926,7098,1.234220421,1,0,0.496855275
0,-0.234220421,1,0.613228926,4,2019-10-23T18:00:00.0,0.613228926,0,0.613228926,7099,1.234220421,1,0,0.496855275
0,-0.234220421,1,0.613228926,4,2019-10-23T19:00:00.0,0.613228926,0,0.613228926,7100,1.234220421,1,0,0.496855275
0,-0.234220421,1,0.613228926,4,2019-10-23T20:00:00.0,0.613228926,0,0.613228926,7101,1.234220421,1,0,0.496855275
0,-0.234220421,1,0.613228926,4,2019-10-23T21:00:00.0,0.613228926,0,0.613228926,7102,1.234220421,1,0,0.496855275
0,-0.039677957,1,0.313944848,2,2019-10-23T22:00:00.0,0.313944848,0,0.313944848,7103,1.039677957,1,0,0.301963551
0,-0.234220421,1,0.613228926,4,2019-10-23T23:00:00.0,0.613228926,0,0.613228926,7104,1.234220421,1,0,0.496855275
0,-0.234220421,1,0.613228926,4,2019-10-24T00:00:00.0,0.613228926,0,0.613228926,7105,1.234220421,1,0,0.496855275
0,-0.234220421,1,0.613228926,4,2019-10-24T01:00:00.0,0.613228926,0,0.613228926,7106,1.234220421,1,0,0.496855275
0,-0.234220421,1,0.613228926,4,2019-10-24T02:00:00.0,0.613228926,0,0.613228926,7107,1.234220421,1,0,0.496855275
0,-0.234220421,1,0.613228926,4,2019-10-24T03:00:00.0,0.613228926,0,0.613228926,7108,1.234220421,1,0,0.496855275
0,-0.234220421,1,0.613228926,4,2019-10-24T04:00:00.0,0.613228926,0,0.613228926,7109,1.234220421,1,0,0.496855275
0,-0.234220421,1,0.613228926,4,2019-10-24T05:00:00.0,0.613228926,0,0.613228926,7110,1.234220421,1,0,0.496855275
0,-0.234220421,1,0.613228926,4,2019-10-24T06:00:00.0,0.613228926,0,0.613228926,7111,1.234220421,1,0,0.496855275
0,-0.142817344,1,0.559791011,4,2019-10-24T07:00:00.0,0.559791011,0,0.559791011,7112,1.142817344,1,0,0.489834193
0,-0.142817344,1,0.559791011,4,2019-10-24T08:00:00.0,0.559791011,0,0.559791011,7113,1.142817344,1,0,0.489834193
0,-0.234220421,1,0.613228926,4,2019-10-24T09:00:00.0,0.613228926,0,0.613228926,7114,1.234220421,1,0,0.496855275
0,-0.234220421,1,0.613228926,4,2019-10-24T10:00:00.0,0.613228926,0,0.613228926,7115,1.234220421,1,0,0.496855275
0,-0.234220421,1,0.613228926,4,2019-10-24T11:00:00.0,0.613228926,0,0.613228926,7116,1.234220421,1,0,0.496855275
0,-0.234220421,1,0.613228926,4,2019-10-24T12:00:00.0,0.613228926,0,0.613228926,7117,1.234220421,1,0,0.496855275
0,-0.234220421,1,0.613228926,4,2019-10-24T13:00:00.0,0.613228926,0,0.613228926,7118,1.234220421,1,0,0.496855275
0,-0.234220421,1,0.613228926,4,2019-10-24T14:00:00.0,0.613228926,0,0.613228926,7119,1.234220421,1,0,0.496855275
0,-0.234220421,1,0.613228926,4,2019-10-24T15:00:00.0,0.613228926,0,0.613228926,7120,1.234220421,1,0,0.496855275
0,-0.234220421,1,0.613228926,4,2019-10-24T16:00:00.0,0.613228926,0,0.613228926,7121,1.234220421,1,0,0.496855275
0,-0.239616846,1,0.616383893,3,2019-10-24T17:00:00.0,0.616383893,0,0.616383893,7122,1.239616846,1,0,0.497237429
0,-0.239616846,1,0.616383893,3,2019-10-24T18:00:00.0,0.616383893,0,0.616383893,7123,1.239616846,1,0,0.497237429
0,-0.142817344,1,0.559791011,4,2019-10-24T19:00:00.0,0.559791011,0,0.559791011,7124,1.142817344,1,0,0.489834193
0,-0.142817344,1,0.559791011,4,2019-10-24T20:00:00.0,0.559791011,0,0.559791011,7125,1.142817344,1,0,0.489834193
0,-0.239616846,1,0.616383893,3,2019-10-24T21:00:00.0,0.616383893,0,0.616383893,7126,1.239616846,1,0,0.497237429
0,-0.239616846,1,0.616383893,3,2019-10-24T22:00:00.0,0.616383893,0,0.616383893,7127,1.239616846,1,0,0.497237429
0,-0.039677957,1,0.338880129,2,2019-10-24T23:00:00.0,0.338880129,0,0.338880129,7128,1.039677957,1,0,0.325947209
0,-0.065965146,1,0.36170484,3,2019-10-25T00:00:00.0,0.36170484,0,0.36170484,7129,1.065965146,1,0,0.339321451
0,-0.121127698,1,0.656222487,4,2019-10-25T01:00:00.0,0.656222487,0,0.656222487,7130,1.121127699,1,0,0.585323588
0,-0.121127698,1,0.656222487,4,2019-10-25T02:00:00.0,0.656222487,0,0.656222487,7131,1.121127699,1,0,0.585323588
0,-0.121127698,1,0.656222487,4,2019-10-25T03:00:00.0,0.656222487,0,0.656222487,7132,1.121127699,1,0,0.585323588
0,-0.042430781,1,0.339777404,2,2019-10-25T04:00:00.0,0.339777404,0,0.339777404,7133,1.042430781,1,0,0.325947209
0,-0.121127698,1,0.656222487,4,2019-10-25T05:00:00.0,0.656222487,0,0.656222487,7134,1.121127699,1,0,0.585323588
0,-0.121127698,1,0.656222487,4,2019-10-25T06:00:00.0,0.656222487,0,0.656222487,7135,1.121127699,1,0,0.585323588
0,-0.121127698,1,0.656222487,4,2019-10-25T07:00:00.0,0.656222487,0,0.656222487,7136,1.121127699,1,0,0.585323588
0,-0.121127698,1,0.656222487,4,2019-10-25T08:00:00.0,0.656222487,0,0.656222487,7137,1.121127699,1,0,0.585323588
0,-0.042430783,1,0.682564912,2,2019-10-25T09:00:00.0,0.682564912,0,0.682564912,7138,1.042430781,0.999999998,0,0.654782
0,-0.121127698,1,0.622539869,4,2019-10-25T10:00:00.0,0.622539869,0,0.622539869,7139,1.121127698,1,0,0.555280072
0,-0.121127698,1,0.622539869,4,2019-10-25T11:00:00.0,0.622539869,0,0.622539869,7140,1.121127698,1,0,0.555280072
0,-0.121127698,1,0.622539869,4,2019-10-25T12:00:00.0,0.622539869,0,0.622539869,7141,1.121127698,1,0,0.555280072
0,-0.121127698,1,0.622539869,4,2019-10-25T13:00:00.0,0.622539869,0,0.622539869,7142,1.121127698,1,0,0.555280072
0,-0.121127698,1,0.656222487,4,2019-10-25T14:00:00.0,0.656222487,0,0.656222487,7143,1.121127699,1,0,0.585323588
0,-0.121127698,1,0.656222487,4,2019-10-25T15:00:00.0,0.656222487,0,0.656222487,7144,1.121127699,1,0,0.585323588
0,-0.121127698,1,0.656222487,4,2019-10-25T16:00:00.0,0.656222487,0,0.656222487,7145,1.121127699,1,0,0.585323588
0,-0.121127698,1,0.656222487,4,2019-10-25T17:00:00.0,0.656222487,0,0.656222487,7146,1.121127699,1,0,0.585323588
0,-0.120881584,1,0.656305233,5,2019-10-25T18:00:00.0,0.656305233,0,0.656305233,7147,1.120881584,1,0,0.585525931
0,-0.120770938,1,0.656342434,4,2019-10-25T19:00:00.0,0.656342434,0,0.656342434,7148,1.120770938,1,0,0.585616928
0,-0.121127698,1,0.656222487,4,2019-10-25T20:00:00.0,0.656222487,0,0.656222487,7149,1.121127699,1,0,0.585323588
0,-0.121127698,1,0.656222487,4,2019-10-25T21:00:00.0,0.656222487,0,0.656222487,7150,1.121127699,1,0,0.585323588
0,-0.121127698,1,0.656222487,4,2019-10-25T22:00:00.0,0.656222487,0,0.656222487,7151,1.121127699,1,0,0.585323588
0,-0.142817344,1,0.559791011,4,2019-10-25T23:00:00.0,0.559791011,0,0.559791011,7152,1.142817344,1,0,0.489834193
0,-0.042430781,1,0.313425816,2,2019-10-26T00:00:00.0,0.313425816,0,0.313425816,7153,1.042430781,1,0,0.300668228
0,-0.047144112,1,0.294393113,2,2019-10-26T01:00:00.0,0.294393113,0,0.294393113,7154,1.047144112,1,0,0.281139061
0,-0.039677957,1,0.312598129,2,2019-10-26T02:00:00.0,0.312598129,0,0.312598129,7155,1.039677957,1,0,0.300668228
0,-0.039457729,1,0.312531913,2,2019-10-26T03:00:00.0,0.312531913,0,0.312531913,7156,1.039457729,1,0,0.300668228
0,-0.039677957,1,0.312598129,2,2019-10-26T04:00:00.0,0.312598129,0,0.312598129,7157,1.039677957,1,0,0.300668228
0,-0.039677957,1,0.312598129,2,2019-10-26T05:00:00.0,0.312598129,0,0.312598129,7158,1.039677957,1,0,0.300668228
0,-0.039677957,1,0.312598129,2,2019-10-26T06:00:00.0,0.312598129,0,0.312598129,7159,1.039677957,1,0,0.300668228
0,-0.039677957,1,0.312598129,2,2019-10-26T07:00:00.0,0.312598129,0,0.312598129,7160,1.039677957,1,0,0.300668228
0,-0.039457729,1,0.312531913,2,2019-10-26T08:00:00.0,0.312531913,0,0.312531913,7161,1.039457729,1,0,0.300668228
0,-0.039677957,1,0.312598129,2,2019-10-26T09:00:00.0,0.312598129,0,0.312598129,7162,1.039677957,1,0,0.300668228
0,-0.037777842,1,0.343381262,3,2019-10-26T10:00:00.0,0.343381262,0,0.343381262,7163,1.037777842,1,0,0.330881281
0,-0.037777842,1,0.343381262,3,2019-10-26T11:00:00.0,0.343381262,0,0.343381262,7164,1.037777842,1,0,0.330881281
0,-0.035016975,1,0.36021253,3,2019-10-26T12:00:00.0,0.36021253,0,0.36021253,7165,1.035016975,1,0,0.348025722
0,-0.035016975,1,0.36021253,3,2019-10-26T13:00:00.0,0.36021253,0,0.36021253,7166,1.035016975,1,0,0.348025722
0,-0.039677957,1,0.313944848,2,2019-10-26T14:00:00.0,0.313944848,0,0.313944848,7167,1.039677957,1,0,0.301963551
0,-0.039677957,1,0.313944848,2,2019-10-26T15:00:00.0,0.313944848,0,0.313944848,7168,1.039677957,1,0,0.301963551
0,-0.121127698,1,0.656222487,4,2019-10-26T16:00:00.0,0.656222487,0,0.656222487,7169,1.121127698,1,0,0.585323588
0,-0.121127698,1,0.656222487,4,2019-10-26T17:00:00.0,0.656222487,0,0.656222487,7170,1.121127698,1,0,0.585323588
0,-0.121127698,1,0.656222487,4,2019-10-26T18:00:00.0,0.656222487,0,0.656222487,7171,1.121127698,1,0,0.585323588
0,-0.142817344,1,0.559791011,4,2019-10-26T19:00:00.0,0.559791011,0,0.559791011,7172,1.142817344,1,0,0.489834193
0,-0.142817344,1,0.559791011,4,2019-10-26T20:00:00.0,0.559791011,0,0.559791011,7173,1.142817344,1,0,0.489834193
0,-0.234220421,1,0.613228926,4,2019-10-26T21:00:00.0,0.613228926,0,0.613228926,7174,1.234220421,1,0,0.496855275
0,-0.039677957,1,0.313944848,2,2019-10-26T22:00:00.0,0.313944848,0,0.313944848,7175,1.039677957,1,0,0.301963551
0,-0.234220421,1,0.613228926,4,2019-10-26T23:00:00.0,0.613228926,0,0.613228926,7176,1.234220421,1,0,0.496855275
0,-0.234220421,1,0.613228926,4,2019-10-27T00:00:00.0,0.613228926,0,0.613228926,7177,1.234220421,1,0,0.496855275
0,-0.234220421,1,0.613228926,4,2019-10-27T01:00:00.0,0.613228926,0,0.613228926,7178,1.234220421,1,0,0.496855275
0,-0.234220421,1,0.613228926,4,2019-10-27T02:00:00.0,0.613228926,0,0.613228926,7179,1.234220421,1,0,0.496855275
0,-0.234220421,1,0.613228926,4,2019-10-27T03:00:00.0,0.613228926,0,0.613228926,7180,1.234220421,1,0,0.496855275
0,-0.234220421,1,0.613228926,4,2019-10-27T04:00:00.0,0.613228926,0,0.613228926,7181,1.234220421,1,0,0.496855275
0,-0.234220421,1,0.613228926,4,2019-10-27T05:00:00.0,0.613228926,0,0.613228926,7182,1.234220421,1,0,0.496855275
0,-0.234220421,1,0.613228926,4,2019-10-27T06:00:00.0,0.613228926,0,0.613228926,7183,1.234220421,1,0,0.496855275
0,-0.234220421,1,0.613228926,4,2019-10-27T07:00:00.0,0.613228926,0,0.613228926,7184,1.234220421,1,0,0.496855275
0,-0.234220421,1,0.613228926,4,2019-10-27T08:00:00.0,0.613228926,0,0.613228926,7185,1.234220421,1,0,0.496855275
0,-0.234220421,1,0.613228926,4,2019-10-27T09:00:00.0,0.613228926,0,0.613228926,7186,1.234220421,1,0,0.496855275
0,-0.234220421,1,0.613228926,4,2019-10-27T10:00:00.0,0.613228926,0,0.613228926,7187,1.234220421,1,0,0.496855275
0,-0.234220421,1,0.613228926,4,2019-10-27T11:00:00.0,0.613228926,0,0.613228926,7188,1.234220421,1,0,0.496855275
0,-0.234220421,1,0.613228926,4,2019-10-27T12:00:00.0,0.613228926,0,0.613228926,7189,1.234220421,1,0,0.496855275
0,-0.234220421,1,0.613228926,4,2019-10-27T13:00:00.0,0.613228926,0,0.613228926,7190,1.234220421,1,0,0.496855275
0,-0.234220421,1,0.613228926,4,2019-10-27T14:00:00.0,0.613228926,0,0.613228926,7191,1.234220421,1,0,0.496855275
0,-0.234220421,1,0.613228926,4,2019-10-27T15:00:00.0,0.613228926,0,0.613228926,7192,1.234220421,1,0,0.496855275
0,-0.234220421,1,0.613228926,4,2019-10-27T16:00:00.0,0.613228926,0,0.613228926,7193,1.234220421,1,0,0.496855275
0,-0.234220421,1,0.613228926,4,2019-10-27T17:00:00.0,0.613228926,0,0.613228926,7194,1.234220421,1,0,0.496855275
0,-0.234220421,1,0.613228926,4,2019-10-27T18:00:00.0,0.613228926,0,0.613228926,7195,1.234220421,1,0,0.496855275
0,-0.142817344,1,0.559791011,4,2019-10-27T19:00:00.0,0.559791011,0,0.559791011,7196,1.142817344,1,0,0.489834193
0,-0.234220421,1,0.613228926,4,2019-10-27T20:00:00.0,0.613228926,0,0.613228926,7197,1.234220421,1,0,0.496855275
0,-0.234220421,1,0.613228926,4,2019-10-27T21:00:00.0,0.613228926,0,0.613228926,7198,1.234220421,1,0,0.496855275
0,-0.234220421,1,0.613228926,4,2019-10-27T22:00:00.0,0.613228926,0,0.613228926,7199,1.234220421,1,0,0.496855275
0,-0.234220421,1,0.613228926,4,2019-10-27T23:00:00.0,0.613228926,0,0.613228926,7200,1.234220421,1,0,0.496855275
0,-0.234220421,1,0.613228926,4,2019-10-28T00:00:00.0,0.613228926,0,0.613228926,7201,1.234220421,1,0,0.496855275
0,-0.234220421,1,0.613228926,4,2019-10-28T01:00:00.0,0.613228926,0,0.613228926,7202,1.234220421,1,0,0.496855275
0,-0.234220421,1,0.613228926,4,2019-10-28T02:00:00.0,0.613228926,0,0.613228926,7203,1.234220421,1,0,0.496855275
0,-0.234220421,1,0.613228926,4,2019-10-28T03:00:00.0,0.613228926,0,0.613228926,7204,1.234220421,1,0,0.496855275
0,-0.234220421,1,0.613228926,4,2019-10-28T04:00:00.0,0.613228926,0,0.613228926,7205,1.234220421,1,0,0.496855275
0,-0.142817344,1,0.559791011,4,2019-10-28T05:00:00.0,0.559791011,0,0.559791011,7206,1.142817344,1,0,0.489834193
0,-0.121127698,1,0.656222487,4,2019-10-28T06:00:00.0,0.656222487,0,0.656222487,7207,1.121127699,1,0,0.585323588
0,-0.042430781,1,0.682564912,2,2019-10-28T07:00:00.0,0.682564912,0,0.682564912,7208,1.042430781,1,0,0.654782
0,-0.239616846,1,0.616383893,3,2019-10-28T08:00:00.0,0.616383893,0,0.616383893,7209,1.239616846,1,0,0.497237429
0,-0.239616846,1,0.616383893,3,2019-10-28T09:00:00.0,0.616383893,0,0.616383893,7210,1.239616846,1,0,0.497237429
0,-0.142817344,1,0.559791011,4,2019-10-28T10:00:00.0,0.559791011,0,0.559791011,7211,1.142817344,1,0,0.489834193
0,-0.239616846,1,0.616383893,3,2019-10-28T11:00:00.0,0.616383893,0,0.616383893,7212,1.239616846,1,0,0.497237429
0,-0.239616846,1,0.616383893,3,2019-10-28T12:00:00.0,0.616383893,0,0.616383893,7213,1.239616846,1,0,0.497237429
0,-0.239616846,1,0.616383893,3,2019-10-28T13:00:00.0,0.616383893,0,0.616383893,7214,1.239616846,1,0,0.497237429
0,-0.239616846,1,0.616383893,3,2019-10-28T14:00:00.0,0.616383893,0,0.616383893,7215,1.239616846,1,0,0.497237429
0,-0.239616846,1,0.616383893,3,2019-10-28T15:00:00.0,0.616383893,0,0.616383893,7216,1.239616846,1,0,0.497237429
0,-0.142817344,1,0.559791011,4,2019-10-28T16:00:00.0,0.559791011,0,0.559791011,7217,1.142817344,1,0,0.489834193
0,-0.121127698,1,0.656222487,4,2019-10-28T17:00:00.0,0.656222487,0,0.656222487,7218,1.121127699,1,0,0.585323588
0,-0.120770938,1,0.656342434,4,2019-10-28T18:00:00.0,0.656342434,0,0.656342434,7219,1.120770938,1,0,0.585616928
0,-0.121127698,1,0.656222487,4,2019-10-28T19:00:00.0,0.656222487,0,0.656222487,7220,1.121127699,1,0,0.585323588
0,-0.121127698,1,0.656222487,4,2019-10-28T20:00:00.0,0.656222487,0,0.656222487,7221,1.121127699,1,0,0.585323588
0,-0.142817344,1,0.559791011,4,2019-10-28T21:00:00.0,0.559791011,0,0.559791011,7222,1.142817344,1,0,0.489834193
0,-0.039677957,1,0.353462977,2,2019-10-28T22:00:00.0,0.353462977,0,0.353462977,7223,1.039677957,1,0,0.339973522
0,-0.039677957,1,0.312598129,2,2019-10-28T23:00:00.0,0.312598129,0,0.312598129,7224,1.039677957,1,0,0.300668228
0,-0.039677957,1,0.338880129,2,2019-10-29T00:00:00.0,0.338880129,0,0.338880129,7225,1.039677959,1.000000003,0,0.325947209
0,-0.039677957,1,0.353462977,2,2019-10-29T01:00:00.0,0.353462977,0,0.353462977,7226,1.039677957,1,0,0.339973522
0,-0.039677957,1,0.353462977,2,2019-10-29T02:00:00.0,0.353462977,0,0.353462977,7227,1.039677957,1,0,0.339973522
0,-0.039677957,1,0.353462977,2,2019-10-29T03:00:00.0,0.353462977,0,0.353462977,7228,1.039677957,1,0,0.339973522
0,-0.039677957,1,0.353462977,2,2019-10-29T04:00:00.0,0.353462977,0,0.353462977,7229,1.039677957,1,0,0.339973522
0,-0.039677957,1,0.353462977,2,2019-10-29T05:00:00.0,0.353462977,0,0.353462977,7230,1.039677957,1,0,0.339973522
0,-0.039677957,1,0.353462977,2,2019-10-29T06:00:00.0,0.353462977,0,0.353462977,7231,1.039677957,1,0,0.339973522
0,-0.039677957,1,0.680762412,2,2019-10-29T07:00:00.0,0.680762412,0,0.680762412,7232,1.039677957,1,0,0.654782
0,-0.234220421,1,0.613228926,4,2019-10-29T08:00:00.0,0.613228926,0,0.613228926,7233,1.234220421,1,0,0.496855275
0,-0.234220421,1,0.613228926,4,2019-10-29T09:00:00.0,0.613228926,0,0.613228926,7234,1.234220421,1,0,0.496855275
0,-0.234220421,1,0.613228926,4,2019-10-29T10:00:00.0,0.613228926,0,0.613228926,7235,1.234220421,1,0,0.496855275
0,-0.234220421,1,0.613228926,4,2019-10-29T11:00:00.0,0.613228926,0,0.613228926,7236,1.234220421,1,0,0.496855275
0,-0.234220421,1,0.613228926,4,2019-10-29T12:00:00.0,0.613228926,0,0.613228926,7237,1.234220421,1,0,0.496855275
0,-0.234220421,1,0.613228926,4,2019-10-29T13:00:00.0,0.613228926,0,0.613228926,7238,1.234220421,1,0,0.496855275
0,-0.234220421,1,0.613228926,4,2019-10-29T14:00:00.0,0.613228926,0,0.613228926,7239,1.234220421,1,0,0.496855275
0,-0.039677957,1,0.680762412,2,2019-10-29T15:00:00.0,0.680762412,0,0.680762412,7240,1.039677957,1,0,0.654782
0,-0.234220421,1,0.613228926,4,2019-10-29T16:00:00.0,0.613228926,0,0.613228926,7241,1.234220421,1,0,0.496855275
0,-0.142817344,1,0.559791011,4,2019-10-29T17:00:00.0,0.559791011,0,0.559791011,7242,1.142817344,1,0,0.489834193
0,-0.142817344,1,0.559791011,4,2019-10-29T18:00:00.0,0.559791011,0,0.559791011,7243,1.142817344,1,0,0.489834193
0,-0.142817344,1,0.559791011,4,2019-10-29T19:00:00.0,0.559791011,0,0.559791011,7244,1.142817344,1,0,0.489834193
0,-0.142817344,1,0.559791011,4,2019-10-29T20:00:00.0,0.559791011,0,0.559791011,7245,1.142817344,1,0,0.489834193
0,-0.142817344,1,0.559791011,4,2019-10-29T21:00:00.0,0.559791011,0,0.559791011,7246,1.142817344,1,0,0.489834193
0,-0.234220421,1,0.613228926,4,2019-10-29T22:00:00.0,0.613228926,0,0.613228926,7247,1.234220421,1,0,0.496855275
0,-0.039677957,1,0.338880129,2,2019-10-29T23:00:00.0,0.338880129,0,0.338880129,7248,1.039677957,1,0,0.325947209
0,-0.121127698,1,0.656222487,4,2019-10-30T00:00:00.0,0.656222487,0,0.656222487,7249,1.121127698,1,0,0.585323588
0,-0.121127698,1,0.656222487,4,2019-10-30T01:00:00.0,0.656222487,0,0.656222487,7250,1.121127699,1,0,0.585323588
0,-0.042430781,1,0.354398864,2,2019-10-30T02:00:00.0,0.354398864,0,0.354398864,7251,1.042430781,1,0,0.339973522
0,-0.04243078,1,0.682564914,2,2019-10-30T03:00:00.0,0.682564914,0,0.682564914,7252,1.042430784,1.000000004,0,0.654782
0,-0.042430781,1,0.354398864,2,2019-10-30T04:00:00.0,0.354398864,0,0.354398864,7253,1.042430781,1,0,0.339973522
0,-0.121127698,1,0.656222487,4,2019-10-30T05:00:00.0,0.656222487,0,0.656222487,7254,1.121127699,1,0,0.585323588
0,-0.121127698,1,0.656222487,4,2019-10-30T06:00:00.0,0.656222487,0,0.656222487,7255,1.121127699,1,0,0.585323588
0,-0.121127698,1,0.622539869,4,2019-10-30T07:00:00.0,0.622539869,0,0.622539869,7256,1.121127698,1,0,0.555280072
0,-0.121127698,1,0.622539869,4,2019-10-30T08:00:00.0,0.622539869,0,0.622539869,7257,1.121127699,1,0,0.555280072
0,-0.121127698,1,0.656222487,4,2019-10-30T09:00:00.0,0.656222487,0,0.656222487,7258,1.121127699,1,0,0.585323588
0,-0.121127698,1,0.622539869,4,2019-10-30T10:00:00.0,0.622539869,0,0.622539869,7259,1.121127698,1,0,0.555280072
0,-0.121127698,1,0.622539869,4,2019-10-30T11:00:00.0,0.622539869,0,0.622539869,7260,1.121127699,1,0,0.555280072
0,-0.121127698,1,0.622539869,4,2019-10-30T12:00:00.0,0.622539869,0,0.622539869,7261,1.121127699,1,0,0.555280072
0,-0.121127698,1,0.622539869,4,2019-10-30T13:00:00.0,0.622539869,0,0.622539869,7262,1.121127699,1,0,0.555280072
0,-0.121127698,1,0.622539869,4,2019-10-30T14:00:00.0,0.622539869,0,0.622539869,7263,1.121127699,1,0,0.555280072
0,-0.121127698,1,0.622539869,4,2019-10-30T15:00:00.0,0.622539869,0,0.622539869,7264,1.121127699,1,0,0.555280072
0,-0.121127698,1,0.622539869,4,2019-10-30T16:00:00.0,0.622539869,0,0.622539869,7265,1.121127699,1,0,0.555280072
0,-0.121127698,1,0.622539869,4,2019-10-30T17:00:00.0,0.622539869,0,0.622539869,7266,1.121127698,1,0,0.555280072
0,-0.121127698,1,0.656222487,4,2019-10-30T18:00:00.0,0.656222487,0,0.656222487,7267,1.121127699,1,0,0.585323588
0,-0.121127698,1,0.656222487,4,2019-10-30T19:00:00.0,0.656222487,0,0.656222487,7268,1.121127699,1,0,0.585323588
0,-0.121127698,1,0.656222487,4,2019-10-30T20:00:00.0,0.656222487,0,0.656222487,7269,1.121127698,1,0,0.585323588
0,-0.121127698,1,0.656222487,4,2019-10-30T21:00:00.0,0.656222487,0,0.656222487,7270,1.121127699,1,0,0.585323588
0,-0.039677957,1,0.353462977,2,2019-10-30T22:00:00.0,0.353462977,0,0.353462977,7271,1.039677957,1,0,0.339973522
0,-0.036661054,1,0.346886061,3,2019-10-30T23:00:00.0,0.346886061,0,0.346886061,7272,1.036661054,1,0,0.334618591
0,-0.034659309,1,0.363685293,3,2019-10-31T00:00:00.0,0.363685293,0,0.363685293,7273,1.03465931,1,0,0.351502461
0,-0.034659309,1,0.363685293,3,2019-10-31T01:00:00.0,0.363685293,0,0.363685293,7274,1.034659309,1,0,0.351502461
0,-0.034659309,1,0.363685293,3,2019-10-31T02:00:00.0,0.363685293,0,0.363685293,7275,1.034659309,1,0,0.351502461
0,-0.03465931,1,0.363685293,3,2019-10-31T03:00:00.0,0.363685293,0,0.363685293,7276,1.034659309,1,0,0.351502461
0,-0.03465931,1,0.363685293,3,2019-10-31T04:00:00.0,0.363685293,0,0.363685293,7277,1.034659309,1,0,0.351502461
0,-0.034659309,1,0.363685293,3,2019-10-31T05:00:00.0,0.363685293,0,0.363685293,7278,1.03465931,1,0,0.351502461
0,-0.03465931,1,0.363685293,3,2019-10-31T06:00:00.0,0.363685293,0,0.363685293,7279,1.03465931,1,0,0.351502461
0,-0.03465931,1,0.365600757,3,2019-10-31T07:00:00.0,0.365600757,0,0.365600757,7280,1.034659309,1,0,0.35335376
0,-0.03465931,1,0.3657494,3,2019-10-31T08:00:00.0,0.3657494,0,0.3657494,7281,1.03465931,1,0,0.353497424
0,-0.039677957,1,0.354594634,2,2019-10-31T09:00:00.0,0.354594634,0,0.354594634,7282,1.039677957,1,0,0.341061991
0,-0.039677957,1,0.354594634,2,2019-10-31T10:00:00.0,0.354594634,0,0.354594634,7283,1.039677957,1,0,0.341061991
0,-0.039677957,1,0.354594634,2,2019-10-31T11:00:00.0,0.354594634,0,0.354594634,7284,1.039677957,1,0,0.341061991
0,-0.039677957,1,0.354594634,2,2019-10-31T12:00:00.0,0.354594634,0,0.354594634,7285,1.039677957,1,0,0.341061991
0,-0.234220421,1,0.613228926,4,2019-10-31T13:00:00.0,0.613228926,0,0.613228926,7286,1.234220421,1,0,0.496855275
0,-0.234220421,1,0.613228926,4,2019-10-31T14:00:00.0,0.613228926,0,0.613228926,7287,1.234220421,1,0,0.496855275
0,-0.039677957,1,0.354594634,2,2019-10-31T15:00:00.0,0.354594634,0,0.354594634,7288,1.039677957,1,0,0.341061991
0,-0.234220421,1,0.613228926,4,2019-10-31T16:00:00.0,0.613228926,0,0.613228926,7289,1.234220421,1,0,0.496855275
0,-0.234220421,1,0.613228926,4,2019-10-31T17:00:00.0,0.613228926,0,0.613228926,7290,1.234220421,1,0,0.496855275
0,-0.234220421,1,0.613228926,4,2019-10-31T18:00:00.0,0.613228926,0,0.613228926,7291,1.234220421,1,0,0.496855275
0,-0.234220421,1,0.613228926,4,2019-10-31T19:00:00.0,0.613228926,0,0.613228926,7292,1.234220421,1,0,0.496855275
0,-0.234220421,1,0.613228926,4,2019-10-31T20:00:00.0,0.613228926,0,0.613228926,7293,1.234220421,1,0,0.496855275
0,-0.234220421,1,0.613228926,4,2019-10-31T21:00:00.0,0.613228926,0,0.613228926,7294,1.234220421,1,0,0.496855275
0,-0.234220421,1,0.613228926,4,2019-10-31T22:00:00.0,0.613228926,0,0.613228926,7295,1.234220421,1,0,0.496855275
0,-0.039836203,1,0.312645708,2,2019-10-31T23:00:00.0,0.312645708,0,0.312645708,7296,1.039836203,1,0,0.300668228
0,-0.039836203,1,0.312645708,2,2019-11-01T00:00:00.0,0.312645708,0,0.312645708,7297,1.039836203,1,0,0.300668228
0,-0.039836203,1,0.312645708,2,2019-11-01T01:00:00.0,0.312645708,0,0.312645708,7298,1.039836203,1,0,0.300668228
0,-0.039836203,1,0.312645708,2,2019-11-01T02:00:00.0,0.312645708,0,0.312645708,7299,1.039836203,1,0,0.300668228
0,-0.039877735,1,0.312658196,2,2019-11-01T03:00:00.0,0.312658196,0,0.312658196,7300,1.039877735,1,0,0.300668228
0,-0.039877735,1,0.312658196,2,2019-11-01T04:00:00.0,0.312658196,0,0.312658196,7301,1.039877735,1,0,0.300668228
0,-0.039836203,1,0.312645708,2,2019-11-01T05:00:00.0,0.312645708,0,0.312645708,7302,1.039836203,1,0,0.300668228
0,-0.039677957,1,0.312598129,2,2019-11-01T06:00:00.0,0.312598129,0,0.312598129,7303,1.039677957,1,0,0.300668228
0,-0.039677957,1,0.313944848,2,2019-11-01T07:00:00.0,0.313944848,0,0.313944848,7304,1.039677957,1,0,0.301963551
0,-0.234220421,1,0.613228926,4,2019-11-01T08:00:00.0,0.613228926,0,0.613228926,7305,1.234220421,1,0,0.496855275
0,-0.039677957,1,0.313944848,2,2019-11-01T09:00:00.0,0.313944848,0,0.313944848,7306,1.039677957,1,0,0.301963551
0,-0.039677957,1,0.312598129,2,2019-11-01T10:00:00.0,0.312598129,0,0.312598129,7307,1.039677957,1,0,0.300668228
0,-0.042278842,1,0.313380132,2,2019-11-01T11:00:00.0,0.313380132,0,0.313380132,7308,1.042278842,1,0,0.300668228
0,-0.042278842,1,0.313380132,2,2019-11-01T12:00:00.0,0.313380132,0,0.313380132,7309,1.042278842,1,0,0.300668228
0,-0.042278842,1,0.313380132,2,2019-11-01T13:00:00.0,0.313380132,0,0.313380132,7310,1.042278842,1,0,0.300668228
0,-0.042278842,1,0.313380132,2,2019-11-01T14:00:00.0,0.313380132,0,0.313380132,7311,1.042278842,1,0,0.300668228
0,-0.042278842,1,0.313380132,2,2019-11-01T15:00:00.0,0.313380132,0,0.313380132,7312,1.042278842,1,0,0.300668228
0,-0.234220421,1,0.613228926,4,2019-11-01T16:00:00.0,0.613228926,0,0.613228926,7313,1.234220421,1,0,0.496855275
0,-0.234220421,1,0.613228926,4,2019-11-01T17:00:00.0,0.613228926,0,0.613228926,7314,1.234220421,1,0,0.496855275
0,-0.234220421,1,0.613228926,4,2019-11-01T18:00:00.0,0.613228926,0,0.613228926,7315,1.234220421,1,0,0.496855275
0,-0.142817344,1,0.559791011,4,2019-11-01T19:00:00.0,0.559791011,0,0.559791011,7316,1.142817344,1,0,0.489834193
0,-0.234220421,1,0.613228926,4,2019-11-01T20:00:00.0,0.613228926,0,0.613228926,7317,1.234220421,1,0,0.496855275
0,-0.234220421,1,0.613228926,4,2019-11-01T21:00:00.0,0.613228926,0,0.613228926,7318,1.234220421,1,0,0.496855275
0,-0.039677957,1,0.313944848,2,2019-11-01T22:00:00.0,0.313944848,0,0.313944848,7319,1.039677957,1,0,0.301963551
0,-0.039677957,1,0.313944848,2,2019-11-01T23:00:00.0,0.313944848,0,0.313944848,7320,1.039677957,1,0,0.301963551
0,-0.142817344,1,0.559791011,4,2019-11-02T00:00:00.0,0.559791011,0,0.559791011,7321,1.142817344,1,0,0.489834193
0,-0.142817344,1,0.559791011,4,2019-11-02T01:00:00.0,0.559791011,0,0.559791011,7322,1.142817344,1,0,0.489834193
0,-0.142817344,1,0.559791011,4,2019-11-02T02:00:00.0,0.559791011,0,0.559791011,7323,1.142817344,1,0,0.489834193
0,-0.142817344,1,0.559791011,4,2019-11-02T03:00:00.0,0.559791011,0,0.559791011,7324,1.142817344,1,0,0.489834193
0,-0.142817344,1,0.559791011,4,2019-11-02T04:00:00.0,0.559791011,0,0.559791011,7325,1.142817344,1,0,0.489834193
0,-0.142817344,1,0.559791011,4,2019-11-02T05:00:00.0,0.559791011,0,0.559791011,7326,1.142817344,1,0,0.489834193
0,-0.142817344,1,0.559791011,4,2019-11-02T06:00:00.0,0.559791011,0,0.559791011,7327,1.142817344,1,0,0.489834193
0,-0.042430781,1,0.3147761,2,2019-11-02T07:00:00.0,0.3147761,0,0.3147761,7328,1.042430781,1,0,0.301963551
0,-0.039677957,1,0.313944848,2,2019-11-02T08:00:00.0,0.313944848,0,0.313944848,7329,1.039677957,1,0,0.301963551
0,-0.036661054,1,0.346886061,3,2019-11-02T09:00:00.0,0.346886061,0,0.346886061,7330,1.036661054,1,0,0.334618591
0,-0.035016975,1,0.360392919,3,2019-11-02T10:00:00.0,0.360392919,0,0.360392919,7331,1.035016975,1,0,0.348200008
0,-0.03455205,1,0.403796997,3,2019-11-02T11:00:00.0,0.403796997,0,0.403796997,7332,1.03455205,1,0,0.390310954
0,-0.03455205,1,0.403796997,3,2019-11-02T12:00:00.0,0.403796997,0,0.403796997,7333,1.03455205,1,0,0.390310954
0,-0.03455205,1,0.403796997,3,2019-11-02T13:00:00.0,0.403796997,0,0.403796997,7334,1.03455205,1,0,0.390310954
0,-0.03455205,1,0.403796997,3,2019-11-02T14:00:00.0,0.403796997,0,0.403796997,7335,1.03455205,1,0,0.390310954
0,-0.035016975,1,0.363732925,3,2019-11-02T15:00:00.0,0.363732925,0,0.363732925,7336,1.035016975,1,0,0.351427014
0,-0.142817344,1,0.559791011,4,2019-11-02T16:00:00.0,0.559791011,0,0.559791011,7337,1.142817344,1,0,0.489834193
0,-0.142817344,1,0.559791011,4,2019-11-02T17:00:00.0,0.559791011,0,0.559791011,7338,1.142817344,1,0,0.489834193
0,-0.142817344,1,0.559791011,4,2019-11-02T18:00:00.0,0.559791011,0,0.559791011,7339,1.142817344,1,0,0.489834193
0,-0.142817344,1,0.559791011,4,2019-11-02T19:00:00.0,0.559791011,0,0.559791011,7340,1.142817344,1,0,0.489834193
0,-0.121127698,1,0.656222487,4,2019-11-02T20:00:00.0,0.656222487,0,0.656222487,7341,1.121127698,1,0,0.585323588
0,-0.121127698,1,0.656222487,4,2019-11-02T21:00:00.0,0.656222487,0,0.656222487,7342,1.121127698,1,0,0.585323588
0,-0.121127698,1,0.656222487,4,2019-11-02T22:00:00.0,0.656222487,0,0.656222487,7343,1.121127698,1,0,0.585323588
0,-0.039677957,1,0.338880129,2,2019-11-02T23:00:00.0,0.338880129,0,0.338880129,7344,1.039677957,1,0,0.325947209
0,-0.039677957,1,0.338880129,2,2019-11-03T00:00:00.0,0.338880129,0,0.338880129,7345,1.039677957,1,0,0.325947209
0,-0.036661054,1,0.356551919,3,2019-11-03T01:00:00.0,0.356551919,0,0.356551919,7346,1.036661054,1,0,0.34394262
0,-0.036661054,1,0.356551919,3,2019-11-03T02:00:00.0,0.356551919,0,0.356551919,7347,1.036661054,1,0,0.34394262
0,-0.036661054,1,0.346886061,3,2019-11-03T03:00:00.0,0.346886061,0,0.346886061,7348,1.036661054,1,0,0.334618591
0,-0.039677957,1,0.338880129,2,2019-11-03T04:00:00.0,0.338880129,0,0.338880129,7349,1.039677957,1,0,0.325947209
0,-0.039677957,1,0.338880129,2,2019-11-03T05:00:00.0,0.338880129,0,0.338880129,7350,1.039677957,1,0,0.325947209
0,-0.039677957,1,0.338880129,2,2019-11-03T06:00:00.0,0.338880129,0,0.338880129,7351,1.039677957,1,0,0.325947209
0,-0.039677957,1,0.338880129,2,2019-11-03T07:00:00.0,0.338880129,0,0.338880129,7352,1.039677957,1,0,0.325947209
0,-0.03465931,1,0.363685293,3,2019-11-03T08:00:00.0,0.363685293,0,0.363685293,7353,1.034659309,1,0,0.351502461
0,-0.034659309,1,0.363685293,3,2019-11-03T09:00:00.0,0.363685293,0,0.363685293,7354,1.03465931,1,0,0.351502461
0,-0.03465931,1,0.363685293,3,2019-11-03T10:00:00.0,0.363685293,0,0.363685293,7355,1.03465931,1,0,0.351502461
0,-0.034659309,1,0.363685293,3,2019-11-03T11:00:00.0,0.363685293,0,0.363685293,7356,1.034659309,1,0,0.351502461
0,-0.034659309,1,0.363685293,3,2019-11-03T12:00:00.0,0.363685293,0,0.363685293,7357,1.034659309,1,0,0.351502461
0,-0.034659309,1,0.363685293,3,2019-11-03T13:00:00.0,0.363685293,0,0.363685293,7358,1.034659309,1,0,0.351502461
0,-0.03465931,1,0.363685293,3,2019-11-03T14:00:00.0,0.363685293,0,0.363685293,7359,1.034659309,1,0,0.351502461
0,-0.03465931,1,0.363685293,3,2019-11-03T15:00:00.0,0.363685293,0,0.363685293,7360,1.03465931,1,0,0.351502461
0,-0.142817344,1,0.559791011,4,2019-11-03T16:00:00.0,0.559791011,0,0.559791011,7361,1.142817344,1,0,0.489834193
0,-0.142817349,1,0.559791013,4,2019-11-03T17:00:00.0,0.559791013,0,0.559791013,7362,1.142817349,1,0,0.489834193
0,-0.142817344,1,0.559791011,4,2019-11-03T18:00:00.0,0.559791011,0,0.559791011,7363,1.142817344,1,0,0.489834193
0,-0.142817344,1,0.559791011,4,2019-11-03T19:00:00.0,0.559791011,0,0.559791011,7364,1.142817344,1,0,0.489834193
0,-0.142817344,1,0.559791011,4,2019-11-03T20:00:00.0,0.559791011,0,0.559791011,7365,1.142817344,1,0,0.489834193
0,-0.142817344,1,0.559791011,4,2019-11-03T21:00:00.0,0.559791011,0,0.559791011,7366,1.142817344,1,0,0.489834193
0,-0.142817344,1,0.559791011,4,2019-11-03T22:00:00.0,0.559791011,0,0.559791011,7367,1.142817344,1,0,0.489834193
0,-0.039677957,1,0.338880129,2,2019-11-03T23:00:00.0,0.338880129,0,0.338880129,7368,1.039677957,1,0,0.325947209
0,-0.239616846,1,0.616383893,3,2019-11-04T00:00:00.0,0.616383893,0,0.616383893,7369,1.239616846,1,0,0.497237429
0,-0.239616846,1,0.616383893,3,2019-11-04T01:00:00.0,0.616383893,0,0.616383893,7370,1.239616846,1,0,0.497237429
0,-0.239616846,1,0.616383893,3,2019-11-04T02:00:00.0,0.616383893,0,0.616383893,7371,1.239616846,1,0,0.497237429
0,-0.03465931,1,0.3657494,3,2019-11-04T03:00:00.0,0.3657494,0,0.3657494,7372,1.03465931,1,0,0.353497424
0,-0.042278842,1,0.68247008,2,2019-11-04T04:00:00.0,0.68247008,0,0.68247008,7373,1.042285952,1.00000711,0,0.654782
0,-0.239616846,1,0.616383893,3,2019-11-04T05:00:00.0,0.616383893,0,0.616383893,7374,1.239616846,1,0,0.497237429
0,-0.121127698,1,0.622539869,4,2019-11-04T06:00:00.0,0.622539869,0,0.622539869,7375,1.121127699,1.000000001,0,0.555280072
0,-0.239616846,1,0.616383893,3,2019-11-04T07:00:00.0,0.616383893,0,0.616383893,7376,1.239616846,1,0,0.497237429
0,-0.239783832,1,0.615768545,3,2019-11-04T08:00:00.0,0.615768545,0,0.615768545,7377,1.239783832,1,0,0.496674121
0,-0.239616846,1,0.616383903,3,2019-11-04T09:00:00.0,0.616383903,0,0.616383903,7378,1.239616867,1.000000021,0,0.497237428
0,-0.239783832,1,0.615768545,3,2019-11-04T10:00:00.0,0.615768545,0,0.615768545,7379,1.239783832,1,0,0.496674121
0,-0.239616846,1,0.616383893,3,2019-11-04T11:00:00.0,0.616383893,0,0.616383893,7380,1.239616846,1,0,0.497237429
0,-0.034539314,1,0.403766889,3,2019-11-04T12:00:00.0,0.403766889,0,0.403766889,7381,1.034539314,1,0,0.390286656
0,-0.239616846,1,0.616383893,3,2019-11-04T13:00:00.0,0.616383893,0,0.616383893,7382,1.239616846,1,0,0.497237429
0,-0.239616846,1,0.616383893,3,2019-11-04T14:00:00.0,0.616383893,0,0.616383893,7383,1.239616846,1,0,0.497237429
0,-0.239616846,1,0.616383893,3,2019-11-04T15:00:00.0,0.616383893,0,0.616383893,7384,1.239616846,1,0,0.497237429
0,-0.239616846,1,0.616383893,3,2019-11-04T16:00:00.0,0.616383893,0,0.616383893,7385,1.239616846,1,0,0.497237429
0,-0.239616846,1,0.616383893,3,2019-11-04T17:00:00.0,0.616383893,0,0.616383893,7386,1.239616846,1,0,0.497237429
0,-0.239616846,1,0.616383893,3,2019-11-04T18:00:00.0,0.616383893,0,0.616383893,7387,1.239616846,1,0,0.497237429
0,-0.239616846,1,0.616383893,3,2019-11-04T19:00:00.0,0.616383893,0,0.616383893,7388,1.239616846,1,0,0.497237429
0,-0.239616846,1,0.616383893,3,2019-11-04T20:00:00.0,0.616383893,0,0.616383893,7389,1.239616846,1,0,0.497237429
0,-0.239616846,1,0.616383893,3,2019-11-04T21:00:00.0,0.616383893,0,0.616383893,7390,1.239616846,1,0,0.497237429
0,-0.239616846,1,0.616383893,3,2019-11-04T22:00:00.0,0.616383893,0,0.616383893,7391,1.239616846,1,0,0.497237429
0,-0.039677957,1,0.354594634,2,2019-11-04T23:00:00.0,0.354594634,0,0.354594634,7392,1.039677957,1,0,0.341061991
0,-0.042278842,1,0.682465425,2,2019-11-05T00:00:00.0,0.682465425,0,0.682465425,7393,1.042278842,1,0,0.654782
0,-0.239616846,1,0.616383893,3,2019-11-05T01:00:00.0,0.616383893,0,0.616383893,7394,1.239616846,1,0,0.497237429
0,-0.042278842,1,0.682465425,2,2019-11-05T02:00:00.0,0.682465425,0,0.682465425,7395,1.042278842,1,0,0.654782
0,-0.239616846,1,0.616383893,3,2019-11-05T03:00:00.0,0.616383893,0,0.616383893,7396,1.239616846,1,0,0.497237429
0,-0.239616846,1,0.616383893,3,2019-11-05T04:00:00.0,0.616383893,0,0.616383893,7397,1.239616846,1,0,0.497237429
0,-0.239616846,1,0.616383893,3,2019-11-05T05:00:00.0,0.616383893,0,0.616383893,7398,1.239616846,1,0,0.497237429
0,-0.239616858,1,0.616383899,3,2019-11-05T06:00:00.0,0.616383899,0,0.616383899,7399,1.239616859,1,0,0.497237429
0,-0.239616846,1,0.616383893,3,2019-11-05T07:00:00.0,0.616383893,0,0.616383893,7400,1.239616846,1,0,0.497237429
0,-0.239616846,1,0.616383893,3,2019-11-05T08:00:00.0,0.616383893,0,0.616383893,7401,1.239616846,1,0,0.497237429
0,-0.239616846,1,0.616383893,3,2019-11-05T09:00:00.0,0.616383893,0,0.616383893,7402,1.239616846,1,0,0.497237429
0,-0.239616846,1,0.616383893,3,2019-11-05T10:00:00.0,0.616383893,0,0.616383893,7403,1.239616846,1,0,0.497237429
0,-0.239616846,1,0.616383893,3,2019-11-05T11:00:00.0,0.616383893,0,0.616383893,7404,1.239616846,1,0,0.497237429
0,-0.121127698,1,0.656222487,4,2019-11-05T12:00:00.0,0.656222487,0,0.656222487,7405,1.121127699,1,0,0.585323588
0,-0.121127698,1,0.656222487,4,2019-11-05T13:00:00.0,0.656222487,0,0.656222487,7406,1.121127699,1,0,0.585323588
0,-0.239616846,1,0.616383893,3,2019-11-05T14:00:00.0,0.616383893,0,0.616383893,7407,1.239616846,1,0,0.497237429
0,-0.121127698,1,0.656222487,4,2019-11-05T15:00:00.0,0.656222487,0,0.656222487,7408,1.121127699,1,0,0.585323588
0,-0.239616846,1,0.616383893,3,2019-11-05T16:00:00.0,0.616383893,0,0.616383893,7409,1.239616846,1,0,0.497237429
0,-0.121127698,1,0.656222487,4,2019-11-05T17:00:00.0,0.656222487,0,0.656222487,7410,1.121127699,1,0,0.585323588
0,-0.239616846,1,0.616383893,3,2019-11-05T18:00:00.0,0.616383893,0,0.616383893,7411,1.239616846,1,0,0.497237429
0,-0.121127698,1,0.656222487,4,2019-11-05T19:00:00.0,0.656222487,0,0.656222487,7412,1.121127699,1,0,0.585323588
0,-0.121127698,1,0.656222487,4,2019-11-05T20:00:00.0,0.656222487,0,0.656222487,7413,1.121127699,1,0,0.585323588
0,-0.239616846,1,0.616383893,3,2019-11-05T21:00:00.0,0.616383893,0,0.616383893,7414,1.239616846,1,0,0.497237429
0,-0.239616846,1,0.616383893,3,2019-11-05T22:00:00.0,0.616383893,0,0.616383893,7415,1.239616846,1,0,0.497237429
0,-0.039677957,1,0.338880129,2,2019-11-05T23:00:00.0,0.338880129,0,0.338880129,7416,1.039677957,1,0,0.325947209
0,-0.142817344,1,0.559791011,4,2019-11-06T00:00:00.0,0.559791011,0,0.559791011,7417,1.142817344,1,0,0.489834193
0,-0.234220421,1,0.613228926,4,2019-11-06T01:00:00.0,0.613228926,0,0.613228926,7418,1.234220421,1,0,0.496855275
0,-0.234220421,1,0.613228926,4,2019-11-06T02:00:00.0,0.613228926,0,0.613228926,7419,1.234220421,1,0,0.496855275
0,-0.234220421,1,0.613228926,4,2019-11-06T03:00:00.0,0.613228926,0,0.613228926,7420,1.234220421,1,0,0.496855275
0,-0.234220421,1,0.613228926,4,2019-11-06T04:00:00.0,0.613228926,0,0.613228926,7421,1.234220421,1,0,0.496855275
0,-0.142817344,1,0.559791011,4,2019-11-06T05:00:00.0,0.559791011,0,0.559791011,7422,1.142817344,1,0,0.489834193
0,-0.142817344,1,0.559791011,4,2019-11-06T06:00:00.0,0.559791011,0,0.559791011,7423,1.142817344,1,0,0.489834193
0,-0.239616846,1,0.616383893,3,2019-11-06T07:00:00.0,0.616383893,0,0.616383893,7424,1.239616846,1,0,0.497237429
0,-0.034539314,1,0.403766889,3,2019-11-06T08:00:00.0,0.403766889,0,0.403766889,7425,1.034539314,1,0,0.390286656
0,-0.034539314,1,0.403766889,3,2019-11-06T09:00:00.0,0.403766889,0,0.403766889,7426,1.034539314,1,0,0.390286656
0,-0.034539314,1,0.403766889,3,2019-11-06T10:00:00.0,0.403766889,0,0.403766889,7427,1.034539314,1,0,0.390286656
0,-0.034539314,1,0.403766889,3,2019-11-06T11:00:00.0,0.403766889,0,0.403766889,7428,1.034539314,1,0,0.390286656
0,-0.03455205,1,0.403796997,3,2019-11-06T12:00:00.0,0.403796997,0,0.403796997,7429,1.03455205,1,0,0.390310954
0,-0.034539314,1,0.403766889,3,2019-11-06T13:00:00.0,0.403766889,0,0.403766889,7430,1.034539314,1,0,0.390286656
0,-0.034539314,1,0.403766889,3,2019-11-06T14:00:00.0,0.403766889,0,0.403766889,7431,1.034539314,1,0,0.390286656
0,-0.239616846,1,0.616383893,3,2019-11-06T15:00:00.0,0.616383893,0,0.616383893,7432,1.239616846,1,0,0.497237429
0,-0.121127698,1,0.656222487,4,2019-11-06T16:00:00.0,0.656222487,0,0.656222487,7433,1.121127699,1,0,0.585323588
0,-0.121127698,1,0.656222487,4,2019-11-06T17:00:00.0,0.656222487,0,0.656222487,7434,1.121127699,1,0,0.585323588
0,-0.121127698,1,0.656222487,4,2019-11-06T18:00:00.0,0.656222487,0,0.656222487,7435,1.121127699,1,0,0.585323588
0,-0.042430781,1,0.682564912,2,2019-11-06T19:00:00.0,0.682564912,0,0.682564912,7436,1.042430781,1,0,0.654782
0,-0.121127698,1,0.656222487,4,2019-11-06T20:00:00.0,0.656222487,0,0.656222487,7437,1.121127698,1,0,0.585323588
0,-0.142817344,1,0.559791011,4,2019-11-06T21:00:00.0,0.559791011,0,0.559791011,7438,1.142817344,1,0,0.489834193
0,-0.239616846,1,0.616383893,3,2019-11-06T22:00:00.0,0.616383893,0,0.616383893,7439,1.239616846,1,0,0.497237429
0,-0.034539314,1,0.403766889,3,2019-11-06T23:00:00.0,0.403766889,0,0.403766889,7440,1.034539314,1,0,0.390286656
0,-0.142817344,1,0.559791011,4,2019-11-07T00:00:00.0,0.559791011,0,0.559791011,7441,1.142817344,1,0,0.489834193
0,-0.121127698,1,0.656222487,4,2019-11-07T01:00:00.0,0.656222487,0,0.656222487,7442,1.121127698,1,0,0.585323588
0,-0.142817344,1,0.559791011,4,2019-11-07T02:00:00.0,0.559791011,0,0.559791011,7443,1.142817344,1,0,0.489834193
0,-0.142817344,1,0.559791011,4,2019-11-07T03:00:00.0,0.559791011,0,0.559791011,7444,1.142817344,1,0,0.489834193
0,-0.121127698,1,0.656222487,4,2019-11-07T04:00:00.0,0.656222487,0,0.656222487,7445,1.121127698,1,0,0.585323588
0,-0.121127698,1,0.656222487,4,2019-11-07T05:00:00.0,0.656222487,0,0.656222487,7446,1.121127698,1,0,0.585323588
0,-0.142817344,1,0.559791011,4,2019-11-07T06:00:00.0,0.559791011,0,0.559791011,7447,1.142817344,1,0,0.489834193
0,-0.042430781,1,0.354398864,2,2019-11-07T07:00:00.0,0.354398864,0,0.354398864,7448,1.042430781,1,0,0.339973522
0,-0.039677957,1,0.353462977,2,2019-11-07T08:00:00.0,0.353462977,0,0.353462977,7449,1.039677957,1,0,0.339973522
0,-0.142817344,1,0.559791011,4,2019-11-07T09:00:00.0,0.559791011,0,0.559791011,7450,1.142817344,1,0,0.489834193
0,-0.142817344,1,0.559791011,4,2019-11-07T10:00:00.0,0.559791011,0,0.559791011,7451,1.142817344,1,0,0.489834193
0,-0.142817344,1,0.559791011,4,2019-11-07T11:00:00.0,0.559791011,0,0.559791011,7452,1.142817344,1,0,0.489834193
0,-0.039677957,1,0.354594634,2,2019-11-07T12:00:00.0,0.354594634,0,0.354594634,7453,1.039677957,1,0,0.341061991
0,-0.142817344,1,0.559791011,4,2019-11-07T13:00:00.0,0.559791011,0,0.559791011,7454,1.142817344,1,0,0.489834193
0,-0.142817344,1,0.559791011,4,2019-11-07T14:00:00.0,0.559791011,0,0.559791011,7455,1.142817344,1,0,0.489834193
0,-0.121127698,1,0.656222487,4,2019-11-07T15:00:00.0,0.656222487,0,0.656222487,7456,1.121127699,1,0,0.585323588
0,-0.121127698,1,0.656222487,4,2019-11-07T16:00:00.0,0.656222487,0,0.656222487,7457,1.121127699,1,0,0.585323588
0,-0.121127698,1,0.656222487,4,2019-11-07T17:00:00.0,0.656222487,0,0.656222487,7458,1.121127698,1,0,0.585323588
0,-0.121127698,1,0.656222487,4,2019-11-07T18:00:00.0,0.656222487,0,0.656222487,7459,1.121127698,1,0,0.585323588
0,-0.121127698,1,0.656222487,4,2019-11-07T19:00:00.0,0.656222487,0,0.656222487,7460,1.121127698,1,0,0.585323588
0,-0.121127698,1,0.656222487,4,2019-11-07T20:00:00.0,0.656222487,0,0.656222487,7461,1.121127698,1,0,0.585323588
0,-0.121127698,1,0.656222487,4,2019-11-07T21:00:00.0,0.656222487,0,0.656222487,7462,1.121127699,1,0,0.585323588
0,-0.039677957,1,0.353462977,2,2019-11-07T22:00:00.0,0.353462977,0,0.353462977,7463,1.039677957,1,0,0.339973522
0,-0.142817344,1,0.559791012,4,2019-11-07T23:00:00.0,0.559791012,0,0.559791012,7464,1.142817346,1.000000002,0,0.489834193
0,-0.142817344,1,0.559791012,4,2019-11-08T00:00:00.0,0.559791012,0,0.559791012,7465,1.142817345,1.000000001,0,0.489834193
0,-0.142817344,1,0.559791011,4,2019-11-08T01:00:00.0,0.559791011,0,0.559791011,7466,1.142817344,1,0,0.489834193
0,-0.034539314,1,0.403766889,3,2019-11-08T02:00:00.0,0.403766889,0,0.403766889,7467,1.034539314,1,0,0.390286656
0,-0.034539314,1,0.403766889,3,2019-11-08T03:00:00.0,0.403766889,0,0.403766889,7468,1.034539314,1,0,0.390286656
0,-0.034539314,1,0.403766889,3,2019-11-08T04:00:00.0,0.403766889,0,0.403766889,7469,1.034539314,1,0,0.390286656
0,-0.034539314,1,0.403766889,3,2019-11-08T05:00:00.0,0.403766889,0,0.403766889,7470,1.034539314,1,0,0.390286656
0,-0.034539314,1,0.403766889,3,2019-11-08T06:00:00.0,0.403766889,0,0.403766889,7471,1.034539314,1,0,0.390286656
0,-0.034539314,1,0.403766889,3,2019-11-08T07:00:00.0,0.403766889,0,0.403766889,7472,1.034539314,1,0,0.390286656
0,-0.03465931,1,0.363685293,3,2019-11-08T08:00:00.0,0.363685293,0,0.363685293,7473,1.03465931,1,0,0.351502461
0,-0.03465931,1,0.363685293,3,2019-11-08T09:00:00.0,0.363685293,0,0.363685293,7474,1.03465931,1,0,0.351502461
0,-0.03465931,1,0.363685293,3,2019-11-08T10:00:00.0,0.363685293,0,0.363685293,7475,1.034659309,1,0,0.351502461
0,-0.03465931,1,0.363685293,3,2019-11-08T11:00:00.0,0.363685293,0,0.363685293,7476,1.034659309,1,0,0.351502461
0,-0.03465931,1,0.363685293,3,2019-11-08T12:00:00.0,0.363685293,0,0.363685293,7477,1.03465931,1,0,0.351502461
0,-0.03465931,1,0.363685293,3,2019-11-08T13:00:00.0,0.363685293,0,0.363685293,7478,1.03465931,1,0,0.351502461
0,-0.034539314,1,0.403766889,3,2019-11-08T14:00:00.0,0.403766889,0,0.403766889,7479,1.034539314,1,0,0.390286656
0,-0.034539314,1,0.403766889,3,2019-11-08T15:00:00.0,0.403766889,0,0.403766889,7480,1.034539314,1,0,0.390286656
0,-0.142817344,1,0.559791011,4,2019-11-08T16:00:00.0,0.559791011,0,0.559791011,7481,1.142817344,1,0,0.489834193
0,-0.142817344,1,0.559791011,4,2019-11-08T17:00:00.0,0.559791011,0,0.559791011,7482,1.142817344,1,0,0.489834193
0,-0.121127698,1,0.656222487,4,2019-11-08T18:00:00.0,0.656222487,0,0.656222487,7483,1.121127698,1,0,0.585323588
0,-0.121127698,1,0.656222487,4,2019-11-08T19:00:00.0,0.656222487,0,0.656222487,7484,1.121127698,1,0,0.585323588
0,-0.121127698,1,0.656222487,4,2019-11-08T20:00:00.0,0.656222487,0,0.656222487,7485,1.121127698,1,0,0.585323588
0,-0.121127698,1,0.656222487,4,2019-11-08T21:00:00.0,0.656222487,0,0.656222487,7486,1.121127698,1,0,0.585323588
0,-0.121127698,1,0.656222487,4,2019-11-08T22:00:00.0,0.656222487,0,0.656222487,7487,1.121127698,1,0,0.585323588
0,-0.142817344,1,0.559791011,4,2019-11-08T23:00:00.0,0.559791011,0,0.559791011,7488,1.142817344,1,0,0.489834193
0,-0.121127698,1,0.622539869,4,2019-11-09T00:00:00.0,0.622539869,0,0.622539869,7489,1.121127698,1,0,0.555280072
0,-0.239616846,1,0.531911108,3,2019-11-09T01:00:00.0,0.531911108,0,0.531911108,7490,1.239616846,1,0,0.429093158
0,-0.239616846,1,0.531911108,3,2019-11-09T02:00:00.0,0.531911108,0,0.531911108,7491,1.239616846,1,0,0.429093158
0,-0.239616846,1,0.531911108,3,2019-11-09T03:00:00.0,0.531911108,0,0.531911108,7492,1.239616846,1,0,0.429093158
0,-0.121127698,1,0.622539869,4,2019-11-09T04:00:00.0,0.622539869,0,0.622539869,7493,1.121127699,1,0,0.555280072
0,-0.239616846,1,0.531911108,3,2019-11-09T05:00:00.0,0.531911108,0,0.531911108,7494,1.239616847,1,0,0.429093159
0,-0.121127698,1,0.622539869,4,2019-11-09T06:00:00.0,0.622539869,0,0.622539869,7495,1.121127699,1,0,0.555280072
0,-0.239616846,1,0.616383893,3,2019-11-09T07:00:00.0,0.616383893,0,0.616383893,7496,1.239616846,1,0,0.497237429
0,-0.03455205,1,0.403796997,3,2019-11-09T08:00:00.0,0.403796997,0,0.403796997,7497,1.03455205,1,0,0.390310954
0,-0.234220421,1,0.613228926,4,2019-11-09T09:00:00.0,0.613228926,0,0.613228926,7498,1.234220421,1,0,0.496855275
0,-0.234220421,1,0.613228926,4,2019-11-09T10:00:00.0,0.613228926,0,0.613228926,7499,1.234220421,1,0,0.496855275
0,-0.234220421,1,0.613228926,4,2019-11-09T11:00:00.0,0.613228926,0,0.613228926,7500,1.234220421,1,0,0.496855275
0,-0.234220421,1,0.613228927,4,2019-11-09T12:00:00.0,0.613228927,0,0.613228927,7501,1.234220422,1.000000001,0,0.496855275
0,-0.234220421,1,0.613228926,4,2019-11-09T13:00:00.0,0.613228926,0,0.613228926,7502,1.234220421,1,0,0.496855275
0,-0.234220421,1,0.613228926,4,2019-11-09T14:00:00.0,0.613228926,0,0.613228926,7503,1.234220421,1,0,0.496855275
0,-0.239616846,1,0.616383893,3,2019-11-09T15:00:00.0,0.616383893,0,0.616383893,7504,1.239616846,1,0,0.497237429
0,-0.239616846,1,0.616383893,3,2019-11-09T16:00:00.0,0.616383893,0,0.616383893,7505,1.239616846,1,0,0.497237429
0,-0.239616846,1,0.616383893,4,2019-11-09T17:00:00.0,0.616383893,0,0.616383893,7506,1.239616846,1,0,0.497237429
0,-0.239616846,1,0.616383893,3,2019-11-09T18:00:00.0,0.616383893,0,0.616383893,7507,1.239616846,1,0,0.497237429
0,-0.239616846,1,0.616383893,3,2019-11-09T19:00:00.0,0.616383893,0,0.616383893,7508,1.239616846,1,0,0.497237429
0,-0.239616846,1,0.616383893,3,2019-11-09T20:00:00.0,0.616383893,0,0.616383893,7509,1.239616846,1,0,0.497237429
0,-0.239616846,1,0.616383893,3,2019-11-09T21:00:00.0,0.616383893,0,0.616383893,7510,1.239616846,1,0,0.497237429
0,-0.239616846,1,0.616383893,3,2019-11-09T22:00:00.0,0.616383893,0,0.616383893,7511,1.239616846,1,0,0.497237429
0,-0.039677957,1,0.680762412,2,2019-11-09T23:00:00.0,0.680762412,0,0.680762412,7512,1.039677957,1,0,0.654782
0,-0.239616846,1,0.616383893,3,2019-11-10T00:00:00.0,0.616383893,0,0.616383893,7513,1.239616846,1,0,0.497237429
0,-0.239616846,1,0.616383894,3,2019-11-10T01:00:00.0,0.616383894,0,0.616383894,7514,1.239616847,1.000000001,0,0.497237429
0,-0.239616846,1,0.616383893,3,2019-11-10T02:00:00.0,0.616383893,0,0.616383893,7515,1.239616846,1,0,0.497237429
0,-0.121127698,1,0.656222487,4,2019-11-10T03:00:00.0,0.656222487,0,0.656222487,7516,1.121127699,1,0,0.585323588
0,-0.239616846,1,0.616383893,3,2019-11-10T04:00:00.0,0.616383893,0,0.616383893,7517,1.239616846,1,0,0.497237429
0,-0.239616846,1,0.616383893,3,2019-11-10T05:00:00.0,0.616383893,0,0.616383893,7518,1.239616846,1,0,0.497237429
0,-0.239616846,1,0.616383893,3,2019-11-10T06:00:00.0,0.616383893,0,0.616383893,7519,1.239616846,1,0,0.497237429
0,-0.239616846,1,0.616383893,3,2019-11-10T07:00:00.0,0.616383893,0,0.616383893,7520,1.239616846,1,0,0.497237429
0,-0.239616846,1,0.616383893,3,2019-11-10T08:00:00.0,0.616383893,0,0.616383893,7521,1.239616846,1,0,0.497237429
0,-0.239616846,1,0.616383893,3,2019-11-10T09:00:00.0,0.616383893,0,0.616383893,7522,1.239616846,1,0,0.497237429
0,-0.239616846,1,0.616383893,3,2019-11-10T10:00:00.0,0.616383893,0,0.616383893,7523,1.239616846,1,0,0.497237429
0,-0.239616846,1,0.616383894,3,2019-11-10T11:00:00.0,0.616383894,0,0.616383894,7524,1.239616847,1,0,0.497237429
0,-0.239616846,1,0.616383893,3,2019-11-10T12:00:00.0,0.616383893,0,0.616383893,7525,1.239616846,1,0,0.497237429
0,-0.239616846,1,0.616383893,3,2019-11-10T13:00:00.0,0.616383893,0,0.616383893,7526,1.239616846,1,0,0.497237429
0,-0.239616846,1,0.616383893,3,2019-11-10T14:00:00.0,0.616383893,0,0.616383893,7527,1.239616846,1,0,0.497237429
0,-0.239616846,1,0.616383893,3,2019-11-10T15:00:00.0,0.616383893,0,0.616383893,7528,1.239616846,1,0,0.497237429
0,-0.121127698,1,0.656222487,4,2019-11-10T16:00:00.0,0.656222487,0,0.656222487,7529,1.121127699,1,0,0.585323588
0,-0.121127698,1,0.656222487,4,2019-11-10T17:00:00.0,0.656222487,0,0.656222487,7530,1.121127699,1,0,0.585323588
0,-0.121127698,1,0.656222487,4,2019-11-10T18:00:00.0,0.656222487,0,0.656222487,7531,1.121127699,1,0,0.585323588
0,-0.121127698,1,0.656222487,4,2019-11-10T19:00:00.0,0.656222487,0,0.656222487,7532,1.121127699,1,0,0.585323588
0,-0.121127698,1,0.656222487,4,2019-11-10T20:00:00.0,0.656222487,0,0.656222487,7533,1.121127699,1,0,0.585323588
0,-0.121127698,1,0.656222487,4,2019-11-10T21:00:00.0,0.656222487,0,0.656222487,7534,1.121127699,1,0,0.585323588
0,-0.121127698,1,0.656222487,4,2019-11-10T22:00:00.0,0.656222487,0,0.656222487,7535,1.121127698,1,0,0.585323588
0,-0.239616846,1,0.616383893,3,2019-11-10T23:00:00.0,0.616383893,0,0.616383893,7536,1.239616846,1,0,0.497237429
0,-0.121127698,1,0.656222487,4,2019-11-11T00:00:00.0,0.656222487,0,0.656222487,7537,1.121127698,1,0,0.585323588
0,-0.121127698,1,0.656222487,4,2019-11-11T01:00:00.0,0.656222487,0,0.656222487,7538,1.121127699,1,0,0.585323588
0,-0.239616846,1,0.616383893,3,2019-11-11T02:00:00.0,0.616383893,0,0.616383893,7539,1.239616846,1,0,0.497237429
0,-0.121127698,1,0.656222487,4,2019-11-11T03:00:00.0,0.656222487,0,0.656222487,7540,1.121127699,1,0,0.585323588
0,-0.239616846,1,0.616383893,3,2019-11-11T04:00:00.0,0.616383893,0,0.616383893,7541,1.239616846,1,0,0.497237429
0,0,1,0.426276334,1,2019-11-11T05:00:00.0,0.426276334,0,0.426276334,7542,1,1,0,0.426276334
0,-0.042430781,1,0.682564912,2,2019-11-11T06:00:00.0,0.682564912,0,0.682564912,7543,1.042430781,1.000000001,0,0.654782
0,-0.121127698,1,0.656222487,4,2019-11-11T07:00:00.0,0.656222487,0,0.656222487,7544,1.121127698,1,0,0.585323588
0,-0.121127698,1,0.656222487,4,2019-11-11T08:00:00.0,0.656222487,0,0.656222487,7545,1.121127698,1,0,0.585323588
0,-0.121127698,1,0.656222487,4,2019-11-11T09:00:00.0,0.656222487,0,0.656222487,7546,1.121127699,1,0,0.585323588
0,-0.121127698,1,0.656222487,4,2019-11-11T10:00:00.0,0.656222487,0,0.656222487,7547,1.121127699,1,0,0.585323588
0,-0.121127698,1,0.656222487,4,2019-11-11T11:00:00.0,0.656222487,0,0.656222487,7548,1.121127699,1,0,0.585323588
0,-0.121127698,1,0.656222487,4,2019-11-11T12:00:00.0,0.656222487,0,0.656222487,7549,1.121127699,1,0,0.585323588
0,-0.121127698,1,0.656222487,4,2019-11-11T13:00:00.0,0.656222487,0,0.656222487,7550,1.121127699,1.000000001,0,0.585323588
0,-0.121127698,1,0.656222487,4,2019-11-11T14:00:00.0,0.656222487,0,0.656222487,7551,1.121127699,1,0,0.585323588
0,-0.121127698,1,0.656222487,4,2019-11-11T15:00:00.0,0.656222487,0,0.656222487,7552,1.121127699,1,0,0.585323588
0,-0.121127698,1,0.656222487,4,2019-11-11T16:00:00.0,0.656222487,0,0.656222487,7553,1.121127698,1,0,0.585323588
0,-0.121127698,1,0.656222487,4,2019-11-11T17:00:00.0,0.656222487,0,0.656222487,7554,1.121127699,1,0,0.585323588
0,-0.121127698,1,0.656222487,4,2019-11-11T18:00:00.0,0.656222487,0,0.656222487,7555,1.121127699,1,0,0.585323588
0,-0.121127698,1,0.656222487,4,2019-11-11T19:00:00.0,0.656222487,0,0.656222487,7556,1.121127698,1,0,0.585323588
0,-0.042430781,1,0.682564912,3,2019-11-11T20:00:00.0,0.682564912,0,0.682564912,7557,1.042430781,1,0,0.654782
0,-0.121127698,1,0.656222487,4,2019-11-11T21:00:00.0,0.656222487,0,0.656222487,7558,1.121127699,1,0,0.585323588
0,-0.239616846,1,0.616383893,3,2019-11-11T22:00:00.0,0.616383893,0,0.616383893,7559,1.239616846,1,0,0.497237429
0,-0.039677957,1,0.338880129,2,2019-11-11T23:00:00.0,0.338880129,0,0.338880129,7560,1.039677957,1,0,0.325947209
0,-0.039677957,1,0.354594634,2,2019-11-12T00:00:00.0,0.354594634,0,0.354594634,7561,1.039677957,1,0,0.341061991
0,-0.039677957,1,0.354594634,2,2019-11-12T01:00:00.0,0.354594634,0,0.354594634,7562,1.039677957,1,0,0.341061991
0,-0.234220421,1,0.613228926,4,2019-11-12T02:00:00.0,0.613228926,0,0.613228926,7563,1.234220421,1,0,0.496855275
0,-0.234220421,1,0.613228926,4,2019-11-12T03:00:00.0,0.613228926,0,0.613228926,7564,1.234220421,1,0,0.496855275
0,-0.039677957,1,0.354594634,2,2019-11-12T04:00:00.0,0.354594634,0,0.354594634,7565,1.039677957,1,0,0.341061991
0,-0.234220421,1,0.613228926,4,2019-11-12T05:00:00.0,0.613228926,0,0.613228926,7566,1.234220421,1,0,0.496855275
0,-0.039677957,1,0.354594634,2,2019-11-12T06:00:00.0,0.354594634,0,0.354594634,7567,1.039677957,1,0,0.341061991
0,-0.234220421,1,0.613228926,4,2019-11-12T07:00:00.0,0.613228926,0,0.613228926,7568,1.234220421,1,0,0.496855275
0,-0.234220421,1,0.613228926,4,2019-11-12T08:00:00.0,0.613228926,0,0.613228926,7569,1.234220421,1,0,0.496855275
0,-0.234220421,1,0.613228926,4,2019-11-12T09:00:00.0,0.613228926,0,0.613228926,7570,1.234220421,1,0,0.496855275
0,-0.234220421,1,0.613228926,4,2019-11-12T10:00:00.0,0.613228926,0,0.613228926,7571,1.234220421,1,0,0.496855275
0,-0.234220421,1,0.613228926,4,2019-11-12T11:00:00.0,0.613228926,0,0.613228926,7572,1.234220421,1,0,0.496855275
0,-0.234220421,1,0.613228926,4,2019-11-12T12:00:00.0,0.613228926,0,0.613228926,7573,1.234220421,1,0,0.496855275
0,-0.234220421,1,0.613228926,4,2019-11-12T13:00:00.0,0.613228926,0,0.613228926,7574,1.234220421,1,0,0.496855275
0,-0.234220421,1,0.613228926,4,2019-11-12T14:00:00.0,0.613228926,0,0.613228926,7575,1.234220421,1,0,0.496855275
0,-0.234220421,1,0.613228926,4,2019-11-12T15:00:00.0,0.613228926,0,0.613228926,7576,1.234220421,1,0,0.496855275
0,-0.234220421,1,0.613228926,4,2019-11-12T16:00:00.0,0.613228926,0,0.613228926,7577,1.234220421,1,0,0.496855275
0,-0.142817344,1,0.559791011,4,2019-11-12T17:00:00.0,0.559791011,0,0.559791011,7578,1.142817344,1,0,0.489834193
0,-0.142817344,1,0.559791011,4,2019-11-12T18:00:00.0,0.559791011,0,0.559791011,7579,1.142817344,1,0,0.489834193
0,-0.142817344,1,0.559791011,4,2019-11-12T19:00:00.0,0.559791011,0,0.559791011,7580,1.142817344,1,0,0.489834193
0,-0.234220421,1,0.613228926,4,2019-11-12T20:00:00.0,0.613228926,0,0.613228926,7581,1.234220421,1,0,0.496855275
0,-0.234220421,1,0.613228926,4,2019-11-12T21:00:00.0,0.613228926,0,0.613228926,7582,1.234220421,1,0,0.496855275
0,-0.039677957,1,0.353462977,2,2019-11-12T22:00:00.0,0.353462977,0,0.353462977,7583,1.039677957,1,0,0.339973522
0,-0.234220421,1,0.613228926,4,2019-11-12T23:00:00.0,0.613228926,0,0.613228926,7584,1.234220421,1,0,0.496855275
0,-0.039677957,1,0.397491892,2,2019-11-13T00:00:00.0,0.397491892,0,0.397491892,7585,1.039677957,1,0,0.382322131
0,-0.039677957,1,0.397491892,2,2019-11-13T01:00:00.0,0.397491892,0,0.397491892,7586,1.039677957,1,0,0.382322131
0,-0.039677957,1,0.397491892,2,2019-11-13T02:00:00.0,0.397491892,0,0.397491892,7587,1.039677957,1,0,0.382322131
0,-0.039677957,1,0.397491892,2,2019-11-13T03:00:00.0,0.397491892,0,0.397491892,7588,1.039677957,1,0,0.382322131
0,-0.039677957,1,0.397491892,2,2019-11-13T04:00:00.0,0.397491892,0,0.397491892,7589,1.039677957,1,0,0.382322131
0,-0.042278842,1,0.398486268,2,2019-11-13T05:00:00.0,0.398486268,0,0.398486268,7590,1.042278842,1,0,0.382322131
0,-0.039677957,1,0.397491892,2,2019-11-13T06:00:00.0,0.397491892,0,0.397491892,7591,1.039677957,1,0,0.382322131
0,-0.235947871,1,0.549655603,3,2019-11-13T07:00:00.0,0.549655603,0,0.549655603,7592,1.235947871,1,0,0.444723937
0,-0.235947871,1,0.549655603,3,2019-11-13T08:00:00.0,0.549655603,0,0.549655603,7593,1.235947872,1,0,0.444723937
0,-0.235947871,1,0.549655603,3,2019-11-13T09:00:00.0,0.549655603,0,0.549655603,7594,1.235947871,1,0,0.444723937
0,-0.235947871,1,0.549655603,3,2019-11-13T10:00:00.0,0.549655603,0,0.549655603,7595,1.235947872,1,0,0.444723937
0,-0.042278842,1,0.398486268,2,2019-11-13T11:00:00.0,0.398486268,0,0.398486268,7596,1.042278842,1,0,0.382322131
0,-0.2361133,1,0.54981071,3,2019-11-13T12:00:00.0,0.54981071,0,0.54981071,7597,1.2361133,1,0,0.444789899
0,-0.235947871,1,0.549655603,3,2019-11-13T13:00:00.0,0.549655603,0,0.549655603,7598,1.235947871,1,0,0.444723937
0,-0.235947871,1,0.549655603,3,2019-11-13T14:00:00.0,0.549655603,0,0.549655603,7599,1.235947871,1,0,0.444723937
0,-0.140592275,1,0.498032605,3,2019-11-13T15:00:00.0,0.498032605,0,0.498032605,7600,1.140592275,1,0,0.436643852
0,-0.140592275,1,0.498032605,3,2019-11-13T16:00:00.0,0.498032605,0,0.498032605,7601,1.140592275,1,0,0.436643852
0,-0.140592275,1,0.498032605,3,2019-11-13T17:00:00.0,0.498032605,0,0.498032605,7602,1.140592275,1,0,0.436643852
0,-0.140592275,1,0.498032605,3,2019-11-13T18:00:00.0,0.498032605,0,0.498032605,7603,1.140592275,1,0,0.436643852
0,-0.140592275,1,0.498032605,3,2019-11-13T19:00:00.0,0.498032605,0,0.498032605,7604,1.140592275,1,0,0.436643852
0,-0.042601778,1,0.682676877,2,2019-11-13T20:00:00.0,0.682676877,0,0.682676877,7605,1.042601778,1,0,0.654782
0,-0.140592275,1,0.498032605,3,2019-11-13T21:00:00.0,0.498032605,0,0.498032605,7606,1.140592275,1,0,0.436643852
0,-0.140592275,1,0.498032605,3,2019-11-13T22:00:00.0,0.498032605,0,0.498032605,7607,1.140592275,1,0,0.436643852
0,-0.039677957,1,0.393185193,2,2019-11-13T23:00:00.0,0.393185193,0,0.393185193,7608,1.039677957,1,0,0.378179791
0,-0.239616846,1,0.616383893,3,2019-11-14T00:00:00.0,0.616383893,0,0.616383893,7609,1.239616846,1,0,0.497237429
0,-0.239616846,1,0.616383893,3,2019-11-14T01:00:00.0,0.616383893,0,0.616383893,7610,1.239616846,1,0,0.497237429
0,-0.239616846,1,0.616383893,3,2019-11-14T02:00:00.0,0.616383893,0,0.616383893,7611,1.239616846,1,0,0.497237429
0,-0.239616846,1,0.616383893,3,2019-11-14T03:00:00.0,0.616383893,0,0.616383893,7612,1.239616846,1,0,0.497237429
0,-0.239616846,1,0.616383893,3,2019-11-14T04:00:00.0,0.616383893,0,0.616383893,7613,1.239616846,1,0,0.497237429
0,-0.239616846,1,0.616383893,3,2019-11-14T05:00:00.0,0.616383893,0,0.616383893,7614,1.239616846,1,0,0.497237429
0,-0.239616846,1,0.616383894,3,2019-11-14T06:00:00.0,0.616383894,0,0.616383894,7615,1.239616846,1,0,0.497237429
0,-0.239616846,1,0.616383893,3,2019-11-14T07:00:00.0,0.616383893,0,0.616383893,7616,1.239616846,1,0,0.497237429
0,-0.239616846,1,0.616383893,3,2019-11-14T08:00:00.0,0.616383893,0,0.616383893,7617,1.239616846,1,0,0.497237429
0,-0.239616846,1,0.616383893,3,2019-11-14T09:00:00.0,0.616383893,0,0.616383893,7618,1.239616846,1,0,0.497237429
0,-0.239616846,1,0.616383893,3,2019-11-14T10:00:00.0,0.616383893,0,0.616383893,7619,1.239616846,1,0,0.497237429
0,-0.239616846,1,0.616383893,3,2019-11-14T11:00:00.0,0.616383893,0,0.616383893,7620,1.239616846,1,0,0.497237429
0,-0.239616846,1,0.616383893,3,2019-11-14T12:00:00.0,0.616383893,0,0.616383893,7621,1.239616846,1,0,0.497237429
0,-0.239616846,1,0.616383893,3,2019-11-14T13:00:00.0,0.616383893,0,0.616383893,7622,1.239616846,1,0,0.497237429
0,-0.121127698,1,0.656222487,4,2019-11-14T14:00:00.0,0.656222487,0,0.656222487,7623,1.121127699,1,0,0.585323588
0,0,1,0.426276334,1,2019-11-14T15:00:00.0,0.426276334,0,0.426276334,7624,1,1,0,0.426276334
0,0,1,0.426276334,1,2019-11-14T16:00:00.0,0.426276334,0,0.426276334,7625,1,1,0,0.426276334
0,0,1,0.426276334,1,2019-11-14T17:00:00.0,0.426276334,0,0.426276334,7626,1,1,0,0.426276334
0,0,1,0.426276334,1,2019-11-14T18:00:00.0,0.426276334,0,0.426276334,7627,1,1,0,0.426276334
0,0,1,0.426276334,1,2019-11-14T19:00:00.0,0.426276334,0,0.426276334,7628,1,1,0,0.426276334
0,0,1,0.426276334,1,2019-11-14T20:00:00.0,0.426276334,0,0.426276334,7629,1,1,0,0.426276334
0,-0.121127698,1,0.656222487,4,2019-11-14T21:00:00.0,0.656222487,0,0.656222487,7630,1.121127698,1,0,0.585323588
0,-0.239616846,1,0.616383893,3,2019-11-14T22:00:00.0,0.616383893,0,0.616383893,7631,1.239616846,1,0,0.497237429
0,-0.039677957,1,0.354594634,2,2019-11-14T23:00:00.0,0.354594634,0,0.354594634,7632,1.039677957,1,0,0.341061991
0,-0.039677957,1,0.680762412,2,2019-11-15T00:00:00.0,0.680762412,0,0.680762412,7633,1.039677957,1,0,0.654782
0,-0.234220421,1,0.613228926,4,2019-11-15T01:00:00.0,0.613228926,0,0.613228926,7634,1.234220421,1,0,0.496855275
0,-0.234220421,1,0.613228926,4,2019-11-15T02:00:00.0,0.613228926,0,0.613228926,7635,1.234220421,1,0,0.496855275
0,-0.039677957,1,0.680762412,2,2019-11-15T03:00:00.0,0.680762412,0,0.680762412,7636,1.039677957,1,0,0.654782
0,-0.234220421,1,0.613228926,4,2019-11-15T04:00:00.0,0.613228926,0,0.613228926,7637,1.234220421,1,0,0.496855275
0,-0.234220421,1,0.613228926,4,2019-11-15T05:00:00.0,0.613228926,0,0.613228926,7638,1.234220421,1,0,0.496855275
0,-0.039677957,1,0.393185193,2,2019-11-15T06:00:00.0,0.393185193,0,0.393185193,7639,1.039677957,1,0,0.378179791
0,-0.239616846,1,0.616383893,3,2019-11-15T07:00:00.0,0.616383893,0,0.616383893,7640,1.239616846,1,0,0.497237429
0,-0.03455205,1,0.403796997,3,2019-11-15T08:00:00.0,0.403796997,0,0.403796997,7641,1.03455205,1,0,0.390310954
0,-0.03455205,1,0.403796997,3,2019-11-15T09:00:00.0,0.403796997,0,0.403796997,7642,1.03455205,1,0,0.390310954
0,-0.03455205,1,0.403796997,3,2019-11-15T10:00:00.0,0.403796997,0,0.403796997,7643,1.03455205,1,0,0.390310954
0,-0.034539314,1,0.403766889,3,2019-11-15T11:00:00.0,0.403766889,0,0.403766889,7644,1.034539314,1,0,0.390286656
0,-0.034539314,1,0.403766889,3,2019-11-15T12:00:00.0,0.403766889,0,0.403766889,7645,1.034539314,1,0,0.390286656
0,-0.034539314,1,0.403766889,3,2019-11-15T13:00:00.0,0.403766889,0,0.403766889,7646,1.034539315,1,0,0.390286656
0,-0.239616846,1,0.616383893,3,2019-11-15T14:00:00.0,0.616383893,0,0.616383893,7647,1.239616846,1,0,0.497237429
0,-0.239616846,1,0.616383893,3,2019-11-15T15:00:00.0,0.616383893,0,0.616383893,7648,1.239616846,1,0,0.497237429
0,-0.239616846,1,0.616383893,3,2019-11-15T16:00:00.0,0.616383893,0,0.616383893,7649,1.239616846,1,0,0.497237429
0,-0.03455205,1,0.403796997,3,2019-11-15T17:00:00.0,0.403796997,0,0.403796997,7650,1.03455205,1,0,0.390310954
0,-0.03455205,1,0.403796997,3,2019-11-15T18:00:00.0,0.403796997,0,0.403796997,7651,1.03455205,1,0,0.390310954
0,-0.03455205,1,0.403796997,3,2019-11-15T19:00:00.0,0.403796997,0,0.403796997,7652,1.03455205,1,0,0.390310954
0,-0.239616846,1,0.616383893,3,2019-11-15T20:00:00.0,0.616383893,0,0.616383893,7653,1.239616846,1,0,0.497237429
0,-0.03455205,1,0.403796997,3,2019-11-15T21:00:00.0,0.403796997,0,0.403796997,7654,1.03455205,1,0,0.390310954
0,-0.234220421,1,0.613228926,4,2019-11-15T22:00:00.0,0.613228926,0,0.613228926,7655,1.234220421,1,0,0.496855275
0,-0.234220421,1,0.613228926,4,2019-11-15T23:00:00.0,0.613228926,0,0.613228926,7656,1.234220421,1,0,0.496855275
0,-0.142817344,1,0.559791011,4,2019-11-16T00:00:00.0,0.559791011,0,0.559791011,7657,1.142817344,1,0,0.489834193
0,-0.142817344,1,0.559791011,4,2019-11-16T01:00:00.0,0.559791011,0,0.559791011,7658,1.142817344,1,0,0.489834193
0,-0.142817344,1,0.559791011,4,2019-11-16T02:00:00.0,0.559791011,0,0.559791011,7659,1.142817344,1,0,0.489834193
0,-0.142817344,1,0.559791011,4,2019-11-16T03:00:00.0,0.559791011,0,0.559791011,7660,1.142817344,1,0,0.489834193
0,-0.234220421,1,0.613228926,4,2019-11-16T04:00:00.0,0.613228926,0,0.613228926,7661,1.234220421,1,0,0.496855275
0,-0.234220421,1,0.613079247,5,2019-11-16T05:00:00.0,0.613079247,0,0.613079247,7662,1.234220421,1,0,0.496734
0,-0.234220421,1,0.613228926,4,2019-11-16T06:00:00.0,0.613228926,0,0.613228926,7663,1.234220421,1,0,0.496855275
0,-0.142817344,1,0.559791011,4,2019-11-16T07:00:00.0,0.559791011,0,0.559791011,7664,1.142817344,1,0,0.489834193
0,-0.034539314,1,0.403766889,3,2019-11-16T08:00:00.0,0.403766889,0,0.403766889,7665,1.034539315,1.000000001,0,0.390286656
0,-0.034539314,1,0.403766889,3,2019-11-16T09:00:00.0,0.403766889,0,0.403766889,7666,1.034539314,1,0,0.390286656
0,-0.034539314,1,0.403766889,3,2019-11-16T10:00:00.0,0.403766889,0,0.403766889,7667,1.034539314,1,0,0.390286656
0,-0.038204097,1,0.430340494,4,2019-11-16T11:00:00.0,0.430340494,0,0.430340494,7668,1.038204097,1,0,0.414504716
0,-0.03465931,1,0.360410033,3,2019-11-16T12:00:00.0,0.360410033,0,0.360410033,7669,1.034659309,1,0,0.348336916
0,-0.034539314,1,0.403766889,3,2019-11-16T13:00:00.0,0.403766889,0,0.403766889,7670,1.034539314,1,0,0.390286656
0,-0.034539314,1,0.403766889,3,2019-11-16T14:00:00.0,0.403766889,0,0.403766889,7671,1.034539314,1,0,0.390286656
0,-0.142817344,1,0.559791011,4,2019-11-16T15:00:00.0,0.559791011,0,0.559791011,7672,1.142817344,1,0,0.489834193
0,-0.142817344,1,0.559791011,4,2019-11-16T16:00:00.0,0.559791011,0,0.559791011,7673,1.142817344,1,0,0.489834193
0,-0.142817344,1,0.559791011,4,2019-11-16T17:00:00.0,0.559791011,0,0.559791011,7674,1.142817344,1,0,0.489834193
0,-0.142817344,1,0.559791011,4,2019-11-16T18:00:00.0,0.559791011,0,0.559791011,7675,1.142817344,1,0,0.489834193
0,-0.142817344,1,0.559791011,4,2019-11-16T19:00:00.0,0.559791011,0,0.559791011,7676,1.142817344,1,0,0.489834193
0,-0.142817344,1,0.559791011,4,2019-11-16T20:00:00.0,0.559791011,0,0.559791011,7677,1.142817344,1,0,0.489834193
0,-0.142817344,1,0.559791011,4,2019-11-16T21:00:00.0,0.559791011,0,0.559791011,7678,1.142817344,1,0,0.489834193
0,-0.142817344,1,0.559791011,4,2019-11-16T22:00:00.0,0.559791011,0,0.559791011,7679,1.142817344,1,0,0.489834193
0,-0.142817344,1,0.559791011,4,2019-11-16T23:00:00.0,0.559791011,0,0.559791011,7680,1.142817344,1,0,0.489834193
0,-0.036661054,1,0.346886061,3,2019-11-17T00:00:00.0,0.346886061,0,0.346886061,7681,1.036661054,1,0,0.334618591
0,-0.034539314,1,0.403766889,3,2019-11-17T01:00:00.0,0.403766889,0,0.403766889,7682,1.034539314,1,0,0.390286656
0,-0.034539314,1,0.403766889,3,2019-11-17T02:00:00.0,0.403766889,0,0.403766889,7683,1.034539314,1,0,0.390286656
0,-0.03465931,1,0.360410033,3,2019-11-17T03:00:00.0,0.360410033,0,0.360410033,7684,1.03465931,1,0,0.348336916
0,-0.034539314,1,0.403766889,3,2019-11-17T04:00:00.0,0.403766889,0,0.403766889,7685,1.034539314,1,0,0.390286656
0,-0.03465931,1,0.360410033,3,2019-11-17T05:00:00.0,0.360410033,0,0.360410033,7686,1.03465931,1,0,0.348336916
0,-0.03465931,1,0.360410033,3,2019-11-17T06:00:00.0,0.360410033,0,0.360410033,7687,1.03465931,1,0,0.348336916
0,-0.034539314,1,0.403766889,3,2019-11-17T07:00:00.0,0.403766889,0,0.403766889,7688,1.034539314,1,0,0.390286656
0,-0.034539314,1,0.403766889,3,2019-11-17T08:00:00.0,0.403766889,0,0.403766889,7689,1.034539314,1,0,0.390286656
0,-0.03465931,1,0.360410033,3,2019-11-17T09:00:00.0,0.360410033,0,0.360410033,7690,1.034659309,1,0,0.348336916
0,-0.034539314,1,0.403766889,3,2019-11-17T10:00:00.0,0.403766889,0,0.403766889,7691,1.034539314,1,0,0.390286656
0,-0.034539314,1,0.403766889,3,2019-11-17T11:00:00.0,0.403766889,0,0.403766889,7692,1.034539314,1,0,0.390286656
0,-0.034539314,1,0.403766889,3,2019-11-17T12:00:00.0,0.403766889,0,0.403766889,7693,1.034539314,1,0,0.390286656
0,-0.03465931,1,0.363685293,3,2019-11-17T13:00:00.0,0.363685293,0,0.363685293,7694,1.03465931,1,0,0.351502461
0,-0.034659309,1,0.363685293,3,2019-11-17T14:00:00.0,0.363685293,0,0.363685293,7695,1.03465931,1,0,0.351502461
0,-0.234220421,1,0.613228926,4,2019-11-17T15:00:00.0,0.613228926,0,0.613228926,7696,1.234220421,1,0,0.496855275
0,-0.142817344,1,0.559791011,4,2019-11-17T16:00:00.0,0.559791011,0,0.559791011,7697,1.142817344,1,0,0.489834193
0,-0.142817344,1,0.559791011,4,2019-11-17T17:00:00.0,0.559791011,0,0.559791011,7698,1.142817344,1,0,0.489834193
0,-0.142817344,1,0.559791011,4,2019-11-17T18:00:00.0,0.559791011,0,0.559791011,7699,1.142817344,1,0,0.489834193
0,-0.142817344,1,0.559791011,4,2019-11-17T19:00:00.0,0.559791011,0,0.559791011,7700,1.142817344,1,0,0.489834193
0,-0.142817344,1,0.559791011,4,2019-11-17T20:00:00.0,0.559791011,0,0.559791011,7701,1.142817344,1,0,0.489834193
0,-0.142817344,1,0.559791011,4,2019-11-17T21:00:00.0,0.559791011,0,0.559791011,7702,1.142817344,1,0,0.489834193
0,-0.142817344,1,0.559791011,4,2019-11-17T22:00:00.0,0.559791011,0,0.559791011,7703,1.142817344,1,0,0.489834193
0,-0.034539314,1,0.403766889,3,2019-11-17T23:00:00.0,0.403766889,0,0.403766889,7704,1.034539314,1,0,0.390286656
0,-0.121127698,1,0.656222487,4,2019-11-18T00:00:00.0,0.656222487,0,0.656222487,7705,1.121127698,1,0,0.585323588
0,-0.121127698,1,0.656222487,4,2019-11-18T01:00:00.0,0.656222487,0,0.656222487,7706,1.121127699,1,0,0.585323588
0,-0.042430781,1,0.339777404,2,2019-11-18T02:00:00.0,0.339777404,0,0.339777404,7707,1.042430781,1,0,0.325947209
0,-0.121127698,1,0.656222487,4,2019-11-18T03:00:00.0,0.656222487,0,0.656222487,7708,1.121127699,1,0,0.585323588
0,-0.121127698,1,0.656222487,4,2019-11-18T04:00:00.0,0.656222487,0,0.656222487,7709,1.121127699,1,0,0.585323588
0,-0.121127698,1,0.656222487,4,2019-11-18T05:00:00.0,0.656222487,0,0.656222487,7710,1.121127699,1,0,0.585323588
0,-0.121127698,1,0.656222487,4,2019-11-18T06:00:00.0,0.656222487,0,0.656222487,7711,1.121127699,1,0,0.585323588
0,-0.121127698,1,0.656222487,4,2019-11-18T07:00:00.0,0.656222487,0,0.656222487,7712,1.121127698,1,0,0.585323588
0,-0.142817344,1,0.518091502,4,2019-11-18T08:00:00.0,0.518091502,0,0.518091502,7713,1.142817344,1,0,0.453345852
0,-0.121127698,1,0.622539869,4,2019-11-18T09:00:00.0,0.622539869,0,0.622539869,7714,1.121127698,1,0,0.555280072
0,-0.042430781,1,0.682564912,2,2019-11-18T10:00:00.0,0.682564912,0,0.682564912,7715,1.042430781,1,0,0.654782
0,-0.121127698,1,0.622539869,4,2019-11-18T11:00:00.0,0.622539869,0,0.622539869,7716,1.121127698,1,0,0.555280072
0,-0.121127698,1,0.622539869,4,2019-11-18T12:00:00.0,0.622539869,0,0.622539869,7717,1.121127699,1,0,0.555280072
0,-0.121127698,1,0.656222487,4,2019-11-18T13:00:00.0,0.656222487,0,0.656222487,7718,1.121127698,1,0,0.585323588
0,-0.121127698,1,0.656222487,4,2019-11-18T14:00:00.0,0.656222487,0,0.656222487,7719,1.121127698,1,0,0.585323588
0,-0.121127698,1,0.656222487,4,2019-11-18T15:00:00.0,0.656222487,0,0.656222487,7720,1.121127699,1,0,0.585323588
0,-0.042430781,1,0.682564912,2,2019-11-18T16:00:00.0,0.682564912,0,0.682564912,7721,1.042430781,1,0,0.654782
0,-5,1,2.557658005,4,2019-11-18T17:00:00.0,2.557658005,0,2.557658005,7722,6,1,0,0.426276334
0,-5,1,2.557658005,3,2019-11-18T18:00:00.0,2.557658005,0,2.557658005,7723,6,1,0,0.426276334
0,-5,1,2.557658005,4,2019-11-18T19:00:00.0,2.557658005,0,2.557658005,7724,6,1,0,0.426276334
0,-0.121127698,1,0.656222487,4,2019-11-18T20:00:00.0,0.656222487,0,0.656222487,7725,1.121127698,1,0,0.585323588
0,-0.121127698,1,0.656222487,4,2019-11-18T21:00:00.0,0.656222487,0,0.656222487,7726,1.121127699,1,0,0.585323588
0,-0.121127698,1,0.656222487,4,2019-11-18T22:00:00.0,0.656222487,0,0.656222487,7727,1.121127699,1,0,0.585323588
0,-0.121127698,1,0.656222487,4,2019-11-18T23:00:00.0,0.656222487,0,0.656222487,7728,1.121127699,1,0,0.585323588
0,-0.121127698,1,0.656222487,4,2019-11-19T00:00:00.0,0.656222487,0,0.656222487,7729,1.121127698,1,0,0.585323588
0,-0.121127698,1,0.656222487,4,2019-11-19T01:00:00.0,0.656222487,0,0.656222487,7730,1.121127699,1,0,0.585323588
0,-0.121127698,1,0.656222487,4,2019-11-19T02:00:00.0,0.656222487,0,0.656222487,7731,1.121127699,1,0,0.585323588
0,-0.121127698,1,0.656222487,4,2019-11-19T03:00:00.0,0.656222487,0,0.656222487,7732,1.121127699,1,0,0.585323588
0,-0.042430781,1,0.398544357,2,2019-11-19T04:00:00.0,0.398544357,0,0.398544357,7733,1.042430781,1,0,0.382322131
0,-0.121127698,1,0.656222487,4,2019-11-19T05:00:00.0,0.656222487,0,0.656222487,7734,1.121127699,1,0,0.585323588
0,-0.042430781,1,0.398544357,2,2019-11-19T06:00:00.0,0.398544357,0,0.398544357,7735,1.042430781,1,0,0.382322131
0,-0.121127698,1,0.656222487,4,2019-11-19T07:00:00.0,0.656222487,0,0.656222487,7736,1.121127699,1.000000001,0,0.585323588
0,-0.121127698,1,0.62253987,4,2019-11-19T08:00:00.0,0.62253987,0,0.62253987,7737,1.1211277,1.000000002,0,0.555280072
0,-0.121127698,1,0.622539869,4,2019-11-19T09:00:00.0,0.622539869,0,0.622539869,7738,1.121127699,1,0,0.555280072
0,-0.121127698,1,0.622539869,4,2019-11-19T10:00:00.0,0.622539869,0,0.622539869,7739,1.121127698,1,0,0.555280072
0,-0.121127698,1,0.622539869,4,2019-11-19T11:00:00.0,0.622539869,0,0.622539869,7740,1.121127698,1,0,0.555280072
0,-0.121127698,1,0.622539869,4,2019-11-19T12:00:00.0,0.622539869,0,0.622539869,7741,1.121127698,1,0,0.555280072
0,-0.121127698,1,0.622539869,4,2019-11-19T13:00:00.0,0.622539869,0,0.622539869,7742,1.121127698,1,0,0.555280072
0,-0.121127698,1,0.622539869,4,2019-11-19T14:00:00.0,0.622539869,0,0.622539869,7743,1.121127698,1,0,0.555280072
0,-0.121127698,1,0.656222487,5,2019-11-19T15:00:00.0,0.656222487,0,0.656222487,7744,1.121127699,1,0,0.585323588
0,-0.121127698,1,0.656222487,4,2019-11-19T16:00:00.0,0.656222487,0,0.656222487,7745,1.121127699,1,0,0.585323588
0,-0.121127698,1,0.656222487,4,2019-11-19T17:00:00.0,0.656222487,0,0.656222487,7746,1.121127699,1,0,0.585323588
0,-0.121127698,1,0.656222487,4,2019-11-19T18:00:00.0,0.656222487,0,0.656222487,7747,1.121127699,1,0,0.585323588
0,-0.121127698,1,0.656222487,4,2019-11-19T19:00:00.0,0.656222487,0,0.656222487,7748,1.121127699,1,0,0.585323588
0,-0.121127698,1,0.656222487,4,2019-11-19T20:00:00.0,0.656222487,0,0.656222487,7749,1.121127699,1,0,0.585323588
0,-0.121127698,1,0.656222487,4,2019-11-19T21:00:00.0,0.656222487,0,0.656222487,7750,1.121127699,1,0,0.585323588
0,-0.121127698,1,0.622539869,4,2019-11-19T22:00:00.0,0.622539869,0,0.622539869,7751,1.121127698,1,0,0.555280072
0,-0.042430781,1,0.394226255,2,2019-11-19T23:00:00.0,0.394226255,0,0.394226255,7752,1.042430781,1,0,0.378179791
0,-0.109998639,1,0.653479669,5,2019-11-20T00:00:00.0,0.653479669,0,0.653479669,7753,1.109998639,1,0,0.588721144
0,-0.120770938,1,0.656342434,4,2019-11-20T01:00:00.0,0.656342434,0,0.656342434,7754,1.120770938,1,0,0.585616928
0,-0.042430781,1,0.682564912,2,2019-11-20T02:00:00.0,0.682564912,0,0.682564912,7755,1.042430781,1,0,0.654782
0,-0.042430781,1,0.398544357,2,2019-11-20T03:00:00.0,0.398544357,0,0.398544357,7756,1.042430781,1,0,0.382322131
0,-0.042430781,1,0.398544357,2,2019-11-20T04:00:00.0,0.398544357,0,0.398544357,7757,1.042430781,1,0,0.382322131
0,-0.121127698,1,0.656222487,4,2019-11-20T05:00:00.0,0.656222487,0,0.656222487,7758,1.121127699,1,0,0.585323588
0,-0.121127698,1,0.656222487,4,2019-11-20T06:00:00.0,0.656222487,0,0.656222487,7759,1.121127699,1,0,0.585323588
0,-0.121127698,1,0.656222487,4,2019-11-20T07:00:00.0,0.656222487,0,0.656222487,7760,1.121127699,1,0,0.585323588
0,-0.121127698,1,0.656222487,4,2019-11-20T08:00:00.0,0.656222487,0,0.656222487,7761,1.121127699,1,0,0.585323588
0,-0.121127698,1,0.656222487,4,2019-11-20T09:00:00.0,0.656222487,0,0.656222487,7762,1.121127699,1,0,0.585323588
0,0,1,0.426276334,1,2019-11-20T10:00:00.0,0.426276334,0,0.426276334,7763,1,1,0,0.426276334
0,0,1,0.426276334,1,2019-11-20T11:00:00.0,0.426276334,0,0.426276334,7764,1,1,0,0.426276334
0,0,1,0.426276334,1,2019-11-20T12:00:00.0,0.426276334,0,0.426276334,7765,1,1,0,0.426276334
0,0,1,0.426276334,1,2019-11-20T13:00:00.0,0.426276334,0,0.426276334,7766,1,1,0,0.426276334
0,0,1,0.426276334,1,2019-11-20T14:00:00.0,0.426276334,0,0.426276334,7767,1,1,0,0.426276334
0,0,1,0.426276334,1,2019-11-20T15:00:00.0,0.426276334,0,0.426276334,7768,1,1,0,0.426276334
0,-0.121127698,1,0.656222487,4,2019-11-20T16:00:00.0,0.656222487,0,0.656222487,7769,1.121127699,1,0,0.585323588
0,-0.121127698,1,0.656222487,4,2019-11-20T17:00:00.0,0.656222487,0,0.656222487,7770,1.121127699,1,0,0.585323588
0,-0.121127698,1,0.656222487,4,2019-11-20T18:00:00.0,0.656222487,0,0.656222487,7771,1.121127699,1,0,0.585323588
0,-0.121127698,1,0.656222487,4,2019-11-20T19:00:00.0,0.656222487,0,0.656222487,7772,1.121127699,1,0,0.585323588
0,-0.121127698,1,0.656222487,4,2019-11-20T20:00:00.0,0.656222487,0,0.656222487,7773,1.121127699,1,0,0.585323588
0,-0.042430781,1,0.398544357,2,2019-11-20T21:00:00.0,0.398544357,0,0.398544357,7774,1.042430781,1,0,0.382322131
0,-0.142817344,1,0.559791011,4,2019-11-20T22:00:00.0,0.559791011,0,0.559791011,7775,1.142817344,1,0,0.489834193
0,-0.039677957,1,0.354594634,2,2019-11-20T23:00:00.0,0.354594634,0,0.354594634,7776,1.039677957,1,0,0.341061991
0,-0.121127698,1,0.656222487,4,2019-11-21T00:00:00.0,0.656222487,0,0.656222487,7777,1.121127698,1,0,0.585323588
0,-0.121127698,1,0.656222487,4,2019-11-21T01:00:00.0,0.656222487,0,0.656222487,7778,1.121127699,1,0,0.585323588
0,-0.121127698,1,0.656222487,4,2019-11-21T02:00:00.0,0.656222487,0,0.656222487,7779,1.121127699,1,0,0.585323588
0,-0.121127698,1,0.656222487,4,2019-11-21T03:00:00.0,0.656222487,0,0.656222487,7780,1.121127699,1,0,0.585323588
0,-0.121127698,1,0.656222487,4,2019-11-21T04:00:00.0,0.656222487,0,0.656222487,7781,1.121127698,1,0,0.585323588
0,-0.121127698,1,0.656222487,4,2019-11-21T05:00:00.0,0.656222487,0,0.656222487,7782,1.121127699,1,0,0.585323588
0,-0.121127698,1,0.656222487,4,2019-11-21T06:00:00.0,0.656222487,0,0.656222487,7783,1.121127699,1,0,0.585323588
0,-0.121127698,1,0.656222487,4,2019-11-21T07:00:00.0,0.656222487,0,0.656222487,7784,1.121127699,1,0,0.585323588
0,-0.042430781,1,0.394226255,2,2019-11-21T08:00:00.0,0.394226255,0,0.394226255,7785,1.042430781,1,0,0.378179791
0,-0.042430781,1,0.682564912,2,2019-11-21T09:00:00.0,0.682564912,0,0.682564912,7786,1.042430781,1,0,0.654782
0,0,1,0.426276334,1,2019-11-21T10:00:00.0,0.426276334,0,0.426276334,7787,1,1,0,0.426276334
0,0,1,0.426276334,1,2019-11-21T11:00:00.0,0.426276334,0,0.426276334,7788,1,1,0,0.426276334
0,0,1,0.426276334,1,2019-11-21T12:00:00.0,0.426276334,0,0.426276334,7789,1,1,0,0.426276334
0,-0.121127698,1,0.656222487,4,2019-11-21T13:00:00.0,0.656222487,0,0.656222487,7790,1.121127698,1,0,0.585323588
0,-0.042430781,1,0.682564912,2,2019-11-21T14:00:00.0,0.682564912,0,0.682564912,7791,1.042430781,1,0,0.654782
0,-0.121127698,1,0.656222487,4,2019-11-21T15:00:00.0,0.656222487,0,0.656222487,7792,1.121127699,1,0,0.585323588
0,-0.121127698,1,0.656222487,4,2019-11-21T16:00:00.0,0.656222487,0,0.656222487,7793,1.121127699,1,0,0.585323588
0,-0.121127698,1,0.656222487,4,2019-11-21T17:00:00.0,0.656222487,0,0.656222487,7794,1.121127699,1,0,0.585323588
0,-0.121127698,1,0.656222487,4,2019-11-21T18:00:00.0,0.656222487,0,0.656222487,7795,1.121127699,1,0,0.585323588
0,-0.121127698,1,0.656222487,4,2019-11-21T19:00:00.0,0.656222487,0,0.656222487,7796,1.121127699,1,0,0.585323588
0,-0.239616846,1,0.616383893,3,2019-11-21T20:00:00.0,0.616383893,0,0.616383893,7797,1.239616846,1,0,0.497237429
0,-0.239616846,1,0.616383893,3,2019-11-21T21:00:00.0,0.616383893,0,0.616383893,7798,1.239616846,1,0,0.497237429
0,-0.039677957,1,0.393185193,2,2019-11-21T22:00:00.0,0.393185193,0,0.393185193,7799,1.039677957,1,0,0.378179791
0,-0.039677957,1,0.354594634,2,2019-11-21T23:00:00.0,0.354594634,0,0.354594634,7800,1.039677957,1,0,0.341061991
0,-0.234220421,1,0.613228926,4,2019-11-22T00:00:00.0,0.613228926,0,0.613228926,7801,1.234220421,1,0,0.496855275
0,-0.234220421,1,0.613228926,4,2019-11-22T01:00:00.0,0.613228926,0,0.613228926,7802,1.234220421,1,0,0.496855275
0,-0.234220421,1,0.613228926,4,2019-11-22T02:00:00.0,0.613228926,0,0.613228926,7803,1.234220421,1,0,0.496855275
0,-0.234220421,1,0.613228926,4,2019-11-22T03:00:00.0,0.613228926,0,0.613228926,7804,1.234220421,1,0,0.496855275
0,-0.234220421,1,0.613228926,4,2019-11-22T04:00:00.0,0.613228926,0,0.613228926,7805,1.234220421,1,0,0.496855275
0,-0.234220421,1,0.613228926,4,2019-11-22T05:00:00.0,0.613228926,0,0.613228926,7806,1.234220421,1,0,0.496855275
0,-0.234220421,1,0.613228926,4,2019-11-22T06:00:00.0,0.613228926,0,0.613228926,7807,1.234220421,1,0,0.496855275
0,-0.234220421,1,0.613228926,4,2019-11-22T07:00:00.0,0.613228926,0,0.613228926,7808,1.234220421,1,0,0.496855275
0,-0.239616846,1,0.616383893,3,2019-11-22T08:00:00.0,0.616383893,0,0.616383893,7809,1.239616846,1,0,0.497237429
0,-0.234220421,1,0.613228926,4,2019-11-22T09:00:00.0,0.613228926,0,0.613228926,7810,1.234220421,1,0,0.496855275
0,-0.234220421,1,0.613228926,4,2019-11-22T10:00:00.0,0.613228926,0,0.613228926,7811,1.234220421,1,0,0.496855275
0,-0.239616846,1,0.616383893,3,2019-11-22T11:00:00.0,0.616383893,0,0.616383893,7812,1.239616846,1,0,0.497237429
0,-0.234220421,1,0.613228926,4,2019-11-22T12:00:00.0,0.613228926,0,0.613228926,7813,1.234220421,1,0,0.496855275
0,-0.234220421,1,0.613228926,4,2019-11-22T13:00:00.0,0.613228926,0,0.613228926,7814,1.234220421,1,0,0.496855275
0,-0.234220421,1,0.613228926,4,2019-11-22T14:00:00.0,0.613228926,0,0.613228926,7815,1.234220421,1,0,0.496855275
0,-0.234220421,1,0.613228926,4,2019-11-22T15:00:00.0,0.613228926,0,0.613228926,7816,1.234220421,1,0,0.496855275
0,-0.234220421,1,0.613228926,4,2019-11-22T16:00:00.0,0.613228926,0,0.613228926,7817,1.234220421,1,0,0.496855275
0,-0.239616846,1,0.616383893,3,2019-11-22T17:00:00.0,0.616383893,0,0.616383893,7818,1.239616846,1,0,0.497237429
0,-0.234220421,1,0.613228926,4,2019-11-22T18:00:00.0,0.613228926,0,0.613228926,7819,1.234220421,1,0,0.496855275
0,-0.234220421,1,0.613228926,4,2019-11-22T19:00:00.0,0.613228926,0,0.613228926,7820,1.234220421,1,0,0.496855275
0,-0.234220421,1,0.613228926,4,2019-11-22T20:00:00.0,0.613228926,0,0.613228926,7821,1.234220421,1,0,0.496855275
0,-0.234220421,1,0.613228926,4,2019-11-22T21:00:00.0,0.613228926,0,0.613228926,7822,1.234220421,1,0,0.496855275
0,-0.234220421,1,0.613228926,4,2019-11-22T22:00:00.0,0.613228926,0,0.613228926,7823,1.234220421,1,0,0.496855275
0,-0.234220421,1,0.613228926,4,2019-11-22T23:00:00.0,0.613228926,0,0.613228926,7824,1.234220421,1,0,0.496855275
0,-0.142817344,1,0.559791011,4,2019-11-23T00:00:00.0,0.559791011,0,0.559791011,7825,1.142817344,1,0,0.489834193
0,-0.039677957,1,0.338880129,2,2019-11-23T01:00:00.0,0.338880129,0,0.338880129,7826,1.039677957,1,0,0.325947209
0,-0.142817344,1,0.559791011,4,2019-11-23T02:00:00.0,0.559791011,0,0.559791011,7827,1.142817344,1,0,0.489834193
0,-0.142817344,1,0.559791011,4,2019-11-23T03:00:00.0,0.559791011,0,0.559791011,7828,1.142817344,1,0,0.489834193
0,-0.142817344,1,0.559791011,4,2019-11-23T04:00:00.0,0.559791011,0,0.559791011,7829,1.142817344,1,0,0.489834193
0,-0.142817344,1,0.559791011,4,2019-11-23T05:00:00.0,0.559791011,0,0.559791011,7830,1.142817344,1,0,0.489834193
0,-0.121127698,1,0.656222487,4,2019-11-23T06:00:00.0,0.656222487,0,0.656222487,7831,1.121127699,1,0,0.585323588
0,-0.042430781,1,0.354398864,2,2019-11-23T07:00:00.0,0.354398864,0,0.354398864,7832,1.042430781,1,0,0.339973522
0,-0.142817344,1,0.518091502,4,2019-11-23T08:00:00.0,0.518091502,0,0.518091502,7833,1.142817344,1,0,0.453345852
0,-0.125376344,1,0.392326373,3,2019-11-23T09:00:00.0,0.392326373,0,0.392326373,7834,1.125376344,1,0,0.348617931
0,-0.142817344,1,0.518091502,4,2019-11-23T10:00:00.0,0.518091502,0,0.518091502,7835,1.142817344,1,0,0.453345852
0,-0.142817344,1,0.518091502,4,2019-11-23T11:00:00.0,0.518091502,0,0.518091502,7836,1.142817344,1,0,0.453345852
0,-0.142817344,1,0.518091502,4,2019-11-23T12:00:00.0,0.518091502,0,0.518091502,7837,1.142817344,1,0,0.453345852
0,-0.142817344,1,0.518091502,4,2019-11-23T13:00:00.0,0.518091502,0,0.518091502,7838,1.142817344,1,0,0.453345852
0,-0.142817344,1,0.518091502,4,2019-11-23T14:00:00.0,0.518091502,0,0.518091502,7839,1.142817344,1,0,0.453345852
0,-0.121127698,1,0.656222487,4,2019-11-23T15:00:00.0,0.656222487,0,0.656222487,7840,1.121127699,1,0,0.585323588
0,-0.121127698,1,0.656222487,4,2019-11-23T16:00:00.0,0.656222487,0,0.656222487,7841,1.121127699,1,0,0.585323588
0,-0.121127698,1,0.656222487,4,2019-11-23T17:00:00.0,0.656222487,0,0.656222487,7842,1.121127699,1,0,0.585323588
0,-0.042430781,1,0.682564912,2,2019-11-23T18:00:00.0,0.682564912,0,0.682564912,7843,1.042430781,1,0,0.654782
0,-0.121127698,1,0.656222487,4,2019-11-23T19:00:00.0,0.656222487,0,0.656222487,7844,1.121127699,1,0,0.585323588
0,-0.121127698,1,0.656222487,4,2019-11-23T20:00:00.0,0.656222487,0,0.656222487,7845,1.121127699,1,0,0.585323588
0,-0.039677957,1,0.680762412,2,2019-11-23T21:00:00.0,0.680762412,0,0.680762412,7846,1.039677957,1,0,0.654782
0,-0.039677957,1,0.354594634,2,2019-11-23T22:00:00.0,0.354594634,0,0.354594634,7847,1.039677957,1,0,0.341061991
0,-0.039677957,1,0.338880129,2,2019-11-23T23:00:00.0,0.338880129,0,0.338880129,7848,1.039677957,1,0,0.325947209
0,-0.142817344,1,0.559791011,4,2019-11-24T00:00:00.0,0.559791011,0,0.559791011,7849,1.142817344,1,0,0.489834193
0,-0.142817344,1,0.559791011,4,2019-11-24T01:00:00.0,0.559791011,0,0.559791011,7850,1.142817344,1,0,0.489834193
0,-0.142817344,1,0.559791011,4,2019-11-24T02:00:00.0,0.559791011,0,0.559791011,7851,1.142817344,1,0,0.489834193
0,-0.142817344,1,0.559791011,4,2019-11-24T03:00:00.0,0.559791011,0,0.559791011,7852,1.142817344,1,0,0.489834193
0,-0.142817344,1,0.559791011,4,2019-11-24T04:00:00.0,0.559791011,0,0.559791011,7853,1.142817344,1,0,0.489834193
0,-0.142817344,1,0.559791011,4,2019-11-24T05:00:00.0,0.559791011,0,0.559791011,7854,1.142817344,1,0,0.489834193
0,-0.142817344,1,0.559791011,4,2019-11-24T06:00:00.0,0.559791011,0,0.559791011,7855,1.142817344,1,0,0.489834193
0,-0.142817344,1,0.559791011,4,2019-11-24T07:00:00.0,0.559791011,0,0.559791011,7856,1.142817344,1,0,0.489834193
0,-0.142817344,1,0.559791011,4,2019-11-24T08:00:00.0,0.559791011,0,0.559791011,7857,1.142817344,1,0,0.489834193
0,-0.142817344,1,0.559791011,4,2019-11-24T09:00:00.0,0.559791011,0,0.559791011,7858,1.142817344,1,0,0.489834193
0,-0.142817344,1,0.559791011,4,2019-11-24T10:00:00.0,0.559791011,0,0.559791011,7859,1.142817344,1,0,0.489834193
0,-0.239616846,1,0.616383893,3,2019-11-24T11:00:00.0,0.616383893,0,0.616383893,7860,1.239616846,1,0,0.497237429
0,-0.239616846,1,0.616383893,3,2019-11-24T12:00:00.0,0.616383893,0,0.616383893,7861,1.239616846,1,0,0.497237429
0,-0.239616846,1,0.616383893,3,2019-11-24T13:00:00.0,0.616383893,0,0.616383893,7862,1.239616846,1,0,0.497237429
0,-0.239616846,1,0.616383893,3,2019-11-24T14:00:00.0,0.616383893,0,0.616383893,7863,1.239616846,1,0,0.497237429
0,-0.239616846,1,0.616383893,3,2019-11-24T15:00:00.0,0.616383893,0,0.616383893,7864,1.239616846,1,0,0.497237429
0,-0.239616846,1,0.616383893,3,2019-11-24T16:00:00.0,0.616383893,0,0.616383893,7865,1.239616846,1,0,0.497237429
0,-0.142817344,1,0.559791011,4,2019-11-24T17:00:00.0,0.559791011,0,0.559791011,7866,1.142817344,1,0,0.489834193
0,-0.142817344,1,0.559791011,4,2019-11-24T18:00:00.0,0.559791011,0,0.559791011,7867,1.142817344,1,0,0.489834193
0,-0.142817344,1,0.559791011,4,2019-11-24T19:00:00.0,0.559791011,0,0.559791011,7868,1.142817344,1,0,0.489834193
0,-0.234220421,1,0.613228926,4,2019-11-24T20:00:00.0,0.613228926,0,0.613228926,7869,1.234220421,1,0,0.496855275
0,-0.239616846,1,0.616383893,3,2019-11-24T21:00:00.0,0.616383893,0,0.616383893,7870,1.239616846,1,0,0.497237429
0,-0.239616846,1,0.616383893,3,2019-11-24T22:00:00.0,0.616383893,0,0.616383893,7871,1.239616846,1,0,0.497237429
0,-0.039677957,1,0.312598129,2,2019-11-24T23:00:00.0,0.312598129,0,0.312598129,7872,1.039677957,1,0,0.300668228
0,-0.239616846,1,0.616383893,3,2019-11-25T00:00:00.0,0.616383893,0,0.616383893,7873,1.239616846,1,0,0.497237429
0,-0.239616846,1,0.616383893,3,2019-11-25T01:00:00.0,0.616383893,0,0.616383893,7874,1.239616846,1,0,0.497237429
0,-0.239616846,1,0.616383893,3,2019-11-25T02:00:00.0,0.616383893,0,0.616383893,7875,1.239616846,1,0,0.497237429
0,-0.239616846,1,0.616383893,3,2019-11-25T03:00:00.0,0.616383893,0,0.616383893,7876,1.239616846,1,0,0.497237429
0,-0.239616846,1,0.616383893,3,2019-11-25T04:00:00.0,0.616383893,0,0.616383893,7877,1.239616846,1,0,0.497237429
0,-0.239616846,1,0.616383893,3,2019-11-25T05:00:00.0,0.616383893,0,0.616383893,7878,1.239616846,1,0,0.497237429
0,-0.239616846,1,0.616383893,3,2019-11-25T06:00:00.0,0.616383893,0,0.616383893,7879,1.239616846,1,0,0.497237429
0,-0.121127698,1,0.656222487,4,2019-11-25T07:00:00.0,0.656222487,0,0.656222487,7880,1.121127698,1,0,0.585323588
0,-0.239616846,1,0.616383893,3,2019-11-25T08:00:00.0,0.616383893,0,0.616383893,7881,1.239616846,1,0,0.497237429
0,-0.121127698,1,0.656222487,4,2019-11-25T09:00:00.0,0.656222487,0,0.656222487,7882,1.121127698,1,0,0.585323588
0,-0.239616846,1,0.616383893,3,2019-11-25T10:00:00.0,0.616383893,0,0.616383893,7883,1.239616846,1,0,0.497237429
0,-0.239616846,1,0.616383893,3,2019-11-25T11:00:00.0,0.616383893,0,0.616383893,7884,1.239616846,1,0,0.497237429
0,-0.239616846,1,0.616383893,3,2019-11-25T12:00:00.0,0.616383893,0,0.616383893,7885,1.239616846,1,0,0.497237429
0,-0.121127698,1,0.656222487,4,2019-11-25T13:00:00.0,0.656222487,0,0.656222487,7886,1.121127699,1,0,0.585323588
0,-0.042430781,1,0.682564912,2,2019-11-25T14:00:00.0,0.682564912,0,0.682564912,7887,1.042430781,1,0,0.654782
0,-0.121127698,1,0.656222487,4,2019-11-25T15:00:00.0,0.656222487,0,0.656222487,7888,1.121127699,1,0,0.585323588
0,-0.121127698,1,0.656222487,4,2019-11-25T16:00:00.0,0.656222487,0,0.656222487,7889,1.121127699,1,0,0.585323588
0,-0.121127698,1,0.656222487,4,2019-11-25T17:00:00.0,0.656222487,0,0.656222487,7890,1.121127699,1,0,0.585323588
0,-0.121127698,1,0.656222487,4,2019-11-25T18:00:00.0,0.656222487,0,0.656222487,7891,1.121127699,1,0,0.585323588
0,-0.042430781,1,0.682564912,3,2019-11-25T19:00:00.0,0.682564912,0,0.682564912,7892,1.042430781,1,0,0.654782
0,-0.121127698,1,0.656222487,4,2019-11-25T20:00:00.0,0.656222487,0,0.656222487,7893,1.121127699,1,0,0.585323588
0,-0.121127698,1,0.656222487,4,2019-11-25T21:00:00.0,0.656222487,0,0.656222487,7894,1.121127699,1,0,0.585323588
0,-0.039677957,1,0.393185193,2,2019-11-25T22:00:00.0,0.393185193,0,0.393185193,7895,1.039677957,1,0,0.378179791
0,-0.039677957,1,0.353462977,2,2019-11-25T23:00:00.0,0.353462977,0,0.353462977,7896,1.039677957,1,0,0.339973522
0,-0.121127698,1,0.656222487,4,2019-11-26T00:00:00.0,0.656222487,0,0.656222487,7897,1.121127698,1,0,0.585323588
0,-0.142817344,1,0.559791011,4,2019-11-26T01:00:00.0,0.559791011,0,0.559791011,7898,1.142817344,1,0,0.489834193
0,-0.142817344,1,0.559791011,4,2019-11-26T02:00:00.0,0.559791011,0,0.559791011,7899,1.142817344,1,0,0.489834193
0,-0.121127698,1,0.656222487,4,2019-11-26T03:00:00.0,0.656222487,0,0.656222487,7900,1.121127699,1,0,0.585323588
0,-0.142817344,1,0.559791011,4,2019-11-26T04:00:00.0,0.559791011,0,0.559791011,7901,1.142817344,1,0,0.489834193
0,-0.121127698,1,0.656222487,4,2019-11-26T05:00:00.0,0.656222487,0,0.656222487,7902,1.121127699,1,0,0.585323588
0,-0.142817344,1,0.559791011,4,2019-11-26T06:00:00.0,0.559791011,0,0.559791011,7903,1.142817344,1,0,0.489834193
0,-0.239616846,1,0.616383893,3,2019-11-26T07:00:00.0,0.616383893,0,0.616383893,7904,1.239616846,1,0,0.497237429
0,-0.239616846,1,0.616383893,3,2019-11-26T08:00:00.0,0.616383893,0,0.616383893,7905,1.239616846,1,0,0.497237429
0,-0.239616846,1,0.616383893,3,2019-11-26T09:00:00.0,0.616383893,0,0.616383893,7906,1.239616846,1,0,0.497237429
0,-0.239616846,1,0.616383893,3,2019-11-26T10:00:00.0,0.616383893,0,0.616383893,7907,1.239616846,1,0,0.497237429
0,-0.239616846,1,0.616383893,3,2019-11-26T11:00:00.0,0.616383893,0,0.616383893,7908,1.239616846,1,0,0.497237429
0,-0.239616846,1,0.616383893,3,2019-11-26T12:00:00.0,0.616383893,0,0.616383893,7909,1.239616846,1,0,0.497237429
0,-0.239616846,1,0.616383893,3,2019-11-26T13:00:00.0,0.616383893,0,0.616383893,7910,1.239616846,1,0,0.497237429
0,-0.239616846,1,0.616383893,3,2019-11-26T14:00:00.0,0.616383893,0,0.616383893,7911,1.239616846,1,0,0.497237429
0,-0.121127698,1,0.656222487,4,2019-11-26T15:00:00.0,0.656222487,0,0.656222487,7912,1.121127699,1,0,0.585323588
0,-0.121127698,1,0.656222487,4,2019-11-26T16:00:00.0,0.656222487,0,0.656222487,7913,1.121127699,1,0,0.585323588
0,-0.121127698,1,0.656222487,4,2019-11-26T17:00:00.0,0.656222487,0,0.656222487,7914,1.121127699,1,0,0.585323588
0,-0.26422536,1,0.725419958,4,2019-11-26T18:00:00.0,0.725419958,0,0.725419958,7915,1.26422536,1,0,0.57380589
0,-0.121127698,1,0.656222487,4,2019-11-26T19:00:00.0,0.656222487,0,0.656222487,7916,1.121127699,1,0,0.585323588
0,-0.121127698,1,0.656222487,4,2019-11-26T20:00:00.0,0.656222487,0,0.656222487,7917,1.121127699,1,0,0.585323588
0,-0.121127698,1,0.656222487,4,2019-11-26T21:00:00.0,0.656222487,0,0.656222487,7918,1.121127699,1,0,0.585323588
0,-0.121127698,1,0.656222487,4,2019-11-26T22:00:00.0,0.656222487,0,0.656222487,7919,1.121127699,1,0,0.585323588
0,-0.142817344,1,0.559791011,4,2019-11-26T23:00:00.0,0.559791011,0,0.559791011,7920,1.142817344,1,0,0.489834193
0,-0.142817344,1,0.559791011,4,2019-11-27T00:00:00.0,0.559791011,0,0.559791011,7921,1.142817344,1,0,0.489834193
0,-0.039677957,1,0.353462977,2,2019-11-27T01:00:00.0,0.353462977,0,0.353462977,7922,1.039677957,1,0,0.339973522
0,-0.234220421,1,0.613228926,4,2019-11-27T02:00:00.0,0.613228926,0,0.613228926,7923,1.234220421,1,0,0.496855275
0,-0.234220421,1,0.613228926,4,2019-11-27T03:00:00.0,0.613228926,0,0.613228926,7924,1.234220421,1,0,0.496855275
0,-0.034539314,1,0.403766889,3,2019-11-27T04:00:00.0,0.403766889,0,0.403766889,7925,1.034539314,1,0,0.390286656
0,-0.234220421,1,0.613228926,4,2019-11-27T05:00:00.0,0.613228926,0,0.613228926,7926,1.234220421,1,0,0.496855275
0,-0.142817344,1,0.559791011,4,2019-11-27T06:00:00.0,0.559791011,0,0.559791011,7927,1.142817344,1,0,0.489834193
0,-0.039677957,1,0.68076234,2,2019-11-27T07:00:00.0,0.68076234,0,0.68076234,7928,1.039677848,0.999999891,0,0.654782
0,-0.142817344,1,0.559791011,4,2019-11-27T08:00:00.0,0.559791011,0,0.559791011,7929,1.142817344,1,0,0.489834193
0,-0.142817344,1,0.559791011,4,2019-11-27T09:00:00.0,0.559791011,0,0.559791011,7930,1.142817344,1,0,0.489834193
0,-0.142817344,1,0.559791011,4,2019-11-27T10:00:00.0,0.559791011,0,0.559791011,7931,1.142817344,1,0,0.489834193
0,-0.142817344,1,0.559791011,4,2019-11-27T11:00:00.0,0.559791011,0,0.559791011,7932,1.142817344,1,0,0.489834193
0,-0.234220421,1,0.613228926,4,2019-11-27T12:00:00.0,0.613228926,0,0.613228926,7933,1.234220421,1,0,0.496855275
0,-0.234220421,1,0.613228926,4,2019-11-27T13:00:00.0,0.613228926,0,0.613228926,7934,1.234220421,1,0,0.496855275
0,-0.234220421,1,0.613228926,4,2019-11-27T14:00:00.0,0.613228926,0,0.613228926,7935,1.234220421,1,0,0.496855275
0,-0.234220421,1,0.613228926,4,2019-11-27T15:00:00.0,0.613228926,0,0.613228926,7936,1.234220421,1,0,0.496855275
0,-0.142817344,1,0.559791011,4,2019-11-27T16:00:00.0,0.559791011,0,0.559791011,7937,1.142817344,1,0,0.489834193
0,-0.234220421,1,0.613228926,4,2019-11-27T17:00:00.0,0.613228926,0,0.613228926,7938,1.234220421,1,0,0.496855275
0,-0.234220421,1,0.613228926,4,2019-11-27T18:00:00.0,0.613228926,0,0.613228926,7939,1.234220421,1,0,0.496855275
0,-0.234220421,1,0.613228926,4,2019-11-27T19:00:00.0,0.613228926,0,0.613228926,7940,1.234220421,1,0,0.496855275
0,-0.234220421,1,0.613079247,5,2019-11-27T20:00:00.0,0.613079247,0,0.613079247,7941,1.234220421,1,0,0.496734
0,-0.039677957,1,0.353462977,2,2019-11-27T21:00:00.0,0.353462977,0,0.353462977,7942,1.039677957,1,0,0.339973522
0,-0.234220421,1,0.613228926,4,2019-11-27T22:00:00.0,0.613228926,0,0.613228926,7943,1.234220421,1,0,0.496855275
0,-0.039677957,1,0.312598129,2,2019-11-27T23:00:00.0,0.312598129,0,0.312598129,7944,1.039677957,1,0,0.300668228
0,-0.234220421,1,0.613228926,4,2019-11-28T00:00:00.0,0.613228926,0,0.613228926,7945,1.234220421,1,0,0.496855275
0,-0.234220421,1,0.613228926,4,2019-11-28T01:00:00.0,0.613228926,0,0.613228926,7946,1.234220421,1,0,0.496855275
0,-0.234220421,1,0.613228926,4,2019-11-28T02:00:00.0,0.613228926,0,0.613228926,7947,1.234220421,1,0,0.496855275
0,-0.234220421,1,0.613228926,4,2019-11-28T03:00:00.0,0.613228926,0,0.613228926,7948,1.234220421,1,0,0.496855275
0,-0.234220421,1,0.613228926,4,2019-11-28T04:00:00.0,0.613228926,0,0.613228926,7949,1.234220421,1,0,0.496855275
0,-0.234220421,1,0.613228926,4,2019-11-28T05:00:00.0,0.613228926,0,0.613228926,7950,1.234220421,1,0,0.496855275
0,-0.234220421,1,0.613228926,4,2019-11-28T06:00:00.0,0.613228926,0,0.613228926,7951,1.234220421,1,0,0.496855275
0,-0.234220421,1,0.613228926,4,2019-11-28T07:00:00.0,0.613228926,0,0.613228926,7952,1.234220421,1,0,0.496855275
0,-0.234220421,1,0.613228926,4,2019-11-28T08:00:00.0,0.613228926,0,0.613228926,7953,1.234220421,1,0,0.496855275
0,-0.234220421,1,0.613228926,4,2019-11-28T09:00:00.0,0.613228926,0,0.613228926,7954,1.234220421,1,0,0.496855275
0,-0.234220421,1,0.613228926,4,2019-11-28T10:00:00.0,0.613228926,0,0.613228926,7955,1.234220421,1,0,0.496855275
0,-0.234220421,1,0.613228926,4,2019-11-28T11:00:00.0,0.613228926,0,0.613228926,7956,1.234220421,1,0,0.496855275
0,-0.234220421,1,0.613228926,4,2019-11-28T12:00:00.0,0.613228926,0,0.613228926,7957,1.234220421,1,0,0.496855275
0,-0.234220421,1,0.613228926,4,2019-11-28T13:00:00.0,0.613228926,0,0.613228926,7958,1.234220421,1,0,0.496855275
0,-0.234220421,1,0.613228926,4,2019-11-28T14:00:00.0,0.613228926,0,0.613228926,7959,1.234220421,1,0,0.496855275
0,-0.234220421,1,0.613228926,4,2019-11-28T15:00:00.0,0.613228926,0,0.613228926,7960,1.234220421,1,0,0.496855275
0,-0.234220421,1,0.613228926,4,2019-11-28T16:00:00.0,0.613228926,0,0.613228926,7961,1.234220421,1,0,0.496855275
0,-0.234220421,1,0.613228926,4,2019-11-28T17:00:00.0,0.613228926,0,0.613228926,7962,1.234220421,1,0,0.496855275
0,-0.234220421,1,0.613228926,4,2019-11-28T18:00:00.0,0.613228926,0,0.613228926,7963,1.234220421,1,0,0.496855275
0,-0.234220421,1,0.613228926,4,2019-11-28T19:00:00.0,0.613228926,0,0.613228926,7964,1.234220421,1,0,0.496855275
0,-0.234220421,1,0.613228926,4,2019-11-28T20:00:00.0,0.613228926,0,0.613228926,7965,1.234220421,1,0,0.496855275
0,-0.234220421,1,0.613228926,4,2019-11-28T21:00:00.0,0.613228926,0,0.613228926,7966,1.234220421,1,0,0.496855275
0,-0.234220421,1,0.613228926,4,2019-11-28T22:00:00.0,0.613228926,0,0.613228926,7967,1.234220421,1,0,0.496855275
0,-0.234220421,1,0.613228926,4,2019-11-28T23:00:00.0,0.613228926,0,0.613228926,7968,1.234220421,1,0,0.496855275
0,-0.234220421,1,0.613228926,4,2019-11-29T00:00:00.0,0.613228926,0,0.613228926,7969,1.234220421,1,0,0.496855275
0,-0.234220421,1,0.613228926,4,2019-11-29T01:00:00.0,0.613228926,0,0.613228926,7970,1.234220421,1,0,0.496855275
0,-0.234220421,1,0.613228926,4,2019-11-29T02:00:00.0,0.613228926,0,0.613228926,7971,1.234220421,1,0,0.496855275
0,-0.142817344,1,0.559791011,4,2019-11-29T03:00:00.0,0.559791011,0,0.559791011,7972,1.142817344,1,0,0.489834193
0,-0.234220421,1,0.613079247,5,2019-11-29T04:00:00.0,0.613079247,0,0.613079247,7973,1.234220421,1,0,0.496734
0,-0.234220421,1,0.613079247,5,2019-11-29T05:00:00.0,0.613079247,0,0.613079247,7974,1.234220421,1,0,0.496734
0,-0.234220421,1,0.613228926,4,2019-11-29T06:00:00.0,0.613228926,0,0.613228926,7975,1.234220421,1,0,0.496855275
0,-0.234220421,1,0.613228926,4,2019-11-29T07:00:00.0,0.613228926,0,0.613228926,7976,1.234220421,1,0,0.496855275
0,-0.039677957,1,0.353462977,2,2019-11-29T08:00:00.0,0.353462977,0,0.353462977,7977,1.039677957,1,0,0.339973522
0,-0.039677957,1,0.353462977,2,2019-11-29T09:00:00.0,0.353462977,0,0.353462977,7978,1.039677957,1,0,0.339973522
0,-0.234220421,1,0.613228926,4,2019-11-29T10:00:00.0,0.613228926,0,0.613228926,7979,1.234220421,1,0,0.496855275
0,-0.039677957,1,0.353462977,2,2019-11-29T11:00:00.0,0.353462977,0,0.353462977,7980,1.039677957,1,0,0.339973522
0,-0.039677957,1,0.353462977,2,2019-11-29T12:00:00.0,0.353462977,0,0.353462977,7981,1.039677957,1,0,0.339973522
0,-0.034659309,1,0.363685293,3,2019-11-29T13:00:00.0,0.363685293,0,0.363685293,7982,1.03465931,1,0,0.351502461
0,-0.234220421,1,0.613228926,4,2019-11-29T14:00:00.0,0.613228926,0,0.613228926,7983,1.234220421,1,0,0.496855275
0,-0.142817344,1,0.559791011,4,2019-11-29T15:00:00.0,0.559791011,0,0.559791011,7984,1.142817344,1,0,0.489834193
0,-0.121127698,1,0.656222487,4,2019-11-29T16:00:00.0,0.656222487,0,0.656222487,7985,1.121127698,1,0,0.585323588
0,-0.121127698,1,0.656222487,4,2019-11-29T17:00:00.0,0.656222487,0,0.656222487,7986,1.121127698,1,0,0.585323588
0,-0.121127698,1,0.656222487,4,2019-11-29T18:00:00.0,0.656222487,0,0.656222487,7987,1.121127699,1,0,0.585323588
0,-0.042430781,1,0.682564912,2,2019-11-29T19:00:00.0,0.682564912,0,0.682564912,7988,1.042430781,1,0,0.654782
0,-0.121127698,1,0.656222487,4,2019-11-29T20:00:00.0,0.656222487,0,0.656222487,7989,1.121127698,1,0,0.585323588
0,-0.121127698,1,0.656222487,4,2019-11-29T21:00:00.0,0.656222487,0,0.656222487,7990,1.121127699,1,0,0.585323588
0,-0.039677957,1,0.353462977,2,2019-11-29T22:00:00.0,0.353462977,0,0.353462977,7991,1.039677957,1,0,0.339973522
0,-0.039677957,1,0.338880129,2,2019-11-29T23:00:00.0,0.338880129,0,0.338880129,7992,1.039677957,1,0,0.325947209
0,-0.121127698,1,0.656222487,4,2019-11-30T00:00:00.0,0.656222487,0,0.656222487,7993,1.121127698,1,0,0.585323588
0,-0.120770938,1,0.656342434,4,2019-11-30T01:00:00.0,0.656342434,0,0.656342434,7994,1.120770938,1,0,0.585616928
0,-0.121127698,1,0.656222487,4,2019-11-30T02:00:00.0,0.656222487,0,0.656222487,7995,1.121127699,1,0,0.585323588
0,-0.121127698,1,0.656222487,4,2019-11-30T03:00:00.0,0.656222487,0,0.656222487,7996,1.121127699,1,0,0.585323588
0,-0.121127698,1,0.656222487,4,2019-11-30T04:00:00.0,0.656222487,0,0.656222487,7997,1.121127699,1,0,0.585323588
0,-0.121127698,1,0.656222487,4,2019-11-30T05:00:00.0,0.656222487,0,0.656222487,7998,1.121127699,1,0,0.585323588
0,-0.121127698,1,0.656222487,4,2019-11-30T06:00:00.0,0.656222487,0,0.656222487,7999,1.121127699,1,0,0.585323588
0,-0.121127698,1,0.622539869,4,2019-11-30T07:00:00.0,0.622539869,0,0.622539869,8000,1.121127698,1,0,0.555280072
0,-0.121127698,1,0.622539869,4,2019-11-30T08:00:00.0,0.622539869,0,0.622539869,8001,1.121127698,1,0,0.555280072
0,-0.142817344,1,0.518091502,4,2019-11-30T09:00:00.0,0.518091502,0,0.518091502,8002,1.142817344,1,0,0.453345852
0,-0.121127698,1,0.622539869,4,2019-11-30T10:00:00.0,0.622539869,0,0.622539869,8003,1.121127698,1,0,0.555280072
0,-0.125376343,1,0.392326373,3,2019-11-30T11:00:00.0,0.392326373,0,0.392326373,8004,1.125376343,1,0,0.348617931
0,-0.125376344,1,0.392326373,3,2019-11-30T12:00:00.0,0.392326373,0,0.392326373,8005,1.125376344,1,0,0.348617931
0,-0.125376344,1,0.392326373,3,2019-11-30T13:00:00.0,0.392326373,0,0.392326373,8006,1.125376344,1,0,0.348617931
0,-0.125376343,1,0.392326373,3,2019-11-30T14:00:00.0,0.392326373,0,0.392326373,8007,1.125376343,1,0,0.348617931
0,-0.121127698,1,0.622539869,4,2019-11-30T15:00:00.0,0.622539869,0,0.622539869,8008,1.121127699,1,0,0.555280072
0,-0.121127698,1,0.622539869,4,2019-11-30T16:00:00.0,0.622539869,0,0.622539869,8009,1.121127699,1,0,0.555280072
0,-0.121127698,1,0.622539869,4,2019-11-30T17:00:00.0,0.622539869,0,0.622539869,8010,1.121127698,1,0,0.555280072
0,-0.121127698,1,0.622539869,4,2019-11-30T18:00:00.0,0.622539869,0,0.622539869,8011,1.121127699,1,0,0.555280072
0,-0.121127698,1,0.622539869,4,2019-11-30T19:00:00.0,0.622539869,0,0.622539869,8012,1.121127698,1,0,0.555280072
0,-0.121127698,1,0.622539869,4,2019-11-30T20:00:00.0,0.622539869,0,0.622539869,8013,1.121127699,1,0,0.555280072
0,-0.042430781,1,0.682564912,2,2019-11-30T21:00:00.0,0.682564912,0,0.682564912,8014,1.042430781,1,0,0.654782
0,-0.121127698,1,0.622539869,4,2019-11-30T22:00:00.0,0.622539869,0,0.622539869,8015,1.121127699,1,0,0.555280072
0,-0.042430781,1,0.354398864,2,2019-11-30T23:00:00.0,0.354398864,0,0.354398864,8016,1.042430781,1,0,0.339973522
0,-0.121127698,1,0.656222487,4,2019-12-01T00:00:00.0,0.656222487,0,0.656222487,8017,1.121127698,1,0,0.585323588
0,-0.121127698,1,0.656222487,4,2019-12-01T01:00:00.0,0.656222487,0,0.656222487,8018,1.121127699,1,0,0.585323588
0,-0.121127698,1,0.656222487,4,2019-12-01T02:00:00.0,0.656222487,0,0.656222487,8019,1.121127699,1,0,0.585323588
0,-0.121127698,1,0.656222487,4,2019-12-01T03:00:00.0,0.656222487,0,0.656222487,8020,1.121127699,1,0,0.585323588
0,-0.121127698,1,0.656222487,4,2019-12-01T04:00:00.0,0.656222487,0,0.656222487,8021,1.121127699,1,0,0.585323588
0,-0.142817344,1,0.559791011,4,2019-12-01T05:00:00.0,0.559791011,0,0.559791011,8022,1.142817344,1,0,0.489834193
0,-0.142817344,1,0.559791011,4,2019-12-01T06:00:00.0,0.559791011,0,0.559791011,8023,1.142817344,1.000000001,0,0.489834193
0,-0.042430781,1,0.394226255,2,2019-12-01T07:00:00.0,0.394226255,0,0.394226255,8024,1.042430781,1,0,0.378179791
0,-0.042278842,1,0.394168795,2,2019-12-01T08:00:00.0,0.394168795,0,0.394168795,8025,1.042278842,1,0,0.378179791
0,-0.042278842,1,0.394168795,2,2019-12-01T09:00:00.0,0.394168795,0,0.394168795,8026,1.042278842,1,0,0.378179791
0,-0.042278842,1,0.394168795,2,2019-12-01T10:00:00.0,0.394168795,0,0.394168795,8027,1.042278842,1,0,0.378179791
0,-0.042278842,1,0.394168795,2,2019-12-01T11:00:00.0,0.394168795,0,0.394168795,8028,1.042278842,1,0,0.378179791
0,-0.042278842,1,0.394168795,2,2019-12-01T12:00:00.0,0.394168795,0,0.394168795,8029,1.042278842,1,0,0.378179791
0,-0.042278842,1,0.394168795,2,2019-12-01T13:00:00.0,0.394168795,0,0.394168795,8030,1.042278842,1,0,0.378179791
0,-0.039677957,1,0.393185193,2,2019-12-01T14:00:00.0,0.393185193,0,0.393185193,8031,1.039677957,1,0,0.378179791
0,-0.039677957,1,0.393185193,2,2019-12-01T15:00:00.0,0.393185193,0,0.393185193,8032,1.039677957,1,0,0.378179791
0,-0.039717805,1,0.393200262,2,2019-12-01T16:00:00.0,0.393200262,0,0.393200262,8033,1.039717805,1,0,0.378179791
0,-0.042449192,1,0.394233218,2,2019-12-01T17:00:00.0,0.394233218,0,0.394233218,8034,1.042449192,1,0,0.378179791
0,-0.042449192,1,0.394233218,2,2019-12-01T18:00:00.0,0.394233218,0,0.394233218,8035,1.042449192,1,0,0.378179791
0,-0.042278842,1,0.394168795,2,2019-12-01T19:00:00.0,0.394168795,0,0.394168795,8036,1.042278842,1,0,0.378179791
0,-0.042278842,1,0.394168795,2,2019-12-01T20:00:00.0,0.394168795,0,0.394168795,8037,1.042278842,1,0,0.378179791
0,-0.042278842,1,0.394168795,2,2019-12-01T21:00:00.0,0.394168795,0,0.394168795,8038,1.042278842,1,0,0.378179791
0,-0.234220421,1,0.613228927,4,2019-12-01T22:00:00.0,0.613228927,0,0.613228927,8039,1.234220422,1,0,0.496855275
0,-0.03465931,1,0.365600757,3,2019-12-01T23:00:00.0,0.365600757,0,0.365600757,8040,1.03465931,1,0,0.35335376
0,-0.121127698,1,0.656222487,4,2019-12-02T00:00:00.0,0.656222487,0,0.656222487,8041,1.121127698,1,0,0.585323588
0,-0.239616846,1,0.616383893,3,2019-12-02T01:00:00.0,0.616383893,0,0.616383893,8042,1.239616846,1,0,0.497237429
0,-0.239616846,1,0.616383893,3,2019-12-02T02:00:00.0,0.616383893,0,0.616383893,8043,1.239616846,1,0,0.497237429
0,-0.121127698,1,0.656222487,4,2019-12-02T03:00:00.0,0.656222487,0,0.656222487,8044,1.121127699,1,0,0.585323588
0,-0.121127698,1,0.656222487,4,2019-12-02T04:00:00.0,0.656222487,0,0.656222487,8045,1.121127699,1,0,0.585323588
0,-0.121127698,1,0.656222487,4,2019-12-02T05:00:00.0,0.656222487,0,0.656222487,8046,1.121127699,1,0,0.585323588
0,-0.239616846,1,0.616383893,3,2019-12-02T06:00:00.0,0.616383893,0,0.616383893,8047,1.239616846,1,0,0.497237429
0,-0.121127698,1,0.656222487,5,2019-12-02T07:00:00.0,0.656222487,0,0.656222487,8048,1.121127699,1,0,0.585323588
0,-0.121127698,1,0.656222487,4,2019-12-02T08:00:00.0,0.656222487,0,0.656222487,8049,1.121127698,1,0,0.585323588
0,-0.121127698,1,0.656222487,4,2019-12-02T09:00:00.0,0.656222487,0,0.656222487,8050,1.121127699,1,0,0.585323588
0,-0.121127698,1,0.656222487,4,2019-12-02T10:00:00.0,0.656222487,0,0.656222487,8051,1.121127699,1,0,0.585323588
0,-0.121127698,1,0.656222487,4,2019-12-02T11:00:00.0,0.656222487,0,0.656222487,8052,1.121127699,1,0,0.585323588
0,-0.121127698,1,0.656222487,4,2019-12-02T12:00:00.0,0.656222487,0,0.656222487,8053,1.121127699,1,0,0.585323588
0,-0.121127698,1,0.656222487,4,2019-12-02T13:00:00.0,0.656222487,0,0.656222487,8054,1.121127699,1,0,0.585323588
0,-0.121127698,1,0.656222487,4,2019-12-02T14:00:00.0,0.656222487,0,0.656222487,8055,1.121127699,1,0,0.585323588
0,-0.121127698,1,0.656222487,4,2019-12-02T15:00:00.0,0.656222487,0,0.656222487,8056,1.121127699,1,0,0.585323588
0,-0.121127698,1,0.656222487,4,2019-12-02T16:00:00.0,0.656222487,0,0.656222487,8057,1.121127699,1,0,0.585323588
0,-0.121127698,1,0.656222487,4,2019-12-02T17:00:00.0,0.656222487,0,0.656222487,8058,1.121127699,1,0,0.585323588
0,-0.121127698,1,0.656222487,4,2019-12-02T18:00:00.0,0.656222487,0,0.656222487,8059,1.121127698,1,0,0.585323588
0,-0.121127698,1,0.656222487,4,2019-12-02T19:00:00.0,0.656222487,0,0.656222487,8060,1.121127698,1,0,0.585323588
0,-0.121127698,1,0.656222487,4,2019-12-02T20:00:00.0,0.656222487,0,0.656222487,8061,1.121127699,1,0,0.585323588
0,-0.121127698,1,0.656222487,4,2019-12-02T21:00:00.0,0.656222487,0,0.656222487,8062,1.121127698,1,0,0.585323588
0,-0.039677957,1,0.393185193,2,2019-12-02T22:00:00.0,0.393185193,0,0.393185193,8063,1.039677957,1,0,0.378179791
0,-0.234220421,1,0.613228926,4,2019-12-02T23:00:00.0,0.613228926,0,0.613228926,8064,1.234220421,1,0,0.496855275
0,-0.142817344,1,0.559791011,4,2019-12-03T00:00:00.0,0.559791011,0,0.559791011,8065,1.142817344,1,0,0.489834193
0,-0.142817344,1,0.559791011,4,2019-12-03T01:00:00.0,0.559791011,0,0.559791011,8066,1.142817344,1,0,0.489834193
0,-0.142817344,1,0.559791011,4,2019-12-03T02:00:00.0,0.559791011,0,0.559791011,8067,1.142817344,1,0,0.489834193
0,-0.142817344,1,0.559791011,4,2019-12-03T03:00:00.0,0.559791011,0,0.559791011,8068,1.142817344,1,0,0.489834193
0,-0.142817344,1,0.559791011,4,2019-12-03T04:00:00.0,0.559791011,0,0.559791011,8069,1.142817344,1,0,0.489834193
0,-0.142817344,1,0.559791011,4,2019-12-03T05:00:00.0,0.559791011,0,0.559791011,8070,1.142817344,1,0,0.489834193
0,-0.142817344,1,0.559791011,4,2019-12-03T06:00:00.0,0.559791011,0,0.559791011,8071,1.142817344,1,0,0.489834193
0,-0.239616846,1,0.616383893,3,2019-12-03T07:00:00.0,0.616383893,0,0.616383893,8072,1.239616846,1,0,0.497237429
0,-0.142817344,1,0.559791011,4,2019-12-03T08:00:00.0,0.559791011,0,0.559791011,8073,1.142817344,1,0,0.489834193
0,-0.239616846,1,0.616383893,3,2019-12-03T09:00:00.0,0.616383893,0,0.616383893,8074,1.239616846,1,0,0.497237429
0,-0.239616846,1,0.616383893,3,2019-12-03T10:00:00.0,0.616383893,0,0.616383893,8075,1.239616846,1,0,0.497237429
0,-0.234220421,1,0.613228926,4,2019-12-03T11:00:00.0,0.613228926,0,0.613228926,8076,1.234220421,1,0,0.496855275
0,-0.234220421,1,0.613228926,4,2019-12-03T12:00:00.0,0.613228926,0,0.613228926,8077,1.234220421,1,0,0.496855275
0,-0.234220421,1,0.613228926,4,2019-12-03T13:00:00.0,0.613228926,0,0.613228926,8078,1.234220421,1,0,0.496855275
0,-0.234220421,1,0.613228926,4,2019-12-03T14:00:00.0,0.613228926,0,0.613228926,8079,1.234220421,1,0,0.496855275
0,-0.239616846,1,0.616383893,3,2019-12-03T15:00:00.0,0.616383893,0,0.616383893,8080,1.239616846,1,0,0.497237429
0,-0.121127698,1,0.656222487,4,2019-12-03T16:00:00.0,0.656222487,0,0.656222487,8081,1.121127699,1,0,0.585323588
0,-0.121127698,1,0.656222487,4,2019-12-03T17:00:00.0,0.656222487,0,0.656222487,8082,1.121127699,1,0,0.585323588
0,-0.121127698,1,0.656222487,4,2019-12-03T18:00:00.0,0.656222487,0,0.656222487,8083,1.121127699,1,0,0.585323588
0,-0.121127698,1,0.656222487,4,2019-12-03T19:00:00.0,0.656222487,0,0.656222487,8084,1.121127699,1,0,0.585323588
0,-0.121127698,1,0.656222487,4,2019-12-03T20:00:00.0,0.656222487,0,0.656222487,8085,1.121127699,1,0,0.585323588
0,-0.121127698,1,0.656222487,4,2019-12-03T21:00:00.0,0.656222487,0,0.656222487,8086,1.121127699,1,0,0.585323588
0,-0.121127698,1,0.656222487,4,2019-12-03T22:00:00.0,0.656222487,0,0.656222487,8087,1.121127699,1,0,0.585323588
0,-0.042430781,1,0.394226255,2,2019-12-03T23:00:00.0,0.394226255,0,0.394226255,8088,1.042430781,1,0,0.378179791
0,-0.121127698,1,0.656222487,4,2019-12-04T00:00:00.0,0.656222487,0,0.656222487,8089,1.121127699,1,0,0.585323588
0,-0.121127698,1,0.656222487,4,2019-12-04T01:00:00.0,0.656222487,0,0.656222487,8090,1.121127699,1,0,0.585323588
0,-0.121127698,1,0.656222487,4,2019-12-04T02:00:00.0,0.656222487,0,0.656222487,8091,1.121127699,1,0,0.585323588
0,-0.121127698,1,0.656222487,4,2019-12-04T03:00:00.0,0.656222487,0,0.656222487,8092,1.121127699,1,0,0.585323588
0,-0.121127698,1,0.656222487,4,2019-12-04T04:00:00.0,0.656222487,0,0.656222487,8093,1.121127699,1,0,0.585323588
0,-0.121127698,1,0.656222487,4,2019-12-04T05:00:00.0,0.656222487,0,0.656222487,8094,1.121127699,1,0,0.585323588
0,-0.121127698,1,0.656222487,4,2019-12-04T06:00:00.0,0.656222487,0,0.656222487,8095,1.121127699,1,0,0.585323588
0,-0.140592275,1,0.498032605,3,2019-12-04T07:00:00.0,0.498032605,0,0.498032605,8096,1.140592275,1,0,0.436643852
0,-0.140592275,1,0.498032605,3,2019-12-04T08:00:00.0,0.498032605,0,0.498032605,8097,1.140592275,1,0,0.436643852
0,0,1,0.426276334,1,2019-12-04T09:00:00.0,0.426276334,0,0.426276334,8098,1,1,0,0.426276334
0,0,1,0.426276334,1,2019-12-04T10:00:00.0,0.426276334,0,0.426276334,8099,1,1,0,0.426276334
0,0,1,0.426276334,1,2019-12-04T11:00:00.0,0.426276334,0,0.426276334,8100,1,1,0,0.426276334
0,0,1,0.426276334,1,2019-12-04T12:00:00.0,0.426276334,0,0.426276334,8101,1,1,0,0.426276334
0,-0.140592275,1,0.498032605,3,2019-12-04T13:00:00.0,0.498032605,0,0.498032605,8102,1.140592275,1,0,0.436643852
0,-0.140592275,1,0.501492631,3,2019-12-04T14:00:00.0,0.501492631,0,0.501492631,8103,1.140592275,1,0,0.439677387
0,-0.140592275,1,0.501492631,3,2019-12-04T15:00:00.0,0.501492631,0,0.501492631,8104,1.140592275,1,0,0.439677387
0,-0.140592275,1,0.498032605,3,2019-12-04T16:00:00.0,0.498032605,0,0.498032605,8105,1.140592275,1,0,0.436643852
0,-0.042601778,1,0.682676877,2,2019-12-04T17:00:00.0,0.682676877,0,0.682676877,8106,1.042601778,1,0,0.654782
0,-0.140592275,1,0.498032605,3,2019-12-04T18:00:00.0,0.498032605,0,0.498032605,8107,1.140592275,1,0,0.436643852
0,-0.140592275,1,0.498032605,3,2019-12-04T19:00:00.0,0.498032605,0,0.498032605,8108,1.140592275,1,0,0.436643852
0,-0.140592275,1,0.501492631,3,2019-12-04T20:00:00.0,0.501492631,0,0.501492631,8109,1.140592275,1,0,0.439677387
0,-0.140592275,1,0.498032605,3,2019-12-04T21:00:00.0,0.498032605,0,0.498032605,8110,1.140592275,1,0,0.436643852
0,-0.042430781,1,0.398544357,2,2019-12-04T22:00:00.0,0.398544357,0,0.398544357,8111,1.042430781,1,0,0.382322131
0,-0.039677957,1,0.393185193,2,2019-12-04T23:00:00.0,0.393185193,0,0.393185193,8112,1.039677957,1,0,0.378179791
0,-0.039677957,1,0.393185193,2,2019-12-05T00:00:00.0,0.393185193,0,0.393185193,8113,1.039677957,1,0,0.378179791
0,-0.039677957,1,0.393185193,2,2019-12-05T01:00:00.0,0.393185193,0,0.393185193,8114,1.039677957,1,0,0.378179791
0,-0.039677957,1,0.393185193,2,2019-12-05T02:00:00.0,0.393185193,0,0.393185193,8115,1.039677957,1,0,0.378179791
0,-0.039677957,1,0.393185193,2,2019-12-05T03:00:00.0,0.393185193,0,0.393185193,8116,1.039677957,1,0,0.378179791
0,-0.034659309,1,0.370818288,3,2019-12-05T04:00:00.0,0.370818288,0,0.370818288,8117,1.03465931,1,0,0.358396512
0,-0.034659309,1,0.370818288,3,2019-12-05T05:00:00.0,0.370818288,0,0.370818288,8118,1.034659309,1,0,0.358396512
0,-0.03465931,1,0.370818288,3,2019-12-05T06:00:00.0,0.370818288,0,0.370818288,8119,1.03465931,1,0,0.358396512
0,-0.039677957,1,0.393185193,2,2019-12-05T07:00:00.0,0.393185193,0,0.393185193,8120,1.039677957,1,0,0.378179791
0,-0.034659309,1,0.370818288,3,2019-12-05T08:00:00.0,0.370818288,0,0.370818288,8121,1.034659309,1,0,0.358396512
0,-0.03465931,1,0.370818288,3,2019-12-05T09:00:00.0,0.370818288,0,0.370818288,8122,1.03465931,1,0,0.358396512
0,-0.03465931,1,0.370818288,3,2019-12-05T10:00:00.0,0.370818288,0,0.370818288,8123,1.034659309,1,0,0.358396512
0,-0.03465931,1,0.370818288,3,2019-12-05T11:00:00.0,0.370818288,0,0.370818288,8124,1.034659309,1,0,0.358396512
0,-0.03465931,1,0.370818288,3,2019-12-05T12:00:00.0,0.370818288,0,0.370818288,8125,1.03465931,1,0,0.358396512
0,-0.034659309,1,0.370818288,3,2019-12-05T13:00:00.0,0.370818288,0,0.370818288,8126,1.034659309,1,0,0.358396512
0,-0.034659309,1,0.370818288,3,2019-12-05T14:00:00.0,0.370818288,0,0.370818288,8127,1.03465931,1,0,0.358396512
0,-0.034539314,1,0.403766889,3,2019-12-05T15:00:00.0,0.403766889,0,0.403766889,8128,1.034539314,1,0,0.390286656
0,-0.234220421,1,0.613228926,4,2019-12-05T16:00:00.0,0.613228926,0,0.613228926,8129,1.234220421,1,0,0.496855275
0,-0.142817344,1,0.559791011,4,2019-12-05T17:00:00.0,0.559791011,0,0.559791011,8130,1.142817344,1,0,0.489834193
0,-0.142817344,1,0.559791011,4,2019-12-05T18:00:00.0,0.559791011,0,0.559791011,8131,1.142817344,1,0,0.489834193
0,-0.142817344,1,0.559791011,4,2019-12-05T19:00:00.0,0.559791011,0,0.559791011,8132,1.142817344,1,0,0.489834193
0,-0.234220421,1,0.613228926,4,2019-12-05T20:00:00.0,0.613228926,0,0.613228926,8133,1.234220421,1,0,0.496855275
0,-0.239616846,1,0.616383893,3,2019-12-05T21:00:00.0,0.616383893,0,0.616383893,8134,1.239616846,1,0,0.497237429
0,-0.142817344,1,0.559791011,4,2019-12-05T22:00:00.0,0.559791011,0,0.559791011,8135,1.142817344,1,0,0.489834193
0,-0.039677957,1,0.393185193,2,2019-12-05T23:00:00.0,0.393185193,0,0.393185193,8136,1.039677957,1,0,0.378179791
0,-0.042430781,1,0.394226255,2,2019-12-06T00:00:00.0,0.394226255,0,0.394226255,8137,1.042430781,1,0,0.378179791
0,-0.042430781,1,0.394226255,2,2019-12-06T01:00:00.0,0.394226255,0,0.394226255,8138,1.042430781,1,0,0.378179791
0,-0.042430781,1,0.394226255,2,2019-12-06T02:00:00.0,0.394226255,0,0.394226255,8139,1.042430781,1,0,0.378179791
0,-0.042430781,1,0.394226255,2,2019-12-06T03:00:00.0,0.394226255,0,0.394226255,8140,1.042430781,1,0,0.378179791
0,-0.042430781,1,0.394226255,2,2019-12-06T04:00:00.0,0.394226255,0,0.394226255,8141,1.042430781,1,0,0.378179791
0,-0.042430781,1,0.394226255,2,2019-12-06T05:00:00.0,0.394226255,0,0.394226255,8142,1.042430781,1,0,0.378179791
0,-0.042430781,1,0.394226255,2,2019-12-06T06:00:00.0,0.394226255,0,0.394226255,8143,1.042430781,1,0,0.378179791
0,-0.042430781,1,0.398544357,2,2019-12-06T07:00:00.0,0.398544357,0,0.398544357,8144,1.042430781,1,0,0.382322131
0,-0.042430781,1,0.398544357,2,2019-12-06T08:00:00.0,0.398544357,0,0.398544357,8145,1.042430781,1,0,0.382322131
0,-0.042430781,1,0.398544357,2,2019-12-06T09:00:00.0,0.398544357,0,0.398544357,8146,1.042430781,1,0,0.382322131
0,-0.042430781,1,0.398544357,2,2019-12-06T10:00:00.0,0.398544357,0,0.398544357,8147,1.042430781,1,0,0.382322131
0,-0.042430781,1,0.398544357,2,2019-12-06T11:00:00.0,0.398544357,0,0.398544357,8148,1.042430781,1,0,0.382322131
0,-0.042430781,1,0.398544357,2,2019-12-06T12:00:00.0,0.398544357,0,0.398544357,8149,1.042430781,1,0,0.382322131
0,-0.042430781,1,0.398544357,2,2019-12-06T13:00:00.0,0.398544357,0,0.398544357,8150,1.042430781,1,0,0.382322131
0,-0.039677957,1,0.397491892,2,2019-12-06T14:00:00.0,0.397491892,0,0.397491892,8151,1.039677957,1,0,0.382322131
0,-0.039677957,1,0.397491892,2,2019-12-06T15:00:00.0,0.397491892,0,0.397491892,8152,1.039677957,1,0,0.382322131
0,-0.039677957,1,0.397491892,2,2019-12-06T16:00:00.0,0.397491892,0,0.397491892,8153,1.039677957,1,0,0.382322131
0,-0.042278842,1,0.398486268,2,2019-12-06T17:00:00.0,0.398486268,0,0.398486268,8154,1.042278842,1,0,0.382322131
0,-0.042278842,1,0.398486268,2,2019-12-06T18:00:00.0,0.398486268,0,0.398486268,8155,1.042278842,1,0,0.382322131
0,-0.042278842,1,0.398486268,2,2019-12-06T19:00:00.0,0.398486268,0,0.398486268,8156,1.042278842,1,0,0.382322131
0,-0.239616846,1,0.616383893,3,2019-12-06T20:00:00.0,0.616383893,0,0.616383893,8157,1.239616846,1,0,0.497237429
0,-0.142817344,1,0.559791011,4,2019-12-06T21:00:00.0,0.559791011,0,0.559791011,8158,1.142817344,1,0,0.489834193
0,-0.142817344,1,0.559791011,4,2019-12-06T22:00:00.0,0.559791011,0,0.559791011,8159,1.142817344,1,0,0.489834193
0,-0.039677957,1,0.353462977,2,2019-12-06T23:00:00.0,0.353462977,0,0.353462977,8160,1.039677957,1,0,0.339973522
0,-0.121127698,1,0.656222487,4,2019-12-07T00:00:00.0,0.656222487,0,0.656222487,8161,1.121127698,1,0,0.585323588
0,-0.121127698,1,0.656222487,4,2019-12-07T01:00:00.0,0.656222487,0,0.656222487,8162,1.121127699,1,0,0.585323588
0,-0.121127698,1,0.656222487,4,2019-12-07T02:00:00.0,0.656222487,0,0.656222487,8163,1.121127699,1,0,0.585323588
0,-0.121127698,1,0.656222487,4,2019-12-07T03:00:00.0,0.656222487,0,0.656222487,8164,1.121127699,1,0,0.585323588
0,-0.121127698,1,0.656222487,4,2019-12-07T04:00:00.0,0.656222487,0,0.656222487,8165,1.121127699,1,0,0.585323588
0,-0.121127698,1,0.656222487,4,2019-12-07T05:00:00.0,0.656222487,0,0.656222487,8166,1.121127699,1,0,0.585323588
0,-0.121127698,1,0.656222487,4,2019-12-07T06:00:00.0,0.656222487,0,0.656222487,8167,1.121127699,1,0,0.585323588
0,-0.121127698,1,0.656222487,4,2019-12-07T07:00:00.0,0.656222487,0,0.656222487,8168,1.121127699,1,0,0.585323588
0,-0.121127698,1,0.656222487,4,2019-12-07T08:00:00.0,0.656222487,0,0.656222487,8169,1.121127698,1,0,0.585323588
0,-0.239616846,1,0.616383893,3,2019-12-07T09:00:00.0,0.616383893,0,0.616383893,8170,1.239616846,1,0,0.497237429
0,-0.239616846,1,0.616383893,3,2019-12-07T10:00:00.0,0.616383893,0,0.616383893,8171,1.239616846,1,0,0.497237429
0,-0.239616846,1,0.616383893,3,2019-12-07T11:00:00.0,0.616383893,0,0.616383893,8172,1.239616846,1,0,0.497237429
0,-0.239616846,1,0.616383893,3,2019-12-07T12:00:00.0,0.616383893,0,0.616383893,8173,1.239616846,1,0,0.497237429
0,-0.239616846,1,0.616383893,3,2019-12-07T13:00:00.0,0.616383893,0,0.616383893,8174,1.239616846,1,0,0.497237429
0,-0.239616846,1,0.616383893,3,2019-12-07T14:00:00.0,0.616383893,0,0.616383893,8175,1.239616846,1,0,0.497237429
0,-0.121127698,1,0.656222487,4,2019-12-07T15:00:00.0,0.656222487,0,0.656222487,8176,1.121127699,1,0,0.585323588
0,-0.121127698,1,0.656222487,4,2019-12-07T16:00:00.0,0.656222487,0,0.656222487,8177,1.121127699,1,0,0.585323588
0,-0.121127698,1,0.656222487,4,2019-12-07T17:00:00.0,0.656222487,0,0.656222487,8178,1.121127699,1,0,0.585323588
0,-0.050417109,1,0.677487194,3,2019-12-07T18:00:00.0,0.677487194,0,0.677487194,8179,1.050417109,1,0,0.644969687
0,-0.121127698,1,0.656222487,4,2019-12-07T19:00:00.0,0.656222487,0,0.656222487,8180,1.121127699,1,0,0.585323588
0,-0.121127698,1,0.656222487,4,2019-12-07T20:00:00.0,0.656222487,0,0.656222487,8181,1.121127699,1,0,0.585323588
0,-0.121127698,1,0.656222487,4,2019-12-07T21:00:00.0,0.656222487,0,0.656222487,8182,1.121127699,1,0,0.585323588
0,-0.121127698,1,0.656222487,4,2019-12-07T22:00:00.0,0.656222487,0,0.656222487,8183,1.121127699,1,0,0.585323588
0,-0.142817344,1,0.559791011,4,2019-12-07T23:00:00.0,0.559791011,0,0.559791011,8184,1.142817344,1,0,0.489834193
0,-0.239616846,1,0.616383893,3,2019-12-08T00:00:00.0,0.616383893,0,0.616383893,8185,1.239616846,1,0,0.497237429
0,-0.239616846,1,0.616383893,3,2019-12-08T01:00:00.0,0.616383893,0,0.616383893,8186,1.239616846,1,0,0.497237429
0,-0.239616846,1,0.616383893,3,2019-12-08T02:00:00.0,0.616383893,0,0.616383893,8187,1.239616846,1,0,0.497237429
0,-0.239616846,1,0.616383893,3,2019-12-08T03:00:00.0,0.616383893,0,0.616383893,8188,1.239616846,1,0,0.497237429
0,-0.239616846,1,0.616383893,3,2019-12-08T04:00:00.0,0.616383893,0,0.616383893,8189,1.239616846,1,0,0.497237429
0,-0.239616846,1,0.616383893,3,2019-12-08T05:00:00.0,0.616383893,0,0.616383893,8190,1.239616846,1,0,0.497237429
0,-0.239616846,1,0.616383893,3,2019-12-08T06:00:00.0,0.616383893,0,0.616383893,8191,1.239616846,1,0,0.497237429
0,-0.235947871,1,0.549655603,3,2019-12-08T07:00:00.0,0.549655603,0,0.549655603,8192,1.235947872,1,0,0.444723937
0,-0.235947871,1,0.549655603,3,2019-12-08T08:00:00.0,0.549655603,0,0.549655603,8193,1.235947871,1,0,0.444723937
0,-0.235947871,1,0.549655603,3,2019-12-08T09:00:00.0,0.549655603,0,0.549655603,8194,1.235947871,1,0,0.444723937
0,-0.235947871,1,0.549655603,3,2019-12-08T10:00:00.0,0.549655603,0,0.549655603,8195,1.235947871,1,0,0.444723937
0,-0.235947871,1,0.549655603,3,2019-12-08T11:00:00.0,0.549655603,0,0.549655603,8196,1.235947871,1,0,0.444723937
0,-0.042278842,1,0.682465425,2,2019-12-08T12:00:00.0,0.682465425,0,0.682465425,8197,1.042278842,1,0,0.654782
0,-0.235947871,1,0.549655603,3,2019-12-08T13:00:00.0,0.549655603,0,0.549655603,8198,1.235947872,1,0,0.444723937
0,-0.235947871,1,0.549655603,3,2019-12-08T14:00:00.0,0.549655603,0,0.549655603,8199,1.235947871,1,0,0.444723937
0,-0.235947871,1,0.549655603,3,2019-12-08T15:00:00.0,0.549655603,0,0.549655603,8200,1.235947871,1,0,0.444723937
0,-0.235947871,1,0.549655603,3,2019-12-08T16:00:00.0,0.549655603,0,0.549655603,8201,1.235947871,1,0,0.444723937
0,-0.238353065,1,0.550848006,3,2019-12-08T17:00:00.0,0.550848006,0,0.550848006,8202,1.238353065,1,0,0.444823065
0,-0.238353065,1,0.550848006,3,2019-12-08T18:00:00.0,0.550848006,0,0.550848006,8203,1.238353065,1,0,0.444823065
0,-0.238353065,1,0.550848006,3,2019-12-08T19:00:00.0,0.550848006,0,0.550848006,8204,1.238353065,1,0,0.444823065
0,-0.042278838,1,0.682465425,2,2019-12-08T20:00:00.0,0.682465425,0,0.682465425,8205,1.042278842,1.000000004,0,0.654782
0,-0.235947871,1,0.549655603,3,2019-12-08T21:00:00.0,0.549655603,0,0.549655603,8206,1.235947872,1,0,0.444723937
0,-0.239616846,1,0.616383893,3,2019-12-08T22:00:00.0,0.616383893,0,0.616383893,8207,1.239616846,1,0,0.497237429
0,-0.039677957,1,0.397491892,2,2019-12-08T23:00:00.0,0.397491892,0,0.397491892,8208,1.039677957,1,0,0.382322131
0,-0.039677957,1,0.397491892,2,2019-12-09T00:00:00.0,0.397491892,0,0.397491892,8209,1.039677957,1,0,0.382322131
0,-0.039677957,1,0.397491892,2,2019-12-09T01:00:00.0,0.397491892,0,0.397491892,8210,1.039677957,1,0,0.382322131
0,-0.234220421,1,0.613228926,4,2019-12-09T02:00:00.0,0.613228926,0,0.613228926,8211,1.234220421,1,0,0.496855275
0,-0.234220421,1,0.613228926,4,2019-12-09T03:00:00.0,0.613228926,0,0.613228926,8212,1.234220421,1,0,0.496855275
0,-0.234220421,1,0.613228926,4,2019-12-09T04:00:00.0,0.613228926,0,0.613228926,8213,1.234220421,1,0,0.496855275
0,-0.239616846,1,0.616383893,3,2019-12-09T05:00:00.0,0.616383893,0,0.616383893,8214,1.239616846,1,0,0.497237429
0,-0.239616846,1,0.616383894,3,2019-12-09T06:00:00.0,0.616383894,0,0.616383894,8215,1.239616847,1,0,0.497237429
0,-0.235947871,1,0.549655603,3,2019-12-09T07:00:00.0,0.549655603,0,0.549655603,8216,1.235947872,1,0,0.444723937
0,-0.235947871,1,0.549655603,3,2019-12-09T08:00:00.0,0.549655603,0,0.549655603,8217,1.235947871,1,0,0.444723937
0,-0.235947871,1,0.549655603,3,2019-12-09T09:00:00.0,0.549655603,0,0.549655603,8218,1.235947871,1,0,0.444723937
0,-0.235947871,1,0.549655603,3,2019-12-09T10:00:00.0,0.549655603,0,0.549655603,8219,1.235947871,1,0,0.444723937
0,-0.235947871,1,0.549655603,3,2019-12-09T11:00:00.0,0.549655603,0,0.549655603,8220,1.235947871,1,0,0.444723937
0,-0.235947871,1,0.549655603,3,2019-12-09T12:00:00.0,0.549655603,0,0.549655603,8221,1.235947871,1,0,0.444723937
0,-0.235947871,1,0.549655603,3,2019-12-09T13:00:00.0,0.549655603,0,0.549655603,8222,1.235947871,1,0,0.444723937
0,-0.235947871,1,0.549655603,3,2019-12-09T14:00:00.0,0.549655603,0,0.549655603,8223,1.235947871,1,0,0.444723937
0,-0.235947871,1,0.549655603,3,2019-12-09T15:00:00.0,0.549655603,0,0.549655603,8224,1.235947872,1,0,0.444723937
0,-0.03455205,1,0.37625968,3,2019-12-09T16:00:00.0,0.37625968,0,0.37625968,8225,1.03455205,1,0,0.36369333
0,-0.238353065,1,0.550848006,3,2019-12-09T17:00:00.0,0.550848006,0,0.550848006,8226,1.238353065,1,0,0.444823065
0,-0.238353065,1,0.550848006,3,2019-12-09T18:00:00.0,0.550848006,0,0.550848006,8227,1.238353065,1,0,0.444823065
0,-0.238353065,1,0.550848006,3,2019-12-09T19:00:00.0,0.550848006,0,0.550848006,8228,1.238353065,1,0,0.444823065
0,-0.034539314,1,0.37624907,3,2019-12-09T20:00:00.0,0.37624907,0,0.37624907,8229,1.034539314,1,0,0.363687551
0,-0.039677957,1,0.393185193,2,2019-12-09T21:00:00.0,0.393185193,0,0.393185193,8230,1.039677957,1,0,0.378179791
0,-0.039677957,1,0.338880129,2,2019-12-09T22:00:00.0,0.338880129,0,0.338880129,8231,1.039677957,1,0,0.325947209
0,-0.039677957,1,0.312598129,2,2019-12-09T23:00:00.0,0.312598129,0,0.312598129,8232,1.039677957,1,0,0.300668228
0,-0.234220421,1,0.613228926,4,2019-12-10T00:00:00.0,0.613228926,0,0.613228926,8233,1.234220421,1,0,0.496855275
0,-0.234220421,1,0.613228926,4,2019-12-10T01:00:00.0,0.613228926,0,0.613228926,8234,1.234220421,1,0,0.496855275
0,-0.234220421,1,0.613228926,4,2019-12-10T02:00:00.0,0.613228926,0,0.613228926,8235,1.234220421,1,0,0.496855275
0,-0.234220421,1,0.613228926,4,2019-12-10T03:00:00.0,0.613228926,0,0.613228926,8236,1.234220421,1,0,0.496855275
0,-0.234220421,1,0.613228926,4,2019-12-10T04:00:00.0,0.613228926,0,0.613228926,8237,1.234220421,1,0,0.496855275
0,-0.234220421,1,0.613228926,4,2019-12-10T05:00:00.0,0.613228926,0,0.613228926,8238,1.234220421,1,0,0.496855275
0,-0.234220421,1,0.613228926,4,2019-12-10T06:00:00.0,0.613228926,0,0.613228926,8239,1.234220421,1,0,0.496855275
0,-0.234220421,1,0.613228926,4,2019-12-10T07:00:00.0,0.613228926,0,0.613228926,8240,1.234220421,1,0,0.496855275
0,-0.234220421,1,0.613228926,4,2019-12-10T08:00:00.0,0.613228926,0,0.613228926,8241,1.234220421,1,0,0.496855275
0,-0.142817344,1,0.559791011,4,2019-12-10T09:00:00.0,0.559791011,0,0.559791011,8242,1.142817344,1,0,0.489834193
0,-0.234220421,1,0.613228926,4,2019-12-10T10:00:00.0,0.613228926,0,0.613228926,8243,1.234220421,1,0,0.496855275
0,-0.142817344,1,0.559791011,4,2019-12-10T11:00:00.0,0.559791011,0,0.559791011,8244,1.142817344,1,0,0.489834193
0,-0.042430781,1,0.682564912,2,2019-12-10T12:00:00.0,0.682564912,0,0.682564912,8245,1.042430782,1.000000001,0,0.654782
0,-0.142817344,1,0.559791011,4,2019-12-10T13:00:00.0,0.559791011,0,0.559791011,8246,1.142817344,1,0,0.489834193
0,-0.239616846,1,0.616383893,3,2019-12-10T14:00:00.0,0.616383893,0,0.616383893,8247,1.239616846,1,0,0.497237429
0,-0.142817344,1,0.559791011,4,2019-12-10T15:00:00.0,0.559791011,0,0.559791011,8248,1.142817344,1,0,0.489834193
0,-0.142817344,1,0.559791011,4,2019-12-10T16:00:00.0,0.559791011,0,0.559791011,8249,1.142817344,1,0,0.489834193
0,-0.121127698,1,0.656222487,4,2019-12-10T17:00:00.0,0.656222487,0,0.656222487,8250,1.121127698,1,0,0.585323588
0,-0.121127698,1,0.656222487,4,2019-12-10T18:00:00.0,0.656222487,0,0.656222487,8251,1.121127698,1,0,0.585323588
0,-0.142817344,1,0.559791011,4,2019-12-10T19:00:00.0,0.559791011,0,0.559791011,8252,1.142817344,1,0,0.489834193
0,-0.039677957,1,0.680762412,2,2019-12-10T20:00:00.0,0.680762412,0,0.680762412,8253,1.039677957,1,0,0.654782
0,-0.039677957,1,0.680762412,2,2019-12-10T21:00:00.0,0.680762412,0,0.680762412,8254,1.039677957,1,0,0.654782
0,-0.039677957,1,0.354594634,2,2019-12-10T22:00:00.0,0.354594634,0,0.354594634,8255,1.039677957,1,0,0.341061991
0,-0.239616846,1,0.616383893,3,2019-12-10T23:00:00.0,0.616383893,0,0.616383893,8256,1.239616846,1,0,0.497237429
0,-0.042430781,1,0.682564912,3,2019-12-11T00:00:00.0,0.682564912,0,0.682564912,8257,1.042430781,1,0,0.654782
0,-0.121127698,1,0.656222487,4,2019-12-11T01:00:00.0,0.656222487,0,0.656222487,8258,1.121127699,1,0,0.585323588
0,-0.121127698,1,0.656222487,4,2019-12-11T02:00:00.0,0.656222487,0,0.656222487,8259,1.121127699,1,0,0.585323588
0,-0.121127698,1,0.656222487,4,2019-12-11T03:00:00.0,0.656222487,0,0.656222487,8260,1.121127699,1,0,0.585323588
0,-0.121127698,1,0.656222487,4,2019-12-11T04:00:00.0,0.656222487,0,0.656222487,8261,1.121127699,1,0,0.585323588
0,-0.121127698,1,0.656222487,4,2019-12-11T05:00:00.0,0.656222487,0,0.656222487,8262,1.121127699,1.000000001,0,0.585323588
0,-0.121127698,1,0.656222487,4,2019-12-11T06:00:00.0,0.656222487,0,0.656222487,8263,1.121127699,1.000000001,0,0.585323588
0,-0.042430781,1,0.394226255,2,2019-12-11T07:00:00.0,0.394226255,0,0.394226255,8264,1.042430781,1,0,0.378179791
0,-0.042430781,1,0.398544357,2,2019-12-11T08:00:00.0,0.398544357,0,0.398544357,8265,1.042430781,1,0,0.382322131
0,-0.042278842,1,0.398486268,2,2019-12-11T09:00:00.0,0.398486268,0,0.398486268,8266,1.042278842,1,0,0.382322131
0,-0.042278842,1,0.398486268,2,2019-12-11T10:00:00.0,0.398486268,0,0.398486268,8267,1.042278842,1,0,0.382322131
0,-0.042278842,1,0.398486268,2,2019-12-11T11:00:00.0,0.398486268,0,0.398486268,8268,1.042278842,1,0,0.382322131
0,-0.042278842,1,0.398486268,2,2019-12-11T12:00:00.0,0.398486268,0,0.398486268,8269,1.042278842,1,0,0.382322131
0,-0.042278842,1,0.398486268,2,2019-12-11T13:00:00.0,0.398486268,0,0.398486268,8270,1.042278842,1,0,0.382322131
0,-0.042278842,1,0.398486268,2,2019-12-11T14:00:00.0,0.398486268,0,0.398486268,8271,1.042278842,1,0,0.382322131
0,-0.042278842,1,0.398486268,2,2019-12-11T15:00:00.0,0.398486268,0,0.398486268,8272,1.042278842,1,0,0.382322131
0,-0.042449192,1,0.398551396,2,2019-12-11T16:00:00.0,0.398551396,0,0.398551396,8273,1.042449192,1,0,0.382322131
0,-0.042449192,1,0.398551396,2,2019-12-11T17:00:00.0,0.398551396,0,0.398551396,8274,1.042449192,1,0,0.382322131
0,-0.042449192,1,0.398551396,2,2019-12-11T18:00:00.0,0.398551396,0,0.398551396,8275,1.042449192,1,0,0.382322131
0,-0.042449192,1,0.398551396,2,2019-12-11T19:00:00.0,0.398551396,0,0.398551396,8276,1.042449192,1,0,0.382322131
0,-0.042449192,1,0.398551396,2,2019-12-11T20:00:00.0,0.398551396,0,0.398551396,8277,1.042449192,1,0,0.382322131
0,-0.039677957,1,0.397491892,2,2019-12-11T21:00:00.0,0.397491892,0,0.397491892,8278,1.039677957,1,0,0.382322131
0,-0.234220421,1,0.613228926,4,2019-12-11T22:00:00.0,0.613228926,0,0.613228926,8279,1.234220421,1,0,0.496855275
0,-0.039677957,1,0.353462977,2,2019-12-11T23:00:00.0,0.353462977,0,0.353462977,8280,1.039677957,1,0,0.339973522
0,-0.239616846,1,0.616383893,3,2019-12-12T00:00:00.0,0.616383893,0,0.616383893,8281,1.239616846,1,0,0.497237429
0,-0.239616846,1,0.616383893,3,2019-12-12T01:00:00.0,0.616383893,0,0.616383893,8282,1.239616846,1,0,0.497237429
0,-0.121127698,1,0.656222487,4,2019-12-12T02:00:00.0,0.656222487,0,0.656222487,8283,1.121127699,1,0,0.585323588
0,-0.239616846,1,0.616383893,3,2019-12-12T03:00:00.0,0.616383893,0,0.616383893,8284,1.239616846,1,0,0.497237429
0,-0.121127698,1,0.656222487,4,2019-12-12T04:00:00.0,0.656222487,0,0.656222487,8285,1.121127699,1,0,0.585323588
0,-0.121127698,1,0.656222487,4,2019-12-12T05:00:00.0,0.656222487,0,0.656222487,8286,1.121127699,1,0,0.585323588
0,-0.121127698,1,0.656222487,4,2019-12-12T06:00:00.0,0.656222487,0,0.656222487,8287,1.121127699,1,0,0.585323588
0,-0.140592275,1,0.498032605,3,2019-12-12T07:00:00.0,0.498032605,0,0.498032605,8288,1.140592275,1,0,0.436643852
0,-0.140592275,1,0.498032605,3,2019-12-12T08:00:00.0,0.498032605,0,0.498032605,8289,1.140592275,1,0,0.436643852
0,0,1,0.426276334,1,2019-12-12T09:00:00.0,0.426276334,0,0.426276334,8290,1,1,0,0.426276334
0,0,1,0.426276334,1,2019-12-12T10:00:00.0,0.426276334,0,0.426276334,8291,1,1,0,0.426276334
0,0,1,0.426276334,1,2019-12-12T11:00:00.0,0.426276334,0,0.426276334,8292,1,1,0,0.426276334
0,0,1,0.426276334,1,2019-12-12T12:00:00.0,0.426276334,0,0.426276334,8293,1,1,0,0.426276334
0,0,1,0.426276334,1,2019-12-12T13:00:00.0,0.426276334,0,0.426276334,8294,1,1,0,0.426276334
0,-0.140592275,1,0.501492631,3,2019-12-12T14:00:00.0,0.501492631,0,0.501492631,8295,1.140592275,1,0,0.439677387
0,-0.140592275,1,0.501492631,3,2019-12-12T15:00:00.0,0.501492631,0,0.501492631,8296,1.140592275,1,0,0.439677387
0,-0.140592275,1,0.501492631,3,2019-12-12T16:00:00.0,0.501492631,0,0.501492631,8297,1.140592275,1,0,0.439677387
0,-0.140592275,1,0.501492631,3,2019-12-12T17:00:00.0,0.501492631,0,0.501492631,8298,1.140592275,1,0,0.439677387
0,-0.140592275,1,0.501492631,3,2019-12-12T18:00:00.0,0.501492631,0,0.501492631,8299,1.140592275,1,0,0.439677387
0,-0.140592275,1,0.501492631,3,2019-12-12T19:00:00.0,0.501492631,0,0.501492631,8300,1.140592275,1,0,0.439677387
0,-0.140592275,1,0.501492631,3,2019-12-12T20:00:00.0,0.501492631,0,0.501492631,8301,1.140592275,1,0,0.439677387
0,-0.140592275,1,0.501492631,3,2019-12-12T21:00:00.0,0.501492631,0,0.501492631,8302,1.140592275,1,0,0.439677387
0,0,1,0.426276334,1,2019-12-12T22:00:00.0,0.426276334,0,0.426276334,8303,1,1,0,0.426276334
0,-0.039677957,1,0.397491892,2,2019-12-12T23:00:00.0,0.397491892,0,0.397491892,8304,1.039677957,1,0,0.382322131
0,-0.234220421,1,0.613228926,4,2019-12-13T00:00:00.0,0.613228926,0,0.613228926,8305,1.234220421,1,0,0.496855275
0,-0.039677957,1,0.393185193,2,2019-12-13T01:00:00.0,0.393185193,0,0.393185193,8306,1.039677957,1,0,0.378179791
0,-0.039677957,1,0.393185193,2,2019-12-13T02:00:00.0,0.393185193,0,0.393185193,8307,1.039677957,1,0,0.378179791
0,-0.039677957,1,0.393185193,2,2019-12-13T03:00:00.0,0.393185193,0,0.393185193,8308,1.039677957,1,0,0.378179791
0,-0.039677957,1,0.393185193,2,2019-12-13T04:00:00.0,0.393185193,0,0.393185193,8309,1.039677957,1,0,0.378179791
0,-0.03465931,1,0.370818288,3,2019-12-13T05:00:00.0,0.370818288,0,0.370818288,8310,1.034659309,1,0,0.358396512
0,-0.039677957,1,0.393185193,2,2019-12-13T06:00:00.0,0.393185193,0,0.393185193,8311,1.039677957,1,0,0.378179791
0,-0.239616846,1,0.616383893,3,2019-12-13T07:00:00.0,0.616383893,0,0.616383893,8312,1.239616846,1,0,0.497237429
0,-0.03455205,1,0.403796997,3,2019-12-13T08:00:00.0,0.403796997,0,0.403796997,8313,1.03455205,1,0,0.390310954
0,-0.03455205,1,0.403796997,3,2019-12-13T09:00:00.0,0.403796997,0,0.403796997,8314,1.03455205,1,0,0.390310954
0,-0.03455205,1,0.403796997,3,2019-12-13T10:00:00.0,0.403796997,0,0.403796997,8315,1.03455205,1,0,0.390310954
0,-0.03455205,1,0.403796997,3,2019-12-13T11:00:00.0,0.403796997,0,0.403796997,8316,1.03455205,1,0,0.390310954
0,-0.03455205,1,0.403796997,3,2019-12-13T12:00:00.0,0.403796997,0,0.403796997,8317,1.03455205,1,0,0.390310954
0,-0.03455205,1,0.403796997,3,2019-12-13T13:00:00.0,0.403796997,0,0.403796997,8318,1.03455205,1,0,0.390310954
0,-0.239616846,1,0.616383893,3,2019-12-13T14:00:00.0,0.616383893,0,0.616383893,8319,1.239616846,1,0,0.497237429
0,-0.239616846,1,0.616383893,3,2019-12-13T15:00:00.0,0.616383893,0,0.616383893,8320,1.239616846,1,0,0.497237429
0,-0.121127698,1,0.656222487,4,2019-12-13T16:00:00.0,0.656222487,0,0.656222487,8321,1.121127699,1,0,0.585323588
0,-0.121127698,1,0.656222487,4,2019-12-13T17:00:00.0,0.656222487,0,0.656222487,8322,1.121127699,1,0,0.585323588
0,-0.121127698,1,0.656222487,4,2019-12-13T18:00:00.0,0.656222487,0,0.656222487,8323,1.121127699,1,0,0.585323588
0,-0.042278842,1,0.682465425,2,2019-12-13T19:00:00.0,0.682465425,0,0.682465425,8324,1.042278842,1,0,0.654782
0,-0.239616846,1,0.616383893,3,2019-12-13T20:00:00.0,0.616383893,0,0.616383893,8325,1.239616846,1,0,0.497237429
0,-0.239616846,1,0.616383893,3,2019-12-13T21:00:00.0,0.616383893,0,0.616383893,8326,1.239616846,1,0,0.497237429
0,-0.239616846,1,0.616383893,3,2019-12-13T22:00:00.0,0.616383893,0,0.616383893,8327,1.239616846,1,0,0.497237429
0,-0.234220421,1,0.613228926,4,2019-12-13T23:00:00.0,0.613228926,0,0.613228926,8328,1.234220421,1,0,0.496855275
0,-0.039677957,1,0.338880129,2,2019-12-14T00:00:00.0,0.338880129,0,0.338880129,8329,1.039677957,1,0,0.325947209
0,-0.039677957,1,0.338880129,2,2019-12-14T01:00:00.0,0.338880129,0,0.338880129,8330,1.039677957,1,0,0.325947209
0,-0.042430781,1,0.339777404,2,2019-12-14T02:00:00.0,0.339777404,0,0.339777404,8331,1.042430781,1,0,0.325947209
0,-0.039677957,1,0.338880129,2,2019-12-14T03:00:00.0,0.338880129,0,0.338880129,8332,1.039677957,1,0,0.325947209
0,-0.039677957,1,0.338880129,2,2019-12-14T04:00:00.0,0.338880129,0,0.338880129,8333,1.039677957,1,0,0.325947209
0,-0.039677957,1,0.338880129,2,2019-12-14T05:00:00.0,0.338880129,0,0.338880129,8334,1.039677957,1,0,0.325947209
0,-0.039677957,1,0.338880129,2,2019-12-14T06:00:00.0,0.338880129,0,0.338880129,8335,1.039677957,1,0,0.325947209
0,-0.039677957,1,0.338880129,2,2019-12-14T07:00:00.0,0.338880129,0,0.338880129,8336,1.039677957,1,0,0.325947209
0,-0.121127698,1,0.656222487,4,2019-12-14T08:00:00.0,0.656222487,0,0.656222487,8337,1.121127699,1,0,0.585323588
0,-0.121127698,1,0.656222487,4,2019-12-14T09:00:00.0,0.656222487,0,0.656222487,8338,1.121127699,1,0,0.585323588
0,-0.121127698,1,0.656222487,4,2019-12-14T10:00:00.0,0.656222487,0,0.656222487,8339,1.121127699,1,0,0.585323588
0,-0.121127698,1,0.656222487,4,2019-12-14T11:00:00.0,0.656222487,0,0.656222487,8340,1.121127699,1,0,0.585323588
0,-0.121127698,1,0.656222487,4,2019-12-14T12:00:00.0,0.656222487,0,0.656222487,8341,1.121127699,1,0,0.585323588
0,-0.121127698,1,0.656222487,4,2019-12-14T13:00:00.0,0.656222487,0,0.656222487,8342,1.121127699,1,0,0.585323588
0,-0.121127698,1,0.656222487,4,2019-12-14T14:00:00.0,0.656222487,0,0.656222487,8343,1.121127699,1,0,0.585323588
0,-0.142817344,1,0.559791011,4,2019-12-14T15:00:00.0,0.559791011,0,0.559791011,8344,1.142817344,1,0,0.489834193
0,-0.142817344,1,0.559791011,4,2019-12-14T16:00:00.0,0.559791011,0,0.559791011,8345,1.142817344,1,0,0.489834193
0,-0.234220421,1,0.613228926,4,2019-12-14T17:00:00.0,0.613228926,0,0.613228926,8346,1.234220421,1,0,0.496855275
0,-0.234220421,1,0.613228926,4,2019-12-14T18:00:00.0,0.613228926,0,0.613228926,8347,1.234220421,1,0,0.496855275
0,-0.234220421,1,0.613228926,4,2019-12-14T19:00:00.0,0.613228926,0,0.613228926,8348,1.234220421,1,0,0.496855275
0,-0.039677957,1,0.353462977,2,2019-12-14T20:00:00.0,0.353462977,0,0.353462977,8349,1.039677957,1,0,0.339973522
0,-0.234220421,1,0.613228926,4,2019-12-14T21:00:00.0,0.613228926,0,0.613228926,8350,1.234220421,1,0,0.496855275
0,-0.234220421,1,0.613228926,4,2019-12-14T22:00:00.0,0.613228926,0,0.613228926,8351,1.234220421,1,0,0.496855275
0,-0.234220421,1,0.613228927,4,2019-12-14T23:00:00.0,0.613228927,0,0.613228927,8352,1.234220422,1.000000001,0,0.496855275
0,-0.234220421,1,0.613228926,4,2019-12-15T00:00:00.0,0.613228926,0,0.613228926,8353,1.234220421,1,0,0.496855275
0,-0.234220421,1,0.613228926,4,2019-12-15T01:00:00.0,0.613228926,0,0.613228926,8354,1.234220421,1,0,0.496855275
0,-0.234220421,1,0.613228926,4,2019-12-15T02:00:00.0,0.613228926,0,0.613228926,8355,1.234220421,1,0,0.496855275
0,-0.234220421,1,0.613228926,4,2019-12-15T03:00:00.0,0.613228926,0,0.613228926,8356,1.234220421,1,0,0.496855275
0,-0.234220421,1,0.613228926,4,2019-12-15T04:00:00.0,0.613228926,0,0.613228926,8357,1.234220421,1,0,0.496855275
0,-0.234220421,1,0.613228926,4,2019-12-15T05:00:00.0,0.613228926,0,0.613228926,8358,1.234220421,1,0,0.496855275
0,-0.234220421,1,0.613228926,4,2019-12-15T06:00:00.0,0.613228926,0,0.613228926,8359,1.234220421,1,0,0.496855275
0,-0.039677957,1,0.312598129,2,2019-12-15T07:00:00.0,0.312598129,0,0.312598129,8360,1.039677957,1,0,0.300668228
0,-0.039677957,1,0.312598129,2,2019-12-15T08:00:00.0,0.312598129,0,0.312598129,8361,1.039677957,1,0,0.300668228
0,-0.234220421,1,0.613228926,4,2019-12-15T09:00:00.0,0.613228926,0,0.613228926,8362,1.234220421,1,0,0.496855275
0,-0.039677957,1,0.312598129,2,2019-12-15T10:00:00.0,0.312598129,0,0.312598129,8363,1.039677957,1,0,0.300668228
0,-0.039677957,1,0.312598129,2,2019-12-15T11:00:00.0,0.312598129,0,0.312598129,8364,1.039677957,1,0,0.300668228
0,-0.039717805,1,0.31261011,2,2019-12-15T12:00:00.0,0.31261011,0,0.31261011,8365,1.039717805,1,0,0.300668228
0,-0.234220421,1,0.613228926,4,2019-12-15T13:00:00.0,0.613228926,0,0.613228926,8366,1.234220421,1,0,0.496855275
0,-0.234220421,1,0.613228926,4,2019-12-15T14:00:00.0,0.613228926,0,0.613228926,8367,1.234220421,1,0,0.496855275
0,-0.234220421,1,0.613228926,4,2019-12-15T15:00:00.0,0.613228926,0,0.613228926,8368,1.234220421,1,0,0.496855275
0,-0.234220421,1,0.613228926,4,2019-12-15T16:00:00.0,0.613228926,0,0.613228926,8369,1.234220421,1,0,0.496855275
0,-0.234220421,1,0.613228926,4,2019-12-15T17:00:00.0,0.613228926,0,0.613228926,8370,1.234220421,1,0,0.496855275
0,-0.234220421,1,0.613228926,4,2019-12-15T18:00:00.0,0.613228926,0,0.613228926,8371,1.234220421,1,0,0.496855275
0,-0.234220421,1,0.613228926,4,2019-12-15T19:00:00.0,0.613228926,0,0.613228926,8372,1.234220421,1,0,0.496855275
0,-0.234220421,1,0.613228926,4,2019-12-15T20:00:00.0,0.613228926,0,0.613228926,8373,1.234220421,1,0,0.496855275
0,-0.234220421,1,0.613228926,4,2019-12-15T21:00:00.0,0.613228926,0,0.613228926,8374,1.234220421,1,0,0.496855275
0,-0.234220421,1,0.613228926,4,2019-12-15T22:00:00.0,0.613228926,0,0.613228926,8375,1.234220421,1,0,0.496855275
0,-0.039677957,1,0.313944848,2,2019-12-15T23:00:00.0,0.313944848,0,0.313944848,8376,1.039677957,1,0,0.301963551
0,-0.121127698,1,0.656222487,4,2019-12-16T00:00:00.0,0.656222487,0,0.656222487,8377,1.121127698,1,0,0.585323588
0,-0.121127698,1,0.656222487,4,2019-12-16T01:00:00.0,0.656222487,0,0.656222487,8378,1.121127699,1,0,0.585323588
0,-0.121127698,1,0.656222487,4,2019-12-16T02:00:00.0,0.656222487,0,0.656222487,8379,1.121127699,1,0,0.585323588
0,-0.121141274,1,0.656443092,4,2019-12-16T03:00:00.0,0.656443092,0,0.656443092,8380,1.121141275,1,0,0.585513268
0,-0.104274249,1,0.652071537,5,2019-12-16T04:00:00.0,0.652071537,0,0.652071537,8381,1.104274249,1,0,0.59049782
0,-0.182940817,1,0.774568354,2,2019-12-16T05:00:00.0,0.774568354,0,0.774568354,8382,1.182940817,1,0,0.654782
0,-0.140592275,1,0.498032605,3,2019-12-16T06:00:00.0,0.498032605,0,0.498032605,8383,1.140592275,1,0,0.436643852
0,-0.121127698,1,0.656222487,4,2019-12-16T07:00:00.0,0.656222487,0,0.656222487,8384,1.121127699,1,0,0.585323588
0,-0.121127698,1,0.656222487,4,2019-12-16T08:00:00.0,0.656222487,0,0.656222487,8385,1.121127699,1,0,0.585323588
0,-0.121127698,1,0.622539869,4,2019-12-16T09:00:00.0,0.622539869,0,0.622539869,8386,1.121127699,1,0,0.555280072
0,-0.121127698,1,0.622539869,4,2019-12-16T10:00:00.0,0.622539869,0,0.622539869,8387,1.121127698,1,0,0.555280072
0,-0.140592275,1,0.458804044,3,2019-12-16T11:00:00.0,0.458804044,0,0.458804044,8388,1.140592275,1,0,0.402250703
0,-0.140592275,1,0.458804044,3,2019-12-16T12:00:00.0,0.458804044,0,0.458804044,8389,1.140592275,1,0,0.402250703
0,-0.140592275,1,0.458804044,3,2019-12-16T13:00:00.0,0.458804044,0,0.458804044,8390,1.140592275,1,0,0.402250703
0,-0.140592275,1,0.458804044,3,2019-12-16T14:00:00.0,0.458804044,0,0.458804044,8391,1.140592275,1,0,0.402250703
0,-0.121127698,1,0.656222487,4,2019-12-16T15:00:00.0,0.656222487,0,0.656222487,8392,1.121127698,1,0,0.585323588
0,-0.121127698,1,0.656222487,4,2019-12-16T16:00:00.0,0.656222487,0,0.656222487,8393,1.121127699,1,0,0.585323588
0,-0.121127698,1,0.656222487,4,2019-12-16T17:00:00.0,0.656222487,0,0.656222487,8394,1.121127699,1,0,0.585323588
0,-0.121127698,1,0.656222487,4,2019-12-16T18:00:00.0,0.656222487,0,0.656222487,8395,1.121127699,1,0,0.585323588
0,-0.121127698,1,0.656222487,4,2019-12-16T19:00:00.0,0.656222487,0,0.656222487,8396,1.121127699,1,0,0.585323588
0,-0.121127698,1,0.656222487,4,2019-12-16T20:00:00.0,0.656222487,0,0.656222487,8397,1.121127699,1,0,0.585323588
0,-0.121127698,1,0.656222487,4,2019-12-16T21:00:00.0,0.656222487,0,0.656222487,8398,1.121127699,1,0,0.585323588
0,-0.121127698,1,0.656222487,4,2019-12-16T22:00:00.0,0.656222487,0,0.656222487,8399,1.121127698,1,0,0.585323588
0,-0.121127698,1,0.656222487,4,2019-12-16T23:00:00.0,0.656222487,0,0.656222487,8400,1.121127699,1,0,0.585323588
0,-0.121127698,1,0.656222487,4,2019-12-17T00:00:00.0,0.656222487,0,0.656222487,8401,1.121127698,1,0,0.585323588
0,-0.121127698,1,0.656222487,4,2019-12-17T01:00:00.0,0.656222487,0,0.656222487,8402,1.121127699,1,0,0.585323588
0,-0.121127698,1,0.656222487,4,2019-12-17T02:00:00.0,0.656222487,0,0.656222487,8403,1.121127699,1,0,0.585323588
0,-0.121127698,1,0.656222487,4,2019-12-17T03:00:00.0,0.656222487,0,0.656222487,8404,1.121127699,1,0,0.585323588
0,-0.121127698,1,0.656222487,4,2019-12-17T04:00:00.0,0.656222487,0,0.656222487,8405,1.121127699,1,0,0.585323588
0,-0.121127698,1,0.656222487,4,2019-12-17T05:00:00.0,0.656222487,0,0.656222487,8406,1.121127699,1,0,0.585323588
0,-0.042430781,1,0.727069998,3,2019-12-17T06:00:00.0,0.727069998,0,0.727069998,8407,1.042430781,1,0,0.697475565
0,-0.140592275,1,0.498032605,3,2019-12-17T07:00:00.0,0.498032605,0,0.498032605,8408,1.140592275,1,0,0.436643852
0,-0.140592275,1,0.501492631,3,2019-12-17T08:00:00.0,0.501492631,0,0.501492631,8409,1.140592275,1,0,0.439677387
0,-0.140592275,1,0.501492631,3,2019-12-17T09:00:00.0,0.501492631,0,0.501492631,8410,1.140592275,1,0,0.439677387
0,-0.140592275,1,0.501492631,3,2019-12-17T10:00:00.0,0.501492631,0,0.501492631,8411,1.140592275,1,0,0.439677387
0,-0.140592275,1,0.501492631,3,2019-12-17T11:00:00.0,0.501492631,0,0.501492631,8412,1.140592275,1,0,0.439677387
0,-0.140592275,1,0.501492631,3,2019-12-17T12:00:00.0,0.501492631,0,0.501492631,8413,1.140592275,1,0,0.439677387
0,-0.140592275,1,0.501492631,3,2019-12-17T13:00:00.0,0.501492631,0,0.501492631,8414,1.140592275,1,0,0.439677387
0,-0.140592275,1,0.501492631,3,2019-12-17T14:00:00.0,0.501492631,0,0.501492631,8415,1.140592275,1,0,0.439677387
0,-0.140592275,1,0.501492631,3,2019-12-17T15:00:00.0,0.501492631,0,0.501492631,8416,1.140592275,1,0,0.439677387
0,-0.140592275,1,0.501492631,3,2019-12-17T16:00:00.0,0.501492631,0,0.501492631,8417,1.140592275,1,0,0.439677387
0,-0.140592275,1,0.501492631,3,2019-12-17T17:00:00.0,0.501492631,0,0.501492631,8418,1.140592275,1,0,0.439677387
0,-0.140592275,1,0.501492631,3,2019-12-17T18:00:00.0,0.501492631,0,0.501492631,8419,1.140592275,1,0,0.439677387
0,-0.140592275,1,0.501492631,3,2019-12-17T19:00:00.0,0.501492631,0,0.501492631,8420,1.140592275,1,0,0.439677387
0,-0.140592275,1,0.501492631,3,2019-12-17T20:00:00.0,0.501492631,0,0.501492631,8421,1.140592275,1,0,0.439677387
0,-0.140592275,1,0.501492631,3,2019-12-17T21:00:00.0,0.501492631,0,0.501492631,8422,1.140592275,1,0,0.439677387
0,-0.121127698,1,0.656222487,4,2019-12-17T22:00:00.0,0.656222487,0,0.656222487,8423,1.121127699,1,0,0.585323588
0,-0.039677957,1,0.354594634,2,2019-12-17T23:00:00.0,0.354594634,0,0.354594634,8424,1.039677957,1,0,0.341061991
0,-0.239616846,1,0.616383893,3,2019-12-18T00:00:00.0,0.616383893,0,0.616383893,8425,1.239616846,1,0,0.497237429
0,-0.239616846,1,0.616383893,3,2019-12-18T01:00:00.0,0.616383893,0,0.616383893,8426,1.239616846,1,0,0.497237429
0,-0.234220421,1,0.613228926,4,2019-12-18T02:00:00.0,0.613228926,0,0.613228926,8427,1.234220421,1,0,0.496855275
0,-0.234220421,1,0.613228926,4,2019-12-18T03:00:00.0,0.613228926,0,0.613228926,8428,1.234220421,1,0,0.496855275
0,-0.234220421,1,0.613228926,4,2019-12-18T04:00:00.0,0.613228926,0,0.613228926,8429,1.234220421,1,0,0.496855275
0,-0.039677957,1,0.680762412,2,2019-12-18T05:00:00.0,0.680762412,0,0.680762412,8430,1.039677957,1,0,0.654782
0,-0.142817344,1,0.559791011,4,2019-12-18T06:00:00.0,0.559791011,0,0.559791011,8431,1.142817344,1,0,0.489834193
0,-0.042278842,1,0.398486268,2,2019-12-18T07:00:00.0,0.398486268,0,0.398486268,8432,1.042278842,1,0,0.382322131
0,-0.239616846,1,0.616383893,3,2019-12-18T08:00:00.0,0.616383893,0,0.616383893,8433,1.239616846,1,0,0.497237429
0,-0.239616846,1,0.616383893,3,2019-12-18T09:00:00.0,0.616383893,0,0.616383893,8434,1.239616846,1,0,0.497237429
0,-0.239616846,1,0.616383893,3,2019-12-18T10:00:00.0,0.616383893,0,0.616383893,8435,1.239616846,1,0,0.497237429
0,-0.239616846,1,0.616383893,3,2019-12-18T11:00:00.0,0.616383893,0,0.616383893,8436,1.239616846,1,0,0.497237429
0,-0.239616846,1,0.616383893,3,2019-12-18T12:00:00.0,0.616383893,0,0.616383893,8437,1.239616846,1,0,0.497237429
0,-0.239616846,1,0.616383893,3,2019-12-18T13:00:00.0,0.616383893,0,0.616383893,8438,1.239616846,1,0,0.497237429
0,-0.239616846,1,0.616383893,3,2019-12-18T14:00:00.0,0.616383893,0,0.616383893,8439,1.239616846,1,0,0.497237429
0,-0.239616846,1,0.616383893,3,2019-12-18T15:00:00.0,0.616383893,0,0.616383893,8440,1.239616846,1,0,0.497237429
0,-0.239616846,1,0.616383893,3,2019-12-18T16:00:00.0,0.616383893,0,0.616383893,8441,1.239616846,1,0,0.497237429
0,-0.239616846,1,0.616383893,3,2019-12-18T17:00:00.0,0.616383893,0,0.616383893,8442,1.239616846,1,0,0.497237429
0,-0.239616846,1,0.616383893,3,2019-12-18T18:00:00.0,0.616383893,0,0.616383893,8443,1.239616846,1,0,0.497237429
0,-0.239616846,1,0.616383893,3,2019-12-18T19:00:00.0,0.616383893,0,0.616383893,8444,1.239616846,1,0,0.497237429
0,-0.239616846,1,0.616383893,3,2019-12-18T20:00:00.0,0.616383893,0,0.616383893,8445,1.239616846,1,0,0.497237429
0,-0.239616846,1,0.616266591,4,2019-12-18T21:00:00.0,0.616266591,0,0.616266591,8446,1.239616846,1,0,0.497142801
0,-0.239616846,1,0.616383893,3,2019-12-18T22:00:00.0,0.616383893,0,0.616383893,8447,1.239616846,1,0,0.497237429
0,-0.234220421,1,0.613228926,4,2019-12-18T23:00:00.0,0.613228926,0,0.613228926,8448,1.234220421,1,0,0.496855275
0,-0.239616846,1,0.616383893,3,2019-12-19T00:00:00.0,0.616383893,0,0.616383893,8449,1.239616846,1,0,0.497237429
0,-0.239616846,1,0.616383893,3,2019-12-19T01:00:00.0,0.616383893,0,0.616383893,8450,1.239616846,1,0,0.497237429
0,-0.239616846,1,0.616383894,3,2019-12-19T02:00:00.0,0.616383894,0,0.616383894,8451,1.239616846,1,0,0.497237429
0,-0.239616846,1,0.616383894,3,2019-12-19T03:00:00.0,0.616383894,0,0.616383894,8452,1.239616846,1,0,0.497237429
0,-0.239616846,1,0.616383893,3,2019-12-19T04:00:00.0,0.616383893,0,0.616383893,8453,1.239616846,1,0,0.497237429
0,-0.239616846,1,0.616383893,3,2019-12-19T05:00:00.0,0.616383893,0,0.616383893,8454,1.239616846,1,0,0.497237429
0,-0.239616846,1,0.616383894,3,2019-12-19T06:00:00.0,0.616383894,0,0.616383894,8455,1.239616846,1,0,0.497237429
0,-0.239616846,1,0.616383893,3,2019-12-19T07:00:00.0,0.616383893,0,0.616383893,8456,1.239616846,1,0,0.497237429
0,-0.239616846,1,0.616383893,3,2019-12-19T08:00:00.0,0.616383893,0,0.616383893,8457,1.239616846,1,0,0.497237429
0,-0.239616846,1,0.616383894,3,2019-12-19T09:00:00.0,0.616383894,0,0.616383894,8458,1.239616846,1,0,0.497237429
0,-0.239616846,1,0.616383893,3,2019-12-19T10:00:00.0,0.616383893,0,0.616383893,8459,1.239616846,1,0,0.497237429
0,-0.239616846,1,0.616383893,3,2019-12-19T11:00:00.0,0.616383893,0,0.616383893,8460,1.239616846,1,0,0.497237429
0,-0.239616846,1,0.616383893,3,2019-12-19T12:00:00.0,0.616383893,0,0.616383893,8461,1.239616846,1,0,0.497237429
0,-0.239616846,1,0.616383905,3,2019-12-19T13:00:00.0,0.616383905,0,0.616383905,8462,1.239616872,1.000000026,0,0.497237428
0,-0.239616846,1,0.616383893,3,2019-12-19T14:00:00.0,0.616383893,0,0.616383893,8463,1.239616846,1,0,0.497237429
0,-0.239616846,1,0.616383893,3,2019-12-19T15:00:00.0,0.616383893,0,0.616383893,8464,1.239616846,1,0,0.497237429
0,-0.121127698,1,0.656222487,4,2019-12-19T16:00:00.0,0.656222487,0,0.656222487,8465,1.121127698,1,0,0.585323588
0,-0.121127698,1,0.656222487,4,2019-12-19T17:00:00.0,0.656222487,0,0.656222487,8466,1.121127699,1,0,0.585323588
0,-0.121127698,1,0.656222487,4,2019-12-19T18:00:00.0,0.656222487,0,0.656222487,8467,1.121127699,1,0,0.585323588
0,-0.121127698,1,0.656222487,4,2019-12-19T19:00:00.0,0.656222487,0,0.656222487,8468,1.121127699,1,0,0.585323588
0,-0.121127698,1,0.656222487,4,2019-12-19T20:00:00.0,0.656222487,0,0.656222487,8469,1.121127698,1,0,0.585323588
0,-0.121127698,1,0.656222487,4,2019-12-19T21:00:00.0,0.656222487,0,0.656222487,8470,1.121127699,1,0,0.585323588
0,-0.239783832,1,0.615768545,3,2019-12-19T22:00:00.0,0.615768545,0,0.615768545,8471,1.239783832,1,0,0.496674121
0,-0.120770938,1,0.656342434,4,2019-12-19T23:00:00.0,0.656342434,0,0.656342434,8472,1.120770938,1,0,0.585616928
0,-0.120770938,1,0.656342434,4,2019-12-20T00:00:00.0,0.656342434,0,0.656342434,8473,1.120770938,1,0,0.585616928
0,-0.121127698,1,0.656222487,4,2019-12-20T01:00:00.0,0.656222487,0,0.656222487,8474,1.121127699,1,0,0.585323588
0,-0.121127698,1,0.656222487,4,2019-12-20T02:00:00.0,0.656222487,0,0.656222487,8475,1.121127699,1.000000001,0,0.585323588
0,-0.121127698,1,0.656222487,4,2019-12-20T03:00:00.0,0.656222487,0,0.656222487,8476,1.121127699,1,0,0.585323588
0,-0.121127698,1,0.656222487,4,2019-12-20T04:00:00.0,0.656222487,0,0.656222487,8477,1.121127699,1,0,0.585323588
0,-0.121127698,1,0.656222487,4,2019-12-20T05:00:00.0,0.656222487,0,0.656222487,8478,1.121127699,1,0,0.585323588
0,-0.121127698,1,0.656222487,4,2019-12-20T06:00:00.0,0.656222487,0,0.656222487,8479,1.121127699,1,0,0.585323588
0,-0.062636843,1,0.70696876,5,2019-12-20T07:00:00.0,0.70696876,0,0.70696876,8480,1.062636843,1,0,0.665296677
0,-0.239783832,1,0.615768545,3,2019-12-20T08:00:00.0,0.615768545,0,0.615768545,8481,1.239783832,1,0,0.496674121
0,-0.121127698,1,0.656222487,4,2019-12-20T09:00:00.0,0.656222487,0,0.656222487,8482,1.121127699,1,0,0.585323588
0,-0.042278842,1,0.682465425,2,2019-12-20T10:00:00.0,0.682465425,0,0.682465425,8483,1.042278843,1,0,0.654782
0,-0.239616846,1,0.616383894,3,2019-12-20T11:00:00.0,0.616383894,0,0.616383894,8484,1.239616847,1.000000001,0,0.497237429
0,-0.042430781,1,0.682564912,2,2019-12-20T12:00:00.0,0.682564912,0,0.682564912,8485,1.042430782,1.000000001,0,0.654782
0,-0.121127698,1,0.656222487,4,2019-12-20T13:00:00.0,0.656222487,0,0.656222487,8486,1.121127699,1.000000001,0,0.585323588
0,-0.121127698,1,0.656222487,4,2019-12-20T14:00:00.0,0.656222487,0,0.656222487,8487,1.121127698,1,0,0.585323588
0,-0.121127698,1,0.656222487,4,2019-12-20T15:00:00.0,0.656222487,0,0.656222487,8488,1.121127699,1,0,0.585323588
0,-0.121127698,1,0.656222487,4,2019-12-20T16:00:00.0,0.656222487,0,0.656222487,8489,1.121127699,1,0,0.585323588
0,-0.121127698,1,0.656222487,4,2019-12-20T17:00:00.0,0.656222487,0,0.656222487,8490,1.121127699,1,0,0.585323588
0,-0.121127698,1,0.656222487,4,2019-12-20T18:00:00.0,0.656222487,0,0.656222487,8491,1.121127699,1,0,0.585323588
0,-0.121127698,1,0.656222487,4,2019-12-20T19:00:00.0,0.656222487,0,0.656222487,8492,1.121127699,1,0,0.585323588
0,-0.121127698,1,0.656222487,4,2019-12-20T20:00:00.0,0.656222487,0,0.656222487,8493,1.121127699,1,0,0.585323588
0,-0.121127698,1,0.656222487,4,2019-12-20T21:00:00.0,0.656222487,0,0.656222487,8494,1.121127699,1,0,0.585323588
0,-0.121127698,1,0.656222487,4,2019-12-20T22:00:00.0,0.656222487,0,0.656222487,8495,1.121127699,1,0,0.585323588
0,-0.037232593,1,0.570633152,4,2019-12-20T23:00:00.0,0.570633152,0,0.570633152,8496,1.037232593,1,0,0.550149654
0,-0.034997157,1,0.432744157,3,2019-12-21T00:00:00.0,0.432744157,0,0.432744157,8497,1.034997157,1,0,0.418111445
0,-0.034997157,1,0.432744157,3,2019-12-21T01:00:00.0,0.432744157,0,0.432744157,8498,1.034997157,1,0,0.418111445
0,-0.036146364,1,0.433990582,3,2019-12-21T02:00:00.0,0.433990582,0,0.433990582,8499,1.036146364,1,0,0.418850654
0,-0.036146364,1,0.433990582,3,2019-12-21T03:00:00.0,0.433990582,0,0.433990582,8500,1.036146364,1,0,0.418850654
0,-0.036146364,1,0.433990582,3,2019-12-21T04:00:00.0,0.433990582,0,0.433990582,8501,1.036146364,1,0,0.418850654
0,-0.034997157,1,0.432744157,3,2019-12-21T05:00:00.0,0.432744157,0,0.432744157,8502,1.034997157,1,0,0.418111445
0,-0.034997157,1,0.432744157,3,2019-12-21T06:00:00.0,0.432744157,0,0.432744157,8503,1.034997157,1,0,0.418111445
0,-0.034997157,1,0.432744157,3,2019-12-21T07:00:00.0,0.432744157,0,0.432744157,8504,1.034997157,1,0,0.418111445
0,-0.034997157,1,0.432744157,3,2019-12-21T08:00:00.0,0.432744157,0,0.432744157,8505,1.034997157,1,0,0.418111445
0,-0.034997157,1,0.432744157,3,2019-12-21T09:00:00.0,0.432744157,0,0.432744157,8506,1.034997157,1,0,0.418111445
0,-0.034997157,1,0.435384754,3,2019-12-21T10:00:00.0,0.435384754,0,0.435384754,8507,1.034997157,1,0,0.420662753
0,-0.034997157,1,0.435384754,3,2019-12-21T11:00:00.0,0.435384754,0,0.435384754,8508,1.034997157,1,0,0.420662753
0,-0.034997157,1,0.435384754,3,2019-12-21T12:00:00.0,0.435384754,0,0.435384754,8509,1.034997157,1,0,0.420662753
0,-0.034997157,1,0.435384754,3,2019-12-21T13:00:00.0,0.435384754,0,0.435384754,8510,1.034997157,1,0,0.420662753
0,-0.034997157,1,0.435384754,3,2019-12-21T14:00:00.0,0.435384754,0,0.435384754,8511,1.034997157,1,0,0.420662753
0,-0.121127698,1,0.656222487,4,2019-12-21T15:00:00.0,0.656222487,0,0.656222487,8512,1.121127699,1,0,0.585323588
0,-0.956628894,1,0.754060439,5,2019-12-21T16:00:00.0,0.754060439,0,0.754060439,8513,1.956628894,1,0,0.385387562
0,-0.042601778,1,0.682676877,2,2019-12-21T17:00:00.0,0.682676877,0,0.682676877,8514,1.042601778,1,0,0.654782
0,-0.121127698,1,0.656222487,4,2019-12-21T18:00:00.0,0.656222487,0,0.656222487,8515,1.121127699,1,0,0.585323588
0,-0.121127698,1,0.656222487,4,2019-12-21T19:00:00.0,0.656222487,0,0.656222487,8516,1.121127699,1,0,0.585323588
0,-0.121127698,1,0.656222487,4,2019-12-21T20:00:00.0,0.656222487,0,0.656222487,8517,1.121127699,1,0,0.585323588
0,-0.121127698,1,0.656222487,4,2019-12-21T21:00:00.0,0.656222487,0,0.656222487,8518,1.121127699,1,0,0.585323588
0,-0.121127698,1,0.656222487,4,2019-12-21T22:00:00.0,0.656222487,0,0.656222487,8519,1.121127699,1,0,0.585323588
0,-0.140592275,1,0.501492631,3,2019-12-21T23:00:00.0,0.501492631,0,0.501492631,8520,1.140592275,1,0,0.439677387
0,-0.042278842,1,0.398486268,2,2019-12-22T00:00:00.0,0.398486268,0,0.398486268,8521,1.042278842,1,0,0.382322131
0,-0.042278842,1,0.398486268,2,2019-12-22T01:00:00.0,0.398486268,0,0.398486268,8522,1.042278842,1,0,0.382322131
0,-0.042278842,1,0.398486268,2,2019-12-22T02:00:00.0,0.398486268,0,0.398486268,8523,1.042278842,1,0,0.382322131
0,-0.042278842,1,0.398486268,2,2019-12-22T03:00:00.0,0.398486268,0,0.398486268,8524,1.042278842,1,0,0.382322131
0,-0.042278842,1,0.398486268,2,2019-12-22T04:00:00.0,0.398486268,0,0.398486268,8525,1.042278842,1,0,0.382322131
0,-0.042278842,1,0.398486268,2,2019-12-22T05:00:00.0,0.398486268,0,0.398486268,8526,1.042278842,1,0,0.382322131
0,-0.042278842,1,0.398486268,2,2019-12-22T06:00:00.0,0.398486268,0,0.398486268,8527,1.042278842,1,0,0.382322131
0,-0.239616846,1,0.616383893,3,2019-12-22T07:00:00.0,0.616383893,0,0.616383893,8528,1.239616846,1,0,0.497237429
0,-0.239616846,1,0.616383893,3,2019-12-22T08:00:00.0,0.616383893,0,0.616383893,8529,1.239616846,1,0,0.497237429
0,-0.042278842,1,0.398486268,2,2019-12-22T09:00:00.0,0.398486268,0,0.398486268,8530,1.042278842,1,0,0.382322131
0,-0.042278842,1,0.398486268,2,2019-12-22T10:00:00.0,0.398486268,0,0.398486268,8531,1.042278842,1,0,0.382322131
0,-0.042278842,1,0.398486268,2,2019-12-22T11:00:00.0,0.398486268,0,0.398486268,8532,1.042278842,1,0,0.382322131
0,-0.039717805,1,0.397507126,2,2019-12-22T12:00:00.0,0.397507126,0,0.397507126,8533,1.039717805,1,0,0.382322131
0,-0.039677957,1,0.397491892,2,2019-12-22T13:00:00.0,0.397491892,0,0.397491892,8534,1.039677957,1,0,0.382322131
0,-0.042278842,1,0.398486268,2,2019-12-22T14:00:00.0,0.398486268,0,0.398486268,8535,1.042278842,1,0,0.382322131
0,-0.239616846,1,0.616383893,3,2019-12-22T15:00:00.0,0.616383893,0,0.616383893,8536,1.239616846,1,0,0.497237429
0,-0.239616846,1,0.616383893,3,2019-12-22T16:00:00.0,0.616383893,0,0.616383893,8537,1.239616846,1,0,0.497237429
0,-0.121127698,1,0.656222487,4,2019-12-22T17:00:00.0,0.656222487,0,0.656222487,8538,1.121127698,1,0,0.585323588
0,-0.121127698,1,0.656222487,4,2019-12-22T18:00:00.0,0.656222487,0,0.656222487,8539,1.121127698,1,0,0.585323588
0,-0.121127698,1,0.656222487,4,2019-12-22T19:00:00.0,0.656222487,0,0.656222487,8540,1.121127698,1,0,0.585323588
0,-0.239616846,1,0.616383893,3,2019-12-22T20:00:00.0,0.616383893,0,0.616383893,8541,1.239616846,1,0,0.497237429
0,-0.239616846,1,0.616383893,3,2019-12-22T21:00:00.0,0.616383893,0,0.616383893,8542,1.239616846,1,0,0.497237429
0,-0.042278842,1,0.398486268,2,2019-12-22T22:00:00.0,0.398486268,0,0.398486268,8543,1.042278842,1,0,0.382322131
0,-0.234220421,1,0.613228926,4,2019-12-22T23:00:00.0,0.613228926,0,0.613228926,8544,1.234220421,1,0,0.496855275
0,-0.042278842,1,0.398486268,2,2019-12-23T00:00:00.0,0.398486268,0,0.398486268,8545,1.042278842,1,0,0.382322131
0,-0.042278842,1,0.398486268,2,2019-12-23T01:00:00.0,0.398486268,0,0.398486268,8546,1.042278842,1,0,0.382322131
0,-0.239616846,1,0.616383893,3,2019-12-23T02:00:00.0,0.616383893,0,0.616383893,8547,1.239616846,1,0,0.497237429
0,-0.039717805,1,0.397507126,2,2019-12-23T03:00:00.0,0.397507126,0,0.397507126,8548,1.039717805,1,0,0.382322131
0,-0.039717805,1,0.397507126,2,2019-12-23T04:00:00.0,0.397507126,0,0.397507126,8549,1.039717805,1,0,0.382322131
0,-0.042278842,1,0.398486268,2,2019-12-23T05:00:00.0,0.398486268,0,0.398486268,8550,1.042278842,1,0,0.382322131
0,-0.042278842,1,0.398486268,2,2019-12-23T06:00:00.0,0.398486268,0,0.398486268,8551,1.042278842,1,0,0.382322131
0,-0.239616846,1,0.616383893,4,2019-12-23T07:00:00.0,0.616383893,0,0.616383893,8552,1.239616846,1,0,0.497237429
0,-0.239616846,1,0.616383893,3,2019-12-23T08:00:00.0,0.616383893,0,0.616383893,8553,1.239616846,1,0,0.497237429
0,-0.03455205,1,0.403796997,3,2019-12-23T09:00:00.0,0.403796997,0,0.403796997,8554,1.03455205,1,0,0.390310954
0,-0.03455205,1,0.403796997,3,2019-12-23T10:00:00.0,0.403796997,0,0.403796997,8555,1.03455205,1,0,0.390310954
0,-0.034539314,1,0.403766889,3,2019-12-23T11:00:00.0,0.403766889,0,0.403766889,8556,1.034539315,1,0,0.390286656
0,-0.034539314,1,0.403766889,3,2019-12-23T12:00:00.0,0.403766889,0,0.403766889,8557,1.034539315,1,0,0.390286656
0,-0.034539314,1,0.403766889,3,2019-12-23T13:00:00.0,0.403766889,0,0.403766889,8558,1.034539315,1,0,0.390286656
0,-0.239616846,1,0.616383893,3,2019-12-23T14:00:00.0,0.616383893,0,0.616383893,8559,1.239616846,1,0,0.497237429
0,-0.239616846,1,0.616383893,3,2019-12-23T15:00:00.0,0.616383893,0,0.616383893,8560,1.239616846,1,0,0.497237429
0,-0.239616846,1,0.616383893,3,2019-12-23T16:00:00.0,0.616383893,0,0.616383893,8561,1.239616846,1,0,0.497237429
0,-0.239616846,1,0.616383893,3,2019-12-23T17:00:00.0,0.616383893,0,0.616383893,8562,1.239616846,1,0,0.497237429
0,-0.121127698,1,0.656222487,4,2019-12-23T18:00:00.0,0.656222487,0,0.656222487,8563,1.121127699,1,0,0.585323588
0,-0.239616846,1,0.616383893,3,2019-12-23T19:00:00.0,0.616383893,0,0.616383893,8564,1.239616846,1,0,0.497237429
0,-0.239616846,1,0.616383893,3,2019-12-23T20:00:00.0,0.616383893,0,0.616383893,8565,1.239616846,1,0,0.497237429
0,-0.239616846,1,0.616383893,3,2019-12-23T21:00:00.0,0.616383893,0,0.616383893,8566,1.239616846,1,0,0.497237429
0,-0.239616846,1,0.616383893,3,2019-12-23T22:00:00.0,0.616383893,0,0.616383893,8567,1.239616846,1,0,0.497237429
0,-0.039677957,1,0.393185193,2,2019-12-23T23:00:00.0,0.393185193,0,0.393185193,8568,1.039677957,1,0,0.378179791
0,-0.121127698,1,0.656222487,4,2019-12-24T00:00:00.0,0.656222487,0,0.656222487,8569,1.121127698,1,0,0.585323588
0,-0.042430781,1,0.682564912,2,2019-12-24T01:00:00.0,0.682564912,0,0.682564912,8570,1.042430781,1,0,0.654782
0,-0.121127698,1,0.656222487,4,2019-12-24T02:00:00.0,0.656222487,0,0.656222487,8571,1.121127699,1,0,0.585323588
0,-0.121127698,1,0.656222487,4,2019-12-24T03:00:00.0,0.656222487,0,0.656222487,8572,1.121127699,1,0,0.585323588
0,-0.121127698,1,0.656222487,4,2019-12-24T04:00:00.0,0.656222487,0,0.656222487,8573,1.121127699,1,0,0.585323588
0,-0.121127698,1,0.656222487,4,2019-12-24T05:00:00.0,0.656222487,0,0.656222487,8574,1.121127699,1,0,0.585323588
0,-0.121127698,1,0.656222487,4,2019-12-24T06:00:00.0,0.656222487,0,0.656222487,8575,1.121127699,1,0,0.585323588
0,-0.140592275,1,0.51372226,3,2019-12-24T07:00:00.0,0.51372226,0,0.51372226,8576,1.140592275,1,0,0.450399561
0,-0.140592275,1,0.471033673,3,2019-12-24T08:00:00.0,0.471033673,0,0.471033673,8577,1.140592275,1,0,0.412972877
0,-0.140592275,1,0.458804044,3,2019-12-24T09:00:00.0,0.458804044,0,0.458804044,8578,1.140592275,1,0,0.402250703
0,-0.140592275,1,0.471033673,3,2019-12-24T10:00:00.0,0.471033673,0,0.471033673,8579,1.140592275,1,0,0.412972877
0,-0.140592275,1,0.471033673,3,2019-12-24T11:00:00.0,0.471033673,0,0.471033673,8580,1.140592275,1,0,0.412972877
0,-0.140592275,1,0.471033673,3,2019-12-24T12:00:00.0,0.471033673,0,0.471033673,8581,1.140592275,1,0,0.412972877
0,-0.140592275,1,0.471033673,3,2019-12-24T13:00:00.0,0.471033673,0,0.471033673,8582,1.140592275,1,0,0.412972877
0,-0.140592275,1,0.471033673,3,2019-12-24T14:00:00.0,0.471033673,0,0.471033673,8583,1.140592275,1,0,0.412972877
0,-0.140592275,1,0.51372226,3,2019-12-24T15:00:00.0,0.51372226,0,0.51372226,8584,1.140592275,1,0,0.450399561
0,-0.140592275,1,0.51372226,3,2019-12-24T16:00:00.0,0.51372226,0,0.51372226,8585,1.140592275,1,0,0.450399561
0,-0.140592275,1,0.51372226,3,2019-12-24T17:00:00.0,0.51372226,0,0.51372226,8586,1.140592275,1,0,0.450399561
0,-0.140592275,1,0.51372226,3,2019-12-24T18:00:00.0,0.51372226,0,0.51372226,8587,1.140592275,1,0,0.450399561
0,-0.140592275,1,0.51372226,3,2019-12-24T19:00:00.0,0.51372226,0,0.51372226,8588,1.140592275,1,0,0.450399561
0,-0.140592275,1,0.51372226,3,2019-12-24T20:00:00.0,0.51372226,0,0.51372226,8589,1.140592275,1,0,0.450399561
0,-0.140592275,1,0.51372226,3,2019-12-24T21:00:00.0,0.51372226,0,0.51372226,8590,1.140592275,1,0,0.450399561
0,-0.140592275,1,0.498032605,3,2019-12-24T22:00:00.0,0.498032605,0,0.498032605,8591,1.140592275,1,0,0.436643852
0,-0.042430781,1,0.398544357,2,2019-12-24T23:00:00.0,0.398544357,0,0.398544357,8592,1.042430781,1,0,0.382322131
0,-0.042430781,1,0.394226255,2,2019-12-25T00:00:00.0,0.394226255,0,0.394226255,8593,1.042430781,1,0,0.378179791
0,-0.042430781,1,0.394226255,2,2019-12-25T01:00:00.0,0.394226255,0,0.394226255,8594,1.042430781,1,0,0.378179791
0,-0.042430781,1,0.394226255,2,2019-12-25T02:00:00.0,0.394226255,0,0.394226255,8595,1.042430781,1,0,0.378179791
0,-0.042430781,1,0.394226255,2,2019-12-25T03:00:00.0,0.394226255,0,0.394226255,8596,1.042430781,1,0,0.378179791
0,-0.042430781,1,0.394226255,2,2019-12-25T04:00:00.0,0.394226255,0,0.394226255,8597,1.042430781,1,0,0.378179791
0,-0.042430781,1,0.394226255,2,2019-12-25T05:00:00.0,0.394226255,0,0.394226255,8598,1.042430781,1,0,0.378179791
0,-0.119355807,1,0.417275228,3,2019-12-25T06:00:00.0,0.417275228,0,0.417275228,8599,1.119355807,1,0,0.372781581
0,-0.042430781,1,0.398544357,2,2019-12-25T07:00:00.0,0.398544357,0,0.398544357,8600,1.042430781,1,0,0.382322131
0,-0.119355807,1,0.420372518,3,2019-12-25T08:00:00.0,0.420372518,0,0.420372518,8601,1.119355807,1,0,0.37554861
0,-0.128815272,1,0.422979292,3,2019-12-25T09:00:00.0,0.422979292,0,0.422979292,8602,1.128815272,1,0,0.374710817
0,-0.128815272,1,0.422979292,3,2019-12-25T10:00:00.0,0.422979292,0,0.422979292,8603,1.128815272,1,0,0.374710817
0,-0.128815272,1,0.420047848,3,2019-12-25T11:00:00.0,0.420047848,0,0.420047848,8604,1.128815272,1,0,0.372113895
0,-0.128815272,1,0.422979292,3,2019-12-25T12:00:00.0,0.422979292,0,0.422979292,8605,1.128815272,1,0,0.374710817
0,-0.119355807,1,0.420372518,3,2019-12-25T13:00:00.0,0.420372518,0,0.420372518,8606,1.119355807,1,0,0.37554861
0,-0.042430781,1,0.398544357,2,2019-12-25T14:00:00.0,0.398544357,0,0.398544357,8607,1.042430781,1,0,0.382322131
0,-0.121127698,1,0.656222487,4,2019-12-25T15:00:00.0,0.656222487,0,0.656222487,8608,1.121127698,1,0,0.585323588
0,-0.121127698,1,0.656222487,4,2019-12-25T16:00:00.0,0.656222487,0,0.656222487,8609,1.121127699,1,0,0.585323588
0,-0.121127698,1,0.656222487,4,2019-12-25T17:00:00.0,0.656222487,0,0.656222487,8610,1.121127699,1,0,0.585323588
0,-0.042601778,1,0.682676877,2,2019-12-25T18:00:00.0,0.682676877,0,0.682676877,8611,1.042601778,1,0,0.654782
0,-0.042601778,1,0.682676877,2,2019-12-25T19:00:00.0,0.682676877,0,0.682676877,8612,1.042601778,1,0,0.654782
0,-0.121127698,1,0.656222487,4,2019-12-25T20:00:00.0,0.656222487,0,0.656222487,8613,1.121127699,1,0,0.585323588
0,-0.121127698,1,0.656222487,4,2019-12-25T21:00:00.0,0.656222487,0,0.656222487,8614,1.121127699,1,0,0.585323588
0,-0.042430781,1,0.398544357,2,2019-12-25T22:00:00.0,0.398544357,0,0.398544357,8615,1.042430781,1,0,0.382322131
0,-0.039677957,1,0.393185193,2,2019-12-25T23:00:00.0,0.393185193,0,0.393185193,8616,1.039677957,1,0,0.378179791
0,-0.121127698,1,0.622539869,4,2019-12-26T00:00:00.0,0.622539869,0,0.622539869,8617,1.121127698,1,0,0.555280072
0,-0.121127698,1,0.622539869,4,2019-12-26T01:00:00.0,0.622539869,0,0.622539869,8618,1.121127698,1,0,0.555280072
0,-0.239616846,1,0.531911108,3,2019-12-26T02:00:00.0,0.531911108,0,0.531911108,8619,1.239616846,1,0,0.429093158
0,-0.239616846,1,0.531911108,3,2019-12-26T03:00:00.0,0.531911108,0,0.531911108,8620,1.239616846,1,0,0.429093158
0,-0.239616846,1,0.531911108,3,2019-12-26T04:00:00.0,0.531911108,0,0.531911108,8621,1.239616846,1,0,0.429093158
0,-0.121127698,1,0.622539869,4,2019-12-26T05:00:00.0,0.622539869,0,0.622539869,8622,1.121127698,1,0,0.555280072
0,-0.121127698,1,0.622539869,4,2019-12-26T06:00:00.0,0.622539869,0,0.622539869,8623,1.121127698,1,0,0.555280072
0,-0.121127698,1,0.622539869,4,2019-12-26T07:00:00.0,0.622539869,0,0.622539869,8624,1.121127699,1,0,0.555280072
0,-0.121127698,1,0.656222487,4,2019-12-26T08:00:00.0,0.656222487,0,0.656222487,8625,1.121127699,1,0,0.585323588
0,-0.239616846,1,0.616383893,3,2019-12-26T09:00:00.0,0.616383893,0,0.616383893,8626,1.239616846,1,0,0.497237429
0,0,1,0.499800764,3,2019-12-26T10:00:00.0,0.499800764,0,0.499800764,8627,1,1,0,0.499800764
0,-0.239616846,1,0.616383893,3,2019-12-26T11:00:00.0,0.616383893,0,0.616383893,8628,1.239616846,1,0,0.497237429
0,-0.239616846,1,0.616383893,3,2019-12-26T12:00:00.0,0.616383893,0,0.616383893,8629,1.239616846,1,0,0.497237429
0,-0.121127698,1,0.656222487,4,2019-12-26T13:00:00.0,0.656222487,0,0.656222487,8630,1.121127699,1,0,0.585323588
0,-0.121127698,1,0.656222487,4,2019-12-26T14:00:00.0,0.656222487,0,0.656222487,8631,1.121127699,1,0,0.585323588
0,-0.239783832,1,0.615768545,3,2019-12-26T15:00:00.0,0.615768545,0,0.615768545,8632,1.239783832,1,0,0.496674121
0,-0.239616846,1,0.616383893,3,2019-12-26T16:00:00.0,0.616383893,0,0.616383893,8633,1.239616846,1,0,0.497237429
0,-0.042278842,1,0.682465425,2,2019-12-26T17:00:00.0,0.682465425,0,0.682465425,8634,1.042278842,1,0,0.654782
0,-0.239783832,1,0.615768545,3,2019-12-26T18:00:00.0,0.615768545,0,0.615768545,8635,1.239783832,1,0,0.496674121
0,-0.239616846,1,0.616383893,3,2019-12-26T19:00:00.0,0.616383893,0,0.616383893,8636,1.239616846,1,0,0.497237429
0,-0.239616846,1,0.616383893,3,2019-12-26T20:00:00.0,0.616383893,0,0.616383893,8637,1.239616846,1,0,0.497237429
0,-0.239616846,1,0.616383893,3,2019-12-26T21:00:00.0,0.616383893,0,0.616383893,8638,1.239616846,1,0,0.497237429
0,-0.039677957,1,0.393185193,2,2019-12-26T22:00:00.0,0.393185193,0,0.393185193,8639,1.039677957,1,0,0.378179791
0,-0.234220421,1,0.613228926,4,2019-12-26T23:00:00.0,0.613228926,0,0.613228926,8640,1.234220421,1,0,0.496855275
0,-0.234220421,1,0.613228926,4,2019-12-27T00:00:00.0,0.613228926,0,0.613228926,8641,1.234220421,1,0,0.496855275
0,-0.234220421,1,0.613228926,4,2019-12-27T01:00:00.0,0.613228926,0,0.613228926,8642,1.234220421,1,0,0.496855275
0,-0.234220421,1,0.613228926,4,2019-12-27T02:00:00.0,0.613228926,0,0.613228926,8643,1.234220421,1,0,0.496855275
0,-0.234220421,1,0.613228926,4,2019-12-27T03:00:00.0,0.613228926,0,0.613228926,8644,1.234220421,1,0,0.496855275
0,-0.234220421,1,0.613228926,4,2019-12-27T04:00:00.0,0.613228926,0,0.613228926,8645,1.234220421,1,0,0.496855275
0,-0.234220421,1,0.613228926,4,2019-12-27T05:00:00.0,0.613228926,0,0.613228926,8646,1.234220421,1,0,0.496855275
0,-0.234220421,1,0.613228926,4,2019-12-27T06:00:00.0,0.613228926,0,0.613228926,8647,1.234220421,1,0,0.496855275
0,-0.234220421,1,0.613228926,4,2019-12-27T07:00:00.0,0.613228926,0,0.613228926,8648,1.234220421,1,0,0.496855275
0,-0.039677957,1,0.393185193,2,2019-12-27T08:00:00.0,0.393185193,0,0.393185193,8649,1.039677957,1,0,0.378179791
0,-0.039677957,1,0.393185193,2,2019-12-27T09:00:00.0,0.393185193,0,0.393185193,8650,1.039677957,1,0,0.378179791
0,-0.042278842,1,0.394168795,2,2019-12-27T10:00:00.0,0.394168795,0,0.394168795,8651,1.042278842,1,0,0.378179791
0,-0.035016975,1,0.371006925,3,2019-12-27T11:00:00.0,0.371006925,0,0.371006925,8652,1.035016975,1,0,0.358454918
0,-0.042278842,1,0.394168795,2,2019-12-27T12:00:00.0,0.394168795,0,0.394168795,8653,1.042278842,1,0,0.378179791
0,-0.042278842,1,0.394168795,2,2019-12-27T13:00:00.0,0.394168795,0,0.394168795,8654,1.042278842,1,0,0.378179791
0,-0.042278842,1,0.394168795,2,2019-12-27T14:00:00.0,0.394168795,0,0.394168795,8655,1.042278842,1,0,0.378179791
0,-0.042278842,1,0.394168795,2,2019-12-27T15:00:00.0,0.394168795,0,0.394168795,8656,1.042278842,1,0,0.378179791
0,-0.042278842,1,0.394168795,2,2019-12-27T16:00:00.0,0.394168795,0,0.394168795,8657,1.042278842,1,0,0.378179791
0,-0.042278842,1,0.394168795,2,2019-12-27T17:00:00.0,0.394168795,0,0.394168795,8658,1.042278842,1,0,0.378179791
0,-0.042278842,1,0.394168795,2,2019-12-27T18:00:00.0,0.394168795,0,0.394168795,8659,1.042278842,1,0,0.378179791
0,-0.042278842,1,0.394168795,2,2019-12-27T19:00:00.0,0.394168795,0,0.394168795,8660,1.042278842,1,0,0.378179791
0,-0.042278842,1,0.394168795,2,2019-12-27T20:00:00.0,0.394168795,0,0.394168795,8661,1.042278842,1,0,0.378179791
0,-0.042278842,1,0.394168795,2,2019-12-27T21:00:00.0,0.394168795,0,0.394168795,8662,1.042278842,1,0,0.378179791
0,-0.039677957,1,0.393185193,2,2019-12-27T22:00:00.0,0.393185193,0,0.393185193,8663,1.039677957,1,0,0.378179791
0,-0.034539314,1,0.403766889,3,2019-12-27T23:00:00.0,0.403766889,0,0.403766889,8664,1.034539314,1,0,0.390286656
0,-0.042430781,1,0.355533517,2,2019-12-28T00:00:00.0,0.355533517,0,0.355533517,8665,1.042430781,1,0,0.341061991
0,-0.039677957,1,0.354594634,2,2019-12-28T01:00:00.0,0.354594634,0,0.354594634,8666,1.039677957,1,0,0.341061991
0,-0.039677957,1,0.354594634,2,2019-12-28T02:00:00.0,0.354594634,0,0.354594634,8667,1.039677957,1,0,0.341061991
0,-0.039677957,1,0.354594634,2,2019-12-28T03:00:00.0,0.354594634,0,0.354594634,8668,1.039677957,1,0,0.341061991
0,-0.042430781,1,0.355533517,2,2019-12-28T04:00:00.0,0.355533517,0,0.355533517,8669,1.042430781,1,0,0.341061991
0,-0.142817344,1,0.559791011,4,2019-12-28T05:00:00.0,0.559791011,0,0.559791011,8670,1.142817344,1,0,0.489834193
0,-0.042430781,1,0.355533517,2,2019-12-28T06:00:00.0,0.355533517,0,0.355533517,8671,1.042430781,1,0,0.341061991
0,-0.042430781,1,0.355533517,2,2019-12-28T07:00:00.0,0.355533517,0,0.355533517,8672,1.042430781,1,0,0.341061991
0,-0.042430781,1,0.355533517,2,2019-12-28T08:00:00.0,0.355533517,0,0.355533517,8673,1.042430781,1,0,0.341061991
0,-0.042430781,1,0.355533517,2,2019-12-28T09:00:00.0,0.355533517,0,0.355533517,8674,1.042430781,1,0,0.341061991
0,-0.039677957,1,0.354594634,2,2019-12-28T10:00:00.0,0.354594634,0,0.354594634,8675,1.039677957,1,0,0.341061991
0,-0.039677957,1,0.354594634,2,2019-12-28T11:00:00.0,0.354594634,0,0.354594634,8676,1.039677957,1,0,0.341061991
0,-0.042430781,1,0.355533517,2,2019-12-28T12:00:00.0,0.355533517,0,0.355533517,8677,1.042430781,1,0,0.341061991
0,-0.039677957,1,0.354594634,2,2019-12-28T13:00:00.0,0.354594634,0,0.354594634,8678,1.039677957,1,0,0.341061991
0,-0.142817344,1,0.559791011,4,2019-12-28T14:00:00.0,0.559791011,0,0.559791011,8679,1.142817344,1,0,0.489834193
0,-0.121127698,1,0.656222487,4,2019-12-28T15:00:00.0,0.656222487,0,0.656222487,8680,1.121127699,1,0,0.585323588
0,-0.121127698,1,0.656222487,4,2019-12-28T16:00:00.0,0.656222487,0,0.656222487,8681,1.121127699,1,0,0.585323588
0,-0.121127698,1,0.656222487,4,2019-12-28T17:00:00.0,0.656222487,0,0.656222487,8682,1.121127699,1,0,0.585323588
0,-0.121127698,1,0.656222487,4,2019-12-28T18:00:00.0,0.656222487,0,0.656222487,8683,1.121127699,1,0,0.585323588
0,-0.121127698,1,0.656222487,4,2019-12-28T19:00:00.0,0.656222487,0,0.656222487,8684,1.121127699,1,0,0.585323588
0,-0.121127698,1,0.656222487,4,2019-12-28T20:00:00.0,0.656222487,0,0.656222487,8685,1.121127699,1,0,0.585323588
0,-0.121127698,1,0.656222487,4,2019-12-28T21:00:00.0,0.656222487,0,0.656222487,8686,1.121127698,1,0,0.585323588
0,-0.042430781,1,0.682564912,2,2019-12-28T22:00:00.0,0.682564912,0,0.682564912,8687,1.042430781,1,0,0.654782
0,-0.042430781,1,0.354398864,2,2019-12-28T23:00:00.0,0.354398864,0,0.354398864,8688,1.042430781,1,0,0.339973522
0,-0.042430781,1,0.682564912,3,2019-12-29T00:00:00.0,0.682564912,0,0.682564912,8689,1.042430781,1,0,0.654782
0,-0.121127698,1,0.656222487,4,2019-12-29T01:00:00.0,0.656222487,0,0.656222487,8690,1.121127699,1,0,0.585323588
0,-0.121127698,1,0.656222487,4,2019-12-29T02:00:00.0,0.656222487,0,0.656222487,8691,1.121127699,1,0,0.585323588
0,-0.239783832,1,0.615768545,3,2019-12-29T03:00:00.0,0.615768545,0,0.615768545,8692,1.239783832,1,0,0.496674121
0,-0.239616846,1,0.616383893,3,2019-12-29T04:00:00.0,0.616383893,0,0.616383893,8693,1.239616846,1,0,0.497237429
0,-0.121127698,1,0.656222487,4,2019-12-29T05:00:00.0,0.656222487,0,0.656222487,8694,1.121127699,1,0,0.585323588
0,-0.239783832,1,0.615768545,3,2019-12-29T06:00:00.0,0.615768545,0,0.615768545,8695,1.239783832,1,0,0.496674121
0,-0.121127698,1,0.656222487,4,2019-12-29T07:00:00.0,0.656222487,0,0.656222487,8696,1.121127699,1,0,0.585323588
0,-0.239616846,1,0.616383893,3,2019-12-29T08:00:00.0,0.616383893,0,0.616383893,8697,1.239616846,1,0,0.497237429
0,-0.239783832,1,0.615768545,3,2019-12-29T09:00:00.0,0.615768545,0,0.615768545,8698,1.239783832,1,0,0.496674121
0,-0.239783832,1,0.615768545,3,2019-12-29T10:00:00.0,0.615768545,0,0.615768545,8699,1.239783832,1,0,0.496674121
0,-0.239783832,1,0.615768545,3,2019-12-29T11:00:00.0,0.615768545,0,0.615768545,8700,1.239783832,1,0,0.496674121
0,-0.239783832,1,0.615768545,3,2019-12-29T12:00:00.0,0.615768545,0,0.615768545,8701,1.239783832,1,0,0.496674121
0,-0.239783832,1,0.615768545,3,2019-12-29T13:00:00.0,0.615768545,0,0.615768545,8702,1.239783832,1,0,0.496674121
0,-0.239783832,1,0.615768545,3,2019-12-29T14:00:00.0,0.615768545,0,0.615768545,8703,1.239783832,1,0,0.496674121
0,-0.239783832,1,0.615768545,3,2019-12-29T15:00:00.0,0.615768545,0,0.615768545,8704,1.239783832,1,0,0.496674121
0,-0.239783832,1,0.615768545,3,2019-12-29T16:00:00.0,0.615768545,0,0.615768545,8705,1.239783832,1,0,0.496674121
0,-0.239783832,1,0.615768545,3,2019-12-29T17:00:00.0,0.615768545,0,0.615768545,8706,1.239783832,1,0,0.496674121
0,-0.239616846,1,0.616383893,3,2019-12-29T18:00:00.0,0.616383893,0,0.616383893,8707,1.239616846,1,0,0.497237429
0,-0.239616846,1,0.616383893,3,2019-12-29T19:00:00.0,0.616383893,0,0.616383893,8708,1.239616846,1,0,0.497237429
0,-0.239616846,1,0.616383893,3,2019-12-29T20:00:00.0,0.616383893,0,0.616383893,8709,1.239616846,1,0,0.497237429
0,-0.239616846,1,0.616383893,3,2019-12-29T21:00:00.0,0.616383893,0,0.616383893,8710,1.239616846,1,0,0.497237429
0,-0.03455205,1,0.403796997,3,2019-12-29T22:00:00.0,0.403796997,0,0.403796997,8711,1.03455205,1,0,0.390310954
0,-0.034539314,1,0.403766889,3,2019-12-29T23:00:00.0,0.403766889,0,0.403766889,8712,1.034539315,1,0,0.390286656
0,-0.234220421,1,0.613228926,4,2019-12-30T00:00:00.0,0.613228926,0,0.613228926,8713,1.234220421,1,0,0.496855275
0,-0.234220421,1,0.613228926,4,2019-12-30T01:00:00.0,0.613228926,0,0.613228926,8714,1.234220421,1,0,0.496855275
0,-0.234220421,1,0.613228926,4,2019-12-30T02:00:00.0,0.613228926,0,0.613228926,8715,1.234220421,1,0,0.496855275
0,-0.234220421,1,0.613228926,4,2019-12-30T03:00:00.0,0.613228926,0,0.613228926,8716,1.234220421,1,0,0.496855275
0,-0.234220421,1,0.613228926,4,2019-12-30T04:00:00.0,0.613228926,0,0.613228926,8717,1.234220421,1,0,0.496855275
0,-0.234220421,1,0.613228926,4,2019-12-30T05:00:00.0,0.613228926,0,0.613228926,8718,1.234220421,1,0,0.496855275
0,-0.039677957,1,0.680762412,2,2019-12-30T06:00:00.0,0.680762412,0,0.680762412,8719,1.039677957,1,0,0.654782
0,-0.234220421,1,0.613228926,4,2019-12-30T07:00:00.0,0.613228926,0,0.613228926,8720,1.234220421,1,0,0.496855275
0,-0.234220421,1,0.613228926,4,2019-12-30T08:00:00.0,0.613228926,0,0.613228926,8721,1.234220421,1,0,0.496855275
0,-0.239616846,1,0.616383893,3,2019-12-30T09:00:00.0,0.616383893,0,0.616383893,8722,1.239616846,1,0,0.497237429
0,-0.239616846,1,0.616383893,3,2019-12-30T10:00:00.0,0.616383893,0,0.616383893,8723,1.239616846,1,0,0.497237429
0,-0.239616846,1,0.616383893,3,2019-12-30T11:00:00.0,0.616383893,0,0.616383893,8724,1.239616846,1,0,0.497237429
0,-0.239616846,1,0.616383893,3,2019-12-30T12:00:00.0,0.616383893,0,0.616383893,8725,1.239616846,1,0,0.497237429
0,-0.234220421,1,0.613228926,4,2019-12-30T13:00:00.0,0.613228926,0,0.613228926,8726,1.234220421,1,0,0.496855275
0,-0.234220421,1,0.613228926,4,2019-12-30T14:00:00.0,0.613228926,0,0.613228926,8727,1.234220421,1,0,0.496855275
0,-0.239616846,1,0.616383893,3,2019-12-30T15:00:00.0,0.616383893,0,0.616383893,8728,1.239616846,1,0,0.497237429
0,-0.239616846,1,0.616383893,3,2019-12-30T16:00:00.0,0.616383893,0,0.616383893,8729,1.239616846,1,0,0.497237429
0,-0.239616846,1,0.616383893,3,2019-12-30T17:00:00.0,0.616383893,0,0.616383893,8730,1.239616846,1,0,0.497237429
0,-0.239616846,1,0.616383893,3,2019-12-30T18:00:00.0,0.616383893,0,0.616383893,8731,1.239616846,1,0,0.497237429
0,-0.239616846,1,0.616383893,3,2019-12-30T19:00:00.0,0.616383893,0,0.616383893,8732,1.239616846,1,0,0.497237429
0,-0.239616846,1,0.616383893,3,2019-12-30T20:00:00.0,0.616383893,0,0.616383893,8733,1.239616846,1,0,0.497237429
0,-0.239616846,1,0.616383893,3,2019-12-30T21:00:00.0,0.616383893,0,0.616383893,8734,1.239616846,1,0,0.497237429
0,-0.239616846,1,0.616383893,3,2019-12-30T22:00:00.0,0.616383893,0,0.616383893,8735,1.239616846,1,0,0.497237429
0,-0.234220421,1,0.613228926,4,2019-12-30T23:00:00.0,0.613228926,0,0.613228926,8736,1.234220421,1,0,0.496855275
0,-0.234220421,1,0.613228926,4,2019-12-31T00:00:00.0,0.613228926,0,0.613228926,8737,1.234220421,1,0,0.496855275
0,-0.142817344,1,0.559791011,4,2019-12-31T01:00:00.0,0.559791011,0,0.559791011,8738,1.142817344,1,0,0.489834193
0,-0.234220421,1,0.613228926,4,2019-12-31T02:00:00.0,0.613228926,0,0.613228926,8739,1.234220421,1,0,0.496855275
0,-0.142817344,1,0.559791011,4,2019-12-31T03:00:00.0,0.559791011,0,0.559791011,8740,1.142817344,1,0,0.489834193
0,-0.142817344,1,0.559791011,4,2019-12-31T04:00:00.0,0.559791011,0,0.559791011,8741,1.142817344,1,0,0.489834193
0,-0.142817344,1,0.559791011,4,2019-12-31T05:00:00.0,0.559791011,0,0.559791011,8742,1.142817344,1,0,0.489834193
0,-0.142817344,1,0.559791011,4,2019-12-31T06:00:00.0,0.559791011,0,0.559791011,8743,1.142817344,1,0,0.489834193
0,-0.042430781,1,0.398544357,2,2019-12-31T07:00:00.0,0.398544357,0,0.398544357,8744,1.042430781,1,0,0.382322131
0,-0.042278842,1,0.398486268,2,2019-12-31T08:00:00.0,0.398486268,0,0.398486268,8745,1.042278842,1,0,0.382322131
0,-0.042278842,1,0.398486268,2,2019-12-31T09:00:00.0,0.398486268,0,0.398486268,8746,1.042278842,1,0,0.382322131
0,-0.042278842,1,0.398486268,2,2019-12-31T10:00:00.0,0.398486268,0,0.398486268,8747,1.042278842,1,0,0.382322131
0,-0.042278842,1,0.398486268,2,2019-12-31T11:00:00.0,0.398486268,0,0.398486268,8748,1.042278842,1,0,0.382322131
0,-0.039717805,1,0.397507126,2,2019-12-31T12:00:00.0,0.397507126,0,0.397507126,8749,1.039717805,1,0,0.382322131
0,-0.042278842,1,0.398486268,2,2019-12-31T13:00:00.0,0.398486268,0,0.398486268,8750,1.042278842,1,0,0.382322131
0,-0.042430781,1,0.398544357,2,2019-12-31T14:00:00.0,0.398544357,0,0.398544357,8751,1.042430781,1,0,0.382322131
0,-0.042430781,1,0.398544357,2,2019-12-31T15:00:00.0,0.398544357,0,0.398544357,8752,1.042430781,1,0,0.382322131
0,-0.042430781,1,0.398544357,2,2019-12-31T16:00:00.0,0.398544357,0,0.398544357,8753,1.042430781,1,0,0.382322131
0,-0.042601778,1,0.398609733,2,2019-12-31T17:00:00.0,0.398609733,0,0.398609733,8754,1.042601778,1,0,0.382322131
0,-0.042449192,1,0.398551396,2,2019-12-31T18:00:00.0,0.398551396,0,0.398551396,8755,1.042449192,1,0,0.382322131
0,-0.042449192,1,0.398551396,2,2019-12-31T19:00:00.0,0.398551396,0,0.398551396,8756,1.042449192,1,0,0.382322131
0,-0.042449192,1,0.398551396,2,2019-12-31T20:00:00.0,0.398551396,0,0.398551396,8757,1.042449192,1,0,0.382322131
0,-0.042278842,1,0.398486268,2,2019-12-31T21:00:00.0,0.398486268,0,0.398486268,8758,1.042278842,1,0,0.382322131
0,-0.039677957,1,0.393185193,2,2019-12-31T22:00:00.0,0.393185193,0,0.393185193,8759,1.039677957,1,0,0.378179791
0,-0.039677957,1,0.338880129,2,2019-12-31T23:00:00.0,0.338880129,0,0.338880129,8760,1.039677957,1,0,0.325947209